timestamp,frame,mouse_x,mouse_y,mouse_speed,mouse_is_moving,stim_A_x,stim_A_y,stim_B_x,stim_B_y,evidence,trial_num,phase,n_shapes,target,prop_used,block_num,difficulty_level
0.0008822999952826649,1,77.0,158.0,20.0,True,303.7000071552209,-0.4811908840215516,-302.7984702506128,-5.435057621991887,26.365107417084054,1,calibration,2,square,0.25,0,calibration
0.010290699996403418,2,88.0,170.0,16.278820596099706,True,311.58156354773,-1.6320652900302945,-309.2850380176686,-18.15753934477078,24.837801082002375,1,calibration,2,square,0.25,0,calibration
0.027112299998407252,3,97.0,177.0,11.40175425099138,True,319.0210478679191,-2.7919415537037526,-315.19087312751924,-31.717348309156584,17.825741932240604,1,calibration,2,square,0.25,0,calibration
0.043176799998036586,4,109.0,182.0,13.0,True,325.5986545126061,-4.164736658251304,-320.48364401602595,-46.83789398385842,19.409188486141943,1,calibration,2,square,0.25,0,calibration
0.060210099996766075,5,122.0,177.0,13.92838827718412,True,331.58003126521953,-6.48507923424591,-325.026237097354,-64.74529752183783,12.278317204096831,1,calibration,2,square,0.25,0,calibration
0.07757779999519698,6,125.0,163.0,14.317821063276353,True,338.43510942028917,-10.608737122546557,-329.0198065834868,-82.69660871965547,-3.2271255018087346,1,calibration,2,square,0.25,0,calibration
0.09396990000095684,7,120.0,119.0,20.0,True,346.72653932751984,-15.592198569543529,-332.0503006079826,-101.0747900690915,-11.673122529108714,1,calibration,2,square,0.25,0,calibration
0.11005249999288935,8,107.0,84.0,20.0,True,356.5312158041772,-20.765850936770885,-333.6735293062623,-117.88598046872724,-16.74022749516329,1,calibration,2,square,0.25,0,calibration
0.12726480000128504,9,94.0,60.0,20.0,True,366.67885818423986,-25.354081084691913,-334.3653792771478,-134.84568092739394,-19.393946606787424,1,calibration,2,square,0.25,0,calibration
0.14400619998923503,10,72.0,41.0,20.0,True,376.9317952409895,-28.950884433299194,-334.4622710959694,-151.28032416209507,-23.1171425623632,1,calibration,2,square,0.25,0,calibration
0.16150780000316445,11,59.0,37.0,13.601470508735444,True,387.2001078370457,-30.53372598100873,-334.2809419986178,-167.27536925797213,-16.09123021631722,1,calibration,2,square,0.25,0,calibration
0.17754029999196064,12,41.0,39.0,18.110770276274835,True,397.16189136243463,-29.27810755742525,-333.9882384680153,-183.65042483035486,-15.28721196933156,1,calibration,2,square,0.25,0,calibration
0.1930034999968484,13,29.0,47.0,14.422205101855956,True,399.2629331152984,-24.27159327627129,-333.9900175196464,-200.24003830530418,1.2628957661529832,1,calibration,2,square,0.25,0,calibration
0.20966779999434948,14,21.0,59.0,14.422205101855956,True,399.6601010373861,-16.486468353966337,-334.1976753449273,-217.24299863433444,14.847824557945378,1,calibration,2,square,0.25,0,calibration
0.22763019999547396,15,12.0,75.0,18.35755975068582,True,399.96709685168804,-5.130442089369643,-327.7979870530006,-229.23455168015323,24.61443255555359,1,calibration,2,square,0.25,0,calibration
0.24340719998872373,16,7.0,102.0,20.0,True,399.89897354674116,8.989491435160627,-320.29425634735173,-239.60715630151148,35.029838956199974,1,calibration,2,square,0.25,0,calibration
0.26038409999455325,17,7.0,122.0,20.0,True,399.29760731997106,23.69431975276407,-312.6936384322222,-249.44476038597938,37.36131905652954,1,calibration,2,square,0.25,0,calibration
0.2772679999907268,18,7.0,132.0,10.0,True,398.1318771633985,38.613577746028426,-305.2894633906659,-258.4537551335621,18.514806393213995,1,calibration,2,square,0.25,0,calibration
0.2932571999990614,19,7.0,135.0,3.0,True,396.47009134870535,53.0232653271112,-298.4632872836809,-266.3074654301283,5.519261087569612,1,calibration,2,square,0.25,0,calibration
0.3113574000017252,20,7.0,136.0,1.0,True,394.37272288650763,66.85922107743889,-292.5442858198859,-272.7963358150783,1.8200556615012609,1,calibration,2,square,0.25,0,calibration
0.3264782999904128,21,8.0,136.0,1.0,True,392.78110437826746,75.65053894975614,-287.34180622477567,-278.2708867191885,1.0267593910029935,1,calibration,2,square,0.25,0,calibration
0.3431981000030646,22,9.0,136.0,1.0,True,391.28162198963395,83.05836678602122,-282.62602272875415,-283.05923633848397,1.0626142808770522,1,calibration,2,square,0.25,0,calibration
0.3607895000022836,23,11.0,136.0,2.0,True,389.5030351927085,91.03507881947324,-278.54880961794646,-287.0723962007232,1.9310979686273106,1,calibration,2,square,0.25,0,calibration
0.37654440000187606,24,12.0,136.0,1.0,True,387.2328501343503,100.2532781350703,-275.1695909947019,-290.3131002759064,0.8841699619465802,1,calibration,2,square,0.25,0,calibration
0.3934216999914497,25,12.0,136.0,0.0,False,383.9128509985186,112.29836525163333,-272.7171333815218,-292.6181217220924,0.0,1,calibration,2,square,0.25,0,calibration
0.41093119999277405,26,12.0,136.0,0.0,False,380.0899268667762,124.62603056508189,-271.29845317919415,-293.9339199591918,0.0,1,calibration,2,square,0.25,0,calibration
0.427184699990903,27,12.0,136.0,0.0,False,376.13996853958025,136.08351871936426,-270.7881011032723,-294.40415129696106,0.0,1,calibration,2,square,0.25,0,calibration
0.4432124000013573,28,12.0,136.0,0.0,False,372.147748179145,146.64942388291746,-270.8918707739522,-294.30867188818684,0.0,1,calibration,2,square,0.25,0,calibration
0.4605429999937769,29,12.0,136.0,0.0,False,368.0400722664439,156.67324342755765,-271.72673578236305,-293.5380402282843,0.0,1,calibration,2,square,0.25,0,calibration
0.47764810000080615,30,12.0,136.0,0.0,False,362.9034598492114,167.6315608414907,-273.0185723220021,-292.33689327085574,0.0,1,calibration,2,square,0.25,0,calibration
0.4943446999968728,31,12.0,136.0,0.0,False,355.9209411636222,178.04973129239957,-274.785867605272,-290.6763268042617,0.0,1,calibration,2,square,0.25,0,calibration
0.5098226999980398,32,12.0,136.0,0.0,False,347.79867043932524,187.95035379634882,-277.4153535619689,-288.1678705339785,0.0,1,calibration,2,square,0.25,0,calibration
0.5269242999929702,33,12.0,136.0,0.0,False,339.6725206300164,196.51783880239856,-281.05336316380914,-284.6208127567483,0.0,1,calibration,2,square,0.25,0,calibration
0.5433237999968696,34,12.0,136.0,0.0,False,331.62401996666057,204.6845891993862,-285.3772852857657,-280.2852208785306,0.0,1,calibration,2,square,0.25,0,calibration
0.5597629999974743,35,12.0,136.0,0.0,False,322.6309556745448,213.31678050323362,-289.8219700845465,-275.6868253223434,0.0,1,calibration,2,square,0.25,0,calibration
0.5764186000014888,36,12.0,136.0,0.0,False,312.6191748489019,223.22055792347322,-294.4073802511363,-270.7845905026038,0.0,1,calibration,2,square,0.25,0,calibration
0.5930902999971295,37,12.0,136.0,0.0,False,301.1256771888473,234.6799148197348,-299.3277709142731,-265.33542085347824,0.0,1,calibration,2,square,0.25,0,calibration
0.6096663999924203,38,12.0,136.0,0.0,False,288.39477432972075,248.1896342531414,-304.3428668765163,-259.56775489529326,0.0,1,calibration,2,square,0.25,0,calibration
0.6263534999889089,39,12.0,136.0,0.0,False,275.28452722851034,262.6194082991577,-309.703791600125,-253.147311793956,0.0,1,calibration,2,square,0.25,0,calibration
0.6428873999975622,40,12.0,136.0,0.0,False,262.7435386945784,276.8191616875183,-315.5055329620648,-245.87854455060412,0.0,1,calibration,2,square,0.25,0,calibration
0.6597256999957608,41,12.0,136.0,0.0,False,251.52973866458032,289.84045769630063,-321.898665843951,-237.4473603304201,0.0,1,calibration,2,square,0.25,0,calibration
0.6763849999988452,42,12.0,136.0,0.0,False,240.51227311454397,301.9334409338553,-328.6488799617356,-228.0129682713172,0.0,1,calibration,2,square,0.25,0,calibration
0.6931290999928024,43,12.0,136.0,0.0,False,229.90490521120518,313.10457306631275,-336.1678410529377,-216.77449721267206,0.0,1,calibration,2,square,0.25,0,calibration
0.7097569999896223,44,12.0,136.0,0.0,False,219.3118391609557,323.2411436679617,-344.0208192949356,-202.95219770879487,0.0,1,calibration,2,square,0.25,0,calibration
0.7266670999961207,45,12.0,136.0,0.0,False,208.69793229463656,332.67572656602584,-351.8997872027161,-186.46809543878732,0.0,1,calibration,2,square,0.25,0,calibration
0.7430233999912161,46,12.0,136.0,0.0,False,197.1827738742764,341.8953897537734,-359.05579363408714,-168.48077546024962,0.0,1,calibration,2,square,0.25,0,calibration
0.7599084999965271,47,12.0,136.0,0.0,False,183.9883353223366,350.8484778011008,-364.6787095802413,-149.6873712449095,0.0,1,calibration,2,square,0.25,0,calibration
0.7770776999968803,48,12.0,136.0,0.0,False,170.32839718480489,359.07746858392824,-368.68425451067503,-130.31797096199787,0.0,1,calibration,2,square,0.25,0,calibration
0.7937821999948937,49,12.0,136.0,0.0,False,157.1225092013991,366.8281119116117,-371.2032774261009,-110.0726505324962,0.0,1,calibration,2,square,0.25,0,calibration
0.8102424999960931,50,12.0,136.0,0.0,False,144.51326627150402,372.98246054143266,-372.6499079704356,-88.91792766029138,0.0,1,calibration,2,square,0.25,0,calibration
0.8264148000016576,51,12.0,136.0,0.0,False,131.7676306873059,377.67352502267585,-373.36449769838356,-67.05253521761293,0.0,1,calibration,2,square,0.25,0,calibration
0.843431999994209,52,12.0,136.0,0.0,False,118.86798411488151,381.92983956803414,-373.5385658409151,-44.76652627761061,0.0,1,calibration,2,square,0.25,0,calibration
0.8606789999903413,53,12.0,136.0,0.0,False,104.71395112040341,386.050499858184,-373.28164528760067,-21.883889343117783,0.0,1,calibration,2,square,0.25,0,calibration
0.8766017000016291,54,12.0,136.0,0.0,False,89.66073753725934,389.8216927574384,-372.582972165395,2.169554297371821,0.0,1,calibration,2,square,0.25,0,calibration
0.893382099995506,55,12.0,136.0,0.0,False,73.89607019670488,393.11495877094734,-371.56875729400053,26.814902962044606,0.0,1,calibration,2,square,0.25,0,calibration
0.9101867999997921,56,12.0,136.0,0.0,False,60.00100841112622,395.4742456717605,-370.5246275352014,50.31831458640097,0.0,1,calibration,2,square,0.25,0,calibration
0.927862800002913,57,12.0,136.0,0.0,False,49.22762982374679,396.95924282215185,-369.5614803437787,71.45690124426034,0.0,1,calibration,2,square,0.25,0,calibration
0.9433250000001863,58,12.0,136.0,0.0,False,42.18892157121171,397.76889634140343,-368.53287992106823,90.33048616047007,0.0,1,calibration,2,square,0.25,0,calibration
0.9607047999888891,59,12.0,136.0,0.0,False,38.207134661470675,398.17108742469014,-367.21944343491447,108.00211818582704,0.0,1,calibration,2,square,0.25,0,calibration
0.9771151000022655,60,12.0,136.0,0.0,False,36.1255284558396,398.3653426112597,-365.5898449227263,124.62199658436103,0.0,1,calibration,2,square,0.25,0,calibration
0.9941130999941379,61,12.0,136.0,0.0,False,35.32966416611762,398.4367137073457,-363.7689332588391,139.65282412914524,0.0,1,calibration,2,square,0.25,0,calibration
1.0108248999895295,62,12.0,136.0,0.0,False,35.5400001148795,398.4180071129245,-361.4421110453983,152.82437918529976,0.0,1,calibration,2,square,0.25,0,calibration
1.027486199993291,63,12.0,136.0,0.0,False,37.17068939275454,398.26918014085317,-357.43656834007703,164.75266384162677,0.0,1,calibration,2,square,0.25,0,calibration
1.0435929999948712,64,12.0,136.0,0.0,False,40.257434560847535,397.96901759129327,-351.4745738346081,175.65933276544405,0.0,1,calibration,2,square,0.25,0,calibration
1.0604131000000052,65,12.0,136.0,0.0,False,45.445499070435574,397.40999813069504,-343.9942255555376,185.62846890715153,0.0,1,calibration,2,square,0.25,0,calibration
1.0769553999998607,66,12.0,136.0,0.0,False,53.07771641760218,396.4628053423077,-335.75377474530995,194.43673664237383,0.0,1,calibration,2,square,0.25,0,calibration
1.0932480999908876,67,12.0,136.0,0.0,False,62.57517492564723,395.07511625389,-326.4935317605891,202.4068798598475,0.0,1,calibration,2,square,0.25,0,calibration
1.1098073000030126,68,12.0,136.0,0.0,False,72.75346661128086,393.3280222613706,-315.86378049773907,209.4035620027405,0.0,1,calibration,2,square,0.25,0,calibration
1.1264741999912076,69,12.0,136.0,0.0,False,83.41681223580956,391.20536222860716,-304.2725886298383,214.65224810489528,0.0,1,calibration,2,square,0.25,0,calibration
1.1434876999992412,70,12.0,136.0,0.0,False,94.50426177080644,388.6758861920236,-292.0327012141121,217.94471377605575,0.0,1,calibration,2,square,0.25,0,calibration
1.161146300000837,71,12.0,136.0,0.0,False,105.91634596420647,385.7223452920384,-279.4485336654312,219.66277669742792,0.0,1,calibration,2,square,0.25,0,calibration
1.1771431999950437,72,12.0,136.0,0.0,False,117.06714095908488,382.4856657545035,-266.7260251162462,220.42051700797742,0.0,1,calibration,2,square,0.25,0,calibration
1.194114300000365,73,12.0,136.0,0.0,False,128.52336120109265,378.7898436146005,-254.1859787015179,220.44083817148967,0.0,1,calibration,2,square,0.25,0,calibration
1.209903299997677,74,12.0,136.0,0.0,False,140.55425515396254,374.4923248320515,-241.89109826269552,219.30144773618954,0.0,1,calibration,2,square,0.25,0,calibration
1.2270368000026792,75,12.0,136.0,0.0,False,153.08419691386788,369.547329384527,-229.62799390347521,216.3276143423303,0.0,1,calibration,2,square,0.25,0,calibration
1.2435146999923745,76,12.0,136.0,0.0,False,165.32910520186311,364.23383556878855,-217.5809735642392,211.40508513142015,0.0,1,calibration,2,square,0.25,0,calibration
1.260909199991147,77,12.0,136.0,0.0,False,177.03103568013424,358.69208578670793,-205.6387436325124,204.8554493469059,0.0,1,calibration,2,square,0.25,0,calibration
1.2764189000008628,78,12.0,136.0,0.0,False,188.27078038121402,352.9222481718157,-193.9538572739878,197.24841315953458,0.0,1,calibration,2,square,0.25,0,calibration
1.293014900002163,79,12.0,136.0,0.0,False,199.1003718430147,346.9280068428799,-182.95333827501378,188.91963879036098,0.0,1,calibration,2,square,0.25,0,calibration
1.3105260000011185,80,12.0,136.0,0.0,False,209.1154506782956,340.9849385055201,-172.90371523321392,179.97463033910088,0.0,1,calibration,2,square,0.25,0,calibration
1.3273660999984713,81,12.0,136.0,0.0,False,217.43321513172415,335.74215844525895,-164.19505662289413,170.24055648701727,0.0,1,calibration,2,square,0.25,0,calibration
1.343493499996839,82,12.0,136.0,0.0,False,224.44910817969117,331.0930350178652,-156.56648578482677,159.33662363625788,0.0,1,calibration,2,square,0.25,0,calibration
1.359892899999977,83,12.0,136.0,0.0,False,231.11564857145933,326.47443542396036,-149.86683110819115,147.51602372494105,0.0,1,calibration,2,square,0.25,0,calibration
1.3768968999938807,84,12.0,136.0,0.0,False,237.9772982878289,321.5070846803002,-143.6370345459698,135.1236968129407,0.0,1,calibration,2,square,0.25,0,calibration
1.3944774999981746,85,12.0,136.0,0.0,False,245.23482179915803,316.00614262563823,-137.4437130557277,122.2457026053308,0.0,1,calibration,2,square,0.25,0,calibration
1.4101286999939475,86,12.0,136.0,0.0,False,252.5810325358084,310.1657976037089,-131.38639032498565,108.62345214864385,0.0,1,calibration,2,square,0.25,0,calibration
1.4266129000025103,87,12.0,136.0,0.0,False,260.20717167279594,303.79635911255434,-125.69896873277116,94.24320256167317,0.0,1,calibration,2,square,0.25,0,calibration
1.4431932000006782,88,12.0,136.0,0.0,False,268.26813499652565,296.70222066153445,-120.39041753459603,79.33562424656031,0.0,1,calibration,2,square,0.25,0,calibration
1.4604292000003625,89,12.0,136.0,0.0,False,276.31493589814437,288.8188302222218,-115.18931549512165,64.0459837883507,0.0,1,calibration,2,square,0.25,0,calibration
1.477174699990428,90,12.0,136.0,0.0,False,284.1923414492424,278.7215521253212,-109.66958148423205,47.86327013798892,0.0,1,calibration,2,square,0.25,0,calibration
1.494247099995846,91,12.0,136.0,0.0,False,291.41803612168036,266.7083369183847,-103.78213376694085,30.509024099496784,0.0,1,calibration,2,square,0.25,0,calibration
1.5109241999889491,92,12.0,136.0,0.0,False,297.50711372940367,253.10504890047017,-97.77110294654123,12.754158795815712,0.0,1,calibration,2,square,0.25,0,calibration
1.5277632999932393,93,12.0,136.0,0.0,False,301.5353584205628,238.46507377572468,-92.01362832663008,-4.552136261277784,0.0,1,calibration,2,square,0.25,0,calibration
1.5440134999953443,94,12.0,136.0,0.0,False,303.5221660071566,222.6749463025012,-86.37156819261178,-20.89340100454097,0.0,1,calibration,2,square,0.25,0,calibration
1.559978899997077,95,12.0,136.0,0.0,False,304.3329330514021,205.33726094010802,-80.54514598191902,-37.07529830503017,0.0,1,calibration,2,square,0.25,0,calibration
1.5767971000022953,96,12.0,136.0,0.0,False,304.63977839467555,187.3276836225635,-74.31345866729284,-52.97649176526,0.0,1,calibration,2,square,0.25,0,calibration
1.5931112999969628,97,12.0,136.0,0.0,False,304.4555269818833,169.84692853791555,-67.84282490545915,-68.65599245451709,0.0,1,calibration,2,square,0.25,0,calibration
1.6098554999916814,98,12.0,136.0,0.0,False,303.04890467733793,153.4940918742093,-61.053993069783814,-83.69145424215216,0.0,1,calibration,2,square,0.25,0,calibration
1.6269624999986263,99,12.0,136.0,0.0,False,299.9180587407696,138.71213498070315,-53.64451684226457,-98.16808536780081,0.0,1,calibration,2,square,0.25,0,calibration
1.6431276999937836,100,12.0,136.0,0.0,False,295.13442201302337,125.20897876883359,-45.54420257428063,-112.10876158713131,0.0,1,calibration,2,square,0.25,0,calibration
1.6609356999979354,101,12.0,136.0,0.0,False,289.26618334587545,113.18798932343658,-36.92803219472915,-125.9186339817445,0.0,1,calibration,2,square,0.25,0,calibration
1.677479099991615,102,12.0,136.0,0.0,False,282.7196005284421,102.18893821038047,-28.057818335737508,-140.23646097197434,0.0,1,calibration,2,square,0.25,0,calibration
1.6935874999908265,103,12.0,136.0,0.0,False,275.77709634461127,92.43823526244664,-19.316572438199554,-154.45424861458474,0.0,1,calibration,2,square,0.25,0,calibration
1.7098581999889575,104,12.0,136.0,0.0,False,268.9605821582774,83.59885078056173,-10.709499746570879,-168.1110008700478,0.0,1,calibration,2,square,0.25,0,calibration
1.7265090000000782,105,12.0,136.0,0.0,False,262.43858540521165,75.76583240043612,-2.448347838593955,-180.5165546372948,0.0,1,calibration,2,square,0.25,0,calibration
1.743260499992175,106,12.0,136.0,0.0,False,256.06975394061857,68.32376886415628,5.582434368375244,-192.51794649305123,0.0,1,calibration,2,square,0.25,0,calibration
1.7599491000000853,107,12.0,136.0,0.0,False,249.46828450586116,60.73002220637286,13.729921390662673,-203.93939599662863,0.0,1,calibration,2,square,0.25,0,calibration
1.7766204999934416,108,12.0,136.0,0.0,False,242.62938839782183,51.84043235871139,22.518160367761418,-214.72643297155832,0.0,1,calibration,2,square,0.25,0,calibration
1.7947497999994084,109,12.0,136.0,0.0,False,235.28117539939498,41.55746703863278,31.984104447187,-224.5503601244704,0.0,1,calibration,2,square,0.25,0,calibration
1.8096175999962725,110,12.0,136.0,0.0,False,226.97817844189524,29.611312037031276,41.47218339848661,-233.40763141415013,0.0,1,calibration,2,square,0.25,0,calibration
1.8264480999932857,111,12.0,136.0,0.0,False,217.3956687332446,15.761642579177922,50.6049245592204,-241.10945227290398,0.0,1,calibration,2,square,0.25,0,calibration
1.8434986999927787,112,12.0,136.0,0.0,False,206.7812450106021,-0.006078746892253406,59.619141873935995,-247.27201469772746,0.0,1,calibration,2,square,0.25,0,calibration
1.8603312999912305,113,12.0,136.0,0.0,False,195.09630915585367,-17.288007905535068,69.76436103177112,-252.11963685528468,0.0,1,calibration,2,square,0.25,0,calibration
1.8766233999922406,114,12.0,136.0,0.0,False,180.82098699995802,-36.2560299363025,82.35356889427345,-255.80442842554214,0.0,1,calibration,2,square,0.25,0,calibration
1.8938303999893833,115,12.0,136.0,0.0,False,164.1095918131954,-56.144162717956966,96.97279886861045,-258.4242375102718,0.0,1,calibration,2,square,0.25,0,calibration
1.9106452999985777,116,12.0,136.0,0.0,False,145.6471581835453,-76.0253130335566,112.15293876305479,-260.17541939131684,0.0,1,calibration,2,square,0.25,0,calibration
1.9274758999963524,117,12.0,136.0,0.0,False,127.47847493695116,-94.25814772828804,126.26339947881665,-261.1242483822008,0.0,1,calibration,2,square,0.25,0,calibration
1.9431355999986408,118,12.0,136.0,0.0,False,109.29766443354447,-111.38738916516886,139.189570780762,-261.02566545924833,0.0,1,calibration,2,square,0.25,0,calibration
1.9602155000029597,119,12.0,136.0,0.0,False,91.48463829007093,-127.9262821841941,151.72420512863022,-259.26885796918236,0.0,1,calibration,2,square,0.25,0,calibration
1.9773253000021214,120,12.0,136.0,0.0,False,74.07225089153451,-143.62520978445733,164.41969052101842,-255.47245079330756,0.0,1,calibration,2,square,0.25,0,calibration
1.994671799999196,121,12.0,136.0,0.0,False,57.74325787300461,-158.5084639156574,177.84659978067987,-249.8278137408712,0.0,1,calibration,2,square,0.25,0,calibration
2.0106015999917872,122,12.0,136.0,0.0,False,41.784578612335714,-172.70563255969057,191.72649217591172,-242.3787830903065,0.0,1,calibration,2,square,0.25,0,calibration
2.0275303999951575,123,12.0,136.0,0.0,False,25.361208994898945,-186.68130554811486,205.60754946607398,-233.10991911482986,0.0,1,calibration,2,square,0.25,0,calibration
2.0437375999899814,124,12.0,136.0,0.0,False,8.755091937688082,-200.58318191005597,218.7738037476328,-222.27057664860348,0.0,1,calibration,2,square,0.25,0,calibration
2.060301499994239,125,12.0,136.0,0.0,False,-7.326482569433836,-213.57118684783748,231.16729347464914,-209.72903712213449,0.0,1,calibration,2,square,0.25,0,calibration
2.076838900000439,126,12.0,136.0,0.0,False,-23.008012133724137,-226.851762022173,242.84953585087982,-195.36052875944398,0.0,1,calibration,2,square,0.25,0,calibration
2.093742899989593,127,12.0,136.0,0.0,False,-37.91370964097232,-239.46843385081795,254.3506743985993,-177.84777446896604,0.0,1,calibration,2,square,0.25,0,calibration
2.110457199989469,128,12.0,136.0,0.0,False,-52.32194844334707,-251.20570782528182,264.6745778522424,-158.47359157740252,0.0,1,calibration,2,square,0.25,0,calibration
2.1275196999922628,129,12.0,136.0,0.0,False,-64.33830037306748,-259.8394222876851,273.5908969518071,-137.65868849113795,0.0,1,calibration,2,square,0.25,0,calibration
2.143279900003108,130,12.0,136.0,0.0,False,-74.5801655346767,-265.84019467326283,280.2882563987787,-116.51795235625339,0.0,1,calibration,2,square,0.25,0,calibration
2.161105499995756,131,12.0,136.0,0.0,False,-82.82844442092865,-269.8200643264428,285.152896202964,-94.31404359959029,0.0,1,calibration,2,square,0.25,0,calibration
2.1774177999905078,132,12.0,136.0,0.0,False,-90.10446492950183,-272.8727434221817,288.04990626362184,-71.5046085588945,0.0,1,calibration,2,square,0.25,0,calibration
2.194159299993771,133,12.0,136.0,0.0,False,-96.59027749163278,-274.964405585605,289.5511980468006,-48.8064455075337,0.0,1,calibration,2,square,0.25,0,calibration
2.2101525999896694,134,12.0,136.0,0.0,False,-102.709533769658,-276.1973948972816,290.1429823551187,-26.611025592310913,0.0,1,calibration,2,square,0.25,0,calibration
2.227739499998279,135,12.0,136.0,0.0,False,-109.17626974516848,-276.0378431307746,289.9337038389291,-5.397016229447207,0.0,1,calibration,2,square,0.25,0,calibration
2.2436003999901004,136,12.0,136.0,0.0,False,-117.24233756716218,-273.78994179791005,288.5815737751689,14.85004764661318,0.0,1,calibration,2,square,0.25,0,calibration
2.260830100000021,137,12.0,136.0,0.0,False,-127.15125652088261,-269.0096127865442,285.5133440115545,34.29928396061665,0.0,1,calibration,2,square,0.25,0,calibration
2.2770460000028834,138,12.0,136.0,0.0,False,-139.24559522127936,-261.1063028511764,279.9217385671317,54.60040248984076,0.0,1,calibration,2,square,0.25,0,calibration
2.2942508999985876,139,12.0,136.0,0.0,False,-152.21540676413022,-251.16885224761006,272.772843623141,74.05376408390214,0.0,1,calibration,2,square,0.25,0,calibration
2.3105017999914708,140,12.0,136.0,0.0,False,-165.3162405490665,-240.1337245022177,262.6453441360044,93.4628933013683,0.0,1,calibration,2,square,0.25,0,calibration
2.327600699994946,141,12.0,136.0,0.0,False,-177.34155705369452,-229.32854371208435,250.4506015248841,110.57436842080745,0.0,1,calibration,2,square,0.25,0,calibration
2.3440558000002056,142,12.0,136.0,0.0,False,-188.76616749720708,-218.43040848877584,235.6086996698247,126.67929547307658,0.0,1,calibration,2,square,0.25,0,calibration
2.3597549999976764,143,12.0,136.0,0.0,False,-199.6394131582322,-207.26754360135584,220.15486986469494,140.42743154220415,0.0,1,calibration,2,square,0.25,0,calibration
2.376480899998569,144,12.0,136.0,0.0,False,-210.15270339366882,-195.07679623351035,204.3623453156333,152.39651366567236,0.0,1,calibration,2,square,0.25,0,calibration
2.3935224000015296,145,12.0,136.0,0.0,False,-220.11159680181188,-182.14173613892166,187.87527582705354,163.09253197744894,0.0,1,calibration,2,square,0.25,0,calibration
2.410150900002918,146,12.0,136.0,0.0,False,-229.88952305423322,-168.27673050126302,170.84590463684538,172.4781019198439,0.0,1,calibration,2,square,0.25,0,calibration
2.4269926999986637,147,12.0,136.0,0.0,False,-239.11295405142567,-153.35983138879698,153.66776457342465,180.3073163208264,0.0,1,calibration,2,square,0.25,0,calibration
2.4434580999950413,148,12.0,136.0,0.0,False,-247.55030926165026,-137.73197861420476,135.9908735586798,186.26913692212221,0.0,1,calibration,2,square,0.25,0,calibration
2.461410199990496,149,12.0,136.0,0.0,False,-254.9028579204191,-121.4904712101842,117.67147604871148,190.21406514926846,0.0,1,calibration,2,square,0.25,0,calibration
2.477243899993482,150,12.0,136.0,0.0,False,-260.92375452498703,-105.85000849181333,96.40079734330625,192.71214269511998,0.0,1,calibration,2,square,0.25,0,calibration
2.493557800000417,151,12.0,136.0,0.0,False,-265.10312832436455,-89.10176288213235,75.73479710947132,194.00547110963493,0.0,1,calibration,2,square,0.25,0,calibration
2.5103287999954773,152,12.0,136.0,0.0,False,-267.4740922491948,-71.10963823724438,54.61567234764989,194.7281264091501,0.0,1,calibration,2,square,0.25,0,calibration
2.5272764999972424,153,12.0,136.0,0.0,False,-268.0905493639011,-51.52338273039934,35.31972260149746,194.9522334894974,0.0,1,calibration,2,square,0.25,0,calibration
2.5438652000011643,154,12.0,136.0,0.0,False,-266.8810742292725,-31.14742678194238,16.126041913486816,194.66840540201315,0.0,1,calibration,2,square,0.25,0,calibration
2.5603509999928065,155,12.0,136.0,0.0,False,-263.60510120023645,-9.757445214446392,-0.8707941864231223,193.51397708237886,0.0,1,calibration,2,square,0.25,0,calibration
2.5770527999993647,156,12.0,136.0,0.0,False,-258.3328273917449,11.937462973611197,-15.067406951006555,191.09772263824738,0.0,1,calibration,2,square,0.25,0,calibration
2.5941396999987774,157,12.0,136.0,0.0,False,-251.90973456816428,32.64280259516153,-26.920260355663025,187.30582492569957,0.0,1,calibration,2,square,0.25,0,calibration
2.610385899999528,158,12.0,136.0,0.0,False,-244.69716968235107,51.20246712971765,-37.02061252969096,182.36927858101916,0.0,1,calibration,2,square,0.25,0,calibration
2.626774899996235,159,12.0,136.0,0.0,False,-237.1309524933662,68.0587548490915,-46.10662880627889,176.4427131991926,0.0,1,calibration,2,square,0.25,0,calibration
2.6433007000014186,160,12.0,136.0,0.0,False,-229.52424380149174,83.43710303971527,-54.57249074440462,169.6753349408379,0.0,1,calibration,2,square,0.25,0,calibration
2.6599847999896156,161,12.0,136.0,0.0,False,-222.41379154174246,97.8255582080937,-62.753948993832196,162.23023275378924,0.0,1,calibration,2,square,0.25,0,calibration
2.6777692000032403,162,12.0,136.0,0.0,False,-216.17164004185517,113.05683283473014,-70.24265360057818,154.36506736080773,0.0,1,calibration,2,square,0.25,0,calibration
2.693606100001489,163,12.0,136.0,0.0,False,-211.45861242412676,128.62344223596872,-76.5585503064958,146.38823081107725,0.0,1,calibration,2,square,0.25,0,calibration
2.710269299990614,164,12.0,136.0,0.0,False,-208.4146098638818,144.1179799621634,-81.28249450409636,137.49295277034565,0.0,1,calibration,2,square,0.25,0,calibration
2.728010799997719,165,12.0,136.0,0.0,False,-207.07032038898805,157.6730746623904,-84.93741248175027,127.81359122855935,0.0,1,calibration,2,square,0.25,0,calibration
2.7435616000002483,166,12.0,136.0,0.0,False,-206.84030401550913,169.96901227659123,-87.7739352733531,117.33760520462087,0.0,1,calibration,2,square,0.25,0,calibration
2.759625699996832,167,12.0,136.0,0.0,False,-207.69668324882474,181.51066606629848,-90.02843303928096,106.67607178354237,0.0,1,calibration,2,square,0.25,0,calibration
2.776515499994275,168,12.0,136.0,0.0,False,-209.46759782677225,192.52809630955903,-91.51508741016326,95.28171393432564,0.0,1,calibration,2,square,0.25,0,calibration
2.794104000000516,169,12.0,136.0,0.0,False,-212.85050978577365,204.10003722597648,-92.3866536541862,83.2161376897293,0.0,1,calibration,2,square,0.25,0,calibration
2.8103337999928044,170,12.0,136.0,0.0,False,-218.43856190320938,217.09995107536486,-92.78872578507548,70.96657155083588,0.0,1,calibration,2,square,0.25,0,calibration
2.8264438999904087,171,12.0,136.0,0.0,False,-226.11414348609512,231.63646804675426,-92.71720793669246,59.164077295521466,0.0,1,calibration,2,square,0.25,0,calibration
2.843880899992655,172,12.0,136.0,0.0,False,-235.57354021987592,246.91815862993627,-91.29813739704302,46.7087053603426,0.0,1,calibration,2,square,0.25,0,calibration
2.8603967999952147,173,12.0,136.0,0.0,False,-245.96666244356604,261.7120987250762,-88.63615683234137,34.56007880203225,0.0,1,calibration,2,square,0.25,0,calibration
2.877737299990258,174,12.0,136.0,0.0,False,-259.9086016500954,277.07440187445394,-84.71922813247127,22.906705561611616,0.0,1,calibration,2,square,0.25,0,calibration
2.893447800001013,175,12.0,136.0,0.0,False,-275.051821875469,290.42468091225527,-80.15237845773588,12.816609453613971,0.0,1,calibration,2,square,0.25,0,calibration
2.910155499994289,176,12.0,136.0,0.0,False,-277.85524465001464,287.74374540636063,-74.50048070454193,3.1503118513022503,0.0,1,calibration,2,square,0.25,0,calibration
2.9266157999954885,177,12.0,136.0,0.0,False,-281.7624839995975,283.91883102460207,-67.5136212422398,-6.5427102834815205,0.0,1,calibration,2,square,0.25,0,calibration
2.942963499997859,178,12.0,136.0,0.0,False,-286.37817754380603,279.26249197965757,-59.2053007330966,-16.21284419524511,0.0,1,calibration,2,square,0.25,0,calibration
2.960016799988807,179,12.0,136.0,0.0,False,-291.4290074867625,273.9874697778724,-50.12569384377235,-25.413006967539484,0.0,1,calibration,2,square,0.25,0,calibration
2.9771188000013353,180,12.0,136.0,0.0,False,-296.6675816645356,268.30644045441045,-41.22313526875737,-33.65449433586515,0.0,1,calibration,2,square,0.25,0,calibration
2.9938258999900427,181,12.0,136.0,0.0,False,-301.81623920008735,262.50134810152053,-32.97914008994592,-41.166224072298334,0.0,1,calibration,2,square,0.25,0,calibration
0.0008528999896952882,1,40.0,65.0,20.0,True,-300.49943747880144,-5.883714437993297,303.91901807425353,-3.166662906220625,15.306480166397954,2,calibration,2,dot,0.25,0,calibration
0.007052599990856834,2,40.0,65.0,0.0,False,-301.4645269598971,-19.355505446612998,309.82909729326127,-11.805761099348286,0.0,2,calibration,2,dot,0.25,0,calibration
0.024631899999803863,3,51.0,74.0,14.212670403551895,True,-301.9603655509836,-35.87762445825096,317.4988933815398,-18.921207880025833,11.26900314838875,2,calibration,2,dot,0.25,0,calibration
0.041751400000066496,4,80.0,91.0,20.0,True,-302.1655205124045,-54.39497579584283,324.67750852895585,-25.19733661711448,16.63719649986701,2,calibration,2,dot,0.25,0,calibration
0.05757009999069851,5,96.0,98.0,17.46424919657298,True,-301.3949297555722,-75.58791844144437,331.23056099624876,-31.11927062055855,13.59155136527767,2,calibration,2,dot,0.25,0,calibration
0.07417809999606106,6,113.0,102.0,17.46424919657298,True,-299.44791326448126,-97.07544891845504,338.119973429626,-37.38672468473799,12.332882228299697,2,calibration,2,dot,0.25,0,calibration
0.09069899999303743,7,138.0,105.0,20.0,True,-295.69623985370464,-117.78329594741315,346.92883260606715,-45.30474544313759,11.980052972895724,2,calibration,2,dot,0.25,0,calibration
0.10767769999802113,8,153.0,104.0,15.033296378372908,True,-291.31726069991157,-135.4955440790306,357.22350833574126,-54.71692566355251,7.174432596581268,2,calibration,2,dot,0.25,0,calibration
0.12475619999167975,9,167.0,97.0,15.652475842498529,True,-286.90819321277917,-151.52048873800348,367.2248577291978,-65.26766580768765,4.248552628651561,2,calibration,2,dot,0.25,0,calibration
0.14092469999741297,10,174.0,92.0,8.602325267042627,True,-283.0923000671464,-166.73280648936483,375.65344231448375,-74.9149556842128,1.8180472576106474,2,calibration,2,dot,0.25,0,calibration
0.1579719000001205,11,182.0,81.0,13.601470508735444,True,-279.6990609131431,-182.27640412792098,382.0645553189395,-84.08086331376569,1.1460073353306262,2,calibration,2,dot,0.25,0,calibration
0.17432869999902323,12,189.0,57.0,20.0,True,-276.3081554096893,-198.34199534937966,386.85984984260267,-93.18301172989352,-0.34560015760014995,2,calibration,2,dot,0.25,0,calibration
0.19070479999936651,13,190.0,41.0,16.0312195418814,True,-272.5117399527402,-215.61451265403963,386.8008165285484,-101.90744983978473,-0.5474117544900505,2,calibration,2,dot,0.25,0,calibration
0.20786429999861866,14,190.0,23.0,18.0,True,-268.0206210634759,-233.89150743554057,384.182424147055,-111.37264016127295,-0.3766098705442771,2,calibration,2,dot,0.25,0,calibration
0.22395619998860639,15,179.0,-11.0,20.0,True,-262.13847985800356,-253.1079896058343,380.70961748618515,-122.71995417829388,0.26919535055708765,2,calibration,2,dot,0.25,0,calibration
0.2414633999869693,16,168.0,-29.0,20.0,True,-254.8797921755828,-272.20506489376,376.00151781159224,-136.4655949438498,1.9348408992780475,2,calibration,2,dot,0.25,0,calibration
0.2580098999897018,17,141.0,-50.0,20.0,True,-246.39556397014982,-291.3593061201095,370.1226018340943,-151.68803384433633,4.0458011542153365,2,calibration,2,dot,0.25,0,calibration
0.2746152999898186,18,114.0,-60.0,20.0,True,-237.99376017374254,-309.0445163668242,362.8479019121029,-168.34904240293432,5.118842939148664,2,calibration,2,dot,0.25,0,calibration
0.2909553999925265,19,84.0,-63.0,20.0,True,-230.85470068456053,-324.6918329929289,354.9797312549183,-184.3621175789266,4.108087419130354,2,calibration,2,dot,0.25,0,calibration
0.3075708999967901,20,33.0,-56.0,20.0,True,-222.40402544928114,-332.4702234245279,346.6952724902288,-199.5053584065501,2.642757050489516,2,calibration,2,dot,0.25,0,calibration
0.32429629999387544,21,4.0,-46.0,20.0,True,-215.04528065634798,-337.27663314767676,338.61605652739985,-212.92995623404613,0.6022618812702207,2,calibration,2,dot,0.25,0,calibration
0.34084799999254756,22,-22.0,-32.0,20.0,True,-209.39666145807794,-340.8123210363896,331.0159362100334,-224.56279739751,-1.422981140424382,2,calibration,2,dot,0.25,0,calibration
0.35818679998919833,23,-44.0,-8.0,20.0,True,-205.0883232704264,-343.42215953273177,325.08387844368013,-233.0675266441351,-2.355246213771185,2,calibration,2,dot,0.25,0,calibration
0.3739093999902252,24,-58.0,12.0,20.0,True,-202.38440497907277,-345.02253929456066,320.06416290109735,-239.91442563218203,-2.901092482595753,2,calibration,2,dot,0.25,0,calibration
0.39036469999700785,25,-65.0,34.0,20.0,True,-201.12679320531925,-345.7571590798153,317.107449183926,-243.80907627088826,-1.1307523847098189,2,calibration,2,dot,0.25,0,calibration
0.4084022999886656,26,-69.0,58.0,20.0,True,-201.74560583755837,-345.3964541295069,315.7372413130262,-245.58093258239722,-3.31766577025564,2,calibration,2,dot,0.25,0,calibration
0.4241856999869924,27,-68.0,98.0,20.0,True,-204.6876264433966,-343.6611348130139,315.9492526350484,-245.30811189064733,-3.4481279774563256,2,calibration,2,dot,0.25,0,calibration
0.4408425999863539,28,-60.0,127.0,20.0,True,-210.23662476067776,-340.2948157248917,316.7902620269763,-244.22106765158432,2.283375819579269,2,calibration,2,dot,0.25,0,calibration
0.4572833999991417,29,-42.0,171.0,20.0,True,-219.28805968175752,-334.5336259346883,317.94298921074625,-242.71846986114443,5.718426680646235,2,calibration,2,dot,0.25,0,calibration
0.47469469999487046,30,-26.0,193.0,20.0,True,-230.11269008349555,-327.18213561033116,319.42175862845244,-240.76905971222018,15.059527481950042,2,calibration,2,dot,0.25,0,calibration
0.490653899993049,31,-6.0,217.0,20.0,True,-241.2163973637767,-319.08407926883564,321.40153191164023,-238.11983387540585,18.04859222955949,2,calibration,2,dot,0.25,0,calibration
0.5073912999941967,32,11.0,230.0,20.0,True,-250.30335050686088,-312.00678313946884,323.5692472905053,-235.1657760131261,25.361259628282284,2,calibration,2,dot,0.25,0,calibration
0.524509399998351,33,31.0,244.0,20.0,True,-257.8386958013259,-305.80910213313024,325.94100209931526,-231.86733955107644,26.969157563029327,2,calibration,2,dot,0.25,0,calibration
0.5419575999985682,34,61.0,258.0,20.0,True,-264.13619425666036,-300.3865357894854,328.2516306054145,-228.5844854859718,31.808029099134664,2,calibration,2,dot,0.25,0,calibration
0.5570720999967307,35,75.0,265.0,15.652475842498529,True,-269.47484421791813,-295.6066784322181,330.73446644742944,-224.97713818015868,24.897694340477262,2,calibration,2,dot,0.25,0,calibration
0.5752624999877298,36,96.0,274.0,20.0,True,-273.6728036222429,-291.72452169391124,333.2541943813182,-221.22757949057473,33.42186369089114,2,calibration,2,dot,0.25,0,calibration
0.5900493999943137,37,124.0,284.0,20.0,True,-277.08593137863556,-288.4846384680371,335.68947488401255,-217.51454308182676,33.65805360586027,2,calibration,2,dot,0.25,0,calibration
0.607124299989664,38,141.0,289.0,17.72004514666935,True,-280.3703881083746,-285.29361274301147,338.3947464150507,-213.28149380265862,28.59411745354785,2,calibration,2,dot,0.25,0,calibration
0.6246089999913238,39,156.0,293.0,15.524174696260024,True,-283.95232623142823,-281.7287284388309,341.3796074923079,-208.4705341010998,22.46850467631068,2,calibration,2,dot,0.25,0,calibration
0.6406793999922229,40,173.0,294.0,17.029386365926403,True,-287.3588670770105,-276.84698073990467,344.29659391684976,-203.6169330317492,25.675433552320865,2,calibration,2,dot,0.25,0,calibration
0.6588187999877846,41,188.0,294.0,15.0,True,-290.2032585572727,-270.44651988364336,346.9493821868229,-199.06312114548476,20.99943988019772,2,calibration,2,dot,0.25,0,calibration
0.6746339999954216,42,204.0,294.0,16.0,True,-291.62351793269704,-260.85545815960614,349.4008911638622,-194.72805974974156,18.271813899680627,2,calibration,2,dot,0.25,0,calibration
0.6905262999935076,43,215.0,294.0,11.0,True,-290.3195147761449,-247.44693170847594,352.2766125658545,-189.47608883214474,9.911119447358,2,calibration,2,dot,0.25,0,calibration
0.7075668999896152,44,223.0,291.0,8.54400374531753,True,-286.95674303104835,-230.27610330877167,354.99706169460836,-184.3287448777168,9.702692295006855,2,calibration,2,dot,0.25,0,calibration
0.7244945999991614,45,232.0,287.0,9.848857801796104,True,-282.2751392576073,-211.58613712966078,357.6894229116017,-179.04825253870902,11.086532980270068,2,calibration,2,dot,0.25,0,calibration
0.7404011999897193,46,237.0,283.0,6.4031242374328485,True,-277.4838012721292,-193.73853511533932,360.00331165849747,-174.349119857012,7.93592664761608,2,calibration,2,dot,0.25,0,calibration
0.7578404999949271,47,242.0,276.0,8.602325267042627,True,-271.68710658683534,-178.34661144562762,362.2578849703675,-169.61493087813923,9.984789754682808,2,calibration,2,dot,0.25,0,calibration
0.7737443999940297,48,246.0,266.0,10.770329614269007,True,-264.5907317477186,-165.56657226050808,364.92402301084127,-163.80005320384666,9.620946011014444,2,calibration,2,dot,0.25,0,calibration
0.7904638999898452,49,248.0,258.0,8.246211251235321,True,-255.34107706545265,-154.89988934202927,368.176557802626,-156.35223786249307,4.386848673643643,2,calibration,2,dot,0.25,0,calibration
0.8074078999925405,50,248.0,245.0,13.0,True,-243.39496343221762,-144.92981469486878,371.90201461679766,-147.27148917549258,2.3964880435863547,2,calibration,2,dot,0.25,0,calibration
0.8240695999993477,51,240.0,210.0,20.0,True,-228.41909239649462,-135.47784541968116,375.9006371035027,-136.7432302718522,-2.1051597708716385,2,calibration,2,dot,0.25,0,calibration
0.8406357999920147,52,233.0,187.0,20.0,True,-208.66503969949102,-125.88486383820285,379.85649579141716,-125.3357195896887,-5.73654688457588,2,calibration,2,dot,0.25,0,calibration
0.8574655999982497,53,219.0,161.0,20.0,True,-186.30646626601555,-117.21537923740605,382.4764577677861,-113.5610170926238,-4.041642621560191,2,calibration,2,dot,0.25,0,calibration
0.8741031999961706,54,208.0,146.0,18.601075237738275,True,-162.3783695414159,-110.00670804213297,382.06479786416736,-101.14906175431146,0.23216037332438605,2,calibration,2,dot,0.25,0,calibration
0.8910476999881212,55,191.0,131.0,20.0,True,-140.03259754955158,-104.76276439737141,379.29363509908273,-88.51603864189168,7.911431917517926,2,calibration,2,dot,0.25,0,calibration
0.9073708999931114,56,162.0,108.0,20.0,True,-117.81825350683265,-100.6857678079462,375.6234566331295,-76.27926675939338,10.253727721447998,2,calibration,2,dot,0.25,0,calibration
0.92375919999904,57,144.0,97.0,20.0,True,-95.28252634343963,-96.83015540900766,371.6414218165079,-65.83058824351073,14.912073187270735,2,calibration,2,dot,0.25,0,calibration
0.9409578999911901,58,126.0,89.0,19.697715603592208,True,-72.5608385072357,-93.01461802096321,367.8409230013283,-57.89616378196868,19.637088228438294,2,calibration,2,dot,0.25,0,calibration
0.9568643999955384,59,99.0,81.0,20.0,True,-49.75936911943294,-89.48853075698904,363.3947219047077,-51.632918218438505,26.286183320978594,2,calibration,2,dot,0.25,0,calibration
0.9738791999989189,60,82.0,79.0,17.11724276862369,True,-27.209942886760178,-86.1188358104909,358.1854764000002,-46.005607370457135,27.189686735716748,2,calibration,2,dot,0.25,0,calibration
0.9907168999925489,61,69.0,77.0,13.152946437965905,True,-4.804725098020846,-82.53198936850711,351.15488624419976,-40.353611109469874,22.03151138689833,2,calibration,2,dot,0.25,0,calibration
1.0069965000002412,62,50.0,76.0,19.026297590440446,True,16.690103783176543,-78.81476214178288,342.67716405780396,-34.21695477011501,33.69710520378318,2,calibration,2,dot,0.25,0,calibration
1.023794299995643,63,38.0,76.0,12.0,True,36.656992231121706,-75.60683761096053,332.2761404545771,-27.452359107509793,21.907647158062243,2,calibration,2,dot,0.25,0,calibration
1.040690399997402,64,24.0,76.0,14.0,True,54.90422145959754,-73.25396774064122,319.8651577032704,-20.37076829740837,26.044836303649003,2,calibration,2,dot,0.25,0,calibration
1.0571572999906493,65,6.0,73.0,18.24828759089466,True,72.40689586816372,-71.14712290394372,305.75386508596904,-14.139292847899346,33.483616857446265,2,calibration,2,dot,0.25,0,calibration
1.0737350999988848,66,-6.0,73.0,12.0,True,90.09195087349677,-67.88981304338186,291.6828826844784,-8.383697673828099,22.908254823150145,2,calibration,2,dot,0.25,0,calibration
1.0910608999984106,67,-25.0,72.0,19.026297590440446,True,108.4009436467995,-62.19078917839476,278.3702958278367,-3.9773579949027846,36.16206461923172,2,calibration,2,dot,0.25,0,calibration
1.1078722999955062,68,-38.0,71.0,13.038404810405298,True,126.75742978929938,-54.75784556029001,266.7644167572622,-0.897693291515893,24.733631873386642,2,calibration,2,dot,0.25,0,calibration
1.1243222999910358,69,-52.0,71.0,14.0,True,144.34194627733288,-46.35356221733859,256.5200611696029,1.2350672890067993,26.33759429395308,2,calibration,2,dot,0.25,0,calibration
1.1403031999943778,70,-67.0,71.0,15.0,True,159.89542227156159,-38.47943561314831,246.8204756833387,2.605336367754226,28.235244670234113,2,calibration,2,dot,0.25,0,calibration
1.1582495999900857,71,-75.0,71.0,8.0,True,173.06563698341824,-30.399077473190825,235.76891812548723,3.485050185022632,14.793671349365006,2,calibration,2,dot,0.25,0,calibration
1.173985299988999,72,-84.0,71.0,9.0,True,184.5014193017114,-21.97957717590632,221.91482367000935,4.010742009733638,16.24110775514714,2,calibration,2,dot,0.25,0,calibration
1.1909782999864547,73,-96.0,76.0,13.0,True,195.15009209331066,-12.539267615357963,205.25028852276887,5.951522875942475,18.160409451523712,2,calibration,2,dot,0.25,0,calibration
1.207545699988259,74,-103.0,79.0,7.615773105863909,True,205.58156683324864,-1.618233706318783,186.5696118127617,8.397850525602735,9.995882754631713,2,calibration,2,dot,0.25,0,calibration
1.2240866999927675,75,-109.0,83.0,7.211102550927978,True,215.2885668683455,10.705855389257847,166.56273026207487,11.994337441663117,7.183277681174758,2,calibration,2,dot,0.25,0,calibration
1.2404909999895608,76,-117.0,93.0,12.806248474865697,True,223.9521962361,24.263785655860893,146.42663903723917,16.8349465780366,5.996938429670952,2,calibration,2,dot,0.25,0,calibration
1.2576470999920275,77,-119.0,101.0,8.246211251235321,True,231.05536384097573,38.21351086252912,126.66834521717092,23.404201934494413,-1.7996312617441832,2,calibration,2,dot,0.25,0,calibration
1.2742122999916319,78,-122.0,117.0,16.278820596099706,True,236.43029421827336,51.63224096096535,106.05764932711617,30.75379455083023,-5.537556117079397,2,calibration,2,dot,0.25,0,calibration
1.2907314999902155,79,-122.0,133.0,16.0,True,240.3038130005087,64.25998850171511,85.51083864699459,38.89123761700306,-9.405038816050599,2,calibration,2,dot,0.25,0,calibration
1.3077106999990065,80,-117.0,162.0,20.0,True,243.0953243295067,76.39556337284272,65.95395888668557,47.42540047798415,-15.201093115153117,2,calibration,2,dot,0.25,0,calibration
1.324575199992978,81,-101.0,211.0,20.0,True,245.3968303708786,88.59871781612875,49.210682122594676,55.36378434280185,-17.29778308237456,2,calibration,2,dot,0.25,0,calibration
1.3408186999877216,82,-80.0,252.0,20.0,True,247.31597018484095,100.77919119050463,34.42157595634185,63.74200715507534,-18.161698968932075,2,calibration,2,dot,0.25,0,calibration
1.3576059999904828,83,-72.0,263.0,13.601470508735444,True,248.49329742103686,112.65955364551625,20.550153627313634,73.06698607986847,-12.23766356951994,2,calibration,2,dot,0.25,0,calibration
1.374506599997403,84,-43.0,294.0,20.0,True,247.5919588069043,124.18783892875952,7.3553609341880986,84.03498768406541,-14.666864561735364,2,calibration,2,dot,0.25,0,calibration
1.390818699990632,85,-14.0,312.0,20.0,True,242.9588270823508,135.82639529329828,-4.884226340716401,95.37232318284818,-8.813488790564536,2,calibration,2,dot,0.25,0,calibration
1.40770509999129,86,34.0,339.0,20.0,True,232.83524277869623,147.17303847268988,-15.398865608458232,107.16154248456681,0.003520972658348498,2,calibration,2,dot,0.25,0,calibration
1.4243165999941994,87,66.0,352.0,20.0,True,217.0297755396688,157.97420274267645,-24.037738541296278,119.2841451656126,6.427993611558252,2,calibration,2,dot,0.25,0,calibration
1.4407746999931987,88,92.0,360.0,20.0,True,195.56024483212693,168.02427793309627,-30.818559792251982,132.23715864457054,11.16435863582649,2,calibration,2,dot,0.25,0,calibration
1.458140699993237,89,123.0,361.0,20.0,True,171.09030526096547,176.94502228964586,-35.9286293392163,146.23309675878022,12.309624626633568,2,calibration,2,dot,0.25,0,calibration
1.4742463000002317,90,138.0,363.0,15.132745950421556,True,146.12104062137627,184.07128595701536,-39.279318550638095,160.24000577897965,12.330493242871043,2,calibration,2,dot,0.25,0,calibration
1.490821399987908,91,152.0,362.0,14.035668847618199,True,122.5960065421388,188.59220383523126,-40.993182800627075,174.72530203515947,11.29910622865914,2,calibration,2,dot,0.25,0,calibration
1.5074001999892062,92,174.0,358.0,20.0,True,99.7116481849431,190.8627759729467,-41.30017402896067,188.47914059323867,15.918578164454932,2,calibration,2,dot,0.25,0,calibration
1.5241352999873925,93,185.0,353.0,12.083045973594572,True,76.79565957423308,191.60652255627338,-40.199876702198694,201.8013769033575,7.078787588828473,2,calibration,2,dot,0.25,0,calibration
1.5408248999883654,94,196.0,347.0,12.529964086141668,True,53.440219341663855,191.19652968416696,-37.80807223579973,213.589087876541,7.200218575601877,2,calibration,2,dot,0.25,0,calibration
1.5575197999860393,95,209.0,337.0,16.401219466856727,True,30.788314039526718,189.975952138967,-34.315836821719735,224.4904424186131,6.885831867820595,2,calibration,2,dot,0.25,0,calibration
1.57465609999781,96,220.0,326.0,15.556349186104045,True,9.497133767365892,187.4472955807373,-29.50580771718205,234.74483836454775,4.338491321258833,2,calibration,2,dot,0.25,0,calibration
1.5904929999960586,97,231.0,312.0,17.804493814764857,True,-8.171535648841623,182.74710576492407,-23.183356361540845,244.31097425962855,1.4167668838280143,2,calibration,2,dot,0.25,0,calibration
1.6074154999951134,98,237.0,299.0,14.317821063276353,True,-21.679828755072535,176.0011189836434,-16.38825148284481,252.62741586950062,-6.710902183235539,2,calibration,2,dot,0.25,0,calibration
1.6242651999928057,99,241.0,285.0,14.560219778561036,True,-30.79594263896162,167.90474351750308,-9.865713539154184,259.8124721363782,-13.983231288731375,2,calibration,2,dot,0.25,0,calibration
1.640280099993106,100,242.0,257.0,20.0,True,-36.46735740566902,158.1715389370932,-3.788878033602031,265.8916823728939,-30.54127325813684,2,calibration,2,dot,0.25,0,calibration
1.6570615999953588,101,240.0,226.0,20.0,True,-39.89152676019444,146.2180767447124,2.475456751121298,271.3063358271282,-33.567122476153884,2,calibration,2,dot,0.25,0,calibration
1.6740656999900239,102,230.0,194.0,20.0,True,-42.03793431480991,132.12072977856698,8.969297743879732,275.8885211853987,-35.65018813770556,2,calibration,2,dot,0.25,0,calibration
1.6907785999937914,103,207.0,153.0,20.0,True,-43.450276217385934,117.47117382204333,17.077670607556612,279.01862851536475,-33.71155044643625,2,calibration,2,dot,0.25,0,calibration
1.7076781999930972,104,190.0,133.0,20.0,True,-44.26541957592137,102.762276775446,27.33874975993785,279.91456610920056,-30.16156488876075,2,calibration,2,dot,0.25,0,calibration
1.7238907999999356,105,157.0,108.0,20.0,True,-44.61488448993554,88.62520828145978,40.05722982992482,279.04198498307477,-27.54524141944673,2,calibration,2,dot,0.25,0,calibration
1.7404292999999598,106,131.0,95.0,20.0,True,-44.655728237075024,75.37261089053997,54.01152161263718,277.1270662898317,-25.505804743529474,2,calibration,2,dot,0.25,0,calibration
1.757648299986613,107,106.0,86.0,20.0,True,-43.89931439025385,63.32085997139079,68.80442114205164,275.01511406648325,-23.25372688240688,2,calibration,2,dot,0.25,0,calibration
1.77376739999454,108,57.0,76.0,20.0,True,-41.59438930278529,51.113246270733924,83.45279618498093,273.1168590804038,-19.213694054380852,2,calibration,2,dot,0.25,0,calibration
1.7906580999988364,109,25.0,74.0,20.0,True,-37.26766609841677,38.452943025811315,97.47767987595311,270.90984388790895,-14.24976389558497,2,calibration,2,dot,0.25,0,calibration
1.8072216999862576,110,-1.0,74.0,20.0,True,-31.182934352831715,24.32864596012695,109.60649623116291,267.24828156479884,-11.233602159527603,2,calibration,2,dot,0.25,0,calibration
1.8240240999875823,111,-31.0,76.0,20.0,True,-23.801314175406247,9.336538640651337,120.49190783062018,261.71775176166204,-8.38522430456373,2,calibration,2,dot,0.25,0,calibration
1.8402296999993268,112,-49.0,82.0,18.973665961010276,True,-14.88644675364514,-7.444913558019003,130.2607217447083,254.97492885378972,-4.4788168977244345,2,calibration,2,dot,0.25,0,calibration
1.8570958999916911,113,-60.0,86.0,11.704699910719626,True,-5.030471696786572,-24.5839471996559,139.2803758114163,246.89087085410335,-1.909973745385879,2,calibration,2,dot,0.25,0,calibration
1.8738670999882743,114,-73.0,94.0,15.264337522473747,True,5.330087172742964,-40.66277344773047,147.44737062376157,238.23041845978292,-0.972934405300497,2,calibration,2,dot,0.25,0,calibration
1.8905104999867035,115,-79.0,98.0,7.211102550927978,True,15.525081922901341,-55.00183188268781,155.35855247731828,226.811438906673,0.03183538028969175,2,calibration,2,dot,0.25,0,calibration
1.9078349999908824,116,-86.0,107.0,11.40175425099138,True,26.348110904285434,-68.64683637892176,165.14591605925494,213.8072747288927,0.0009161286229613471,2,calibration,2,dot,0.25,0,calibration
1.9237465999904089,117,-89.0,113.0,6.708203932499369,True,37.62245012167048,-82.31480071718862,177.56784242154737,199.40480728492844,0.03461700299144177,2,calibration,2,dot,0.25,0,calibration
1.9406644999980927,118,-91.0,121.0,8.246211251235321,True,48.912443731728565,-95.19525946004653,191.21447415305715,185.49580929241,0.22323971474013507,2,calibration,2,dot,0.25,0,calibration
1.957540399991558,119,-87.0,155.0,20.0,True,59.519342097940765,-106.6979637317786,206.14154720655455,171.97768341235047,1.4170931838586909,2,calibration,2,dot,0.25,0,calibration
1.9742926999897463,120,-68.0,206.0,20.0,True,69.65514035207974,-117.02651883371577,222.24532088244774,157.70349165584574,1.279514978856211,2,calibration,2,dot,0.25,0,calibration
1.9911162999924272,121,-30.0,263.0,20.0,True,80.05115981400193,-126.61713086430288,239.62809524460238,142.72911322609477,0.67368268463163,2,calibration,2,dot,0.25,0,calibration
2.007474199999706,122,29.0,325.0,20.0,True,91.18908947087522,-135.78976272706223,257.70542815820346,126.72278745194615,-0.7144111435355287,2,calibration,2,dot,0.25,0,calibration
2.0245453999959864,123,68.0,348.0,20.0,True,103.56557153466443,-144.59555767156908,275.26514345025186,109.88992989869612,-2.741433014885426,2,calibration,2,dot,0.25,0,calibration
2.0408777999982703,124,112.0,365.0,20.0,True,117.23143715190689,-153.60605860466848,292.63198795134286,91.95481672261714,-3.807895875709976,2,calibration,2,dot,0.25,0,calibration
2.0577304999897024,125,161.0,379.0,20.0,True,132.27418041883135,-163.60354370000914,310.1425903879921,73.28678513433475,-3.825868382942369,2,calibration,2,dot,0.25,0,calibration
2.073840499986545,126,193.0,384.0,20.0,True,147.22953418057227,-174.78965410867704,327.3476292514504,55.04691608757934,-2.661432271051374,2,calibration,2,dot,0.25,0,calibration
2.0906457999954,127,220.0,387.0,20.0,True,160.90881923333424,-186.37181570737636,344.12671367886253,37.745651847516065,-1.4899559405560092,2,calibration,2,dot,0.25,0,calibration
2.1070176999928663,128,250.0,390.0,20.0,True,172.38355303398694,-197.3341863248931,359.85008651742066,22.63673086255216,-0.044175609293535256,2,calibration,2,dot,0.25,0,calibration
2.123508699995,129,269.0,390.0,19.0,True,182.4522026941955,-207.92794831945724,374.30080316201884,9.487849226241826,0.9637499389257002,2,calibration,2,dot,0.25,0,calibration
2.1405620999867097,130,291.0,387.0,20.0,True,191.43031506245313,-218.550964781022,386.82241711175715,-0.9804223967483967,2.0812162276848833,2,calibration,2,dot,0.25,0,calibration
2.1570804999937536,131,313.0,383.0,20.0,True,199.34124628714366,-229.9702891668106,398.20583496742665,-9.0823990695352,3.9595252402775194,2,calibration,2,dot,0.25,0,calibration
2.174475199994049,132,326.0,377.0,14.317821063276353,True,205.79854628860028,-241.6369312572906,399.7078933283298,-15.283978900420093,2.7068979159288356,2,calibration,2,dot,0.25,0,calibration
2.1912294999929145,133,347.0,368.0,20.0,True,210.87093835403206,-252.72374308735914,399.52470471980604,-19.49385335308979,5.17972961722156,2,calibration,2,dot,0.25,0,calibration
2.206951599990134,134,359.0,361.0,13.892443989449804,True,214.5289698765095,-262.05980722781015,399.3749992534561,-22.351956766733853,2.521267201424706,2,calibration,2,dot,0.25,0,calibration
2.2239921000000322,135,368.0,354.0,11.40175425099138,True,216.9402351330588,-269.62483097296257,399.2527179867019,-24.43905031360724,0.8018861342939132,2,calibration,2,dot,0.25,0,calibration
2.2403846999950474,136,378.0,338.0,18.867962264113206,True,217.53885921523317,-276.2440329185031,399.10813762706846,-26.696338322942356,-3.8014077192817846,2,calibration,2,dot,0.25,0,calibration
2.2571379999862984,137,381.0,329.0,9.486832980505138,True,215.6246716421118,-283.0328172247532,398.9823947453756,-28.514008543964163,-3.35827534297435,2,calibration,2,dot,0.25,0,calibration
2.2750341999926604,138,386.0,315.0,14.866068747318506,True,210.56928413136671,-289.79247551442467,398.98276706010256,-28.50879845002128,-2.2353163686595594,2,calibration,2,dot,0.25,0,calibration
2.290619699997478,139,386.0,297.0,18.0,True,202.54760466373648,-296.0527341273739,399.1684406743366,-25.77898309900207,-11.971226836672727,2,calibration,2,dot,0.25,0,calibration
2.3072782999952324,140,385.0,282.0,15.033296378372908,True,192.17132941074465,-300.9087386936362,399.508955083647,-19.814005349059,-10.926821359220526,2,calibration,2,dot,0.25,0,calibration
2.3242803999892203,141,374.0,251.0,20.0,True,180.33045923090228,-304.2729461478243,399.88721042233686,-9.498365156259455,-24.731709375398964,2,calibration,2,dot,0.25,0,calibration
2.340787499997532,142,362.0,232.0,20.0,True,168.03748738720918,-306.25484953034373,399.9693862817686,4.948740989926205,-32.04691218322786,2,calibration,2,dot,0.25,0,calibration
2.356763999996474,143,347.0,214.0,20.0,True,155.69268319374862,-307.1094018689363,399.34908856140123,22.810205285749994,-33.64659056942345,2,calibration,2,dot,0.25,0,calibration
2.3741663999971934,144,332.0,199.0,20.0,True,143.3510183243855,-307.44067241838576,397.74881837389927,42.37779468267382,-31.362002891464144,2,calibration,2,dot,0.25,0,calibration
2.3905639999866253,145,307.0,178.0,20.0,True,130.26029298399283,-307.3744487159399,395.1278189260739,62.24151918714482,-27.22108142736237,2,calibration,2,dot,0.25,0,calibration
2.4075958999892464,146,283.0,164.0,20.0,True,116.19155310902191,-306.93762905924973,390.9315394967872,81.30350259364447,-23.082191931932034,2,calibration,2,dot,0.25,0,calibration
2.4242154999956256,147,249.0,150.0,20.0,True,101.44873563206333,-305.47608894112017,385.3759579232861,99.34853950149018,-19.488383669858127,2,calibration,2,dot,0.25,0,calibration
2.4408605999924475,148,226.0,146.0,20.0,True,86.68654225284459,-303.1939885245835,378.79906095604815,116.05461120514292,-14.919994672151109,2,calibration,2,dot,0.25,0,calibration
2.4572692999936407,149,188.0,142.0,20.0,True,72.24378332093445,-299.7778950124569,371.1211954387389,131.14424520896645,-11.720204447704008,2,calibration,2,dot,0.25,0,calibration
2.4743755999952555,150,167.0,143.0,20.0,True,58.82678693243999,-295.6069406777025,362.46238723144324,144.41102656084354,-7.643787318404279,2,calibration,2,dot,0.25,0,calibration
2.4914094999985537,151,151.0,146.0,16.278820596099706,True,45.57439184962912,-290.4400789638981,351.7723771554809,157.19248528427147,-3.4306757747545373,2,calibration,2,dot,0.25,0,calibration
2.507559699995909,152,125.0,151.0,20.0,True,31.774912584079996,-284.02389308543326,339.3187874435086,168.94322761046726,-2.5246254918305877,2,calibration,2,dot,0.25,0,calibration
2.524405199990724,153,112.0,155.0,13.601470508735444,True,16.05988227862234,-275.85866938728844,325.493946687059,179.59226451361894,-0.6402268339954532,2,calibration,2,dot,0.25,0,calibration
2.5410805999999866,154,96.0,164.0,18.35755975068582,True,-0.9533109674058551,-264.64998340901616,312.11587137241287,188.2947860188375,0.00718211239263025,2,calibration,2,dot,0.25,0,calibration
2.5580244999873685,155,77.0,176.0,20.0,True,-17.9805937351291,-249.2493720508673,299.1143102863131,195.28364348347992,0.2458730347129423,2,calibration,2,dot,0.25,0,calibration
2.5739071999996668,156,66.0,184.0,13.601470508735444,True,-33.69882936782355,-230.24741336586152,286.1629657712885,200.8996709581399,0.09909342296442056,2,calibration,2,dot,0.25,0,calibration
2.5907130999985384,157,55.0,195.0,15.556349186104045,True,-47.5644797640832,-209.46384650720495,273.4456485194242,205.54131331210272,-1.1505349109830985,2,calibration,2,dot,0.25,0,calibration
2.6069989999959944,158,39.0,218.0,20.0,True,-59.27691661363459,-188.04679138639133,260.3783343724454,209.61165352829346,-4.097635447327943,2,calibration,2,dot,0.25,0,calibration
2.6242728999932297,159,33.0,230.0,13.416407864998739,True,-69.36895545622173,-166.12312453213426,247.42759060041462,213.29172804391888,-4.357871902678426,2,calibration,2,dot,0.25,0,calibration
2.640356099989731,160,26.0,242.0,13.892443989449804,True,-78.1546888204229,-143.11644811859657,233.81709197942058,215.80685585924928,-4.643593008330727,2,calibration,2,dot,0.25,0,calibration
2.6572438000002876,161,20.0,256.0,15.231546211727817,True,-87.1840993162371,-117.56923893890752,219.8988187114887,216.39987605340016,-8.608703965063354,2,calibration,2,dot,0.25,0,calibration
2.6744003999920096,162,18.0,265.0,9.219544457292887,True,-95.77886017462944,-91.07775508886837,205.7192636769702,214.52938186781876,-8.372141859268703,2,calibration,2,dot,0.25,0,calibration
2.690303199997288,163,16.0,277.0,12.165525060596439,True,-103.7402986513434,-64.24475746376726,191.06769597944145,209.6230712390541,-13.987127229807522,2,calibration,2,dot,0.25,0,calibration
2.7068637999909697,164,18.0,306.0,20.0,True,-109.68640072427833,-40.02478218296144,176.84978506703692,201.8083558380531,-29.865694556246787,2,calibration,2,dot,0.25,0,calibration
2.724336499988567,165,26.0,335.0,20.0,True,-114.09689073949801,-17.265875155772363,164.58531192523486,191.70188602680776,-34.281280769492284,2,calibration,2,dot,0.25,0,calibration
2.7417197999893688,166,42.0,374.0,20.0,True,-116.86084846653026,2.8920155661401665,155.23860179172206,180.3372677978358,-36.41351660408987,2,calibration,2,dot,0.25,0,calibration
2.7568978999916,167,55.0,402.0,20.0,True,-118.35519667674521,20.40139521131175,147.4589971461331,168.39169863072112,-37.155312134911085,2,calibration,2,dot,0.25,0,calibration
2.773885499991593,168,70.0,426.0,20.0,True,-119.17221499241289,35.127334178111454,140.70631705479795,154.48427278190522,-36.23323180593599,2,calibration,2,dot,0.25,0,calibration
2.79091189999599,169,92.0,450.0,20.0,True,-120.55429181649451,48.60207846764933,134.86998161328935,138.8752317790691,-31.82967984081669,2,calibration,2,dot,0.25,0,calibration
2.807278699998278,170,107.0,464.0,20.0,True,-123.89769656082667,61.39490269123752,129.7400859749476,122.27762279462041,-26.861184983404357,2,calibration,2,dot,0.25,0,calibration
2.8243434999894816,171,121.0,478.0,19.79898987322333,True,-129.88341021371227,74.08885834690342,124.21258071677084,104.96521989608571,-24.286656047598747,2,calibration,2,dot,0.25,0,calibration
2.8406487999891397,172,140.0,494.0,20.0,True,-138.41102577800584,86.6818687743577,118.97734041369455,87.54243333021111,-18.829412227149394,2,calibration,2,dot,0.25,0,calibration
2.85742559999926,173,150.0,502.0,12.806248474865697,True,-149.6605564975088,100.16929933075872,114.16809063630892,70.04578824348896,-10.102600601541752,2,calibration,2,dot,0.25,0,calibration
2.8737602999899536,174,164.0,510.0,16.1245154965971,True,-162.70071702093264,113.49561368075925,110.67012923693352,53.48972837295126,-6.647667850310083,2,calibration,2,dot,0.25,0,calibration
2.8907766999909654,175,188.0,522.0,20.0,True,-176.06368027329404,125.6333835830338,108.90005574206873,37.042461659374794,-3.579236545366078,2,calibration,2,dot,0.25,0,calibration
2.907598199992208,176,204.0,528.0,17.08800749063506,True,-188.91302941747148,135.5255995255025,107.5492559117827,20.72975488148417,1.7180516035179685,2,calibration,2,dot,0.25,0,calibration
2.924733499996364,177,224.0,533.0,20.0,True,-201.2686907701804,143.32293969671025,105.11187845387157,4.207042616881498,6.189483224505104,2,calibration,2,dot,0.25,0,calibration
2.940153099989402,178,237.0,536.0,13.341664064126334,True,-214.33179602986309,149.08796584573145,100.85666343253077,-11.520872405430156,4.391048266188792,2,calibration,2,dot,0.25,0,calibration
2.958369899992249,179,251.0,537.0,14.035668847618199,True,-227.81855358378414,152.56163369994627,95.39550920266777,-26.447928962109476,7.558818763870967,2,calibration,2,dot,0.25,0,calibration
2.973637899995083,180,274.0,537.0,20.0,True,-241.39449690557728,154.25720303027467,89.5262332265416,-40.47786986419892,12.127217522204008,2,calibration,2,dot,0.25,0,calibration
2.9905450999940513,181,287.0,535.0,13.152946437965905,True,-253.95251561392394,154.85230749168937,83.74143328447782,-53.23253210725663,9.531908084811429,2,calibration,2,dot,0.25,0,calibration
0.0006810999911976978,1,148.0,58.0,20.0,True,302.2013886629641,0.7885286364303448,-292.7957555704699,-6.455500052675614,-10.993153487148382,3,calibration,2,dot,0.25,0,calibration
0.00873489999503363,2,148.0,58.0,0.0,False,307.29719928884464,2.949790801794049,-281.6287865391617,-24.9390024966738,0.0,3,calibration,2,dot,0.25,0,calibration
0.026538699996308424,3,174.0,60.0,20.0,True,313.0897296974268,6.730809479356381,-265.7657858082836,-41.80197493077237,-4.991008812105495,3,calibration,2,dot,0.25,0,calibration
0.04364029999123886,4,227.0,53.0,20.0,True,319.0628464490907,11.968483264393223,-249.56158543757473,-59.36699800627805,2.18775441519085,3,calibration,2,dot,0.25,0,calibration
0.05932679999386892,5,274.0,27.0,20.0,True,324.92104521146285,18.886754961873052,-234.0401495086647,-79.3354425204702,14.462948557106536,3,calibration,2,dot,0.25,0,calibration
0.07607079998706467,6,301.0,-3.0,20.0,True,330.3724578493135,26.792859746870956,-220.42392138028453,-100.72229499130043,24.369201870334738,3,calibration,2,dot,0.25,0,calibration
0.09206679998897016,7,315.0,-55.0,20.0,True,335.44271228473,36.28292152851635,-209.31670175469034,-123.5076077724803,34.22138387570864,3,calibration,2,dot,0.25,0,calibration
0.10923629999160767,8,311.0,-98.0,20.0,True,339.66992436473373,46.905951528586904,-200.83535418870713,-145.0050894063905,37.032412347446936,3,calibration,2,dot,0.25,0,calibration
0.12563099998806138,9,287.0,-148.0,20.0,True,342.6327937574425,58.70311743181657,-194.09509018312662,-165.97176042778347,34.11205552402436,3,calibration,2,dot,0.25,0,calibration
0.1426383999933023,10,230.0,-224.0,20.0,True,344.13193717102973,70.90128021329633,-188.58990162442015,-185.76873126221068,29.544374159871516,3,calibration,2,dot,0.25,0,calibration
0.15918959998816717,11,163.0,-274.0,20.0,True,344.5835950978154,83.23780176459253,-184.3330921104182,-204.96616463361545,20.7482687250654,3,calibration,2,dot,0.25,0,calibration
0.17603739998594392,12,104.0,-304.0,20.0,True,344.2306566390035,95.95329104420554,-181.66676720195971,-224.3085663627962,15.112308933581463,3,calibration,2,dot,0.25,0,calibration
0.19211089999589603,13,16.0,-325.0,20.0,True,342.6811636862007,108.86752746050567,-180.72045029497392,-242.90140337020262,5.939325223546752,3,calibration,2,dot,0.25,0,calibration
0.20932869998796377,14,-25.0,-323.0,20.0,True,339.5370669495089,121.5336068746062,-182.0521167536846,-261.1753240715595,-5.278394611547137,3,calibration,2,dot,0.25,0,calibration
0.22620499999902677,15,-88.0,-293.0,20.0,True,335.1032866666646,133.88381754473124,-184.66233556086289,-278.15900283981085,-19.950174178084353,3,calibration,2,dot,0.25,0,calibration
0.2424923999933526,16,-129.0,-238.0,20.0,True,330.07180269830855,145.74673120942842,-187.31068620418003,-294.35070541461084,-33.32455321477416,3,calibration,2,dot,0.25,0,calibration
0.25907529999676626,17,-160.0,-161.0,20.0,True,324.6363894579541,157.36374233321854,-189.1573151202205,-310.02200997815436,-37.521176349859715,3,calibration,2,dot,0.25,0,calibration
0.2766566999925999,18,-173.0,-17.0,20.0,True,318.1933039099981,168.54867766349446,-189.742872265575,-325.4866307967535,-37.99435385193193,3,calibration,2,dot,0.25,0,calibration
0.2924872999865329,19,-158.0,78.0,20.0,True,309.56957270992467,180.6714751375846,-189.05356775096658,-340.24867753141444,-33.87788096791098,3,calibration,2,dot,0.25,0,calibration
0.3097478999989107,20,-126.0,184.0,20.0,True,299.1551430899281,193.34034209631855,-188.30584566465419,-352.903539920641,-30.040249465085942,3,calibration,2,dot,0.25,0,calibration
0.32620569999562576,21,-51.0,305.0,20.0,True,287.90847453462203,206.24389692153963,-183.3141037736654,-355.5220659222966,-22.583153521025253,3,calibration,2,dot,0.25,0,calibration
0.34217079999507405,22,12.0,377.0,20.0,True,277.1567739202786,217.74907437062464,-179.78511047578948,-357.3196244977432,-18.237579115022204,3,calibration,2,dot,0.25,0,calibration
0.3590673999860883,23,88.0,438.0,20.0,True,266.73556239893634,228.63418620537846,-177.44000575974425,-358.4899501464189,-13.704413585710686,3,calibration,2,dot,0.25,0,calibration
0.3757033999863779,24,206.0,502.0,20.0,True,256.7924123092726,238.7797380889866,-176.54026378884328,-358.93388703404094,-9.554320351743243,3,calibration,2,dot,0.25,0,calibration
0.3923179999983404,25,276.0,523.0,20.0,True,247.42000195691728,248.23099640607253,-176.0909285237363,-359.1545417945434,-3.434506044528743,3,calibration,2,dot,0.25,0,calibration
0.4101141999999527,26,360.0,526.0,20.0,True,238.65897434625938,256.5248119921632,-176.04497808301318,-359.17706732439285,4.676666658195559,3,calibration,2,dot,0.25,0,calibration
0.4253182999964338,27,406.0,522.0,20.0,True,229.2014349027376,264.727044905456,-176.48766084812078,-358.9597548031794,8.052639002744733,3,calibration,2,dot,0.25,0,calibration
0.4421155999880284,28,448.0,508.0,20.0,True,218.3251966000359,273.9527488990655,-176.90993600397087,-358.75182862679725,14.882353753673037,3,calibration,2,dot,0.25,0,calibration
0.45965619999333285,29,495.0,477.0,20.0,True,205.06272882110926,284.07871296034034,-177.83833856714637,-358.29251364726707,20.346406935199536,3,calibration,2,dot,0.25,0,calibration
0.47551149998616893,30,516.0,456.0,20.0,True,190.09073347080852,294.2972368968137,-179.51056537979522,-357.4576295409377,22.195436472341953,3,calibration,2,dot,0.25,0,calibration
0.4927129999996396,31,530.0,425.0,20.0,True,172.19442280801832,305.00006083950257,-183.07494710162572,-355.6452779719379,21.62246833547924,3,calibration,2,dot,0.25,0,calibration
0.509290099987993,32,540.0,368.0,20.0,True,152.80940565335507,315.79730050114847,-188.28048623917883,-352.9170702892372,18.618863126216173,3,calibration,2,dot,0.25,0,calibration
0.5258675999939442,33,529.0,307.0,20.0,True,131.48654125445472,326.1161575281927,-194.9302842663601,-349.28811069922784,15.531668338513862,3,calibration,2,dot,0.25,0,calibration
0.5430085999978473,34,492.0,222.0,20.0,True,110.5258310712363,334.6760641671001,-202.08469028955702,-345.19817199772916,12.406587315083076,3,calibration,2,dot,0.25,0,calibration
0.5593757999886293,35,405.0,88.0,20.0,True,88.5761942681583,341.30921431776846,-209.64942901994613,-340.65689030402797,8.398264788291165,3,calibration,2,dot,0.25,0,calibration
0.5756197999871802,36,328.0,-8.0,20.0,True,66.38823721545513,347.3367151134703,-217.96765635949689,-335.395439416144,5.257366129430601,3,calibration,2,dot,0.25,0,calibration
0.5925146999943536,37,239.0,-89.0,20.0,True,43.97295879565063,352.6695714385243,-227.75483647732173,-328.8278188675472,1.0522364505206294,3,calibration,2,dot,0.25,0,calibration
0.609416199993575,38,89.0,-184.0,20.0,True,22.77309678699532,358.49011922555786,-238.3102735430698,-321.2603516212781,-1.0649520053281347,3,calibration,2,dot,0.25,0,calibration
0.6258409999863943,39,0.0,-223.0,20.0,True,3.2504468593551437,364.1311121500326,-248.25007179379645,-313.6429528211576,-2.7837433072136397,3,calibration,2,dot,0.25,0,calibration
0.6435748999938369,40,-80.0,-242.0,20.0,True,-13.945584733728388,368.9773311249709,-257.1378980114322,-306.3985988973551,-3.984727009484872,3,calibration,2,dot,0.25,0,calibration
0.6590173999866238,41,-171.0,-245.0,20.0,True,-28.986560529290827,372.57164280205484,-264.36823419071794,-300.1542291256037,-4.591037469676376,3,calibration,2,dot,0.25,0,calibration
0.6757577999960631,42,-208.0,-236.0,20.0,True,-41.68135817405446,374.5402190826007,-270.0657985264712,-293.76569482007557,-3.465616472715929,3,calibration,2,dot,0.25,0,calibration
0.6919621999986703,43,-253.0,-200.0,20.0,True,-53.236611741705204,375.7022744059003,-273.8796729575872,-286.8507715640189,1.6935747194625783,3,calibration,2,dot,0.25,0,calibration
0.7093964999949094,44,-268.0,-167.0,20.0,True,-63.83293825790687,376.2036044940769,-276.03236513367693,-277.96699832333223,10.516986830893586,3,calibration,2,dot,0.25,0,calibration
0.7254552999947919,45,-280.0,-76.0,20.0,True,-74.31256316760468,376.39799216994305,-276.86480090418877,-266.88459832543043,16.986480566399496,3,calibration,2,dot,0.25,0,calibration
0.7425005999975838,46,-266.0,14.0,20.0,True,-85.29153736691983,376.30434219229943,-276.3294989776818,-254.0432681596923,23.115811719717854,3,calibration,2,dot,0.25,0,calibration
0.7589589999988675,47,-235.0,109.0,20.0,True,-97.380673253968,376.0737574740872,-274.59654488613666,-240.443325213928,26.210854911259776,3,calibration,2,dot,0.25,0,calibration
0.7767034999997122,48,-186.0,218.0,20.0,True,-111.53467445777504,375.78802128430783,-271.8194926093982,-227.59939160006365,28.12939768871007,3,calibration,2,dot,0.25,0,calibration
0.7920681999967201,49,-89.0,361.0,20.0,True,-127.73946082684391,375.31606712380875,-268.0251966819783,-216.17483711818983,30.95076677997713,3,calibration,2,dot,0.25,0,calibration
0.8095691999915289,50,-12.0,443.0,20.0,True,-145.65462541890224,372.53822635278556,-263.3410610802502,-205.56821409455753,32.86857501402699,3,calibration,2,dot,0.25,0,calibration
0.8257905999926152,51,121.0,550.0,20.0,True,-163.6012898416428,365.0131750528339,-257.99512951005175,-194.9883233811905,33.81444812909329,3,calibration,2,dot,0.25,0,calibration
0.842685799987521,52,223.0,595.0,20.0,True,-181.7864274848682,356.30561991398446,-251.55452373397446,-184.49900027856128,34.383893874808685,3,calibration,2,dot,0.25,0,calibration
0.8591563999943901,53,309.0,600.0,20.0,True,-199.55838758587677,346.66475151668504,-242.57054644174335,-172.39652326301345,32.66812404589323,3,calibration,2,dot,0.25,0,calibration
0.8764620999863837,54,426.0,600.0,20.0,True,-216.56535539146847,336.30261200913526,-231.5241306842972,-158.79143243092864,32.54082952558064,3,calibration,2,dot,0.25,0,calibration
0.8921686999965459,55,492.0,599.0,20.0,True,-233.91503333668004,324.4745863378207,-219.09896683561897,-143.98387183547317,32.58225800815923,3,calibration,2,dot,0.25,0,calibration
0.9091579999949317,56,534.0,590.0,20.0,True,-249.90295708018874,312.3275716976927,-207.21832463380503,-131.3266771806631,30.184547676312516,3,calibration,2,dot,0.25,0,calibration
0.9259991999861086,57,580.0,564.0,20.0,True,-263.47515157540636,300.9665172445543,-196.38568109969728,-121.68562997679633,24.810504176024757,3,calibration,2,dot,0.25,0,calibration
0.9421400999999605,58,610.0,523.0,20.0,True,-273.9754302757078,291.44032597641797,-186.67899421429757,-114.94024722899455,14.515365755629661,3,calibration,2,dot,0.25,0,calibration
0.9588936999934958,59,616.0,504.0,19.924858845171276,True,-282.1016473589473,283.5818410218965,-178.10299657707333,-110.06378234817386,5.9415518595101995,3,calibration,2,dot,0.25,0,calibration
0.9755779999977676,60,619.0,437.0,20.0,True,-288.6790801694448,276.8833484926879,-169.6775864694204,-105.20898895448732,-1.9813621629268807,3,calibration,2,dot,0.25,0,calibration
0.9925074999919161,61,598.0,363.0,20.0,True,-293.6007891439431,271.65893435345333,-162.25477971368161,-99.48103453870863,-13.202751450281642,3,calibration,2,dot,0.25,0,calibration
1.0090881999931298,62,528.0,229.0,20.0,True,-297.65010618395354,267.2160442201799,-154.68673079975594,-92.61054515484132,-18.95376023846184,3,calibration,2,dot,0.25,0,calibration
1.0258867999946233,63,467.0,136.0,20.0,True,-301.2936502129704,263.1010002667117,-146.17051756108157,-85.65806078182054,-21.006679238002963,3,calibration,2,dot,0.25,0,calibration
1.0436791999964043,64,392.0,51.0,20.0,True,-304.64266610047696,259.21582897499394,-135.96096296751838,-78.21035429253067,-24.157947871655075,3,calibration,2,dot,0.25,0,calibration
1.0587633999966783,65,267.0,-66.0,20.0,True,-307.6805441066768,255.602587581228,-123.49500200093819,-71.22516465614449,-25.776726267469904,3,calibration,2,dot,0.25,0,calibration
1.075909099992714,66,178.0,-127.0,20.0,True,-309.9632980711222,252.8294956069656,-110.1614581036932,-64.67621691957797,-28.229993053015523,3,calibration,2,dot,0.25,0,calibration
1.0926325999898836,67,84.0,-168.0,20.0,True,-311.75822646843056,250.612865250886,-96.75626235945272,-59.60688400712999,-31.150309853955935,3,calibration,2,dot,0.25,0,calibration
1.1092347999947378,68,-31.0,-194.0,20.0,True,-312.66273434376984,249.4834955516642,-84.9414197289179,-55.59073640036984,-33.21193512016768,3,calibration,2,dot,0.25,0,calibration
1.125653399998555,69,-99.0,-191.0,20.0,True,-312.77902397801284,249.33768700170785,-73.87570232375406,-51.71654391157542,-34.8243308774429,3,calibration,2,dot,0.25,0,calibration
1.1429692999954568,70,-149.0,-176.0,20.0,True,-312.29679434127485,249.94141762453748,-62.821641502962926,-46.337217098060485,-33.005619694996334,3,calibration,2,dot,0.25,0,calibration
1.1593124999926658,71,-200.0,-141.0,20.0,True,-311.89827904356764,250.43854242041272,-50.09702157099731,-39.41783114034116,-28.97216301578151,3,calibration,2,dot,0.25,0,calibration
1.1771507999947062,72,-226.0,-98.0,20.0,True,-311.6698813479665,250.72272545691686,-35.2766261350472,-31.725715282372143,-20.208527116682138,3,calibration,2,dot,0.25,0,calibration
1.1925183999992441,73,-245.0,-38.0,20.0,True,-311.11105827535636,251.4158098027804,-19.190930671528417,-24.27734700297357,-14.639607969583901,3,calibration,2,dot,0.25,0,calibration
1.2090919999900507,74,-248.0,19.0,20.0,True,-310.4187793236,252.27005657280478,-2.8137576160277824,-17.091036243279987,-7.239795195154093,3,calibration,2,dot,0.25,0,calibration
1.2261978999886196,75,-239.0,84.0,20.0,True,-309.4348398968009,253.47599463862684,12.977957575964753,-10.249606553601502,-1.5910290553951856,3,calibration,2,dot,0.25,0,calibration
1.2428232999955071,76,-199.0,215.0,20.0,True,-308.43762135031454,254.68850334430093,29.158377136171858,-3.359156496642351,3.3347067551783995,3,calibration,2,dot,0.25,0,calibration
1.2602490999997826,77,-137.0,355.0,20.0,True,-306.94256610290887,256.48832549291865,46.67489721196651,4.268856764586724,6.016083006393038,3,calibration,2,dot,0.25,0,calibration
1.2761363999889,78,-111.0,403.0,20.0,True,-305.1244933801311,258.64849417601164,64.98912097500424,12.997324516876409,7.872580216380988,3,calibration,2,dot,0.25,0,calibration
1.292264099989552,79,-21.0,537.0,20.0,True,-302.76068342647176,261.41149280614223,83.08504455125558,21.882693489931174,9.125110957979777,3,calibration,2,dot,0.25,0,calibration
1.309232699990389,80,57.0,600.0,20.0,True,-299.75597580459146,264.8515715819659,100.73229037983702,29.51726975049435,15.015331612187854,3,calibration,2,dot,0.25,0,calibration
1.3260000999871409,81,179.0,600.0,20.0,True,-296.16604953510574,268.85994700358265,118.5796755741998,34.20996020853912,26.611001690474872,3,calibration,2,dot,0.25,0,calibration
1.3424114999943413,82,268.0,600.0,20.0,True,-292.720968642044,272.60673967688973,136.86372525273845,38.22329799253981,26.221224438207578,3,calibration,2,dot,0.25,0,calibration
1.3585396999988006,83,365.0,600.0,20.0,True,-289.89571851933607,275.6092748514786,154.07581352644618,41.962001982098535,26.6362529560381,3,calibration,2,dot,0.25,0,calibration
1.3757226999878185,84,502.0,600.0,20.0,True,-287.5031180088447,278.10421991618966,170.8732242046613,45.04377366009724,26.590085817624587,3,calibration,2,dot,0.25,0,calibration
1.3923585999873467,85,580.0,600.0,20.0,True,-284.8252669341838,280.8461630784209,186.66209216702774,47.78566616100274,25.14119072431594,3,calibration,2,dot,0.25,0,calibration
1.4092371999868192,86,651.0,599.0,20.0,True,-281.47542700779076,284.20342008987484,200.99575370722883,49.69018513276726,22.906931482337676,3,calibration,2,dot,0.25,0,calibration
1.4259216999926139,87,729.0,583.0,20.0,True,-277.6124112067399,287.9780358707587,213.4619081003894,50.5141328390421,24.77264908131834,3,calibration,2,dot,0.25,0,calibration
1.442571699997643,88,768.0,564.0,20.0,True,-273.5947270921614,291.7977472623216,224.48881600407583,50.049636045523044,27.67147643807746,3,calibration,2,dot,0.25,0,calibration
1.4597058999934234,89,797.0,538.0,20.0,True,-269.3690928179441,295.7030467114565,236.49903672302545,48.327600916646325,30.166499346931385,3,calibration,2,dot,0.25,0,calibration
1.4755991999991238,90,833.0,494.0,20.0,True,-265.31075761158735,299.3496315273589,249.38947433742345,45.791487638650196,31.420995859984203,3,calibration,2,dot,0.25,0,calibration
1.4933096999884583,91,850.0,463.0,20.0,True,-260.8914293466634,303.20894131515143,263.32678828528685,42.438313811993766,31.488405357474043,3,calibration,2,dot,0.25,0,calibration
1.5092734999925597,92,861.0,408.0,20.0,True,-256.28326755317806,307.11380101237086,277.36749462006225,38.32093055233594,29.090133407221078,3,calibration,2,dot,0.25,0,calibration
1.5252767999918433,93,857.0,370.0,20.0,True,-251.18522805760043,311.2972553776395,291.7374022872157,33.5283410682871,24.133825370744976,3,calibration,2,dot,0.25,0,calibration
1.5425601999886567,94,839.0,326.0,20.0,True,-246.4830152876629,315.0335270645042,306.15198660377916,28.49594361950487,17.371218662798263,3,calibration,2,dot,0.25,0,calibration
1.5591335999924922,95,790.0,246.0,20.0,True,-242.20345714325833,318.3354918130459,319.9278537272676,23.740716485819405,12.693486889240013,3,calibration,2,dot,0.25,0,calibration
1.5759118999994826,96,749.0,191.0,20.0,True,-238.37626351693598,321.2113898847678,332.96010688599387,19.35995330533576,9.789624744591187,3,calibration,2,dot,0.25,0,calibration
1.593161400000099,97,705.0,139.0,20.0,True,-234.75034256796448,323.8707715497391,345.47109466749913,15.624925836775414,7.529874263673216,3,calibration,2,dot,0.25,0,calibration
1.6100469999946654,98,630.0,42.0,20.0,True,-230.96366025946674,326.58197690556904,357.4427515301484,12.211105321286972,9.610188499876815,3,calibration,2,dot,0.25,0,calibration
1.6251738999999361,99,566.0,-21.0,20.0,True,-226.9326234852114,329.39578685544734,368.9464263943803,9.27416509459539,6.320803354216409,3,calibration,2,dot,0.25,0,calibration
1.6433751999866217,100,503.0,-84.0,20.0,True,-222.3642214710903,332.49684661595796,380.1050910105063,6.142238846919989,8.083719869758708,3,calibration,2,dot,0.25,0,calibration
1.6591570999880787,101,396.0,-162.0,20.0,True,-217.24224839817248,335.8657551923189,391.6186470705591,3.090491322340147,4.99036314565779,3,calibration,2,dot,0.25,0,calibration
1.6764380999957211,102,317.0,-204.0,20.0,True,-211.25103556898333,339.66601238721563,399.9998613345956,0.33306501508204145,2.5621266637157403,3,calibration,2,dot,0.25,0,calibration
1.693276899997727,103,151.0,-260.0,20.0,True,-203.5329053216458,344.3462740488562,399.99648418003045,-1.6770938001955935,-0.20500019163460337,3,calibration,2,dot,0.25,0,calibration
1.7086419999977807,104,116.0,-267.0,20.0,True,-194.3856898662621,349.59148098204184,399.989429562564,-2.9079611783332022,-1.6769773118482956,3,calibration,2,dot,0.25,0,calibration
1.7260900999972364,105,46.0,-276.0,20.0,True,-184.36825285380706,354.97654477392547,399.9870840339401,-3.2144371242528003,-2.447439310083863,3,calibration,2,dot,0.25,0,calibration
1.742487199997413,106,-35.0,-280.0,20.0,True,-174.43319913686736,359.9625800536466,399.9899673350282,-2.8330251186837785,-2.627639055392188,3,calibration,2,dot,0.25,0,calibration
1.7586093999998411,107,-77.0,-279.0,20.0,True,-164.17934258784157,364.7535379779395,399.9959643569236,-1.7968022080067139,-2.0612349562277243,3,calibration,2,dot,0.25,0,calibration
1.775866899988614,108,-109.0,-277.0,20.0,True,-152.95664336704945,368.0586461455334,399.9997405383467,-0.45559769019313767,-0.6776123441907367,3,calibration,2,dot,0.25,0,calibration
1.7920713999919826,109,-151.0,-273.0,20.0,True,-139.5537067592831,370.19039976853924,399.99666269579785,1.6339621244406815,0.8563248255032807,3,calibration,2,dot,0.25,0,calibration
1.8086509999993723,110,-176.0,-265.0,20.0,True,-124.5287058173868,371.7933870622515,399.9631403571572,5.430134035262267,4.869031949302922,3,calibration,2,dot,0.25,0,calibration
1.8261581999977352,111,-194.0,-256.0,20.0,True,-107.27495527002836,373.18768769297344,399.8462915724052,11.087971671822407,10.532549236394491,3,calibration,2,dot,0.25,0,calibration
1.842167899987544,112,-216.0,-240.0,20.0,True,-89.40534722264783,374.17328411570594,399.56238985180255,18.7055236739351,15.166419110858866,3,calibration,2,dot,0.25,0,calibration
1.8590817999938736,113,-226.0,-231.0,13.45362404707371,True,-71.02208983624229,374.45229101086056,398.92937747007875,29.246397920691507,12.763030422839448,3,calibration,2,dot,0.25,0,calibration
1.8760320999863325,114,-241.0,-202.0,20.0,True,-53.226785804362564,373.7094025876161,397.84491308468637,41.4659514859892,21.448961691826362,3,calibration,2,dot,0.25,0,calibration
1.8923878999921726,115,-251.0,-168.0,20.0,True,-33.97064054602983,371.7920526333921,396.2090850076302,54.93961191541506,22.36026282391659,3,calibration,2,dot,0.25,0,calibration
1.9086206999927526,116,-256.0,-126.0,20.0,True,-14.035345971528692,368.30746095023113,394.1647264661244,68.07472666037933,22.82336496230259,3,calibration,2,dot,0.25,0,calibration
1.926162799994927,117,-256.0,-73.0,20.0,True,5.8402816546179785,363.38121825053287,391.50678821241064,81.99045544209775,22.952128888390646,3,calibration,2,dot,0.25,0,calibration
1.9422447999968426,118,-241.0,10.0,20.0,True,23.153500609073177,357.1098940399741,388.28480458499627,96.09844186245327,22.561678489630175,3,calibration,2,dot,0.25,0,calibration
1.9589506999909645,119,-223.0,68.0,20.0,True,38.39969110769225,350.3651606627975,384.82316740688105,109.13812270208594,21.857451418573966,3,calibration,2,dot,0.25,0,calibration
1.9759597999945981,120,-175.0,151.0,20.0,True,52.6883845626199,344.11608832253165,381.73140539987946,119.5036992374414,17.748606159118843,3,calibration,2,dot,0.25,0,calibration
1.9928383999940706,121,-123.0,229.0,20.0,True,66.09873635583277,339.00011866021833,379.18134339871443,127.36368720458029,15.565735004411072,3,calibration,2,dot,0.25,0,calibration
2.009284599989769,122,-23.0,344.0,20.0,True,78.92755493496333,334.47265919819506,376.99134098661716,133.70687649149602,12.395689740399902,3,calibration,2,dot,0.25,0,calibration
2.0255322999873897,123,62.0,418.0,20.0,True,91.00160388307563,330.1895631588748,375.13801281169754,138.8217250421946,9.220467039581717,3,calibration,2,dot,0.25,0,calibration
2.043039599986514,124,153.0,485.0,20.0,True,102.70123685911378,325.5032610084279,373.35088837194115,143.5587480855219,7.552880039570155,3,calibration,2,dot,0.25,0,calibration
2.058584399987012,125,312.0,572.0,20.0,True,113.75136464508941,321.07450033686496,371.6368576262003,147.93933234175194,3.397552195430975,3,calibration,2,dot,0.25,0,calibration
2.0752947999862954,126,416.0,600.0,20.0,True,124.13953350818046,316.48467172007196,369.8627316560901,152.32058210200978,-3.732587692295548,3,calibration,2,dot,0.25,0,calibration
2.092698099993868,127,529.0,600.0,20.0,True,134.70550060658238,311.62275773668273,368.2175547016507,156.25566360787323,-11.24147404763911,3,calibration,2,dot,0.25,0,calibration
2.109075299988035,128,692.0,600.0,20.0,True,145.41559385900723,306.78794165102937,366.43494657870986,160.3914895680505,-13.42034540170566,3,calibration,2,dot,0.25,0,calibration
2.12603329999547,129,785.0,591.0,20.0,True,156.1925106196728,302.4834856643854,364.4267430893415,164.90345333344325,-20.213738895277906,3,calibration,2,dot,0.25,0,calibration
2.143657299995539,130,860.0,578.0,20.0,True,166.168741013101,299.29618134534354,362.0881074126952,169.97706454193323,-24.402489901722504,3,calibration,2,dot,0.25,0,calibration
2.1586204999912297,131,947.0,530.0,20.0,True,175.6999162589719,296.35524505015667,359.7352957768543,174.901449314576,-33.46070790097667,3,calibration,2,dot,0.25,0,calibration
2.175356899999315,132,947.0,530.0,0.0,False,185.04235921939275,293.4716105513579,357.05623459137195,179.45684630005994,0.0,3,calibration,2,dot,0.25,0,calibration
2.19220319998567,133,947.0,530.0,0.0,False,194.64309346954042,290.27130609250764,353.22340668749143,183.61287669092619,0.0,3,calibration,2,dot,0.25,0,calibration
2.20928839998669,134,947.0,530.0,0.0,False,204.39909918901932,286.89282202988176,347.97411000275287,188.1849443634659,0.0,3,calibration,2,dot,0.25,0,calibration
2.226637399988249,135,947.0,530.0,0.0,False,214.5533640127449,283.6039761755804,341.0134135351732,193.15851757735743,0.0,3,calibration,2,dot,0.25,0,calibration
2.24188069999218,136,947.0,530.0,0.0,False,225.4122126205459,281.03878428091264,331.9080356284172,198.75798435369984,0.0,3,calibration,2,dot,0.25,0,calibration
2.2587535999919055,137,947.0,530.0,0.0,False,236.79617426548876,278.69985729626285,321.30869279048864,205.3972340755365,0.0,3,calibration,2,dot,0.25,0,calibration
2.275775199988857,138,947.0,530.0,0.0,False,249.08150758876494,276.4347202349487,309.16942069230845,213.86711624129694,0.0,3,calibration,2,dot,0.25,0,calibration
2.2928076999960467,139,878.0,148.0,20.0,True,263.31506826130345,273.2015085285819,293.81919650693084,219.98329431990857,-4.875379881282721,3,calibration,2,dot,0.25,0,calibration
2.308763799999724,140,784.0,42.0,20.0,True,279.2189383312434,269.92710075239563,276.43013554956644,226.76396503025225,16.906377259981888,3,calibration,2,dot,0.25,0,calibration
2.3255290999950375,141,662.0,-71.0,20.0,True,295.90510265530594,266.69780036296237,256.1699564451177,233.6793558752755,21.319600089235212,3,calibration,2,dot,0.25,0,calibration
2.342091699989396,142,440.0,-240.0,20.0,True,305.44480684058686,258.2701492122475,232.4840940447521,239.67683607185762,26.338852357068117,3,calibration,2,dot,0.25,0,calibration
2.3590482999861706,143,280.0,-332.0,20.0,True,313.28762903428327,248.69833432107518,206.57274961718107,243.84216500916642,31.492170343678172,3,calibration,2,dot,0.25,0,calibration
2.3759123999916483,144,122.0,-405.0,20.0,True,321.0117472373745,238.6450463253071,181.90080404622609,245.8770985162875,34.554102512696005,3,calibration,2,dot,0.25,0,calibration
2.3922027999942657,145,-110.0,-450.0,20.0,True,328.33706969839074,228.4617444165962,161.08985716526493,246.87065073609676,38.521541433239804,3,calibration,2,dot,0.25,0,calibration
2.408674999998766,146,-238.0,-448.0,20.0,True,335.3045348166365,218.10747105818962,144.73961780607596,247.58529987688863,39.901165089330235,3,calibration,2,dot,0.25,0,calibration
2.4255079999857116,147,-354.0,-421.0,20.0,True,341.54003006979536,208.20760759377472,132.30787185344508,248.41550687704904,39.61267110236652,3,calibration,2,dot,0.25,0,calibration
2.4424673999892548,148,-477.0,-356.0,20.0,True,347.04987657314496,198.8878658203281,122.18213202492859,249.55912753418318,37.083368908483145,3,calibration,2,dot,0.25,0,calibration
2.458806899987394,149,-544.0,-274.0,20.0,True,351.8250331330176,190.31328398446354,113.70331919126872,251.18517602016794,29.21076019120192,3,calibration,2,dot,0.25,0,calibration
2.47642699998687,150,-544.0,-274.0,0.0,False,356.2559894654491,181.88367153209165,105.78876102661573,251.51975424107732,0.0,3,calibration,2,dot,0.25,0,calibration
2.492606599989813,151,-559.0,-221.0,20.0,True,360.84035170359346,172.61008250512768,98.63904049629637,252.7115883026113,15.485500680615228,3,calibration,2,dot,0.25,0,calibration
2.5091484999866225,152,-556.0,-170.0,20.0,True,365.14858155846036,163.29884686011843,90.79731690674163,253.76955982120055,2.0262921451552014,3,calibration,2,dot,0.25,0,calibration
2.526238499995088,153,-524.0,-41.0,20.0,True,369.03805183996735,154.307862062053,81.62422525107701,253.7650249661527,-7.89739514784936,3,calibration,2,dot,0.25,0,calibration
2.5421565999859013,154,-475.0,69.0,20.0,True,372.1355151960109,146.6804633541888,71.75535996825074,252.7759479413669,-16.061914201586106,3,calibration,2,dot,0.25,0,calibration
2.559606499999063,155,-407.0,181.0,20.0,True,374.72011911226497,139.94581927478194,61.79265947765819,249.9204239939485,-22.909262840766125,3,calibration,2,dot,0.25,0,calibration
2.5763741999980994,156,-280.0,343.0,20.0,True,376.8760745601167,134.03143073233733,52.79776871893705,245.5474414639869,-27.98165274283347,3,calibration,2,dot,0.25,0,calibration
2.592890699990676,157,-175.0,430.0,20.0,True,378.69705309566285,128.79651383737342,45.08408190498921,240.04504139064076,-33.36928707237519,3,calibration,2,dot,0.25,0,calibration
2.609128399999463,158,7.0,525.0,20.0,True,380.3211433914108,123.91863414938821,38.91703381991771,234.19275323236133,-34.93691685656479,3,calibration,2,dot,0.25,0,calibration
2.625271099997917,159,137.0,561.0,20.0,True,381.9578965498815,118.77779785460763,34.39405661098413,227.766921571507,-32.679705716234004,3,calibration,2,dot,0.25,0,calibration
2.6420348999963608,160,255.0,578.0,20.0,True,383.5805361431456,113.42826936939932,31.443694530158034,220.13744938940243,-27.265364152047937,3,calibration,2,dot,0.25,0,calibration
2.659893699994427,161,401.0,566.0,20.0,True,385.11826111671826,108.09220579873111,30.003200175835598,210.45811515019003,-20.049759247521752,3,calibration,2,dot,0.25,0,calibration
2.6765068999957293,162,486.0,544.0,20.0,True,386.52057526348347,102.96526063671098,29.744312036577583,199.67883099750452,-14.77096357400292,3,calibration,2,dot,0.25,0,calibration
2.6924465999909444,163,568.0,494.0,20.0,True,388.07803227893373,96.93008234036971,30.09790783526,188.86530458085315,-8.968348849612182,3,calibration,2,dot,0.25,0,calibration
2.7093508999969345,164,600.0,461.0,20.0,True,389.68460211076075,90.25470003151138,30.995375691892278,178.68362634757491,-4.36104790916783,3,calibration,2,dot,0.25,0,calibration
2.7260215999995125,165,618.0,430.0,20.0,True,391.17059114562096,83.5797141822432,31.4535835968463,168.4276310848029,-1.3773744545814393,3,calibration,2,dot,0.25,0,calibration
2.7429604999924777,166,628.0,363.0,20.0,True,392.4315450158346,77.44341467474784,31.167375260664404,157.54460826312146,3.2799655612237855,3,calibration,2,dot,0.25,0,calibration
2.758391799987294,167,617.0,300.0,20.0,True,393.57411356373717,71.41020328019286,30.0279393060635,146.08686885793603,5.7277995178592995,3,calibration,2,dot,0.25,0,calibration
2.7760644999943906,168,585.0,216.0,20.0,True,394.7544307538577,64.5673245550544,28.680849389312925,134.08666454673693,6.158835220072502,3,calibration,2,dot,0.25,0,calibration
2.7930056999903172,169,509.0,62.0,20.0,True,395.92442143257864,56.954828709055754,27.14153312393908,121.25256039023711,6.093331970159641,3,calibration,2,dot,0.25,0,calibration
2.808513199997833,170,435.0,-51.0,20.0,True,397.0116184576117,48.80343030635988,25.26120293628527,107.8843972705249,7.038477578795108,3,calibration,2,dot,0.25,0,calibration
2.8267397999879904,171,349.0,-166.0,20.0,True,398.0106577440604,39.84364845418168,23.018682499594558,93.43258409648003,6.020975444198817,3,calibration,2,dot,0.25,0,calibration
2.8428478999994695,172,192.0,-315.0,20.0,True,398.88315473392987,29.870200359350996,19.445260370639843,77.0155444888128,5.574459726710712,3,calibration,2,dot,0.25,0,calibration
2.858861499989871,173,70.0,-393.0,20.0,True,399.5531707259059,18.90142224477038,14.590734910740398,60.041955850752885,5.724581930022693,3,calibration,2,dot,0.25,0,calibration
2.8763943999947514,174,-57.0,-435.0,20.0,True,399.914568572281,8.266670650655023,8.074218601678135,42.76931586847201,7.617257812772951,3,calibration,2,dot,0.25,0,calibration
2.892145399993751,175,-209.0,-445.0,20.0,True,399.99044879906864,-2.764212278334179,0.8141791365917079,26.47547751008736,9.213927689057703,3,calibration,2,dot,0.25,0,calibration
2.908978199993726,176,-302.0,-419.0,20.0,True,399.7485650591267,-14.180434872356239,-6.592808576943584,11.20304035299857,10.021995759895926,3,calibration,2,dot,0.25,0,calibration
2.925620699999854,177,-408.0,-353.0,20.0,True,399.1584188865345,-25.933696844104123,-13.208900181976695,-2.4986866796310867,8.874214169022961,3,calibration,2,dot,0.25,0,calibration
2.9424620999925537,178,-456.0,-302.0,20.0,True,398.345662862899,-36.34188875550666,-19.301769416527797,-15.621398495498122,7.28853544576571,3,calibration,2,dot,0.25,0,calibration
2.9593825999909313,179,-483.0,-258.0,20.0,True,397.3669259516886,-45.820586636415285,-25.579820363088704,-28.746263099249287,6.051630728045259,3,calibration,2,dot,0.25,0,calibration
2.975959099989268,180,-493.0,-204.0,20.0,True,396.1591845783209,-55.29828635898131,-31.77202776138754,-43.23424507625808,2.484308028562221,3,calibration,2,dot,0.25,0,calibration
2.9926370999892242,181,-490.0,-156.0,20.0,True,393.92607050454853,-65.64284675206308,-37.63132159966835,-58.83395609295624,0.6497714381083686,3,calibration,2,dot,0.25,0,calibration
0.0007740000000922009,1,194.0,81.0,20.0,True,306.07867066267454,-3.477345672182347,-303.0536804635234,-3.1934060640683897,30.518079645766115,4,calibration,2,square,0.2,0,calibration
0.011205400005565025,2,242.0,94.0,20.0,True,318.92303613625955,-11.246356739825849,-309.71562431853977,-11.08756444905213,30.258019629786787,4,calibration,2,square,0.2,0,calibration
0.028115799999795854,3,282.0,104.0,20.0,True,332.77138640898653,-20.58541071478011,-316.48629685156084,-21.065273804323787,28.283170440992677,4,calibration,2,square,0.2,0,calibration
0.0447003000008408,4,406.0,130.0,20.0,True,345.9743288111637,-30.453142582231017,-322.47824565327846,-32.934117986592554,25.707483528067485,4,calibration,2,square,0.2,0,calibration
0.062243600012152456,5,484.0,141.0,20.0,True,359.25771584988155,-40.848230437234655,-326.8623932617158,-46.08786846699061,22.786519704415777,4,calibration,2,square,0.2,0,calibration
0.07810080000490416,6,553.0,150.0,20.0,True,373.021381848193,-50.71355120249069,-329.34252641923734,-60.20656868467099,20.59104021047053,4,calibration,2,square,0.2,0,calibration
0.09423160000005737,7,634.0,161.0,20.0,True,387.8706718081208,-60.49357750034297,-330.3997093232836,-74.18010175018607,19.24928159372091,4,calibration,2,square,0.2,0,calibration
0.1114345000096364,8,673.0,170.0,20.0,True,394.0555668097405,-68.70378640405565,-329.92863149928024,-88.88516550060277,17.9181529787775,4,calibration,2,square,0.2,0,calibration
0.12874179999926127,9,722.0,178.0,20.0,True,392.7998307409973,-75.55324592526689,-327.74004001459025,-103.80741747276643,15.120888029355061,4,calibration,2,square,0.2,0,calibration
0.1490174000064144,10,764.0,190.0,20.0,True,391.51110562630225,-81.96983696013072,-324.3231635562851,-119.6768349191501,14.642611436482591,4,calibration,2,square,0.2,0,calibration
0.1609902000054717,11,771.0,191.0,7.0710678118654755,True,389.9920284254326,-88.91691495219897,-320.64392935214045,-134.39180967822813,4.54300694284315,4,calibration,2,square,0.2,0,calibration
0.17818519999855198,12,778.0,194.0,7.615773105863909,True,388.30783980396103,-96.00532040872184,-316.9063783359371,-148.5031970538929,5.198847738324542,4,calibration,2,square,0.2,0,calibration
0.19469790000584908,13,790.0,196.0,12.165525060596439,True,386.11803791465945,-104.46463897862091,-312.47151437070846,-161.87513396779056,6.0487529377515115,4,calibration,2,square,0.2,0,calibration
0.21126680000452325,14,795.0,197.0,5.0990195135927845,True,383.4667490854838,-113.8123558573963,-307.07126439355847,-174.9802819223554,1.7103516044722074,4,calibration,2,square,0.2,0,calibration
0.22753970000485424,15,801.0,199.0,6.324555320336759,True,380.26032261591826,-124.1051451150907,-301.09120633848323,-187.4045114148094,1.0849389773990232,4,calibration,2,square,0.2,0,calibration
0.24450200000137556,16,807.0,202.0,6.708203932499369,True,376.51255819939206,-135.04922627749283,-294.3715424723824,-199.27759562465525,-0.06905180846265761,4,calibration,2,square,0.2,0,calibration
0.2611402000038652,17,809.0,204.0,2.8284271247461903,True,372.38395442163545,-146.04858948071129,-287.0903666200716,-211.18818725481503,-0.38093254558200723,4,calibration,2,square,0.2,0,calibration
0.27748040000733454,18,812.0,207.0,4.242640687119285,True,368.1783232336965,-156.34808057927577,-279.35681622651674,-223.15798813593017,-0.9377799534802055,4,calibration,2,square,0.2,0,calibration
0.29533020000963006,19,814.0,207.0,2.0,True,363.8725110424981,-166.122833191669,-271.02313496311126,-235.93899000805078,-0.540301908335747,4,calibration,2,square,0.2,0,calibration
0.311570700010634,20,814.0,210.0,3.0,True,358.44721055761096,-177.5263283106698,-262.1957325835745,-248.67371938865622,-0.5137791600831835,4,calibration,2,square,0.2,0,calibration
0.3279960000072606,21,814.0,212.0,2.0,True,352.14980784193676,-189.711657092776,-252.7481620398541,-261.716845540759,-0.20273747665362807,4,calibration,2,square,0.2,0,calibration
0.346149900011369,22,813.0,213.0,1.4142135623730951,True,342.49622259839015,-198.4383792118051,-243.5800055507634,-274.34688292478984,1.4679331977434078,4,calibration,2,square,0.2,0,calibration
0.3621512000099756,23,809.0,216.0,5.0,True,329.78786185497853,-203.0760313745699,-234.80425391881238,-287.31407977917775,7.455582278458168,4,calibration,2,square,0.2,0,calibration
0.3779443000094034,24,802.0,221.0,8.602325267042627,True,314.4503576935711,-204.12006677740658,-227.29900043026694,-300.1049998448262,14.499251693406677,4,calibration,2,square,0.2,0,calibration
0.39469200000166893,25,795.0,224.0,7.615773105863909,True,296.9352662383843,-203.7395915702026,-220.4650525805948,-312.5800511581423,13.057680151567022,4,calibration,2,square,0.2,0,calibration
0.4115361000003759,26,783.0,228.0,12.649110640673518,True,279.60365298428184,-202.97735608211585,-213.91138796226457,-324.7960563550872,21.361915064353422,4,calibration,2,square,0.2,0,calibration
0.42845970000780653,27,775.0,230.0,8.246211251235321,True,262.8804030803886,-201.96433011996726,-206.87894165964974,-337.47764306749275,13.735073368331726,4,calibration,2,square,0.2,0,calibration
0.44506040000123903,28,763.0,232.0,12.165525060596439,True,246.99416449517264,-200.28733836548548,-198.2885335039994,-347.39265605483564,19.274590646096303,4,calibration,2,square,0.2,0,calibration
0.46103070001117885,29,752.0,233.0,11.045361017187261,True,232.33925502591376,-196.89455855456742,-188.0446362789521,-353.0427945259846,15.764477889100196,4,calibration,2,square,0.2,0,calibration
0.47799670000676997,30,740.0,235.0,12.165525060596439,True,219.22652682531847,-191.06503861884423,-178.9664883199888,-357.7303398628796,16.75502421853543,4,calibration,2,square,0.2,0,calibration
0.4946170000039274,31,707.0,241.0,20.0,True,206.5929713644923,-182.86915516070917,-170.7358152726936,-361.730951652148,25.240031229624268,4,calibration,2,square,0.2,0,calibration
0.5114843000046676,32,676.0,245.0,20.0,True,193.53545769785651,-172.93165654650517,-163.82299367750073,-364.91372506736644,21.94205987054535,4,calibration,2,square,0.2,0,calibration
0.5285031000094023,33,647.0,252.0,20.0,True,180.13383638587436,-161.08628745806675,-157.9130953027986,-367.50980168138267,23.54682935754638,4,calibration,2,square,0.2,0,calibration
0.5451925000088522,34,621.0,256.0,20.0,True,166.44590684673344,-147.56521601576864,-153.34154476558803,-369.44061856934894,19.68128899267997,4,calibration,2,square,0.2,0,calibration
0.5614782000047853,35,575.0,260.0,20.0,True,152.65999483845292,-132.80466615114858,-149.86192387231495,-370.86574898915705,16.213580031021483,4,calibration,2,square,0.2,0,calibration
0.5783335000014631,36,547.0,261.0,20.0,True,137.281625594315,-115.40975402788393,-147.43861029005876,-371.83579197777095,12.70886437559626,4,calibration,2,square,0.2,0,calibration
0.5952615999995032,37,502.0,261.0,20.0,True,121.18503129868675,-95.89775362486117,-146.31272499836047,-372.2802526371149,8.096943048745885,4,calibration,2,square,0.2,0,calibration
0.6117091000051005,38,474.0,259.0,20.0,True,104.9337056342701,-74.94562974663265,-146.57666515813176,-372.17641143834055,1.9196757894394723,4,calibration,2,square,0.2,0,calibration
0.6284927000087919,39,452.0,258.0,20.0,True,91.10816966109596,-54.78961792379035,-148.10413551209444,-371.5712112694082,-0.702209015678863,4,calibration,2,square,0.2,0,calibration
0.6442242000048282,40,412.0,254.0,20.0,True,79.72799298093507,-35.43839592246739,-150.42588060244296,-370.6373624514663,-5.230615115204298,4,calibration,2,square,0.2,0,calibration
0.6609978000051342,41,384.0,254.0,20.0,True,69.79472732546762,-16.082478458947975,-153.94567089489433,-369.18928805251227,-5.185592075947069,4,calibration,2,square,0.2,0,calibration
0.6781327000062447,42,357.0,251.0,20.0,True,60.212493916919016,3.484837770527079,-158.5823869926652,-367.2214951983456,-10.242809185448396,4,calibration,2,square,0.2,0,calibration
0.6945618000027025,43,309.0,248.0,20.0,True,50.2772458475594,22.837141118365032,-165.10602395611812,-364.33501184130216,-9.990136419501233,4,calibration,2,square,0.2,0,calibration
0.7108965000079479,44,279.0,247.0,20.0,True,40.62313783282653,41.81158215395948,-174.39256452054838,-359.9822682299037,-10.628727128849707,4,calibration,2,square,0.2,0,calibration
0.7278690000093775,45,251.0,245.0,20.0,True,31.38132067683579,60.354719925802506,-185.97637672917108,-354.13667883839634,-12.242424561161869,4,calibration,2,square,0.2,0,calibration
0.7448803000006592,46,207.0,243.0,20.0,True,23.199794968376644,79.15865182936385,-198.62358285689152,-347.20119863429557,-12.860377371573076,4,calibration,2,square,0.2,0,calibration
0.7614318999985699,47,184.0,240.0,20.0,True,15.803273421984201,97.8171624434224,-211.5205120548635,-339.4982665346737,-14.398205871129779,4,calibration,2,square,0.2,0,calibration
0.7779958000028273,48,147.0,236.0,20.0,True,8.379708168164115,118.10061769547289,-225.4666533539146,-330.4009507029084,-12.889067581691824,4,calibration,2,square,0.2,0,calibration
0.7944432000076631,49,124.0,231.0,20.0,True,0.43877199701586544,138.62330645960247,-241.07881815207548,-319.188037743269,-10.779381117546789,4,calibration,2,square,0.2,0,calibration
0.8117592000053264,50,102.0,230.0,20.0,True,-7.619977115191717,158.69276082358073,-255.98773835561957,-304.7491934754306,-7.118142507417904,4,calibration,2,square,0.2,0,calibration
0.8277567000041017,51,77.0,224.0,20.0,True,-15.776444447808718,176.09106493973917,-269.0255842580666,-287.49913528279205,-3.973729931020287,4,calibration,2,square,0.2,0,calibration
0.8452190000098199,52,58.0,221.0,19.235384061671343,True,-23.76687529884978,192.1330823956149,-280.2309743357778,-267.8893471063603,-1.035981266195942,4,calibration,2,square,0.2,0,calibration
0.8614130000059959,53,36.0,216.0,20.0,True,-31.67034963013653,207.32244489938225,-290.3641735553604,-246.00660027997517,0.897162283731941,4,calibration,2,square,0.2,0,calibration
0.8782063000107883,54,23.0,212.0,13.601470508735444,True,-39.86136959279705,221.6019223721785,-300.3289127441047,-222.06233051697873,1.6968613359756146,4,calibration,2,square,0.2,0,calibration
0.8950513000017963,55,13.0,208.0,10.770329614269007,True,-48.32558164073689,233.7894391911409,-310.5690253093576,-196.5573841775411,2.404985842278287,4,calibration,2,square,0.2,0,calibration
0.9117760000081034,56,-4.0,201.0,18.384776310850235,True,-56.64155967012691,244.24916797105246,-322.2419352452523,-169.0688225152205,4.898722969484703,4,calibration,2,square,0.2,0,calibration
0.9276152000093134,57,-8.0,199.0,4.47213595499958,True,-63.94816712949515,253.2877821538968,-334.6836075986444,-141.28212353026683,1.1500034740183969,4,calibration,2,square,0.2,0,calibration
0.9453825000091456,58,-18.0,193.0,11.661903789690601,True,-70.27997123512061,261.6762162212542,-346.5688843655128,-114.73985190187011,2.624949902886069,4,calibration,2,square,0.2,0,calibration
0.9617824000015389,59,-22.0,191.0,4.47213595499958,True,-76.52489685057081,269.3717884603721,-356.2388343123635,-91.44198455497065,1.281314276001742,4,calibration,2,square,0.2,0,calibration
0.9779401000123471,60,-26.0,188.0,5.0,True,-82.7624172485042,276.0812615593631,-363.75272542125856,-69.93908732573607,2.038893200733828,4,calibration,2,square,0.2,0,calibration
0.994687200000044,61,-29.0,186.0,3.605551275463989,True,-88.6844507031585,281.59031730612537,-370.138199368879,-49.09865768371203,1.8676785243697716,4,calibration,2,square,0.2,0,calibration
1.0111528000124963,62,-32.0,184.0,3.605551275463989,True,-94.07413879192542,285.54056157883707,-376.6399140632568,-28.106306595216218,2.260291310237853,4,calibration,2,square,0.2,0,calibration
1.0286889999988489,63,-33.0,183.0,1.4142135623730951,True,-99.06366355406051,287.7584186865999,-384.55410018104374,-7.17934133565678,1.0892253574806061,4,calibration,2,square,0.2,0,calibration
1.0446636000124272,64,-36.0,181.0,3.605551275463989,True,-104.07049931613645,288.7777063436079,-394.21358550743525,13.115081149933154,3.0572954877996783,4,calibration,2,square,0.2,0,calibration
1.0611823000072036,65,-37.0,181.0,1.0,True,-109.07042380720091,289.39864888603915,-398.7376946899718,31.752965740649472,0.48777560622005234,4,calibration,2,square,0.2,0,calibration
1.0786996000097133,66,-37.0,180.0,1.0,True,-114.47101216400918,288.6865287669964,-397.13484773548555,47.79029937249501,0.967246115628686,4,calibration,2,square,0.2,0,calibration
1.0949771000014152,67,-37.0,180.0,0.0,False,-120.63145695334782,288.2871043430329,-395.1964720713294,61.80411363635063,0.0,4,calibration,2,square,0.2,0,calibration
1.1113620000105584,68,-37.0,179.0,1.0,True,-126.79439058161276,286.05160775992033,-392.9123879558935,74.96569475965293,1.1756546503104337,4,calibration,2,square,0.2,0,calibration
1.1283005000004778,69,-35.0,179.0,2.0,True,-133.29824828748815,282.4541093807714,-390.50601772748036,86.63169234538125,-0.6241079843571378,4,calibration,2,square,0.2,0,calibration
1.1452229999995325,70,-33.0,177.0,2.8284271247461903,True,-138.95391367082863,277.00338022297734,-388.02894353911415,97.126407201744,2.7458337657270144,4,calibration,2,square,0.2,0,calibration
1.161744600001839,71,-29.0,177.0,4.0,True,-144.49377914396175,270.38229431883934,-385.76908868358174,105.74597021276429,-0.007433777876377334,4,calibration,2,square,0.2,0,calibration
1.177865000005113,72,-16.0,173.0,13.601470508735444,True,-149.47959975074065,262.6378363540035,-383.5796021997232,113.43142763935458,8.025408966184111,4,calibration,2,square,0.2,0,calibration
1.1948001999990083,73,-3.0,169.0,13.601470508735444,True,-153.70028712394958,254.45718466165778,-381.5562806618405,120.0616703511273,9.790624014524369,4,calibration,2,square,0.2,0,calibration
1.2112440000055358,74,13.0,162.0,17.46424919657298,True,-156.66453320842786,246.24976210316612,-379.8276540398792,125.42309686242743,17.97619129892436,4,calibration,2,square,0.2,0,calibration
1.2281949000025634,75,34.0,153.0,20.0,True,-157.84783128580364,238.64937524674664,-378.48374588908433,129.42200005318682,24.57962480495788,4,calibration,2,square,0.2,0,calibration
1.244862400009879,76,75.0,131.0,20.0,True,-157.6476103809775,230.97578509777875,-377.451159764319,132.40325521893521,29.880202239223262,4,calibration,2,square,0.2,0,calibration
1.2616043000016361,77,112.0,112.0,20.0,True,-156.58846459847322,222.9821755903429,-376.6790232995006,134.58422420972767,31.381237437542264,4,calibration,2,square,0.2,0,calibration
1.278282200000831,78,196.0,75.0,20.0,True,-154.87258787213025,214.06509176008643,-376.23377630150367,135.82395064902977,31.36297198038564,4,calibration,2,square,0.2,0,calibration
1.2947809000033885,79,252.0,52.0,20.0,True,-152.02591237187423,204.82022156855822,-376.23301251754964,135.82606632001588,32.68774476748617,4,calibration,2,square,0.2,0,calibration
1.311428100001649,80,304.0,32.0,20.0,True,-147.5805398126881,195.4204221007056,-376.75959475588877,134.35850460383395,34.154936228882505,4,calibration,2,square,0.2,0,calibration
1.328651500007254,81,384.0,-5.0,20.0,True,-141.10209216127058,186.13090932887783,-377.7772890097283,131.46984410297358,35.23681276539308,4,calibration,2,square,0.2,0,calibration
1.3447630000009667,82,429.0,-34.0,20.0,True,-133.1007092102404,176.39419323980613,-379.25403203661926,127.14707697767547,31.983059665408366,4,calibration,2,square,0.2,0,calibration
1.3616774000111036,83,474.0,-64.0,20.0,True,-123.32870480057944,165.81668331012625,-381.25043199572207,121.0293687626079,25.98139038915211,4,calibration,2,square,0.2,0,calibration
1.378020700009074,84,536.0,-107.0,20.0,True,-111.49909574521133,153.99319480757384,-383.75966083402534,112.82075481290582,20.340540602742095,4,calibration,2,square,0.2,0,calibration
1.394478700007312,85,566.0,-130.0,20.0,True,-97.70727009155385,140.74266348868974,-386.70873431727733,102.25631913348631,15.211609817984995,4,calibration,2,square,0.2,0,calibration
1.41126950000762,86,594.0,-152.0,20.0,True,-82.26680997798181,126.81100768062544,-389.7873628212986,89.37515198343529,11.591359819505357,4,calibration,2,square,0.2,0,calibration
1.428073500006576,87,626.0,-177.0,20.0,True,-65.7371910722761,112.74377346827647,-391.4574158987496,74.4071291727877,9.49313462265031,4,calibration,2,square,0.2,0,calibration
1.4452535000018543,88,640.0,-190.0,19.1049731745428,True,-48.53766400098067,98.59809711829028,-391.96512574046557,57.50594590300996,6.496710692765216,4,calibration,2,square,0.2,0,calibration
1.4621190000034403,89,658.0,-207.0,20.0,True,-30.97424165086846,84.24181792882142,-391.2485433377855,39.58994659915214,5.646192390332557,4,calibration,2,square,0.2,0,calibration
1.4776814000069862,90,669.0,-216.0,14.212670403551895,True,-13.607430102963416,70.34782871802011,-388.96338744918654,21.05580435308886,3.933405923481054,4,calibration,2,square,0.2,0,calibration
1.4959674999990966,91,679.0,-223.0,12.206555615733702,True,2.9627654083101014,57.23486616397879,-382.77617091083164,0.20190937739279136,2.63027035657765,4,calibration,2,square,0.2,0,calibration
1.5114948000118602,92,687.0,-230.0,10.63014581273465,True,17.935041906499738,44.347657442364905,-373.1854136699216,-22.56818333824867,1.073308665559334,4,calibration,2,square,0.2,0,calibration
1.5279758000106085,93,691.0,-233.0,5.0,True,32.07666388130481,31.818269922790662,-360.1403574098844,-46.425117475386386,0.4321458607181483,4,calibration,2,square,0.2,0,calibration
1.5454682999989018,94,694.0,-236.0,4.242640687119285,True,45.90361404859789,18.592822139965865,-345.7266575719069,-67.81595021854315,0.07728121672562976,4,calibration,2,square,0.2,0,calibration
1.561033200006932,95,695.0,-238.0,2.23606797749979,True,60.62051527887127,3.0760965844705854,-329.8254279193985,-86.79777151750304,-0.036021989503586795,4,calibration,2,square,0.2,0,calibration
1.5778843000007328,96,697.0,-239.0,2.23606797749979,True,77.57660977370864,-11.937944798078023,-312.420600496952,-103.55302916393055,0.025911557930923715,4,calibration,2,square,0.2,0,calibration
1.594547300002887,97,698.0,-240.0,1.4142135623730951,True,93.87440540632733,-27.83325630914303,-295.26949816605907,-118.66636153575746,0.002701715232167222,4,calibration,2,square,0.2,0,calibration
1.611026500002481,98,699.0,-240.0,1.0,True,109.64373483151817,-41.15150094964173,-278.07022344601563,-132.6418637510303,-0.012105881632515358,4,calibration,2,square,0.2,0,calibration
1.6275140000070678,99,700.0,-241.0,1.4142135623730951,True,122.42575458290744,-55.19376086388962,-261.9009276113335,-147.1807286052233,0.00043096056225816297,4,calibration,2,square,0.2,0,calibration
1.6445488000026671,100,700.0,-241.0,0.0,False,133.01440132306845,-69.69982619247199,-245.42257313063826,-162.4997217329821,0.0,4,calibration,2,square,0.2,0,calibration
1.6615243999985978,101,700.0,-241.0,0.0,False,142.33766808363043,-83.81389287562943,-229.77637232846334,-178.1106923486775,0.0,4,calibration,2,square,0.2,0,calibration
1.6784419000032358,102,700.0,-241.0,0.0,False,151.6458222585274,-97.2404686811927,-214.2188594434945,-192.75340714778557,0.0,4,calibration,2,square,0.2,0,calibration
1.6950881000084337,103,700.0,-241.0,0.0,False,160.33116072010927,-110.49213450670173,-197.0893513106885,-208.01503495721815,0.0,4,calibration,2,square,0.2,0,calibration
1.711666500006686,104,700.0,-241.0,0.0,False,167.44461773826453,-124.31091954566241,-180.26092977097068,-223.00123908488854,0.0,4,calibration,2,square,0.2,0,calibration
1.7276515000121435,105,700.0,-241.0,0.0,False,171.80366599059616,-138.62963394806815,-164.88003765840307,-237.59732092126646,0.0,4,calibration,2,square,0.2,0,calibration
1.7441513000085251,106,700.0,-241.0,0.0,False,173.96685568427193,-152.21687561949147,-152.71565261425832,-250.142619276952,0.0,4,calibration,2,square,0.2,0,calibration
1.761686700003338,107,700.0,-241.0,0.0,False,174.41205139452333,-165.27892718471188,-141.43775797544356,-261.6849529564475,0.0,4,calibration,2,square,0.2,0,calibration
1.7781785000115633,108,700.0,-241.0,0.0,False,172.92355487961882,-177.48813194163964,-130.8129082759717,-272.23326484088534,0.0,4,calibration,2,square,0.2,0,calibration
1.795153200000641,109,700.0,-241.0,0.0,False,169.52505168378278,-188.64983892039064,-121.4617557427679,-281.81678387637356,0.0,4,calibration,2,square,0.2,0,calibration
1.8110262000118382,110,693.0,-233.0,10.63014581273465,True,162.66114664294813,-196.43132568963767,-114.13263099446118,-290.4509599815922,9.25998851720148,4,calibration,2,square,0.2,0,calibration
1.8282941000070423,111,663.0,-194.0,20.0,True,153.79249875323373,-202.02415489690102,-108.99835485981214,-298.63053297458896,21.767997772964044,4,calibration,2,square,0.2,0,calibration
1.8445750000100816,112,583.0,-76.0,20.0,True,142.74625804725008,-205.5897229252675,-106.00393797353482,-306.7241859387829,25.015383246432798,4,calibration,2,square,0.2,0,calibration
1.8622469000110868,113,499.0,43.0,20.0,True,129.07559923720294,-207.05569690374452,-104.52109265990723,-314.80240510499084,27.878940406149614,4,calibration,2,square,0.2,0,calibration
1.8774594999995315,114,400.0,197.0,20.0,True,112.3073974229148,-206.2595438672341,-103.91513691945146,-321.90157330632013,29.283274387701454,4,calibration,2,square,0.2,0,calibration
1.8946055000124034,115,333.0,291.0,20.0,True,93.25848868454622,-203.67951186506562,-104.75989488995755,-328.6586591984256,28.40976387348792,4,calibration,2,square,0.2,0,calibration
1.9118126000103075,116,277.0,369.0,20.0,True,72.73246103060066,-199.6512712864628,-107.31773990937317,-335.1984757101994,25.45621086884921,4,calibration,2,square,0.2,0,calibration
1.9279963000008138,117,196.0,467.0,20.0,True,52.27865768287823,-193.9331838946024,-111.79046730172453,-342.2286858912378,22.588815267707652,4,calibration,2,square,0.2,0,calibration
1.9441124000004493,118,161.0,508.0,20.0,True,32.71107924978334,-186.462300921481,-117.29412158356718,-349.0555330579937,21.249192414935877,4,calibration,2,square,0.2,0,calibration
1.9613601000019116,119,131.0,541.0,20.0,True,14.437671415307129,-176.80025224585546,-123.32840156632477,-355.44322997664506,20.329727514124333,4,calibration,2,square,0.2,0,calibration
1.9780455000000075,120,101.0,577.0,20.0,True,-4.267098651682318,-163.91042771385912,-130.07064919132245,-361.1153412808373,19.354515277097597,4,calibration,2,square,0.2,0,calibration
1.9943779000022914,121,84.0,590.0,20.0,True,-23.746180910518856,-149.60398902069252,-137.9463966428902,-365.4480442364417,11.93235893037369,4,calibration,2,square,0.2,0,calibration
2.0117853000119794,122,73.0,600.0,14.866068747318506,True,-42.28985603988724,-134.2738664611616,-147.47024571991747,-368.5082175265336,7.436123538609116,4,calibration,2,square,0.2,0,calibration
2.0278641000040807,123,61.0,600.0,12.0,True,-58.812871870898746,-121.26212982623694,-157.28270966716548,-367.7800283318198,-2.4319294518597663,4,calibration,2,square,0.2,0,calibration
2.04611960001057,124,57.0,600.0,4.0,True,-72.22064626098603,-108.09841129176336,-166.33609209572867,-363.77507400359536,-1.1355554331304556,4,calibration,2,square,0.2,0,calibration
2.060931800006074,125,51.0,600.0,6.0,True,-82.4269804461413,-94.16060273791409,-174.87194674904904,-359.749638276674,-2.4551171583723996,4,calibration,2,square,0.2,0,calibration
2.077581800011103,126,48.0,600.0,3.0,True,-89.95071314161349,-79.45149954839485,-182.71865699894332,-355.82845921103967,-1.6125339036369475,4,calibration,2,square,0.2,0,calibration
2.094620000003488,127,47.0,600.0,1.0,True,-95.47125767275504,-63.99378402386213,-192.22138001430835,-350.7861757045093,-0.5757940744465324,4,calibration,2,square,0.2,0,calibration
2.111003600002732,128,45.0,600.0,2.0,True,-100.19888462827157,-47.65585495019468,-203.03908256079853,-342.9625984904157,-1.0646670067738517,4,calibration,2,square,0.2,0,calibration
2.1275988000124926,129,43.0,600.0,2.0,True,-104.54940384516593,-30.865041301511773,-214.1593348000071,-332.5238348898748,-0.9565515549669025,4,calibration,2,square,0.2,0,calibration
2.1447900000057416,130,42.0,600.0,1.0,True,-108.30220018047895,-13.955254399382245,-222.8385953985262,-322.25196606895054,-0.42874916655225803,4,calibration,2,square,0.2,0,calibration
2.1611326999991434,131,41.0,600.0,1.0,True,-111.23804404680472,2.667439313488071,-228.29863623797098,-311.76666403486536,-0.2879394974584021,4,calibration,2,square,0.2,0,calibration
2.178707900005975,132,41.0,600.0,0.0,False,-109.48985793792096,20.778483961877424,-230.98708349117004,-300.4686873543668,0.0,4,calibration,2,square,0.2,0,calibration
2.1948364000127185,133,39.0,600.0,2.0,True,-109.64487744393219,41.23316176636267,-231.98586894386813,-288.05507619866034,-0.1452425169435537,4,calibration,2,square,0.2,0,calibration
2.211275100009516,134,39.0,600.0,0.0,False,-104.24413076943245,63.11294615827506,-232.2493519573279,-274.9870956290382,0.0,4,calibration,2,square,0.2,0,calibration
2.228656100007356,135,39.0,600.0,0.0,False,-96.86861629696612,84.26120597408251,-231.93372192184088,-262.51622539522936,0.0,4,calibration,2,square,0.2,0,calibration
2.2454293000046164,136,39.0,600.0,0.0,False,-88.88376821697537,104.3800595195839,-230.47213177997747,-250.71254473849257,0.0,4,calibration,2,square,0.2,0,calibration
2.2607813000067836,137,39.0,600.0,0.0,False,-81.05356059358948,121.78682011870893,-226.369990259228,-239.1363629478384,0.0,4,calibration,2,square,0.2,0,calibration
2.2780170000041835,138,39.0,600.0,0.0,False,-74.0541389636343,137.33456279264132,-219.91918590953495,-227.6386022631345,0.0,4,calibration,2,square,0.2,0,calibration
2.2946898000082,139,39.0,600.0,0.0,False,-68.3796752853178,150.90718648058575,-210.31064436663954,-214.89849845467415,0.0,4,calibration,2,square,0.2,0,calibration
2.3115587000065716,140,39.0,600.0,0.0,False,-64.25463394807656,164.13882132205018,-199.42272679890968,-202.1532201953331,0.0,4,calibration,2,square,0.2,0,calibration
2.328152600006433,141,39.0,600.0,0.0,False,-60.889027841812,176.96963043208407,-187.3685902764432,-189.68737536227098,0.0,4,calibration,2,square,0.2,0,calibration
2.3446794000046793,142,39.0,600.0,0.0,False,-58.272076792316426,188.90077421931352,-175.83682410641288,-178.35215790322664,0.0,4,calibration,2,square,0.2,0,calibration
2.3609018999995897,143,39.0,600.0,0.0,False,-56.45315080148247,200.1893897827578,-164.08805089025242,-167.5215674822522,0.0,4,calibration,2,square,0.2,0,calibration
2.3776349000108894,144,39.0,600.0,0.0,False,-55.6359280799885,211.36336149315937,-151.8903848406491,-156.59640498263425,0.0,4,calibration,2,square,0.2,0,calibration
2.3942406999995,145,39.0,600.0,0.0,False,-55.31378040252518,222.431371011331,-139.16804519248055,-145.48624626929717,0.0,4,calibration,2,square,0.2,0,calibration
2.4118725000007544,146,39.0,600.0,0.0,False,-55.28168981914635,233.00970114988212,-126.28621524124237,-134.76924807292093,0.0,4,calibration,2,square,0.2,0,calibration
2.427879300012137,147,39.0,600.0,0.0,False,-55.37447538443185,242.18361934971963,-113.939338842017,-124.37909557363375,0.0,4,calibration,2,square,0.2,0,calibration
2.444356300009531,148,39.0,600.0,0.0,False,-55.69140893233963,250.26784834495248,-101.89785121761355,-113.94587161595776,0.0,4,calibration,2,square,0.2,0,calibration
2.462352100003045,149,39.0,600.0,0.0,False,-56.474422735168815,257.58740196719845,-89.79156531512076,-102.3918447015689,0.0,4,calibration,2,square,0.2,0,calibration
2.477813100005733,150,39.0,600.0,0.0,False,-58.0254006117497,264.2111221837383,-76.45637101183821,-89.54078741847336,0.0,4,calibration,2,square,0.2,0,calibration
2.495735300006345,151,39.0,600.0,0.0,False,-60.40555835465659,269.97835101092045,-61.863866900786014,-75.66418892835802,0.0,4,calibration,2,square,0.2,0,calibration
2.511626800012891,152,39.0,600.0,0.0,False,-63.5395477337658,274.97167771746956,-45.982262238914004,-59.84946973318742,0.0,4,calibration,2,square,0.2,0,calibration
2.5279475999996066,153,39.0,600.0,0.0,False,-67.46952716575055,279.2477724600399,-30.45624073863751,-42.552283645726504,0.0,4,calibration,2,square,0.2,0,calibration
2.545481100009056,154,39.0,600.0,0.0,False,-71.60876281483985,283.1835627708663,-16.192603793798533,-24.087120827858516,0.0,4,calibration,2,square,0.2,0,calibration
2.561417500008247,155,39.0,600.0,0.0,False,-76.15891027452103,286.45508158938344,-3.7702796667415654,-6.05992026872952,0.0,4,calibration,2,square,0.2,0,calibration
2.577550700007123,156,39.0,600.0,0.0,False,-82.23868702565163,289.1214172511884,6.653454873613095,10.863381254562448,0.0,4,calibration,2,square,0.2,0,calibration
2.5948137000086717,157,56.0,538.0,20.0,True,-90.36736656250669,289.17747183730467,15.716226327325202,26.624249599454288,8.662978780700223,4,calibration,2,square,0.2,0,calibration
2.6112219000060577,158,89.0,456.0,20.0,True,-99.57243994272793,288.29174248190395,23.389107932051015,41.13944888413283,7.258243614815861,4,calibration,2,square,0.2,0,calibration
2.6276816000026884,159,115.0,406.0,20.0,True,-109.22980951305652,286.72045358430165,29.90452914689806,54.953242830381825,5.854893797318352,4,calibration,2,square,0.2,0,calibration
2.6446896999987075,160,141.0,365.0,20.0,True,-120.3907580616765,284.3576285592523,35.39235104773954,68.37080299690923,4.5979996313531615,4,calibration,2,square,0.2,0,calibration
2.661045800006832,161,180.0,313.0,20.0,True,-132.99487489868443,280.9157878945028,39.71241180856768,81.81484831388035,4.200401835600481,4,calibration,2,square,0.2,0,calibration
2.677836400005617,162,215.0,273.0,20.0,True,-146.24451172670086,276.01603027662395,43.950424283370154,95.20353915037575,3.243394232879069,4,calibration,2,square,0.2,0,calibration
2.694706000009319,163,263.0,225.0,20.0,True,-158.3436640871496,269.8722361892725,47.54144973605765,109.63416551788129,4.101914413571999,4,calibration,2,square,0.2,0,calibration
2.7112578000087524,164,296.0,195.0,20.0,True,-168.77676120678532,262.53641300848705,50.29408731760242,124.25110052987466,6.114646115124193,4,calibration,2,square,0.2,0,calibration
2.7282386000006227,165,333.0,171.0,20.0,True,-177.07185212426722,254.81372425486896,51.75198156136443,138.70225445356513,4.280058631464088,4,calibration,2,square,0.2,0,calibration
2.745465400003013,166,381.0,145.0,20.0,True,-182.74614628870802,247.32836585273347,51.57987734232335,151.584322006571,6.727239490734434,4,calibration,2,square,0.2,0,calibration
2.7612231000093743,167,418.0,129.0,20.0,True,-186.10773826846096,239.54603768184847,49.820644579983316,162.8337353094795,10.687293458286312,4,calibration,2,square,0.2,0,calibration
2.7783734000113327,168,453.0,118.0,20.0,True,-187.1693759478424,231.63881375499057,46.13069887762198,173.0020517873816,15.54968221861281,4,calibration,2,square,0.2,0,calibration
2.794305900009931,169,506.0,103.0,20.0,True,-187.10481433713932,223.5060845817402,41.78293308968064,181.22518564203313,19.408861022584034,4,calibration,2,square,0.2,0,calibration
2.8108693000103813,170,542.0,95.0,20.0,True,-186.16900821150432,216.08156850037275,37.30617383827203,187.67288440924526,21.444773885905004,4,calibration,2,square,0.2,0,calibration
2.8277229000086663,171,575.0,86.0,20.0,True,-184.22124453014368,208.65575763753185,33.09748862134781,192.30367988399067,26.85743674535271,4,calibration,2,square,0.2,0,calibration
2.8447239000088302,172,618.0,79.0,20.0,True,-180.2985859304251,201.00634611569214,28.45932759903116,195.7664859705994,29.607452385313735,4,calibration,2,square,0.2,0,calibration
2.8610189000028186,173,634.0,76.0,16.278820596099706,True,-174.25441438598233,192.96528817042713,22.98024363453323,198.22579273520432,27.83718020693983,4,calibration,2,square,0.2,0,calibration
2.878705200011609,174,646.0,73.0,12.36931687685298,True,-166.66871761141377,184.92385052142762,16.287453935811016,199.72664574087545,22.782219349342455,4,calibration,2,square,0.2,0,calibration
2.8944004000077257,175,663.0,71.0,17.11724276862369,True,-157.83909459663988,176.8488374532357,7.7164408778147955,200.37996342047222,30.997498036993647,4,calibration,2,square,0.2,0,calibration
2.911865400004899,176,672.0,68.0,9.486832980505138,True,-148.1214827862521,167.79296438712413,-3.267500793390269,200.63422843385348,17.696486565792096,4,calibration,2,square,0.2,0,calibration
2.928022100008093,177,679.0,66.0,7.280109889280518,True,-136.94573166072172,157.80992484209048,-15.935365955712303,200.14239588683986,13.469992920111384,4,calibration,2,square,0.2,0,calibration
2.9448959000001196,178,687.0,65.0,8.06225774829855,True,-124.16046884329734,147.57804980251166,-28.28624957942123,198.6821973014426,14.698169546425172,4,calibration,2,square,0.2,0,calibration
2.961976400009007,179,689.0,64.0,2.23606797749979,True,-109.74415804931314,135.2670427624303,-38.97771122331117,195.96036280175994,3.8617637174553088,4,calibration,2,square,0.2,0,calibration
2.9781363000074634,180,692.0,63.0,3.1622776601683795,True,-94.55893777599339,122.49022753026716,-47.70444503020076,192.12412578290588,5.283277584944842,4,calibration,2,square,0.2,0,calibration
2.9946888999984367,181,693.0,63.0,1.0,True,-78.74246491283147,109.56697165246442,-55.27142270972697,186.6890474367047,1.5865797913946165,4,calibration,2,square,0.2,0,calibration
0.0007154000049922615,1,-88.0,144.0,20.0,True,-301.0663676070622,-8.463965062788878,294.94033009491915,-2.7526427486353033,16.633657020224582,5,calibration,2,dot,0.2,0,calibration
0.007175999999162741,2,-88.0,144.0,0.0,False,-303.76563330754925,-27.127173448379445,285.7571360967366,-11.52232351482038,0.0,5,calibration,2,dot,0.2,0,calibration
0.02433309999469202,3,-107.0,183.0,20.0,True,-307.7981298495223,-47.394546908425134,273.878228375402,-19.559149293055427,13.104593139095325,5,calibration,2,dot,0.2,0,calibration
0.04117650000262074,4,-138.0,260.0,20.0,True,-312.65940417890886,-67.20085305341713,261.54934792387985,-27.63142944014406,12.323863554855276,5,calibration,2,dot,0.2,0,calibration
0.058299099997384474,5,-184.0,378.0,20.0,True,-317.7782782869009,-85.69716400980593,247.86603458664666,-36.36620339408346,12.118087165002112,5,calibration,2,dot,0.2,0,calibration
0.07436070000403561,6,-203.0,454.0,20.0,True,-322.2465049090311,-103.08564494224477,233.51550259783954,-46.20987413765334,10.609812371165718,5,calibration,2,dot,0.2,0,calibration
0.09195050000562333,7,-213.0,513.0,20.0,True,-327.3878618851147,-119.85161717914538,218.42937667260838,-57.192620882731916,8.968779395784244,5,calibration,2,dot,0.2,0,calibration
0.10827009999775328,8,-216.0,575.0,20.0,True,-333.7842006444269,-138.13608910983217,204.238575514846,-68.90209080900142,6.568416615339769,5,calibration,2,dot,0.2,0,calibration
0.12467809999361634,9,-214.0,600.0,20.0,True,-341.138365796442,-156.35519487067717,190.965939553606,-80.41218987246994,4.817554777055378,5,calibration,2,dot,0.2,0,calibration
0.14133640000363812,10,-204.0,600.0,10.0,True,-348.1971738206418,-173.0683302671604,183.42113869665792,-94.35654520406989,-0.8680122758049391,5,calibration,2,dot,0.2,0,calibration
0.1578938000020571,11,-191.0,600.0,13.0,True,-354.5029690176651,-185.27721111259297,177.57447160496523,-107.50056894765697,0.9030485047926788,5,calibration,2,dot,0.2,0,calibration
0.17453930000192486,12,-175.0,600.0,16.0,True,-351.98084691733214,-190.02495468584527,172.87270302341796,-120.23040834250827,3.4516195806041807,5,calibration,2,dot,0.2,0,calibration
0.1912480000028154,13,-139.0,600.0,20.0,True,-350.03623802032246,-193.58365652239388,168.3858654062439,-132.5317763682143,5.397903525570872,5,calibration,2,dot,0.2,0,calibration
0.2078514000022551,14,-110.0,600.0,20.0,True,-348.2122545441532,-196.8456902888093,163.97505895374968,-143.98949055787344,4.669180568916218,5,calibration,2,dot,0.2,0,calibration
0.22417010000208393,15,-59.0,600.0,20.0,True,-346.55459642707166,-199.74962251596247,159.58714603642318,-153.85364167649456,3.921797675380043,5,calibration,2,dot,0.2,0,calibration
0.24090059999434743,16,-27.0,600.0,20.0,True,-345.0490692907162,-202.3391701614162,154.48736738348117,-163.11939943576357,2.643946893169348,5,calibration,2,dot,0.2,0,calibration
0.25845969999500085,17,5.0,600.0,20.0,True,-343.6745712625762,-204.66506557662544,149.17683852658854,-172.02786038951115,2.4894276645040048,5,calibration,2,dot,0.2,0,calibration
0.27527220000047237,18,46.0,600.0,20.0,True,-342.56833343548834,-206.51134818026853,142.95542316067605,-181.3303581052442,2.352079428037852,5,calibration,2,dot,0.2,0,calibration
0.29135329999553505,19,72.0,600.0,20.0,True,-341.74339261177585,-207.87364817646719,136.60086197040272,-190.17222558273895,2.635890484741663,5,calibration,2,dot,0.2,0,calibration
0.3078531000064686,20,96.0,597.0,20.0,True,-341.33436416446784,-208.54460395905343,129.48194675258657,-198.41106477080157,2.9074075338626293,5,calibration,2,dot,0.2,0,calibration
0.32505339999624994,21,135.0,591.0,20.0,True,-341.2660727286499,-208.65633851949917,122.06370660386813,-204.84133086941807,2.0647407093285386,5,calibration,2,dot,0.2,0,calibration
0.340838200005237,22,156.0,588.0,20.0,True,-341.45661365539377,-208.34438075213637,113.89612087387826,-208.85284983855325,-0.40634021914660146,5,calibration,2,dot,0.2,0,calibration
0.35865530000592116,23,177.0,581.0,20.0,True,-341.77162044016546,-207.82723464864625,105.46027068576788,-211.20126976669647,-2.3572321134349217,5,calibration,2,dot,0.2,0,calibration
0.37456050000037067,24,200.0,569.0,20.0,True,-342.1866312882502,-207.14320980326414,96.66011760592195,-213.01627551287282,-3.12287391106435,5,calibration,2,dot,0.2,0,calibration
0.39133919999585487,25,212.0,561.0,14.422205101855956,True,-343.02619809104414,-205.74991475867918,87.98583174774967,-214.68900000235132,-1.3133821127996537,5,calibration,2,dot,0.2,0,calibration
0.407678899995517,26,223.0,550.0,15.556349186104045,True,-344.2601910137322,-203.67847427548315,79.64161668636544,-216.4759551262435,-0.3828147983840495,5,calibration,2,dot,0.2,0,calibration
0.42403829999966547,27,236.0,529.0,20.0,True,-345.95539709585455,-200.78561507301663,72.17462941616918,-218.26351872316783,1.0337951083584318,5,calibration,2,dot,0.2,0,calibration
0.44147679999878164,28,240.0,512.0,17.46424919657298,True,-348.0380745522832,-197.15349010844147,64.58764282557831,-220.19751245974388,2.060457738535159,5,calibration,2,dot,0.2,0,calibration
0.4580314000049839,29,241.0,480.0,20.0,True,-350.58890246816566,-192.58094782757462,56.66337901979456,-222.1990156570475,3.0747238231103813,5,calibration,2,dot,0.2,0,calibration
0.47447549999924377,30,238.0,455.0,20.0,True,-353.53240747349093,-187.1225183295628,47.67308643752469,-224.38471551413096,3.4636001025262764,5,calibration,2,dot,0.2,0,calibration
0.4912557000061497,31,232.0,434.0,20.0,True,-356.55654041655924,-181.29377674419638,38.39106549274747,-226.50537613164775,3.2899395314142255,5,calibration,2,dot,0.2,0,calibration
0.5087938000069698,32,218.0,404.0,20.0,True,-359.3911020730197,-175.60761871496447,28.689720504116263,-228.44809672134127,3.1215347051097453,5,calibration,2,dot,0.2,0,calibration
0.5246102999954019,33,207.0,386.0,20.0,True,-362.2126116523304,-169.7115905293392,18.044945629778333,-230.18708136818708,3.151984754236338,5,calibration,2,dot,0.2,0,calibration
0.5416990999947302,34,185.0,358.0,20.0,True,-365.1915566934996,-163.20271725611198,5.878631808314596,-231.71442213449114,3.6173983014715216,5,calibration,2,dot,0.2,0,calibration
0.5580594000057317,35,169.0,342.0,20.0,True,-368.4937099979684,-155.60329589032855,-7.854591605822819,-232.60282262416044,3.9530485828229844,5,calibration,2,dot,0.2,0,calibration
0.5745927999960259,36,153.0,325.0,20.0,True,-371.7440179252523,-147.66985182084292,-23.064797369264838,-232.26338588239065,4.52041278157227,5,calibration,2,dot,0.2,0,calibration
0.5911119999946095,37,127.0,304.0,20.0,True,-374.6030196790321,-140.25896637060552,-40.259305026815596,-230.2366469298318,4.001572713808351,5,calibration,2,dot,0.2,0,calibration
0.6079441000038059,38,105.0,288.0,20.0,True,-377.0046787929588,-133.66926411190394,-60.0260169136865,-226.59225044489722,4.329591039551957,5,calibration,2,dot,0.2,0,calibration
0.6243056999956025,39,83.0,273.0,20.0,True,-378.9226938099178,-128.13115201166056,-81.01723719184315,-221.51315728078396,4.98600631954074,5,calibration,2,dot,0.2,0,calibration
0.6412934999971185,40,48.0,252.0,20.0,True,-380.51311333428606,-123.32789863063748,-102.42588496897872,-213.20304149797207,5.9781718894920015,5,calibration,2,dot,0.2,0,calibration
0.657715699999244,41,25.0,240.0,20.0,True,-382.0217796890427,-118.57217145357734,-122.45849548147945,-199.75912930150417,9.246584660350907,5,calibration,2,dot,0.2,0,calibration
0.6746548999944935,42,1.0,229.0,20.0,True,-383.3560477325851,-112.08245130913579,-139.86924955502178,-181.76384991255654,11.154229388788172,5,calibration,2,dot,0.2,0,calibration
0.6909285000001546,43,-32.0,220.0,20.0,True,-384.12994180036674,-103.37119911840529,-152.8600433543441,-161.432545792002,9.488975339113148,5,calibration,2,dot,0.2,0,calibration
0.7079333000001498,44,-57.0,215.0,20.0,True,-384.67198846573467,-91.16665240601583,-161.57258477721308,-142.61847899590612,7.730199218792464,5,calibration,2,dot,0.2,0,calibration
0.7245949000061955,45,-83.0,215.0,20.0,True,-384.9159415469423,-75.83257695757044,-167.34319864291697,-126.6264360091565,6.47028001521462,5,calibration,2,dot,0.2,0,calibration
0.7408948999946006,46,-123.0,217.0,20.0,True,-385.01217247503075,-56.60904887274678,-171.23343538593898,-113.70139339435374,5.6147004153849975,5,calibration,2,dot,0.2,0,calibration
0.7572992000059457,47,-150.0,223.0,20.0,True,-385.04802276979495,-35.465388849439094,-173.95791219060936,-102.8020468387987,4.572009561552163,5,calibration,2,dot,0.2,0,calibration
0.7743349999946076,48,-173.0,233.0,20.0,True,-385.061004266949,-14.586936400191373,-175.52018718923483,-92.76404814704244,2.7143627330648803,5,calibration,2,dot,0.2,0,calibration
0.7910935999971116,49,-204.0,253.0,20.0,True,-384.9607327241822,4.018107581837757,-175.47204269191516,-82.92622245304472,0.008357443436757261,5,calibration,2,dot,0.2,0,calibration
0.807941999999457,50,-223.0,268.0,20.0,True,-384.5899691341558,19.398206371289273,-173.62302193342484,-72.37359965832692,-2.5133153500799743,5,calibration,2,dot,0.2,0,calibration
0.82560260000173,51,-245.0,289.0,20.0,True,-383.6587552486591,33.268625743096365,-169.9774482228483,-60.98278058443804,-4.066847090382591,5,calibration,2,dot,0.2,0,calibration
0.8408235999959288,52,-257.0,301.0,16.97056274847714,True,-381.49411153385,48.003093436631175,-165.31023998394085,-49.03056008719334,-3.315244024839655,5,calibration,2,dot,0.2,0,calibration
0.8578427000029478,53,-267.0,314.0,16.401219466856727,True,-378.1658037057622,64.05277818532724,-159.39988425925327,-36.48379295355797,-3.199655484025795,5,calibration,2,dot,0.2,0,calibration
0.8741981000057422,54,-275.0,332.0,19.697715603592208,True,-373.2348022477431,80.66044708627304,-151.87936414057774,-23.18097059639047,-3.2461419943054857,5,calibration,2,dot,0.2,0,calibration
0.8907586999994237,55,-278.0,345.0,13.341664064126334,True,-367.0841683989194,96.22411993027916,-142.99893560815644,-9.631279556904714,-1.7591401907330302,5,calibration,2,dot,0.2,0,calibration
0.9076069000002462,56,-279.0,360.0,15.033296378372908,True,-359.22100498800063,111.90884897128683,-133.72803503097427,3.2973021413990224,-1.3540317593569664,5,calibration,2,dot,0.2,0,calibration
0.9246513999969466,57,-273.0,387.0,20.0,True,-350.5013245852858,127.62833679906315,-125.01131274202578,15.142236116477122,-0.8812469719664917,5,calibration,2,dot,0.2,0,calibration
0.9404706000059377,58,-249.0,436.0,20.0,True,-341.7451424431338,143.04376248906817,-116.73870340929243,26.302782098513145,-0.29450002386946394,5,calibration,2,dot,0.2,0,calibration
0.9589813000056893,59,-237.0,453.0,20.0,True,-333.23864422485303,157.13560058697738,-108.80110821866268,36.13027462077657,0.009282610390712875,5,calibration,2,dot,0.2,0,calibration
0.9740499000035925,60,-193.0,504.0,20.0,True,-324.3475180586221,170.31094616774192,-101.41463640762392,44.365477752513925,0.13586702737442558,5,calibration,2,dot,0.2,0,calibration
0.9916515999939293,61,-160.0,533.0,20.0,True,-314.5979575729397,182.34055907654775,-94.04002685092163,51.544839962323124,0.2580281356214531,5,calibration,2,dot,0.2,0,calibration
1.007896900002379,62,-113.0,569.0,20.0,True,-304.2982803223476,192.44044949959263,-86.44552247482925,58.86832565247434,0.01967565782422076,5,calibration,2,dot,0.2,0,calibration
1.0241223000048194,63,-75.0,590.0,20.0,True,-294.5953440179605,199.98566615898642,-77.97678549322238,66.57612522726997,-0.2997670390853102,5,calibration,2,dot,0.2,0,calibration
1.0412803000072017,64,-36.0,600.0,20.0,True,-286.62284739991367,205.21187436669553,-67.84544993176418,74.81597546875943,-0.7614041426417129,5,calibration,2,dot,0.2,0,calibration
1.0574927999987267,65,16.0,600.0,20.0,True,-281.02894658107135,208.81694586159375,-54.44013337144844,84.09349051408665,-0.36564880787016696,5,calibration,2,dot,0.2,0,calibration
1.074179000002914,66,53.0,600.0,20.0,True,-277.2515537471556,211.37801721935995,-39.49356726026999,93.86426715437926,0.18649567159484182,5,calibration,2,dot,0.2,0,calibration
1.0911303000029875,67,86.0,600.0,20.0,True,-274.0969349078691,213.6881717627363,-24.95939004682368,102.63736379482283,0.9864831291838638,5,calibration,2,dot,0.2,0,calibration
1.1078817999950843,68,141.0,600.0,20.0,True,-270.5282751332761,215.93340206779743,-13.384342708723572,108.81852683504609,0.7138176692365517,5,calibration,2,dot,0.2,0,calibration
1.1241414999967674,69,172.0,600.0,20.0,True,-266.16378943680047,218.2653900643605,-4.188041428219572,112.56063800414562,0.8851333698352581,5,calibration,2,dot,0.2,0,calibration
1.141091099998448,70,203.0,600.0,20.0,True,-261.70528788546477,220.12513026009177,3.545287453408692,114.49913956070868,0.9412434380534851,5,calibration,2,dot,0.2,0,calibration
1.1574631999974372,71,251.0,600.0,20.0,True,-257.88019650189574,221.2994537446885,10.344002423502594,115.30163340461452,0.7428457295157442,5,calibration,2,dot,0.2,0,calibration
1.1751405999966664,72,277.0,599.0,20.0,True,-254.93457104827846,221.71024800194752,16.944110368278,115.5669532351069,0.2507214101016486,5,calibration,2,dot,0.2,0,calibration
1.1918527999951039,73,322.0,591.0,20.0,True,-252.32341129882303,221.74908035395023,23.299433895938055,115.49410824380718,0.09306101802727396,5,calibration,2,dot,0.2,0,calibration
1.2082354000012856,74,349.0,583.0,20.0,True,-249.729743225992,221.74168254954358,30.028914913423186,115.18471799597218,0.2245834330990859,5,calibration,2,dot,0.2,0,calibration
1.2253687000047648,75,370.0,574.0,20.0,True,-246.8075774393091,221.73489549247972,37.5728275936437,114.6328120592874,0.5075922298469959,5,calibration,2,dot,0.2,0,calibration
1.2410536999959731,76,401.0,556.0,20.0,True,-242.96920057366813,221.5218767662671,47.51914734140262,113.65374773825391,0.37069750109814503,5,calibration,2,dot,0.2,0,calibration
1.2587650000059512,77,417.0,547.0,18.35755975068582,True,-237.70578584445803,221.19538786970867,59.02749485235206,112.41899076498841,0.3423098816705781,5,calibration,2,dot,0.2,0,calibration
1.2745619000052102,78,430.0,539.0,15.264337522473747,True,-230.67371661013212,220.82092659630047,71.81480344464367,110.92888955915133,0.4315871106527615,5,calibration,2,dot,0.2,0,calibration
1.2909960999968462,79,437.0,533.0,9.219544457292887,True,-221.5098179016266,220.63782711868504,84.4637205736179,109.12837928124601,0.6572268705270575,5,calibration,2,dot,0.2,0,calibration
1.3077781000029063,80,443.0,526.0,9.219544457292887,True,-210.14329849643258,220.77313838627109,97.52448566576813,107.00531817240407,1.1291433425574304,5,calibration,2,dot,0.2,0,calibration
1.3247622000053525,81,450.0,514.0,13.892443989449804,True,-195.30182332318896,221.27998392914841,110.88186913011462,104.50418812110297,2.5026470337467344,5,calibration,2,dot,0.2,0,calibration
1.3407891999959247,82,453.0,506.0,8.54400374531753,True,-178.49350223515023,222.28359010797578,124.36110613298408,101.76255625874121,2.01648609840255,5,calibration,2,dot,0.2,0,calibration
1.3582313999941107,83,457.0,497.0,9.848857801796104,True,-160.11234987876182,223.74421092844125,137.91999386245263,99.07955226950902,2.3964308676472874,5,calibration,2,dot,0.2,0,calibration
1.3743004999996629,84,460.0,482.0,15.297058540778355,True,-141.42342692108866,225.2116128661552,151.16043753575514,96.21880694834354,4.283505287508157,5,calibration,2,dot,0.2,0,calibration
1.3906504000042332,85,461.0,473.0,9.055385138137417,True,-120.99689879240567,227.1752626212811,164.20052808519233,93.18248153942868,2.88076622979424,5,calibration,2,dot,0.2,0,calibration
1.408590599996387,86,463.0,466.0,7.280109889280518,True,-99.95093729846114,229.5162758433441,176.80661360674162,90.34272491310482,2.27555914112052,5,calibration,2,dot,0.2,0,calibration
1.4245744999934686,87,464.0,456.0,10.04987562112089,True,-79.63003642570528,232.5546108528436,188.84438186860933,87.47086417845111,3.7830185496744244,5,calibration,2,dot,0.2,0,calibration
1.4409542000066722,88,465.0,449.0,7.0710678118654755,True,-61.53461060482719,235.3206463293397,199.9399587350806,84.82180712960316,2.6674221471732014,5,calibration,2,dot,0.2,0,calibration
1.4581108999991557,89,466.0,444.0,5.0990195135927845,True,-45.241852892406555,237.88810453756335,211.05173122248146,82.21460606629253,1.9062117128249765,5,calibration,2,dot,0.2,0,calibration
1.4744063999969512,90,467.0,440.0,4.123105625617661,True,-30.41419045941395,240.26050436997943,222.04944178361603,79.68674901816132,1.5151473663093127,5,calibration,2,dot,0.2,0,calibration
1.4904798000061419,91,468.0,436.0,4.123105625617661,True,-16.685751044786677,242.95912988675232,232.78470235090603,77.22939779189281,1.6576225578374373,5,calibration,2,dot,0.2,0,calibration
1.5073924000025727,92,468.0,433.0,3.0,True,-4.927953458652098,245.32632438838812,242.95446430477006,74.73228211734872,1.3074878122642393,5,calibration,2,dot,0.2,0,calibration
1.524048799998127,93,468.0,430.0,3.0,True,5.927838578665048,247.17369049708955,253.52571431234958,72.0985457890188,1.2285389923230352,5,calibration,2,dot,0.2,0,calibration
1.5407537999999477,94,468.0,428.0,2.0,True,15.481355882015265,248.3387437784648,265.61976662266335,69.07685186992616,0.7269032929028316,5,calibration,2,dot,0.2,0,calibration
1.5581262000050629,95,468.0,428.0,0.0,False,24.69646800680484,249.58452037458792,279.1462251524426,68.9729956840022,0.0,5,calibration,2,dot,0.2,0,calibration
1.5749784000072395,96,468.0,426.0,2.0,True,32.03328514010808,250.81755484616727,292.6254196379807,67.51380237261306,0.5467267156539989,5,calibration,2,dot,0.2,0,calibration
1.5916990999976406,97,468.0,426.0,0.0,False,37.83621916275315,251.82812682607923,304.80475501224726,69.57047183172622,0.0,5,calibration,2,dot,0.2,0,calibration
1.6076411999965785,98,469.0,426.0,1.0,True,42.50739074166834,252.29762900202022,315.51131765879893,72.75726459933072,-0.03654241441473882,5,calibration,2,dot,0.2,0,calibration
1.6243582000024617,99,469.0,426.0,0.0,False,46.6634647942782,252.48511516019394,325.26556094651517,77.8963669527579,0.0,5,calibration,2,dot,0.2,0,calibration
1.6415532999963034,100,469.0,426.0,0.0,False,50.72036042404917,252.55536739487363,334.7856509561218,84.8039359212619,0.0,5,calibration,2,dot,0.2,0,calibration
1.6577096999972127,101,462.0,426.0,7.0,True,54.44405921139621,252.58088209287527,342.5175351287462,93.53081705796001,2.3577947186107417,5,calibration,2,dot,0.2,0,calibration
1.6746035999967717,102,444.0,426.0,18.0,True,58.83065698955262,251.4360772191008,348.65478669123644,102.10212216838782,6.937533836351356,5,calibration,2,dot,0.2,0,calibration
1.6914365999982692,103,398.0,428.0,20.0,True,63.6051729916239,247.55269129705732,352.88835778636934,109.33886142604184,6.709665120229973,5,calibration,2,dot,0.2,0,calibration
1.7076283000060357,104,256.0,438.0,20.0,True,70.32997246214734,239.72736387485867,355.61276064305974,115.93847460277803,7.754558170946008,5,calibration,2,dot,0.2,0,calibration
1.7249612000014167,105,157.0,443.0,20.0,True,78.31007725578144,228.98155269084165,357.16760312024854,122.88041691376407,9.337538323967898,5,calibration,2,dot,0.2,0,calibration
1.7416109000041615,106,-23.0,446.0,20.0,True,87.57839305331058,216.17109842385952,358.5439157469259,130.34217984097424,8.692254457166019,5,calibration,2,dot,0.2,0,calibration
1.7579093999956967,107,-150.0,441.0,20.0,True,96.31343322911644,201.90501509673396,359.4306288704951,138.6717356797718,6.866755577734338,5,calibration,2,dot,0.2,0,calibration
1.7738208999944618,108,-278.0,436.0,20.0,True,103.19637120475015,185.51423496438537,359.7856606577873,147.2706697099287,5.4134265186712245,5,calibration,2,dot,0.2,0,calibration
1.7916954999964219,109,-396.0,436.0,20.0,True,107.62935642585805,167.42735454996622,359.1175694933757,155.7576372905787,6.330504065412049,5,calibration,2,dot,0.2,0,calibration
1.8080888999975286,110,-557.0,428.0,20.0,True,109.79549633030899,147.71713299223006,357.6694146129985,163.58237485168274,3.854710435603625,5,calibration,2,dot,0.2,0,calibration
1.8242354999965755,111,-640.0,414.0,20.0,True,110.5716624667115,127.86221189882237,355.5257667021923,170.34586222395058,0.23382374893432034,5,calibration,2,dot,0.2,0,calibration
1.8408079000073485,112,-711.0,405.0,20.0,True,110.21751297501339,107.93643809525955,352.26399209569365,176.4017536131359,4.327157501827757,5,calibration,2,dot,0.2,0,calibration
1.8575130999961402,113,-735.0,400.0,20.0,True,108.28996959594357,88.19162795974435,346.6152088465536,181.74892380890628,5.452947183945368,5,calibration,2,dot,0.2,0,calibration
1.874499099998502,114,-755.0,396.0,20.0,True,104.42226137153854,67.71209276682238,337.728272667064,186.82185140145,7.593911268518543,5,calibration,2,dot,0.2,0,calibration
1.8910822000034386,115,-759.0,395.0,4.123105625617661,True,98.44367975306739,46.71088948999535,325.5664607173374,191.54329912672668,1.3099727884406482,5,calibration,2,dot,0.2,0,calibration
1.9074473999935435,116,-761.0,394.0,2.23606797749979,True,91.23012561589734,25.998708748878904,311.9611238506188,195.03737766386675,0.08622931934002719,5,calibration,2,dot,0.2,0,calibration
1.9244302000006428,117,-761.0,394.0,0.0,False,83.48509773102757,6.531025623956474,298.9144288536738,199.03983833223495,0.0,5,calibration,2,dot,0.2,0,calibration
1.9406415999983437,118,-762.0,394.0,1.0,True,76.58322581691165,-9.96457478706342,287.1114956448244,201.4115735448097,0.5944193814527544,5,calibration,2,dot,0.2,0,calibration
1.9586168999958318,119,-762.0,394.0,0.0,False,71.0215076135932,-23.444018700618756,276.3541627712701,202.87117526651747,0.0,5,calibration,2,dot,0.2,0,calibration
1.974364699999569,120,-762.0,394.0,0.0,False,66.87216595223644,-33.89909464702203,266.1589269558901,203.00745356626817,0.0,5,calibration,2,dot,0.2,0,calibration
1.9926143000047887,121,-762.0,394.0,0.0,False,62.77640955579493,-42.482291784042324,255.9994600261119,201.378694727225,0.0,5,calibration,2,dot,0.2,0,calibration
2.0083051999972668,122,-762.0,394.0,0.0,False,57.87694577814359,-49.618250260194635,245.82031918934257,197.6706432638422,0.0,5,calibration,2,dot,0.2,0,calibration
2.02483910000592,123,-762.0,394.0,0.0,False,51.377771671035,-55.250044224982624,235.42766140881264,191.84147485570998,0.0,5,calibration,2,dot,0.2,0,calibration
2.040560800000094,124,-762.0,394.0,0.0,False,43.21580163486577,-59.2117378046691,224.91894648270375,184.49076142936104,0.0,5,calibration,2,dot,0.2,0,calibration
2.0575256000010995,125,-762.0,394.0,0.0,False,32.46794218611949,-61.311149232665436,212.8599027656648,175.25052159158543,0.0,5,calibration,2,dot,0.2,0,calibration
2.0740748999960488,126,-762.0,394.0,0.0,False,19.679926356514205,-62.18850696748538,200.45678339611314,165.07755037880034,0.0,5,calibration,2,dot,0.2,0,calibration
2.0924212999962037,127,-762.0,394.0,0.0,False,5.111622011773036,-62.524094921676586,187.77275296012127,154.3236512856366,0.0,5,calibration,2,dot,0.2,0,calibration
2.107820000004722,128,-762.0,394.0,0.0,False,-9.558717150656877,-62.332547718340415,176.45975028018805,143.9161104732852,0.0,5,calibration,2,dot,0.2,0,calibration
2.1242845999950077,129,-762.0,394.0,0.0,False,-26.258592178115713,-60.315472379488455,165.52009169489128,132.83886553885213,0.0,5,calibration,2,dot,0.2,0,calibration
2.1412448000046425,130,-762.0,394.0,0.0,False,-44.9067842586461,-55.4430228069061,154.38951170933547,120.46817212946237,0.0,5,calibration,2,dot,0.2,0,calibration
2.1579431999998633,131,-762.0,394.0,0.0,False,-66.1629127369015,-47.3445730006024,142.9275983940893,106.33190274631389,0.0,5,calibration,2,dot,0.2,0,calibration
2.174505000002682,132,-762.0,394.0,0.0,False,-88.61212219462269,-36.72758265200134,130.89643129968496,90.71453055207515,0.0,5,calibration,2,dot,0.2,0,calibration
2.191728999998304,133,-762.0,394.0,0.0,False,-111.32516695207333,-24.112000256953305,118.17498301397532,73.70546847466821,0.0,5,calibration,2,dot,0.2,0,calibration
2.20783699999447,134,-762.0,394.0,0.0,False,-133.4703943824047,-9.944079000912403,104.71334289174217,55.03369179367853,0.0,5,calibration,2,dot,0.2,0,calibration
2.2252692000038223,135,-762.0,394.0,0.0,False,-153.39662059161572,4.727923494287328,91.09310941573578,34.64397424438518,0.0,5,calibration,2,dot,0.2,0,calibration
2.241565999996965,136,-762.0,394.0,0.0,False,-170.46371381302123,18.729292186211072,77.6376554966341,12.22462440223567,0.0,5,calibration,2,dot,0.2,0,calibration
2.257723899994744,137,-609.0,436.0,20.0,True,-184.74988998422833,31.172606298344135,68.45108743590116,-16.46472138842752,0.1423625663142225,5,calibration,2,dot,0.2,0,calibration
2.2745468000066467,138,-487.0,473.0,20.0,True,-196.97238816799685,41.861818147709776,60.41224377281479,-47.734552235022,0.19865895781236542,5,calibration,2,dot,0.2,0,calibration
2.2920602999947732,139,-308.0,522.0,20.0,True,-208.56923318889199,51.48553388200275,53.76752441983456,-78.81217608173901,2.2751913235688734,5,calibration,2,dot,0.2,0,calibration
2.307313500001328,140,-183.0,555.0,20.0,True,-219.96642642932744,60.960719448103376,49.1185389335691,-105.72079006029607,3.28352384334061,5,calibration,2,dot,0.2,0,calibration
2.3267996000067797,141,-51.0,583.0,20.0,True,-232.97603644099894,72.317031369977,45.76645497025729,-130.31405156315247,5.2556517750957665,5,calibration,2,dot,0.2,0,calibration
2.341206199998851,142,150.0,600.0,20.0,True,-246.57174576477848,84.92816359043518,43.190418070663945,-154.22845867825552,9.654479395918203,5,calibration,2,dot,0.2,0,calibration
2.358222199996817,143,253.0,600.0,20.0,True,-260.3769405362309,98.20266997577875,40.868962952778645,-177.63823769115652,12.442874595531936,5,calibration,2,dot,0.2,0,calibration
2.3741980000049807,144,367.0,600.0,20.0,True,-272.4729939774002,110.28556889295662,38.55676148815062,-200.2090196610064,12.1116495634867,5,calibration,2,dot,0.2,0,calibration
2.391528299995116,145,407.0,600.0,20.0,True,-283.1947483233048,121.98135304780533,35.47012493180982,-221.50419697812333,10.645990020545115,5,calibration,2,dot,0.2,0,calibration
2.408337200002279,146,433.0,600.0,20.0,True,-292.23125960425375,133.23293106944064,31.112710807042443,-242.24620599090434,8.411881888372141,5,calibration,2,dot,0.2,0,calibration
2.4243362999986857,147,454.0,599.0,20.0,True,-299.5978733716018,143.95258821446768,25.738763559100008,-262.4605794782334,7.885197027031385,5,calibration,2,dot,0.2,0,calibration
2.440909400000237,148,461.0,597.0,7.280109889280518,True,-305.42969760204033,153.57156854214128,19.79633652377102,-284.47099982213945,5.445628928388026,5,calibration,2,dot,0.2,0,calibration
2.4586909000063315,149,465.0,596.0,4.123105625617661,True,-310.8489859498347,162.72731292720104,14.375562926926982,-307.3926539485757,2.9505824658077917,5,calibration,2,dot,0.2,0,calibration
2.4744249999930616,150,467.0,596.0,2.0,True,-316.35861852089437,171.7053249210379,9.443091993237099,-330.08393591267907,0.6212622866527758,5,calibration,2,dot,0.2,0,calibration
2.4905754000064917,151,469.0,595.0,2.23606797749979,True,-322.051719772103,180.72291246125317,4.79528399495291,-350.7172805725866,2.449325590650661,5,calibration,2,dot,0.2,0,calibration
2.5080883000046015,152,470.0,594.0,1.4142135623730951,True,-327.3148954739251,189.4600022826582,-1.6863424017516673,-369.85863605649047,1.9990305451847445,5,calibration,2,dot,0.2,0,calibration
2.524674000000232,153,471.0,593.0,1.4142135623730951,True,-332.01406377927026,198.77436098944696,-10.307743775926884,-388.82909236253414,1.8398942384100165,5,calibration,2,dot,0.2,0,calibration
2.5410800999961793,154,472.0,593.0,1.0,True,-335.8037117316023,208.32095057794552,-20.476699904254442,-399.47553712465435,-0.14837193176019908,5,calibration,2,dot,0.2,0,calibration
2.5575990000070306,155,472.0,593.0,0.0,False,-336.4235421757529,216.37744861680804,-31.532373177521244,-398.7551998931093,0.0,5,calibration,2,dot,0.2,0,calibration
2.574076300006709,156,472.0,593.0,0.0,False,-332.91135545475083,221.74316090757011,-40.85431353412687,-397.9081867286162,0.0,5,calibration,2,dot,0.2,0,calibration
2.59049089999462,157,472.0,593.0,0.0,False,-329.09452741312805,227.36928558345315,-48.17755783225036,-397.0880543674415,0.0,5,calibration,2,dot,0.2,0,calibration
2.607306599995354,158,472.0,593.0,0.0,False,-324.9811401380577,233.21075994595128,-54.777226346251624,-396.23156799252064,0.0,5,calibration,2,dot,0.2,0,calibration
2.624874200002523,159,472.0,593.0,0.0,False,-320.44781833564804,239.40174544878226,-61.10455896987748,-395.3052401285579,0.0,5,calibration,2,dot,0.2,0,calibration
2.6418192999990424,160,472.0,593.0,0.0,False,-315.7036464239986,245.62411859300562,-67.54306313816025,-394.2561789267411,0.0,5,calibration,2,dot,0.2,0,calibration
2.658860800002003,161,472.0,593.0,0.0,False,-310.1273905836458,252.62818847028686,-75.28698479089586,-392.8509512793566,0.0,5,calibration,2,dot,0.2,0,calibration
2.6746228999982122,162,472.0,593.0,0.0,False,-303.35584500561174,260.54773616875747,-83.99642401674657,-391.08132242846744,0.0,5,calibration,2,dot,0.2,0,calibration
2.6908900999987964,163,472.0,593.0,0.0,False,-294.70863473952966,268.97340505636294,-93.70072390365974,-388.33000367046344,0.0,5,calibration,2,dot,0.2,0,calibration
2.707470599998487,164,472.0,593.0,0.0,False,-284.86687946854386,277.66883581064417,-103.22389671882357,-384.19544886047913,0.0,5,calibration,2,dot,0.2,0,calibration
2.723946199999773,165,472.0,593.0,0.0,False,-273.6602062084806,286.89681449062954,-113.08744130754769,-378.01009033312005,0.0,5,calibration,2,dot,0.2,0,calibration
2.74118019999878,166,472.0,593.0,0.0,False,-261.1570351313601,295.97920381681297,-123.2509655032141,-369.69255768376513,0.0,5,calibration,2,dot,0.2,0,calibration
2.7575153000070713,167,472.0,593.0,0.0,False,-247.51182528625358,304.62953510690215,-133.65574869501114,-359.44501939937385,0.0,5,calibration,2,dot,0.2,0,calibration
2.774993600003654,168,472.0,593.0,0.0,False,-233.74885634822076,311.5837998939538,-145.07309189034913,-347.88484525840556,0.0,5,calibration,2,dot,0.2,0,calibration
2.7916544000036083,169,472.0,593.0,0.0,False,-218.74224047602164,318.05507954913344,-158.13151355898367,-334.136282007386,0.0,5,calibration,2,dot,0.2,0,calibration
2.807706000006874,170,472.0,593.0,0.0,False,-201.6961379341522,324.484343882564,-172.32193789706847,-316.8736795807188,0.0,5,calibration,2,dot,0.2,0,calibration
2.8246223000023747,171,444.0,591.0,20.0,True,-181.62223794356407,331.02921059383164,-188.0989846785393,-299.77409308238816,31.8887763238478,5,calibration,2,dot,0.2,0,calibration
2.841035200006445,172,244.0,589.0,20.0,True,-159.81600973192158,336.8013849208882,-200.9814380606315,-283.77059590210945,31.76904038057212,5,calibration,2,dot,0.2,0,calibration
2.8581032999936724,173,118.0,586.0,20.0,True,-136.7444375922696,341.09146781450033,-210.06312980379818,-270.3248304018005,30.54110928898245,5,calibration,2,dot,0.2,0,calibration
2.8747085999930277,174,-19.0,575.0,20.0,True,-113.83250218666213,343.88617596763686,-216.37743692865635,-259.2477778046125,28.465107557062154,5,calibration,2,dot,0.2,0,calibration
2.890963900004863,175,-236.0,549.0,20.0,True,-91.51654844201168,345.4376651860131,-221.04879178760154,-249.29987254913235,26.262154391017447,5,calibration,2,dot,0.2,0,calibration
2.907718799993745,176,-365.0,535.0,20.0,True,-70.5662284951843,346.0953546854004,-224.2255940681751,-240.12323864604534,24.40655074960908,5,calibration,2,dot,0.2,0,calibration
2.924513499994646,177,-546.0,511.0,20.0,True,-50.63999395759657,346.34847966477713,-226.18258685418925,-230.53613544788308,21.247811046710755,5,calibration,2,dot,0.2,0,calibration
2.9403361000004224,178,-643.0,501.0,20.0,True,-32.75493971276275,346.3367582929092,-226.82937746428414,-220.6842602618601,19.149932826431574,5,calibration,2,dot,0.2,0,calibration
2.957091699994635,179,-716.0,492.0,20.0,True,-17.59927817938449,345.7880835619856,-225.8360122147393,-209.96452239405136,15.479830062460064,5,calibration,2,dot,0.2,0,calibration
2.974501499993494,180,-763.0,487.0,20.0,True,-5.585231391469707,344.1234089636246,-223.22699723668154,-198.10061263111848,13.071352352558218,5,calibration,2,dot,0.2,0,calibration
2.9914742999972077,181,-790.0,484.0,20.0,True,4.157671857266195,340.8335027176272,-218.41248333823597,-185.10850594379693,9.148250577522955,5,calibration,2,dot,0.2,0,calibration
0.0007830000104149804,1,104.0,100.0,20.0,True,-294.00685579076094,0.0,298.5949569885684,-9.759065224144024,-30.191790346085938,6,calibration,2,dot,0.25,0,calibration
0.010484800004633144,2,133.0,123.0,20.0,True,-281.0502458721204,-0.10606612854143088,295.864065800736,-30.48970872008543,-29.935693895472156,6,calibration,2,dot,0.25,0,calibration
0.026540300008491613,3,165.0,143.0,20.0,True,-266.91900151361466,-0.8007992704878031,293.1876058216931,-51.66359972996066,-29.06218707688875,6,calibration,2,dot,0.25,0,calibration
0.043904300007852726,4,221.0,176.0,20.0,True,-251.2502911418026,-2.342205283516147,289.88200236936103,-71.99028796163606,-28.941893686178403,6,calibration,2,dot,0.25,0,calibration
0.05973490000178572,5,298.0,214.0,20.0,True,-234.07573597367258,-4.4141408132426605,286.0800002423314,-91.22535691662262,-28.90639657747962,6,calibration,2,dot,0.25,0,calibration
0.07646790001308545,6,345.0,231.0,20.0,True,-216.49878717412344,-6.71860047617743,281.86971392402313,-109.21059745684875,-28.674155005562966,6,calibration,2,dot,0.25,0,calibration
0.09339639999961946,7,382.0,243.0,20.0,True,-199.7605261699089,-9.32594360329073,277.14935095233614,-125.02210719732227,-29.202548821398324,6,calibration,2,dot,0.25,0,calibration
0.10963570000603795,8,423.0,254.0,20.0,True,-184.67843842128346,-12.507860460543366,272.263870284981,-138.87498821956146,-29.14312758339325,6,calibration,2,dot,0.25,0,calibration
0.12639380000473466,9,444.0,255.0,20.0,True,-171.61526523151437,-16.09065715542157,267.60826337967944,-150.4904506707688,-27.329654972518217,6,calibration,2,dot,0.25,0,calibration
0.14362200000323355,10,465.0,258.0,20.0,True,-161.34968710642931,-19.429453085718364,262.1050266406722,-160.05558386693383,-30.27863021363259,6,calibration,2,dot,0.25,0,calibration
0.15954730000521522,11,473.0,258.0,8.0,True,-153.5421235332149,-22.605987006861586,254.17246064706828,-168.6628057292708,-12.831775910769814,6,calibration,2,dot,0.25,0,calibration
0.17713510000612587,12,479.0,257.0,6.082762530298219,True,-146.67850405191854,-26.664952033363924,244.0454127698338,-176.81922629029216,-9.719129714846515,6,calibration,2,dot,0.25,0,calibration
0.19390990000101738,13,487.0,254.0,8.54400374531753,True,-139.84379441692192,-32.06914153678597,232.6583453271623,-184.22424098090696,-13.207163360652965,6,calibration,2,dot,0.25,0,calibration
0.2103563000127906,14,489.0,250.0,4.47213595499958,True,-132.42857846824873,-39.10602948201161,221.86021213982073,-190.7309250903488,-3.8527498442728145,6,calibration,2,dot,0.25,0,calibration
0.22681140000349842,15,491.0,239.0,11.180339887498949,True,-125.96485390030959,-46.522471342679104,210.80009713382577,-195.93347384319102,-6.734238102733292,6,calibration,2,dot,0.25,0,calibration
0.24347490000945982,16,488.0,217.0,20.0,True,-120.80754793352159,-53.82124670883051,197.92966640877466,-200.34979330141147,-5.636983518660731,6,calibration,2,dot,0.25,0,calibration
0.2599678000115091,17,483.0,207.0,11.180339887498949,True,-117.46889521467104,-60.07414157204426,181.00151390376573,-204.4977975171341,0.7699800160652509,6,calibration,2,dot,0.25,0,calibration
0.2768394000013359,18,465.0,177.0,20.0,True,-114.82692022302267,-65.54790655617556,160.81054494005562,-208.92843520082477,2.7545013259173845,6,calibration,2,dot,0.25,0,calibration
0.29316910001216456,19,410.0,123.0,20.0,True,-112.33474612543846,-70.66636174201714,139.3760738060509,-212.71208947176436,10.139357251657671,6,calibration,2,dot,0.25,0,calibration
0.30956420001166407,20,373.0,96.0,20.0,True,-109.55799669306104,-76.17426627304233,120.02227332843206,-215.4562379762846,14.396448868205315,6,calibration,2,dot,0.25,0,calibration
0.3269400000135647,21,316.0,71.0,20.0,True,-106.9324431495872,-81.92123962979876,104.00132040243153,-216.71566863470957,19.19322921522695,6,calibration,2,dot,0.25,0,calibration
0.34351850001257844,22,245.0,46.0,20.0,True,-104.7281660040701,-87.77243938654455,90.76180321942697,-217.10657415018778,19.48697481363585,6,calibration,2,dot,0.25,0,calibration
0.3604718000133289,23,177.0,33.0,20.0,True,-102.53287490812312,-93.66422884548327,78.09463697779657,-215.6446966524155,22.42382501140864,6,calibration,2,dot,0.25,0,calibration
0.3771137000003364,24,100.0,30.0,20.0,True,-99.88877227741703,-100.41957582096029,63.65498109021435,-211.95371188310455,25.728543248009693,6,calibration,2,dot,0.25,0,calibration
0.3929157000093255,25,59.0,37.0,20.0,True,-96.57292976495776,-108.0713026655456,46.32331399588269,-205.40952350320592,30.560065168714775,6,calibration,2,dot,0.25,0,calibration
0.4095872000034433,26,24.0,47.0,20.0,True,-92.81298099642599,-116.1555894119828,29.14527313165198,-197.11264296209947,32.79779368106712,6,calibration,2,dot,0.25,0,calibration
0.42727330001071095,27,-20.0,71.0,20.0,True,-88.53759719315278,-123.88470687089382,14.829134900993918,-187.44558570584493,36.78964359351974,6,calibration,2,dot,0.25,0,calibration
0.44363130000419915,28,-39.0,92.0,20.0,True,-83.79767930161394,-131.91853267124293,5.485058285404742,-176.49036406521512,39.583149507342476,6,calibration,2,dot,0.25,0,calibration
0.46036590001313016,29,-63.0,123.0,20.0,True,-78.09588521417096,-141.20547119492414,-0.6726224476186475,-163.34931219847044,39.398372325502734,6,calibration,2,dot,0.25,0,calibration
0.4767081000027247,30,-71.0,141.0,19.697715603592208,True,-71.36724596245209,-151.69062277524452,-4.424523472945397,-144.7581664018936,38.69652707589863,6,calibration,2,dot,0.25,0,calibration
0.4930894000135595,31,-76.0,163.0,20.0,True,-63.29264417576331,-163.06527203170745,-5.943557335238031,-119.68624698897146,38.20380497097772,6,calibration,2,dot,0.25,0,calibration
0.5098508000082802,32,-78.0,188.0,20.0,True,-53.70111312800897,-174.95133622462546,-5.581098689515569,-89.25171498786601,36.432338678326104,6,calibration,2,dot,0.25,0,calibration
0.5262174000090454,33,-74.0,220.0,20.0,True,-43.157356107033614,-186.84428153818098,-3.475034305162122,-57.36149053010103,33.17017711216614,6,calibration,2,dot,0.25,0,calibration
0.5436063000088325,34,-70.0,245.0,20.0,True,-31.877861463437,-198.70521242253523,-1.577882775375539,-27.216494626715303,32.04167199260659,6,calibration,2,dot,0.25,0,calibration
0.5598936000023969,35,-55.0,291.0,20.0,True,-21.002829845314142,-209.8055907925942,0.33043634711022274,1.1707985947635997,28.631003241311035,6,calibration,2,dot,0.25,0,calibration
0.5762673000135692,36,-40.0,320.0,20.0,True,-9.02289485374674,-221.3384353181662,2.519709735183139,26.372819094131447,24.193549214957514,6,calibration,2,dot,0.25,0,calibration
0.5936056000064127,37,-26.0,347.0,20.0,True,4.3355123047883275,-232.20777974839825,4.654861620943023,48.99515981271773,22.60646565181692,6,calibration,2,dot,0.25,0,calibration
0.6103353000071365,38,4.0,394.0,20.0,True,19.223264947345907,-242.57586036676597,6.980694053660255,68.05094626404963,18.84199975726224,6,calibration,2,dot,0.25,0,calibration
0.6272820000012871,39,29.0,424.0,20.0,True,33.37073875484813,-250.91156671007772,10.348846254374621,85.45242791415922,14.28582125322676,6,calibration,2,dot,0.25,0,calibration
0.6431609000137541,40,74.0,472.0,20.0,True,45.943343733774036,-257.52815889769073,14.845392842137834,101.01873906168395,12.504006489836712,6,calibration,2,dot,0.25,0,calibration
0.6600175000057789,41,112.0,508.0,20.0,True,56.85306134710537,-262.2808432135089,20.824411686693498,114.41689372880955,10.660401019706834,6,calibration,2,dot,0.25,0,calibration
0.6765283000131603,42,145.0,538.0,20.0,True,66.95843172736011,-265.916583933656,27.26444890571857,125.36735352958193,9.728263533653141,6,calibration,2,dot,0.25,0,calibration
0.6933303000114392,43,207.0,583.0,20.0,True,76.41961485938992,-268.644214713044,33.658450223241246,134.2456721716828,6.693904269389579,6,calibration,2,dot,0.25,0,calibration
0.7095802000112599,44,251.0,600.0,20.0,True,85.79493156829434,-270.52630656254564,39.550043181023504,141.28882819149806,0.6263416885515993,6,calibration,2,dot,0.25,0,calibration
0.7275507000013022,45,289.0,600.0,20.0,True,95.69844549456259,-271.5826551822973,45.11859845384299,146.7512111067551,-5.609597743629708,6,calibration,2,dot,0.25,0,calibration
0.7444486000022152,46,340.0,600.0,20.0,True,107.06520595395554,-272.03190049369556,51.126691111652335,151.17461090343764,-3.878653370196996,6,calibration,2,dot,0.25,0,calibration
0.7601054000115255,47,373.0,600.0,20.0,True,120.04830722968305,-272.0989748830405,58.86159226763397,155.32253232120854,-2.3741421912744953,6,calibration,2,dot,0.25,0,calibration
0.7764832000102615,48,404.0,600.0,20.0,True,133.2876380543687,-271.3619557255924,68.71825602858357,159.48658242407308,-1.5456631203069016,6,calibration,2,dot,0.25,0,calibration
0.7931479000108084,49,447.0,593.0,20.0,True,145.8122883740478,-269.3609080536203,79.8209078647518,163.11806059711287,-1.222902517048483,6,calibration,2,dot,0.25,0,calibration
0.8096383000083733,50,476.0,585.0,20.0,True,156.44100254796632,-265.5542038329798,91.21035157910832,165.8096732008293,1.1822818848672512,6,calibration,2,dot,0.25,0,calibration
0.8267506000120193,51,517.0,562.0,20.0,True,166.28911173414974,-259.5700769640912,103.0443709163456,166.69027605292513,6.843269538298139,6,calibration,2,dot,0.25,0,calibration
0.8428534000122454,52,537.0,546.0,20.0,True,176.052735964365,-251.13590392603436,115.03302545185325,166.2581738190296,12.406186424088851,6,calibration,2,dot,0.25,0,calibration
0.8605887000012444,53,553.0,533.0,20.0,True,185.7184696893978,-241.29449282322946,126.99194381484975,164.91720259958163,14.952237296412678,6,calibration,2,dot,0.25,0,calibration
0.8775250000035157,54,577.0,510.0,20.0,True,194.59381468370802,-230.3202733739477,139.1707883042739,162.9505442799733,18.140625734693096,6,calibration,2,dot,0.25,0,calibration
0.8932106000138447,55,593.0,488.0,20.0,True,201.98063692606922,-218.92758212717754,152.07377158952457,160.24155085607018,22.00778605049426,6,calibration,2,dot,0.25,0,calibration
0.9104780000052415,56,607.0,467.0,20.0,True,208.28590048038484,-206.53549894771066,166.02975841289384,157.0524587067125,24.322845105680962,6,calibration,2,dot,0.25,0,calibration
0.9264791000023251,57,621.0,433.0,20.0,True,213.46410657766313,-193.72910935962622,180.0162648594851,153.35817622831624,26.375738823335162,6,calibration,2,dot,0.25,0,calibration
0.9427214000024833,58,627.0,408.0,20.0,True,217.14354502486128,-181.29513932479804,193.90257722392823,149.28650269175282,27.274849707891597,6,calibration,2,dot,0.25,0,calibration
0.960824900001171,59,630.0,387.0,20.0,True,219.33509238671803,-169.6253321355712,208.10609391371366,144.8721659349755,27.5138891834603,6,calibration,2,dot,0.25,0,calibration
0.97769280000648,60,625.0,354.0,20.0,True,220.28288274443523,-157.39514998582425,222.13949847183574,140.10689603583273,23.46780515211304,6,calibration,2,dot,0.25,0,calibration
0.9930149000138044,61,614.0,327.0,20.0,True,219.69616396897695,-144.06080730880916,235.89817871643197,135.1396251448063,17.364253938900838,6,calibration,2,dot,0.25,0,calibration
1.0098117000015918,62,592.0,291.0,20.0,True,217.29186687514746,-130.158402589033,249.29424240666933,130.27124155290696,11.065989168566169,6,calibration,2,dot,0.25,0,calibration
1.0297952000109944,63,505.0,198.0,20.0,True,213.04072218866324,-117.29364852514416,262.49309169344644,125.40096637146264,1.8186351575401472,6,calibration,2,dot,0.25,0,calibration
1.0434240000031423,64,505.0,198.0,0.0,False,208.11317406558774,-106.20609407894237,275.7528860851952,123.98744611571684,0.0,6,calibration,2,dot,0.25,0,calibration
1.0596980000118492,65,440.0,143.0,20.0,True,203.3671478980387,-96.55369451926353,287.7350556037897,120.46481564657394,-6.147552150469795,6,calibration,2,dot,0.25,0,calibration
1.0761975000059465,66,330.0,73.0,20.0,True,199.08650543221475,-88.20262294518277,299.7103570685969,116.80949540564465,-11.144865170474521,6,calibration,2,dot,0.25,0,calibration
1.0938167000131216,67,253.0,39.0,20.0,True,193.88239005149717,-79.72435802133434,312.9432843620779,113.38788909522066,-18.376846311597618,6,calibration,2,dot,0.25,0,calibration
1.1095518000074662,68,126.0,0.0,20.0,True,185.91039900909712,-69.9183163821661,327.41214393165956,110.00592010182505,-24.78545693382391,6,calibration,2,dot,0.25,0,calibration
1.1272601000091527,69,48.0,-12.0,20.0,True,172.5562727007814,-58.54237205572424,343.0010744781985,107.2024607480533,-31.992668860642056,6,calibration,2,dot,0.25,0,calibration
1.1431187000125647,70,-41.0,-15.0,20.0,True,154.52653297878413,-46.39592562135428,361.08897323483575,105.15806945645706,-35.987687308385134,6,calibration,2,dot,0.25,0,calibration
1.1605334000050789,71,-82.0,-7.0,20.0,True,133.66555857662738,-34.46592685844018,379.93938257500554,105.36129263144676,-38.52895619781164,6,calibration,2,dot,0.25,0,calibration
1.1762396000121953,72,-115.0,6.0,20.0,True,111.99896255350647,-23.76957074779606,386.1437229227759,104.36965673670917,-37.44770442658548,6,calibration,2,dot,0.25,0,calibration
1.1933229999995092,73,-143.0,21.0,20.0,True,90.5117255806322,-14.585095787229982,386.44273032646976,103.25703936208599,-35.405835696917606,6,calibration,2,dot,0.25,0,calibration
1.209544500001357,74,-171.0,42.0,20.0,True,68.96739734177805,-7.524660144586525,386.4894831278217,103.08190642197698,-31.472020543956162,6,calibration,2,dot,0.25,0,calibration
1.226886700009345,75,-180.0,62.0,20.0,True,48.333708929990784,-2.6933418602507864,386.18172509205255,104.22895569335004,-14.023707266818896,6,calibration,2,dot,0.25,0,calibration
1.243380400002934,76,-185.0,112.0,20.0,True,28.735199454415888,-1.6656144017801466e-05,385.65399827242686,106.16493590866516,0.6687429941286815,6,calibration,2,dot,0.25,0,calibration
1.2600355000031414,77,-176.0,159.0,20.0,True,11.021153276901757,0.6127892835040489,385.06994472418853,108.26420308721823,13.97343250444755,6,calibration,2,dot,0.25,0,calibration
1.2771609000046737,78,-150.0,223.0,20.0,True,-5.092503840965172,-1.5721550418884678,384.4167143551536,110.5612487465127,24.27215043820963,6,calibration,2,dot,0.25,0,calibration
1.2932228000136092,79,-96.0,305.0,20.0,True,-19.503264250017615,-7.059415978286951,383.8483437396567,112.51866071155638,32.99430658296978,6,calibration,2,dot,0.25,0,calibration
1.3095260000118287,80,-36.0,364.0,20.0,True,-32.45306193214873,-15.54596820322448,383.3662647781412,114.15037025807729,38.25365948774817,6,calibration,2,dot,0.25,0,calibration
1.3264026000106242,81,28.0,419.0,20.0,True,-43.55180547013449,-25.76916685971235,382.90720647278766,115.68090262098548,39.1040110976893,6,calibration,2,dot,0.25,0,calibration
1.3438169000000926,82,132.0,481.0,20.0,True,-53.628670491183236,-37.37396743460377,382.37696957712353,117.42168938069129,38.90979944169908,6,calibration,2,dot,0.25,0,calibration
1.3593108000059146,83,192.0,504.0,20.0,True,-63.06094386092403,-50.46561284274006,381.50348650816,120.22932164043101,36.48869467691969,6,calibration,2,dot,0.25,0,calibration
1.3765783000126248,84,250.0,512.0,20.0,True,-73.48301686112816,-66.61176560278423,380.3362252482306,123.87233655634002,31.19814097787355,6,calibration,2,dot,0.25,0,calibration
1.3928130000131205,85,311.0,514.0,20.0,True,-84.17640268805444,-84.86414891075779,378.79586489501827,128.50561364561105,27.249485774004796,6,calibration,2,dot,0.25,0,calibration
1.4096025000035297,86,352.0,507.0,20.0,True,-94.73759233846255,-103.74294511983464,377.15635221607073,133.24070692947853,20.21987635399615,6,calibration,2,dot,0.25,0,calibration
1.42713910000748,87,379.0,497.0,20.0,True,-104.25248703704233,-120.90964197241752,375.3913128157342,138.1353041857135,12.976194207046397,6,calibration,2,dot,0.25,0,calibration
1.4439498000137974,88,414.0,477.0,20.0,True,-113.30723937301413,-136.8787030187686,373.4633973110913,143.26580495309406,6.3409881692279075,6,calibration,2,dot,0.25,0,calibration
1.4601957000122638,89,430.0,463.0,20.0,True,-122.92461695596958,-152.73317584081246,371.3591139448806,148.63515226914916,-1.7901489198861404,6,calibration,2,dot,0.25,0,calibration
1.4762504000100307,90,446.0,442.0,20.0,True,-132.67151613306575,-168.50239351738225,369.16735243886717,153.99826587750033,-10.205868766383457,6,calibration,2,dot,0.25,0,calibration
1.4932845000002999,91,453.0,428.0,15.652475842498529,True,-142.6624006767333,-183.91454365401842,366.99078520394573,159.11556672868738,-13.973117067217187,6,calibration,2,dot,0.25,0,calibration
1.5114587000134634,92,457.0,411.0,17.46424919657298,True,-151.92988163209384,-198.39381160408428,365.0038763593769,163.62203470996405,-22.818693629121242,6,calibration,2,dot,0.25,0,calibration
1.5268764000065858,93,460.0,390.0,20.0,True,-161.20667615239122,-211.85465843662467,363.16119032496334,167.6721498691889,-28.798342935992313,6,calibration,2,dot,0.25,0,calibration
1.542747600004077,94,460.0,373.0,17.0,True,-170.22103299896108,-224.71460927904457,361.33794263564,171.56599666554843,-28.04747074932283,6,calibration,2,dot,0.25,0,calibration
1.56006950000301,95,458.0,343.0,20.0,True,-180.04499233230808,-238.057819704915,358.6680674413708,177.07969222322555,-35.88606826691547,6,calibration,2,dot,0.25,0,calibration
1.5765614000119967,96,440.0,276.0,20.0,True,-190.4386697990849,-254.1484065774445,354.9981384030592,184.3266712398464,-38.843748807088915,6,calibration,2,dot,0.25,0,calibration
1.5932342000014614,97,416.0,226.0,20.0,True,-201.72541683642228,-272.1404868389608,350.2342374155653,193.22520265725544,-36.20998771945533,6,calibration,2,dot,0.25,0,calibration
1.6103399000130594,98,386.0,178.0,20.0,True,-213.35740573968644,-290.98607211315357,343.53726393660503,202.36401313146845,-27.41421830343644,6,calibration,2,dot,0.25,0,calibration
1.6264087000017753,99,308.0,105.0,20.0,True,-225.22282892781254,-309.00125319313366,330.83662836762164,211.0590334265612,-15.116306563525722,6,calibration,2,dot,0.25,0,calibration
1.6436670000111917,100,246.0,64.0,20.0,True,-234.81117010855925,-323.82667337983327,312.2816628002267,219.18075915109537,-7.537226102681977,6,calibration,2,dot,0.25,0,calibration
1.6606662000122014,101,125.0,18.0,20.0,True,-233.7875529511795,-324.5664494138287,290.49177560762047,227.63362892208738,-1.1557508594589105,6,calibration,2,dot,0.25,0,calibration
1.6765927000087686,102,33.0,-2.0,20.0,True,-232.7897567253698,-325.28284486542344,267.3057061718746,235.88900857569521,2.959884051624697,6,calibration,2,dot,0.25,0,calibration
1.6938106000015978,103,-53.0,-14.0,20.0,True,-232.0473319352061,-325.8128845545435,244.06143348915128,244.3947640468717,4.575190124494859,6,calibration,2,dot,0.25,0,calibration
1.7100086000136798,104,-160.0,-14.0,20.0,True,-232.40288576925295,-325.5593627683338,221.20938579890887,252.99224324330214,6.7670387338227345,6,calibration,2,dot,0.25,0,calibration
1.725875600008294,105,-219.0,-11.0,20.0,True,-233.50979932431983,-324.76633695553465,199.38527700739698,261.528053671125,7.030049608747653,6,calibration,2,dot,0.25,0,calibration
1.7428604000015184,106,-259.0,-9.0,20.0,True,-235.48923379069808,-323.33391527748825,177.77369759706033,269.5086746647835,6.18101468971282,6,calibration,2,dot,0.25,0,calibration
1.7599278000125196,107,-303.0,-6.0,20.0,True,-238.20517530201104,-321.33828663783305,154.53928643362607,277.17250664494856,5.774709388943053,6,calibration,2,dot,0.25,0,calibration
1.7767168000136735,108,-326.0,-5.0,20.0,True,-241.70178133577068,-318.716565147021,130.21212235308923,283.8187877368431,5.128859970017816,6,calibration,2,dot,0.25,0,calibration
1.7932641000079457,109,-346.0,-5.0,20.0,True,-245.41859274596277,-315.86344254217084,106.34189667816317,289.4451975927898,4.322661452629848,6,calibration,2,dot,0.25,0,calibration
1.809713599999668,110,-353.0,-4.0,7.0710678118654755,True,-249.28699051424869,-312.81943091877923,85.09730726004119,294.3034707742757,2.275997598053201,6,calibration,2,dot,0.25,0,calibration
1.8269878999999491,111,-359.0,-3.0,6.082762530298219,True,-254.01859447659916,-308.9895688532755,65.37581380328777,298.4563489753847,1.7084157625981022,6,calibration,2,dot,0.25,0,calibration
1.8443800000095507,112,-366.0,-3.0,7.0,True,-259.84653588059587,-304.10487959066717,46.80493920428127,300.89361983816957,0.8559465372416737,6,calibration,2,dot,0.25,0,calibration
1.8595768000086537,113,-370.0,-2.0,4.123105625617661,True,-266.2960590541196,-298.4734643686853,29.443479095513606,303.29397307008475,0.9014022706065408,6,calibration,2,dot,0.25,0,calibration
1.876488000008976,114,-373.0,-1.0,3.1622776601683795,True,-272.18264944542994,-293.1153447720985,13.721879878735614,305.1342518980724,0.6779573541776495,6,calibration,2,dot,0.25,0,calibration
1.8931681000103708,115,-377.0,-1.0,4.0,True,-277.14961911474467,-288.4234536658764,-1.253467236866065,305.8389053769512,0.16292685081691927,6,calibration,2,dot,0.25,0,calibration
1.909771800012095,116,-378.0,0.0,1.4142135623730951,True,-281.1337410990967,-284.5414198594399,-14.968039305820216,308.36598869418026,0.3966122621996902,6,calibration,2,dot,0.25,0,calibration
1.9271265999996103,117,-380.0,0.0,2.0,True,-284.9293409383448,-280.7405753937974,-28.11595368357191,309.1894544518873,0.0046946075047380464,6,calibration,2,dot,0.25,0,calibration
1.9431831000110833,118,-381.0,1.0,1.4142135623730951,True,-289.90921414966397,-275.5950789675394,-41.923184100704304,311.0597696808295,0.04757517494657536,6,calibration,2,dot,0.25,0,calibration
1.9603681000007782,119,-381.0,4.0,3.0,True,-298.1571023214883,-266.6502247050498,-56.0760461784133,313.59292624142233,-0.3034767116697833,6,calibration,2,dot,0.25,0,calibration
1.9768483000079868,120,-366.0,20.0,20.0,True,-308.28548568067646,-254.8726335223721,-70.66857169208878,314.02539199452383,-6.300514838094848,6,calibration,2,dot,0.25,0,calibration
1.9935130000085337,121,-329.0,53.0,20.0,True,-318.4210959970596,-242.0909036375208,-83.37992769941529,312.10609614066027,-9.67723814902734,6,calibration,2,dot,0.25,0,calibration
2.0105241000128444,122,-244.0,110.0,20.0,True,-326.0911470910882,-231.65613263805102,-94.78354884782286,308.19985161536056,-11.292123832906874,6,calibration,2,dot,0.25,0,calibration
2.0263505000039004,123,-123.0,183.0,20.0,True,-331.92758305507454,-223.21308117405795,-104.90815022697404,302.153717281248,-13.421238657834245,6,calibration,2,dot,0.25,0,calibration
2.0432976000010967,124,-44.0,227.0,20.0,True,-336.76732539469594,-215.8419990328643,-113.97366974593196,294.31247203956735,-16.353776462254544,6,calibration,2,dot,0.25,0,calibration
2.059899800005951,125,50.0,269.0,20.0,True,-340.17345371248837,-207.51556669672829,-121.27898244510632,284.4614638839146,-18.06807739927584,6,calibration,2,dot,0.25,0,calibration
2.0764276000118116,126,194.0,337.0,20.0,True,-342.0857397489908,-197.4824555349347,-126.55484977505539,274.0368528990852,-20.789416661516743,6,calibration,2,dot,0.25,0,calibration
2.092737400002079,127,299.0,380.0,20.0,True,-342.89906808682167,-185.65279630428486,-129.27123484141757,263.3532631478952,-18.198691563356938,6,calibration,2,dot,0.25,0,calibration
2.110538100008853,128,407.0,420.0,20.0,True,-343.21253865007344,-172.9545031535599,-129.35152507040155,252.43912946701198,-13.56539359843694,6,calibration,2,dot,0.25,0,calibration
2.1261967000027653,129,571.0,474.0,20.0,True,-343.32801447621375,-159.90421971161362,-127.6029097837674,241.07219057066413,-9.380618638655246,6,calibration,2,dot,0.25,0,calibration
2.143011200008914,130,682.0,509.0,20.0,True,-343.051384855539,-147.25147662660805,-124.70015521812874,229.30891269723122,-7.699373738417503,6,calibration,2,dot,0.25,0,calibration
2.1598947000020416,131,836.0,551.0,20.0,True,-341.3001633282166,-131.55397007352107,-120.81455620776268,216.80408774678207,-6.669013018247492,6,calibration,2,dot,0.25,0,calibration
2.176328100002138,132,918.0,575.0,20.0,True,-337.38650396247647,-112.8812222455062,-116.11450067548766,203.3196185629947,-8.423347063076701,6,calibration,2,dot,0.25,0,calibration
2.1936521000025095,133,959.0,595.0,20.0,True,-330.9017994194919,-91.61849774509102,-110.06993989280335,188.67446307901074,-14.878125035593204,6,calibration,2,dot,0.25,0,calibration
2.210246000002371,134,959.0,600.0,5.0,True,-322.1997955208392,-72.32153682034354,-105.9845190652779,172.63189773571503,-9.403333845699219,6,calibration,2,dot,0.25,0,calibration
2.2261690000013914,135,959.0,600.0,0.0,False,-311.92791949626894,-56.090168414485575,-102.0308318883568,155.75274907183854,0.0,6,calibration,2,dot,0.25,0,calibration
2.2438748000131454,136,959.0,600.0,0.0,False,-300.2053618575509,-42.78613211475874,-97.54541084761358,139.39154671853697,0.0,6,calibration,2,dot,0.25,0,calibration
2.260109300012118,137,959.0,600.0,0.0,False,-287.5826881227828,-32.044264411037574,-92.7583148262259,124.19384068471227,0.0,6,calibration,2,dot,0.25,0,calibration
2.276527800000622,138,959.0,600.0,0.0,False,-274.3543659910948,-22.930940701855967,-88.2525514440613,110.41986640107956,0.0,6,calibration,2,dot,0.25,0,calibration
2.2940404000109993,139,959.0,600.0,0.0,False,-260.64381311074146,-14.746096645033647,-84.19599326752119,97.75753234579915,0.0,6,calibration,2,dot,0.25,0,calibration
2.3099603000009665,140,959.0,600.0,0.0,False,-246.81649483494797,-7.382182831556847,-80.50348217203228,86.01697170170908,0.0,6,calibration,2,dot,0.25,0,calibration
2.3264445000095293,141,959.0,600.0,0.0,False,-232.11018271573755,-1.359382233127814,-76.97975260672781,74.70557161778896,0.0,6,calibration,2,dot,0.25,0,calibration
2.34293310000794,142,959.0,600.0,0.0,False,-216.82253143178718,2.392279285937623,-73.25001458194453,63.565685703179085,0.0,6,calibration,2,dot,0.25,0,calibration
2.3595351000112714,143,959.0,599.0,1.0,True,-199.26141673398186,4.246229336616479,-69.62228310380596,51.36068895165749,1.0635409894750973,6,calibration,2,dot,0.25,0,calibration
2.376390600009472,144,959.0,599.0,0.0,False,-180.91485541425382,5.003285558155268,-64.01581768528212,38.838803200989915,0.0,6,calibration,2,dot,0.25,0,calibration
2.3933831000031205,145,959.0,599.0,0.0,False,-162.71970540560386,5.289889976454061,-56.4024903139469,26.10891817826574,0.0,6,calibration,2,dot,0.25,0,calibration
2.4095009000011487,146,959.0,599.0,0.0,False,-146.04167255262004,5.606660728093551,-47.68722274168909,14.38023580747737,0.0,6,calibration,2,dot,0.25,0,calibration
2.426641100013512,147,959.0,599.0,0.0,False,-129.76319082931138,5.8668884607557805,-37.6863033794006,3.0800973415943194,0.0,6,calibration,2,dot,0.25,0,calibration
2.4431144000118366,148,959.0,599.0,0.0,False,-113.59826402642746,6.093905889646681,-26.645378838549824,-8.73781367574301,0.0,6,calibration,2,dot,0.25,0,calibration
2.4595902000000933,149,957.0,599.0,2.0,True,-97.36175772215844,5.564152763001729,-18.1080705496647,-23.892271606851757,1.0172850181903468,6,calibration,2,dot,0.25,0,calibration
2.477561000006972,150,952.0,599.0,5.0,True,-80.86580159061502,4.514434423534654,-9.578827748224295,-40.11566435236098,2.6631800305376436,6,calibration,2,dot,0.25,0,calibration
2.4931487000139896,151,932.0,599.0,20.0,True,-63.38362959083619,3.2317091559028475,-0.6075831249467001,-57.205626128962905,10.650502335478029,6,calibration,2,dot,0.25,0,calibration
2.5105689000047278,152,902.0,596.0,20.0,True,-43.89227455185707,2.069359899760916,8.346715860456527,-75.2647493559522,12.689535840505126,6,calibration,2,dot,0.25,0,calibration
2.5265378000040073,153,833.0,588.0,20.0,True,-22.198176538138526,0.989527934909904,17.129403639670684,-94.61434319906903,13.614061658461956,6,calibration,2,dot,0.25,0,calibration
2.5431303000077605,154,769.0,582.0,20.0,True,1.5213824558155764,-0.37154422615963445,24.99530185521457,-115.2220493194617,14.416202456412323,6,calibration,2,dot,0.25,0,calibration
2.5602584000007482,155,688.0,573.0,20.0,True,24.503694924004556,-1.574876319915438,31.941724080452552,-138.66078974176574,16.20437206031177,6,calibration,2,dot,0.25,0,calibration
2.5766733000054955,156,527.0,552.0,20.0,True,46.30234276315767,-2.459632305830561,37.49507475256058,-164.1189209290709,18.011445086644574,6,calibration,2,dot,0.25,0,calibration
2.5930945000000065,157,414.0,539.0,20.0,True,65.06206135669169,-2.862014851520988,42.358862352908844,-190.91567912529558,18.51605380709681,6,calibration,2,dot,0.25,0,calibration
2.609942500013858,158,304.0,523.0,20.0,True,81.27863023229482,-2.915326204095208,46.53803140627754,-216.14034082724854,19.387285516742065,6,calibration,2,dot,0.25,0,calibration
2.6269491000130074,159,143.0,486.0,20.0,True,94.29393536794214,-2.386150027105556,50.331935726728446,-239.79709549428952,20.994236563427634,6,calibration,2,dot,0.25,0,calibration
2.6429470000002766,160,50.0,461.0,20.0,True,106.25689656957607,-0.8185777925839297,53.40267084341707,-261.9091277201519,22.311132673903803,6,calibration,2,dot,0.25,0,calibration
2.660505900013959,161,-32.0,437.0,20.0,True,118.07728932638244,2.339999431925185,55.86392167044954,-284.4844112939186,23.49894059188965,6,calibration,2,dot,0.25,0,calibration
2.6762667000002693,162,-102.0,416.0,20.0,True,130.63539641370457,7.361602962314481,56.841335037297156,-308.2708337598118,24.876564656974125,6,calibration,2,dot,0.25,0,calibration
2.6928612000046996,163,-129.0,408.0,20.0,True,144.77595358790407,14.46322802559446,56.92534202742662,-333.0839209632205,25.30305629719045,6,calibration,2,dot,0.25,0,calibration
2.709707600006368,164,-143.0,403.0,14.866068747318506,True,160.68981346362284,22.896651476177023,56.23589540197609,-356.6117550745716,20.119512390941235,6,calibration,2,dot,0.25,0,calibration
2.726332400008687,165,-147.0,401.0,4.47213595499958,True,178.21068121888587,32.02302866101509,55.447506062761384,-377.94879858549683,6.617854752264718,6,calibration,2,dot,0.25,0,calibration
2.7437704000039957,166,-149.0,401.0,2.0,True,195.21847857629467,41.22517225549966,52.61907177463425,-396.5239378468542,2.0516002497440846,6,calibration,2,dot,0.25,0,calibration
2.760375500001828,167,-149.0,401.0,0.0,False,210.6648692493599,50.632612870974725,50.46439963307341,-396.8039117368596,0.0,6,calibration,2,dot,0.25,0,calibration
2.776349800013122,168,-149.0,401.0,0.0,False,225.2884011738858,61.52652287035793,47.12398734721536,-397.2144632519056,0.0,6,calibration,2,dot,0.25,0,calibration
2.794593900005566,169,-149.0,401.0,0.0,False,239.14439474045352,74.70854603900133,41.22300493902524,-397.8701595543414,0.0,6,calibration,2,dot,0.25,0,calibration
2.8100288000132423,170,-149.0,401.0,0.0,False,251.78731329421052,90.31777213636143,33.101531789257905,-398.6280077882195,0.0,6,calibration,2,dot,0.25,0,calibration
2.826511400009622,171,-149.0,401.0,0.0,False,262.1197102193158,106.67752740850177,23.214133520422674,-399.32581184403296,0.0,6,calibration,2,dot,0.25,0,calibration
2.8436258000001544,172,-149.0,401.0,0.0,False,269.8873758285208,121.68917759363963,12.485088007529958,-399.8051057420906,0.0,6,calibration,2,dot,0.25,0,calibration
2.860014300007606,173,-149.0,401.0,0.0,False,275.76977895673764,134.63403939619434,0.5251903608996925,-399.9996552187074,0.0,6,calibration,2,dot,0.25,0,calibration
2.87679520000529,174,-149.0,401.0,0.0,False,279.5220253700269,145.58193978754556,-12.588599751197687,-399.8018598709918,0.0,6,calibration,2,dot,0.25,0,calibration
2.8935589000029722,175,-149.0,401.0,0.0,False,281.8103894496094,155.78831884659863,-27.477901819960188,-399.0550900709984,0.0,6,calibration,2,dot,0.25,0,calibration
2.9105258000054164,176,-149.0,401.0,0.0,False,283.01846470153237,165.93878072875475,-44.65351914933084,-397.4997650660694,0.0,6,calibration,2,dot,0.25,0,calibration
2.9265825000038603,177,-149.0,401.0,0.0,False,283.4166544759778,176.95892368520992,-64.09224369533281,-394.83184306499146,0.0,6,calibration,2,dot,0.25,0,calibration
2.9427040000009583,178,-149.0,401.0,0.0,False,282.7025645559567,189.0977022061609,-84.23583222608549,-391.02982567724774,0.0,6,calibration,2,dot,0.25,0,calibration
2.9605389000062132,179,-149.0,401.0,0.0,False,280.1606192449053,202.6393816407151,-105.73127543846022,-384.1632123116019,0.0,6,calibration,2,dot,0.25,0,calibration
2.97626300000411,180,-149.0,401.0,0.0,False,274.67595660511273,217.51074885948495,-125.98061236482343,-375.16757768265256,0.0,6,calibration,2,dot,0.25,0,calibration
2.9938649000105215,181,-149.0,401.0,0.0,False,266.8522202835532,232.3788445243726,-144.4971043251739,-364.27679894526875,0.0,6,calibration,2,dot,0.25,0,calibration
0.0009537000005366281,1,174.0,308.0,20.0,True,-299.8386262778121,-4.388806791865772,296.78331646725184,-6.674944786832595,2.9174111853089313,7,calibration,2,square,0.25,0,calibration
0.008472400004393421,2,174.0,308.0,0.0,False,-300.7573100197964,-14.120674527952518,289.6660595582008,-20.760485676777275,0.0,7,calibration,2,square,0.25,0,calibration
0.02519929999834858,3,217.0,366.0,20.0,True,-299.7328573891347,-24.779816998067716,282.8645186144259,-33.98179315052071,4.8824419220120285,7,calibration,2,square,0.25,0,calibration
0.04229420000046957,4,309.0,460.0,20.0,True,-297.4412219193134,-36.07054099656419,275.2836365156468,-46.39764976001979,8.264094533354884,7,calibration,2,square,0.25,0,calibration
0.058726899995235726,5,429.0,536.0,20.0,True,-294.2136207978286,-47.520817130905215,266.78046855933553,-58.14807587049228,12.859168568282497,7,calibration,2,square,0.25,0,calibration
0.07511689999955706,6,490.0,543.0,20.0,True,-290.2611754534796,-58.622762745514976,256.78719143186885,-69.68320638793934,19.249772912531373,7,calibration,2,square,0.25,0,calibration
0.09192130000155885,7,567.0,513.0,20.0,True,-286.47992981048594,-69.31020517486098,245.28443730275714,-81.61805256886477,20.764973987304856,7,calibration,2,square,0.25,0,calibration
0.10845600000175182,8,606.0,476.0,20.0,True,-282.8375179569825,-80.28321547233986,231.9240630134164,-93.69350343527297,19.169414977875768,7,calibration,2,square,0.25,0,calibration
0.12495969999872614,9,636.0,417.0,20.0,True,-279.7104340741758,-91.9845013897466,216.89318405852805,-105.44106829848484,15.727747420805203,7,calibration,2,square,0.25,0,calibration
0.14116899999498855,10,651.0,332.0,20.0,True,-277.1201787562548,-104.16420364696386,201.07356094880456,-115.96104770159187,11.975819571938931,7,calibration,2,square,0.25,0,calibration
0.1586408000002848,11,643.0,271.0,20.0,True,-275.56469357368877,-115.67551079900197,182.57932335695762,-125.35725901715448,8.002573649151135,7,calibration,2,square,0.25,0,calibration
0.17531000000599306,12,618.0,196.0,20.0,True,-274.25127536277614,-126.47148453481711,161.6318540604182,-132.61806531075933,5.8812916548145004,7,calibration,2,square,0.25,0,calibration
0.19130190000578295,13,555.0,108.0,20.0,True,-273.01036846029433,-137.22015528605115,138.29630526779926,-137.0854894314578,0.3273442908585089,7,calibration,2,square,0.25,0,calibration
0.20830310000746977,14,493.0,49.0,20.0,True,-271.57937721415647,-148.12915742709157,115.2336832857965,-139.03431625728962,-3.811978510768641,7,calibration,2,square,0.25,0,calibration
0.22492870000132825,15,392.0,-15.0,20.0,True,-269.76272252517686,-159.86542078467164,92.48833661435829,-139.41621283927984,-9.07638140141569,7,calibration,2,square,0.25,0,calibration
0.24135160000878386,16,328.0,-42.0,20.0,True,-267.73886271950374,-171.40088893418232,71.50165004300307,-138.26381300931897,-13.500640522654855,7,calibration,2,square,0.25,0,calibration
0.2582756000047084,17,279.0,-47.0,20.0,True,-265.48213887903245,-183.9381101906307,53.629138536622165,-135.33982943949084,-20.8344702040282,7,calibration,2,square,0.25,0,calibration
0.2751745999994455,18,229.0,-43.0,20.0,True,-262.94979208032794,-196.59430227190526,40.17560573723432,-131.0773274568618,-24.962320072542866,7,calibration,2,square,0.25,0,calibration
0.2915376000019023,19,198.0,-27.0,20.0,True,-259.64811749681775,-209.442933467955,30.44347290721794,-126.10834158804091,-33.307253306041,7,calibration,2,square,0.25,0,calibration
0.3085233000019798,20,173.0,-2.0,20.0,True,-253.43662530182186,-222.58148505645985,23.014639276518977,-120.84448587071053,-38.545060576036654,7,calibration,2,square,0.25,0,calibration
0.32501040000352077,21,141.0,60.0,20.0,True,-244.52984822287215,-234.9400990986344,16.68643182853067,-115.18497674590706,-38.46626022020254,7,calibration,2,square,0.25,0,calibration
0.3416004000027897,22,126.0,128.0,20.0,True,-232.5503120087482,-245.91772271858235,10.708028216138946,-108.47971254791022,-33.815840986944934,7,calibration,2,square,0.25,0,calibration
0.3585800000000745,23,119.0,192.0,20.0,True,-220.63437143060395,-255.31867188108527,5.033592122419755,-100.09526334687494,-31.705353996535976,7,calibration,2,square,0.25,0,calibration
0.375057299999753,24,134.0,297.0,20.0,True,-208.47355635961287,-263.1336304758221,-0.40383848357919927,-87.65393813726075,-25.33369065702349,7,calibration,2,square,0.25,0,calibration
0.39186329999938607,25,156.0,368.0,20.0,True,-196.14140862171763,-270.47658959584777,-5.449264934812809,-71.30699127524102,-21.19596108182742,7,calibration,2,square,0.25,0,calibration
0.4085395000001881,26,185.0,433.0,20.0,True,-182.64168806562432,-277.5483633289445,-9.44689289658702,-52.152837615577766,-17.471507585302916,7,calibration,2,square,0.25,0,calibration
0.42509489999793004,27,272.0,553.0,20.0,True,-167.55042427905963,-285.07263207452826,-11.858266149629054,-33.14275804701044,-11.30525042282228,7,calibration,2,square,0.25,0,calibration
0.4413356000004569,28,296.0,580.0,20.0,True,-151.79460332855115,-292.7071958880389,-12.338829755825403,-15.634448776628165,-9.1388367708212,7,calibration,2,square,0.25,0,calibration
0.45855809999920893,29,376.0,600.0,20.0,True,-136.7645830040941,-301.40387837986617,-10.7367704345627,0.11487580670805642,7.5753767513600865,7,calibration,2,square,0.25,0,calibration
0.47490070000640117,30,422.0,600.0,20.0,True,-122.4221460129205,-310.6549461103189,-6.615471243403181,13.775857660794642,11.030530738489393,7,calibration,2,square,0.25,0,calibration
0.4917171999986749,31,464.0,600.0,20.0,True,-108.77075630215892,-319.50301052301234,-0.21696789835943342,25.75121259529247,7.357973189740687,7,calibration,2,square,0.25,0,calibration
0.5087157000089064,32,521.0,600.0,20.0,True,-95.10819463538894,-328.4113896340263,7.823508666080446,36.00256050564298,4.410334500941698,7,calibration,2,square,0.25,0,calibration
0.5251157000020612,33,554.0,600.0,20.0,True,-82.51435101512723,-336.8808538721115,16.79628545230043,45.04645995331529,2.509926808418579,7,calibration,2,square,0.25,0,calibration
0.5727399000024889,34,682.0,578.0,20.0,True,-70.88268327758632,-345.4664011300135,28.33601051681006,52.79246627066813,3.392966861920814,7,calibration,2,square,0.25,0,calibration
0.5771390000008978,35,695.0,570.0,15.264337522473747,True,-60.80593437332999,-353.862724905652,44.994680956538225,59.15467579119595,5.8182804495441385,7,calibration,2,square,0.25,0,calibration
0.5920178000087617,36,708.0,560.0,16.401219466856727,True,-51.23271416619468,-361.97368333192804,66.1752773919983,63.7149341412872,5.778979799108393,7,calibration,2,square,0.25,0,calibration
0.6086543999990681,37,730.0,539.0,20.0,True,-42.16879425934245,-370.0362430354412,89.76753581167189,66.72081777682142,7.3819057721380466,7,calibration,2,square,0.25,0,calibration
0.6253293000045232,38,753.0,513.0,20.0,True,-34.096056777419975,-377.2769955698471,112.38917146317766,68.99793190127983,8.18238246919224,7,calibration,2,square,0.25,0,calibration
0.6413036000012653,39,773.0,480.0,20.0,True,-26.730096935131748,-384.16487149855493,133.55367128575935,71.26595788749182,10.76902190968903,7,calibration,2,square,0.25,0,calibration
0.657932800007984,40,781.0,455.0,20.0,True,-19.893839278775154,-390.90449825358615,152.475736061131,73.6743088843857,14.072154230816034,7,calibration,2,square,0.25,0,calibration
0.6756112000002759,41,784.0,431.0,20.0,True,-13.357817573956071,-398.7604397941794,168.9461263753725,75.68892670212136,16.7896374897797,7,calibration,2,square,0.25,0,calibration
0.6911069000052521,42,781.0,392.0,20.0,True,-7.594344986101518,-399.92790090744114,183.5648988427024,77.19423965774598,19.311118365715537,7,calibration,2,square,0.25,0,calibration
0.7080384000000777,43,771.0,367.0,20.0,True,-2.934243918170255,-399.98923762099986,197.52551794839422,78.06975777798223,21.574237121454686,7,calibration,2,square,0.25,0,calibration
0.7247347000084119,44,753.0,333.0,20.0,True,1.318820623981674,-399.9978258842937,211.34807557541103,78.63454007910263,21.699898867138625,7,calibration,2,square,0.25,0,calibration
0.7419116999953985,45,715.0,282.0,20.0,True,5.111091983456749,-399.9673445904511,225.04646050352915,78.88388407630232,21.561128831973505,7,calibration,2,square,0.25,0,calibration
0.757999599998584,46,682.0,237.0,20.0,True,9.052737039927099,-399.89754681928963,238.40328588793395,78.98148851368371,20.427095629023167,7,calibration,2,square,0.25,0,calibration
0.7749073000013595,47,648.0,200.0,20.0,True,13.46715567941597,-399.77323036679974,251.20370712845093,79.0177168744395,18.382677550861633,7,calibration,2,square,0.25,0,calibration
0.7920038000011118,48,599.0,147.0,20.0,True,19.812857808340407,-399.5090119953072,264.3821826044842,79.0308101622385,15.197725144641128,7,calibration,2,square,0.25,0,calibration
0.8086676000093576,49,563.0,115.0,20.0,True,28.196197184293545,-399.0049805006755,277.90184582106576,79.22409472715924,12.619076465110897,7,calibration,2,square,0.25,0,calibration
0.8250289999996312,50,509.0,78.0,20.0,True,38.479658984240544,-398.14484279525277,292.62010432882573,80.46120015902488,10.897383214107606,7,calibration,2,square,0.25,0,calibration
0.8421563000010792,51,473.0,56.0,20.0,True,49.59054911188448,-396.9140680786986,308.63387445149016,83.01427064584848,10.20929778166279,7,calibration,2,square,0.25,0,calibration
0.8584558000002289,52,435.0,40.0,20.0,True,61.65708417899622,-395.2194377438238,328.10556292023244,86.9725314197496,7.35213329964457,7,calibration,2,square,0.25,0,calibration
0.8754886999959126,53,388.0,22.0,20.0,True,73.81007033386678,-393.13111491881386,350.7087553594636,92.17738702334886,5.935481763494028,7,calibration,2,square,0.25,0,calibration
0.8913622999971267,54,353.0,12.0,20.0,True,86.78103217409084,-390.472857513553,374.60360145635406,98.91260267260766,3.649166852782375,7,calibration,2,square,0.25,0,calibration
0.9082884000090417,55,323.0,8.0,20.0,True,100.31947319494324,-387.2157064194182,386.20707410175885,104.13498890266699,0.7796215187289612,7,calibration,2,square,0.25,0,calibration
0.9252384999999776,56,283.0,8.0,20.0,True,115.43296736557903,-382.9820231357827,385.34019916445095,107.29832667801138,-1.5454129674963935,7,calibration,2,square,0.25,0,calibration
0.9416352999978699,57,258.0,8.0,20.0,True,130.31836834843446,-378.1760474580612,384.2395846778004,111.17527407940773,-1.920830499108408,7,calibration,2,square,0.25,0,calibration
0.958304700005101,58,237.0,13.0,20.0,True,145.3160660782483,-372.67041865372437,382.9555371797646,115.52080567308194,-3.7736563317110217,7,calibration,2,square,0.25,0,calibration
0.975183400005335,59,210.0,26.0,20.0,True,159.13316327464474,-366.9831553984532,381.6026338850563,119.91426025284736,-4.220283735537825,7,calibration,2,square,0.25,0,calibration
0.9914716000057524,60,203.0,31.0,8.602325267042627,True,172.3829495217823,-360.94891427204857,380.1686623552597,124.38564291353137,-1.5471995315419482,7,calibration,2,square,0.25,0,calibration
1.0085980000003474,61,194.0,37.0,10.816653826391969,True,184.4340448039178,-354.9423659092648,378.56887301285246,129.17278500434534,-1.5077538426530457,7,calibration,2,square,0.25,0,calibration
1.0252376999997068,62,182.0,47.0,15.620499351813308,True,195.2392468390603,-348.83081956387736,376.5935265396841,134.82327606316446,-1.4689694232381796,7,calibration,2,square,0.25,0,calibration
1.0415782000054605,63,179.0,54.0,7.615773105863909,True,203.65855066658463,-342.1835925669588,374.2192010443402,141.279827186105,-0.4475154346794413,7,calibration,2,square,0.25,0,calibration
1.0582278000074439,64,176.0,61.0,7.615773105863909,True,210.33817675123228,-335.0922646189603,371.1112528040677,149.25293311086153,-0.35165370431513154,7,calibration,2,square,0.25,0,calibration
1.074920300001395,65,172.0,71.0,10.770329614269007,True,215.61454852863025,-327.68065307327316,367.5484917700929,157.82302176022975,-0.19140161652803175,7,calibration,2,square,0.25,0,calibration
1.091443800003617,66,171.0,81.0,10.04987562112089,True,220.3483756854073,-320.390048877074,363.54632317968316,166.83546056679126,-0.6298049309139913,7,calibration,2,square,0.25,0,calibration
1.1084552999964217,67,171.0,98.0,17.0,True,224.23680095598016,-313.1453049505029,359.62604496404833,175.12597689525177,-1.10365936087197,7,calibration,2,square,0.25,0,calibration
1.124692800003686,68,178.0,121.0,20.0,True,227.68539224671878,-305.535928183353,355.7981690485251,182.77763238896912,-0.10508258342812216,7,calibration,2,square,0.25,0,calibration
1.141587400008575,69,193.0,159.0,20.0,True,230.70960711983253,-296.9403884436514,352.037375269952,189.92021064921704,0.6294031434221514,7,calibration,2,square,0.25,0,calibration
1.1579825000080746,70,236.0,228.0,20.0,True,233.75803824402556,-287.6427440044717,348.2215959273651,196.82916483539435,1.7330559513133692,7,calibration,2,square,0.25,0,calibration
1.175480999998399,71,266.0,267.0,20.0,True,236.6042480624526,-277.5008614043725,344.07532498700596,203.99061433087132,2.3495906824708768,7,calibration,2,square,0.25,0,calibration
1.1919497000053525,72,320.0,321.0,20.0,True,239.42788477396965,-266.43769511081325,339.3774509135642,211.71430233078573,3.0340244281217577,7,calibration,2,square,0.25,0,calibration
1.208210800003144,73,360.0,356.0,20.0,True,242.43541479639865,-254.287798581818,334.5484636765426,219.26542238042236,3.7971299868156216,7,calibration,2,square,0.25,0,calibration
1.2250752999971155,74,403.0,389.0,20.0,True,245.7246962192839,-241.2418318500341,329.8043632920169,226.33842350239024,5.510493923868882,7,calibration,2,square,0.25,0,calibration
1.2419362000073306,75,462.0,429.0,20.0,True,249.32999595976224,-227.41679771786372,325.584273460854,232.36798590805878,8.717156509652277,7,calibration,2,square,0.25,0,calibration
1.2583400000003166,76,506.0,451.0,20.0,True,253.33159636292893,-212.48057832344264,321.53363892415786,237.94141934558024,13.04706748981571,7,calibration,2,square,0.25,0,calibration
1.2752498000045307,77,545.0,472.0,20.0,True,257.45287254278566,-196.55802790881387,317.61452217846255,243.1481344804992,16.15314023728645,7,calibration,2,square,0.25,0,calibration
1.2915329999959795,78,598.0,503.0,20.0,True,261.7676174884078,-179.2609405928101,312.90937987472614,247.69528753147878,19.372606735824803,7,calibration,2,square,0.25,0,calibration
1.3082579000038095,79,633.0,520.0,20.0,True,266.4212103852266,-161.33810814314998,307.2867630242702,251.52297844361462,22.932741265767195,7,calibration,2,square,0.25,0,calibration
1.325557200005278,80,663.0,534.0,20.0,True,271.27157389839545,-141.26693225611442,300.84560850103924,254.72455204585216,24.943141893642327,7,calibration,2,square,0.25,0,calibration
1.341308700008085,81,719.0,557.0,20.0,True,275.5591553345186,-120.40354820806829,294.0184814760523,257.0662657517122,26.201310927188967,7,calibration,2,square,0.25,0,calibration
1.3584160000027623,82,752.0,568.0,20.0,True,279.14899394763,-98.96861351653374,286.56481910748334,258.69595586343115,26.556552853726714,7,calibration,2,square,0.25,0,calibration
1.3749487000022782,83,805.0,581.0,20.0,True,280.934971351811,-78.8067298234763,277.1903168190516,260.4657712958295,24.662951055087575,7,calibration,2,square,0.25,0,calibration
1.391601700001047,84,837.0,588.0,20.0,True,281.9228713600416,-59.57274403704153,265.95442346026715,262.7397357899597,23.57247284905904,7,calibration,2,square,0.25,0,calibration
1.408456600009231,85,862.0,591.0,20.0,True,282.241293749021,-40.8803290852781,253.9235334281212,265.28117349559494,21.657055144294585,7,calibration,2,square,0.25,0,calibration
1.4248665000050096,86,893.0,595.0,20.0,True,282.86622430000165,-23.218325056022685,242.7174080518563,267.08564444475775,22.435625494201084,7,calibration,2,square,0.25,0,calibration
1.4416473000019323,87,915.0,595.0,20.0,True,283.03431775499337,-6.241815011718394,232.20917224534546,268.08882206928706,20.10750190580969,7,calibration,2,square,0.25,0,calibration
1.4584678999963216,88,935.0,595.0,20.0,True,282.0520548789254,10.028964706520533,221.2725652087509,268.1370183125684,18.79460501268866,7,calibration,2,square,0.25,0,calibration
1.474823299999116,89,959.0,595.0,20.0,True,279.45447533173694,26.005477973197085,209.01409589536448,266.8672787404088,16.683964191155834,7,calibration,2,square,0.25,0,calibration
1.4913541999994777,90,959.0,595.0,0.0,False,270.89571705869355,40.10301100263457,194.92687286454318,263.99642695702306,0.0,7,calibration,2,square,0.25,0,calibration
1.5084000000060769,91,959.0,595.0,0.0,False,260.0574848797244,53.44559054332492,179.92636564850818,259.77136123889125,0.0,7,calibration,2,square,0.25,0,calibration
1.5259154999948805,92,959.0,595.0,0.0,False,248.25130902794982,65.32083446360512,165.0231129955365,254.44200760672445,0.0,7,calibration,2,square,0.25,0,calibration
1.5417995000025257,93,959.0,595.0,0.0,False,236.99293607704044,74.99521964795366,150.52020910804094,247.93992325067595,0.0,7,calibration,2,square,0.25,0,calibration
1.5588600000046426,94,959.0,595.0,0.0,False,225.97209524334716,82.2466906674063,136.7965469477954,240.1156601829382,0.0,7,calibration,2,square,0.25,0,calibration
1.5753571999957785,95,959.0,595.0,0.0,False,214.78051980034968,87.79355686625657,124.22792029149082,230.98612262784837,0.0,7,calibration,2,square,0.25,0,calibration
1.5924159999995027,96,959.0,595.0,0.0,False,203.21538200331736,91.65188565782469,112.80587396709883,219.8165923004017,0.0,7,calibration,2,square,0.25,0,calibration
1.6082165999978315,97,959.0,595.0,0.0,False,192.508860617067,93.91174800069251,102.87669054940389,206.86195819473667,0.0,7,calibration,2,square,0.25,0,calibration
1.62557960000413,98,959.0,595.0,0.0,False,182.95830529831014,94.75307373850383,94.25417883281104,192.31383953757967,0.0,7,calibration,2,square,0.25,0,calibration
1.6414617999980692,99,959.0,595.0,0.0,False,173.98342816791995,94.268519318162,87.75479008342907,177.39150012534583,0.0,7,calibration,2,square,0.25,0,calibration
1.6583366999984719,100,959.0,595.0,0.0,False,164.4551632042697,92.62796623176503,82.52027118882015,161.80902549077152,0.0,7,calibration,2,square,0.25,0,calibration
1.6750170000013895,101,959.0,595.0,0.0,False,153.92465978235956,89.52381674261493,78.77590831605262,146.07829117864958,0.0,7,calibration,2,square,0.25,0,calibration
1.6921296000073198,102,959.0,595.0,0.0,False,142.22408467995356,86.09015574464311,76.13982884923213,130.12360426755603,0.0,7,calibration,2,square,0.25,0,calibration
1.707956500002183,103,959.0,595.0,0.0,False,130.3446734514218,82.5777151650121,74.29192319697991,114.33905046728273,0.0,7,calibration,2,square,0.25,0,calibration
1.7251277000032132,104,959.0,595.0,0.0,False,118.05426076508692,79.83410483322331,72.51700444149765,98.66374655988861,0.0,7,calibration,2,square,0.25,0,calibration
1.7418448999960674,105,959.0,595.0,0.0,False,106.60244008863876,77.78189677917635,71.00998517504539,82.37645342922593,0.0,7,calibration,2,square,0.25,0,calibration
1.7588099999993574,106,959.0,595.0,0.0,False,95.64061511967459,76.45068846660708,69.55089192384362,65.55629949137978,0.0,7,calibration,2,square,0.25,0,calibration
1.776751700002933,107,959.0,595.0,0.0,False,85.67867956127188,75.73066292312106,67.72216653302914,47.44850552484847,0.0,7,calibration,2,square,0.25,0,calibration
1.7920623999962118,108,959.0,595.0,0.0,False,76.1008679437978,75.29631792072739,65.49816940247594,28.858429040927376,0.0,7,calibration,2,square,0.25,0,calibration
1.8091874000092503,109,959.0,595.0,0.0,False,66.6643322350952,75.10782995745488,63.554195169549814,10.753399321044526,0.0,7,calibration,2,square,0.25,0,calibration
1.825416799998493,110,959.0,595.0,0.0,False,57.0155785296395,75.03456572782257,62.45206989869498,-6.013689072036932,0.0,7,calibration,2,square,0.25,0,calibration
1.8419845000025816,111,959.0,595.0,0.0,False,46.45112240021824,75.13898009431007,61.69905033320336,-21.32438604132352,0.0,7,calibration,2,square,0.25,0,calibration
1.8587969000072917,112,945.0,528.0,20.0,True,35.04686037581269,72.71428427344856,60.89049023643231,-35.361865894746444,-11.707342428575377,7,calibration,2,square,0.25,0,calibration
1.874873499997193,113,904.0,516.0,20.0,True,22.16464172648344,71.89133688077887,59.64970696431378,-48.32947562939951,12.09316151021525,7,calibration,2,square,0.25,0,calibration
1.8918566000065766,114,896.0,513.0,8.54400374531753,True,7.585326667639528,71.20174393786958,57.892159920117386,-60.043305029302836,3.978978498098911,7,calibration,2,square,0.25,0,calibration
1.9085118000075454,115,880.0,508.0,16.76305461424021,True,-8.467397671874156,70.46227247691206,55.409100318842015,-71.23675577434979,7.866723331953935,7,calibration,2,square,0.25,0,calibration
1.924998800008325,116,850.0,494.0,20.0,True,-28.47429628843205,69.0358075390749,52.091634170508165,-82.32607250360032,5.381984449817818,7,calibration,2,square,0.25,0,calibration
1.9415695000061532,117,830.0,482.0,20.0,True,-51.01447193978416,67.48658056839473,48.177411058403486,-93.39454203000275,2.3960787759801194,7,calibration,2,square,0.25,0,calibration
1.9592818999954034,118,812.0,470.0,20.0,True,-76.14198738634961,65.84661869895365,43.804760832634756,-104.5531445968866,0.9274611591049964,7,calibration,2,square,0.25,0,calibration
1.9757853000046453,119,781.0,451.0,20.0,True,-100.7732515167965,64.96968197216378,38.93881981898846,-115.66847001929247,1.0007523712412425,7,calibration,2,square,0.25,0,calibration
1.9914321999967797,120,745.0,427.0,20.0,True,-125.83059968060917,64.059011719052,33.833658769965986,-126.18782597374918,-0.21341080738093376,7,calibration,2,square,0.25,0,calibration
2.0087985999998637,121,730.0,416.0,18.601075237738275,True,-150.4451777959506,63.35718930011655,28.537147435695946,-136.09949925812103,-1.4637921987873213,7,calibration,2,square,0.25,0,calibration
2.0249271000066074,122,686.0,379.0,20.0,True,-174.93267127573685,63.60607009590251,22.963519605131886,-145.53004569481843,-3.693993264458595,7,calibration,2,square,0.25,0,calibration
2.042416800002684,123,651.0,349.0,20.0,True,-198.5019682680239,64.58712710673764,16.87363373780505,-154.92712939408503,-4.550360696828215,7,calibration,2,square,0.25,0,calibration
2.0590057000081288,124,603.0,310.0,20.0,True,-220.68351689126143,66.60642272158368,9.764727137462497,-164.433797088044,-5.080967917896766,7,calibration,2,square,0.25,0,calibration
2.074737200004165,125,571.0,283.0,20.0,True,-239.7869201242693,68.71668682911732,1.9428779546504922,-173.81445912881975,-5.9175285776708275,7,calibration,2,square,0.25,0,calibration
2.0923022000060882,126,541.0,259.0,20.0,True,-255.63047508709968,71.52946029858981,-6.765615922861188,-183.40107604354253,-6.555947009614888,7,calibration,2,square,0.25,0,calibration
2.10898430000816,127,500.0,228.0,20.0,True,-268.78056233367124,75.31679986842902,-16.194787264511124,-192.92116929277483,-7.804682377902994,7,calibration,2,square,0.25,0,calibration
2.1248134000052232,128,463.0,202.0,20.0,True,-281.4286427869226,80.56186715854365,-27.278600775997486,-202.57887692669524,-9.18063315021812,7,calibration,2,square,0.25,0,calibration
2.142274700003327,129,431.0,176.0,20.0,True,-293.5535919400358,86.1782681785573,-39.693568163114676,-211.75107140312588,-11.195064086616075,7,calibration,2,square,0.25,0,calibration
2.1585024000087287,130,384.0,148.0,20.0,True,-305.1059977767047,91.92520165418718,-53.385012576534976,-219.9864332894143,-9.175325428359999,7,calibration,2,square,0.25,0,calibration
2.1750700999982655,131,361.0,137.0,20.0,True,-315.1321733030619,97.28100359123073,-68.81705403443299,-226.5144980999015,-8.130304459394273,7,calibration,2,square,0.25,0,calibration
2.1916550000023562,132,343.0,128.0,20.0,True,-323.86332226059244,102.94797843742454,-85.588618579663,-231.03741234870284,-9.46489011929411,7,calibration,2,square,0.25,0,calibration
2.2081529999995837,133,324.0,119.0,20.0,True,-331.34714297519486,108.87121983317593,-103.16369827169639,-233.72821799540415,-10.303014804269853,7,calibration,2,square,0.25,0,calibration
2.225730999998632,134,312.0,112.0,13.892443989449804,True,-337.582305474091,115.07176279210931,-120.61539657364789,-234.89155710367376,-8.866095448665137,7,calibration,2,square,0.25,0,calibration
2.241175500006648,135,302.0,107.0,11.180339887498949,True,-342.6753278556095,121.89412525089897,-138.791775639257,-235.34303721795297,-8.14562549908963,7,calibration,2,square,0.25,0,calibration
2.2582021999987774,136,298.0,106.0,4.123105625617661,True,-346.7346861417356,129.3613161794573,-157.09243695935723,-235.50991754322766,-2.977068456138306,7,calibration,2,square,0.25,0,calibration
2.275040100008482,137,297.0,105.0,1.4142135623730951,True,-350.06772178688675,137.7803351529205,-174.18470079372432,-235.5700981141292,-1.5652052549661395,7,calibration,2,square,0.25,0,calibration
2.2919742000085535,138,294.0,104.0,3.1622776601683795,True,-353.3606212402317,146.56998198299982,-188.7174538342818,-235.5915158053558,-2.885443825322479,7,calibration,2,square,0.25,0,calibration
2.308041800002684,139,293.0,104.0,1.0,True,-356.59524823735705,155.94767123808305,-200.7010386899981,-235.41046365368317,-0.6738104221763017,7,calibration,2,square,0.25,0,calibration
2.3251586999977008,140,293.0,104.0,0.0,False,-357.12399497386184,166.68809247808136,-210.99019869490786,-234.27197990151427,0.0,7,calibration,2,square,0.25,0,calibration
2.3412062999996124,141,297.0,106.0,4.47213595499958,True,-353.9750398475543,178.2789542985873,-220.4315571838709,-231.67798544865443,6.305941606399562,7,calibration,2,square,0.25,0,calibration
2.3583157999964897,142,311.0,117.0,17.804493814764857,True,-349.3348565541128,190.51930605625816,-229.6195441995617,-227.12445525020203,22.907759087799562,7,calibration,2,square,0.25,0,calibration
2.375073200004408,143,345.0,148.0,20.0,True,-343.7468368316253,202.56701900158413,-239.0104518738954,-220.84058917318532,23.231818652111443,7,calibration,2,square,0.25,0,calibration
2.3917141999991145,144,452.0,239.0,20.0,True,-338.02850552685504,213.86147257344163,-248.81363077643806,-212.98772889761293,22.162337572714364,7,calibration,2,square,0.25,0,calibration
2.4081923000048846,145,515.0,292.0,20.0,True,-331.4057681897501,223.98709072301824,-258.4521159246222,-203.92149721962394,20.883109381071097,7,calibration,2,square,0.25,0,calibration
2.425148199996329,146,574.0,334.0,20.0,True,-324.54539568723754,233.8167789920442,-266.08496810309265,-193.2603350338416,18.3358194101791,7,calibration,2,square,0.25,0,calibration
2.441545000008773,147,658.0,383.0,20.0,True,-317.32893453992085,243.42527269191334,-270.55143905029945,-180.8638008575212,14.807580640471798,7,calibration,2,square,0.25,0,calibration
2.4587458000023616,148,707.0,407.0,20.0,True,-309.3582527990044,252.59326398727495,-271.4362925884072,-167.05859949629775,10.793150544576191,7,calibration,2,square,0.25,0,calibration
2.475301099999342,149,783.0,441.0,20.0,True,-300.8968124774762,260.74456705665614,-269.6298070282779,-153.44889381119418,8.31577121493724,7,calibration,2,square,0.25,0,calibration
2.4918829000089318,150,829.0,464.0,20.0,True,-292.0369784809938,268.5956056096803,-266.02794045710266,-140.79979441843653,5.818913712931333,7,calibration,2,square,0.25,0,calibration
2.5082315000036033,151,875.0,487.0,20.0,True,-282.8755522451075,276.2235652304677,-261.3440792039024,-129.51413037761964,4.352101699463651,7,calibration,2,square,0.25,0,calibration
2.525363299995661,152,923.0,512.0,20.0,True,-272.67415112530705,283.74458976347717,-255.9078686835353,-118.81680371896383,3.4875018017734405,7,calibration,2,square,0.25,0,calibration
2.541237600002205,153,954.0,527.0,20.0,True,-258.7683228300715,291.6492023741123,-249.47343834737356,-108.53624138774497,3.0206299284945315,7,calibration,2,square,0.25,0,calibration
2.5581781000073534,154,954.0,527.0,0.0,False,-239.50505839226992,299.476404747639,-242.54265156122634,-98.16078695703885,0.0,7,calibration,2,square,0.25,0,calibration
2.5744919999997364,155,954.0,527.0,0.0,False,-214.7593843661805,306.3844160188834,-235.22012487280867,-87.98689723152046,0.0,7,calibration,2,square,0.25,0,calibration
2.591146300008404,156,954.0,527.0,0.0,False,-188.16249880864976,311.34562001155183,-226.86809960116227,-77.08172395234054,0.0,7,calibration,2,square,0.25,0,calibration
2.6081501000007847,157,954.0,527.0,0.0,False,-161.45727772143124,314.51133016602586,-217.2227949343623,-65.57161594739945,0.0,7,calibration,2,square,0.25,0,calibration
2.6252800000074785,158,954.0,527.0,0.0,False,-136.92630546578488,316.5627641482809,-205.61791680786445,-53.77998369204603,0.0,7,calibration,2,square,0.25,0,calibration
2.641221800004132,159,954.0,527.0,0.0,False,-115.30845551421213,317.7324841984204,-192.55425473148298,-42.53602587636378,0.0,7,calibration,2,square,0.25,0,calibration
2.6585189000034006,160,954.0,527.0,0.0,False,-97.90245165415043,317.8376832411706,-178.25957389919188,-31.89592456285584,0.0,7,calibration,2,square,0.25,0,calibration
2.674980499999947,161,954.0,527.0,0.0,False,-84.58177761347788,316.76153802832374,-163.10701876481605,-21.73822635665097,0.0,7,calibration,2,square,0.25,0,calibration
2.6917365999979666,162,954.0,527.0,0.0,False,-74.65987663598197,314.715623339347,-148.323281044744,-12.93529535561576,0.0,7,calibration,2,square,0.25,0,calibration
2.708988300000783,163,954.0,527.0,0.0,False,-66.58435882658847,311.8244829303221,-133.23658637803243,-6.069743172159918,0.0,7,calibration,2,square,0.25,0,calibration
2.7248776000051294,164,954.0,527.0,0.0,False,-58.102797827022926,308.01029009717485,-117.86313855072572,-1.306631085316023,0.0,7,calibration,2,square,0.25,0,calibration
2.7412240999983624,165,954.0,527.0,0.0,False,-49.26866625109558,302.5639444129577,-101.03284877816711,1.6812784980850974,0.0,7,calibration,2,square,0.25,0,calibration
2.7582221000047866,166,954.0,527.0,0.0,False,-40.532074952193724,295.49543511820343,-83.89291676167213,3.2741397857029253,0.0,7,calibration,2,square,0.25,0,calibration
2.774626900005387,167,954.0,527.0,0.0,False,-32.66290395813856,286.9914088604475,-65.83587385870084,3.941059823054662,0.0,7,calibration,2,square,0.25,0,calibration
2.791865899998811,168,954.0,527.0,0.0,False,-24.737924170932384,277.8113997257783,-48.427810376548344,4.19636555346486,0.0,7,calibration,2,square,0.25,0,calibration
2.8088339999958407,169,954.0,527.0,0.0,False,-15.537890307947922,267.96553959014824,-31.535192958841602,4.290099302575844,0.0,7,calibration,2,square,0.25,0,calibration
2.824720200005686,170,954.0,527.0,0.0,False,-5.245936712737368,257.6692646700174,-16.10666738936998,4.323781463458169,0.0,7,calibration,2,square,0.25,0,calibration
2.8412449000024935,171,954.0,527.0,0.0,False,5.688834485249309,247.43490225919086,-0.1269764187271143,4.147126047621495,0.0,7,calibration,2,square,0.25,0,calibration
2.8579505999950925,172,954.0,527.0,0.0,False,15.980112236013511,237.39763629875293,16.541270814762694,3.670369333881164,0.0,7,calibration,2,square,0.25,0,calibration
2.8755572000081884,173,954.0,527.0,0.0,False,26.13550242932347,227.72747058108988,32.98378468908375,2.854661294779976,0.0,7,calibration,2,square,0.25,0,calibration
2.891685399998096,174,954.0,527.0,0.0,False,37.05029221947644,217.19328896257608,47.36775385862076,2.062156359467743,0.0,7,calibration,2,square,0.25,0,calibration
2.908755199998268,175,954.0,527.0,0.0,False,48.918326058339744,206.0266860462439,59.78653818718948,1.7776878287251974,0.0,7,calibration,2,square,0.25,0,calibration
2.9256110999995144,176,954.0,527.0,0.0,False,61.25748615221473,193.3890927109652,71.740117087271,3.091349796420121,0.0,7,calibration,2,square,0.25,0,calibration
2.942044600000372,177,954.0,527.0,0.0,False,72.34236771401801,180.77581734825048,84.61280177091542,5.90858833653043,0.0,7,calibration,2,square,0.25,0,calibration
2.9588887999998406,178,954.0,527.0,0.0,False,81.52077742712508,168.4104017351285,99.06096484587661,10.289711445057474,0.0,7,calibration,2,square,0.25,0,calibration
2.9750734999979613,179,954.0,527.0,0.0,False,88.8178183732008,157.62627761512138,115.2543998406336,15.802959189913036,0.0,7,calibration,2,square,0.25,0,calibration
2.9918026000086684,180,954.0,527.0,0.0,False,95.08204399146169,147.16845149243107,134.9381202902648,23.621286362859944,0.0,7,calibration,2,square,0.25,0,calibration
0.0007925000099930912,1,119.0,179.0,20.0,True,303.7146426332615,-4.023588622632363,-297.10713656804796,0.48723258713991974,18.41160235927487,8,calibration,2,dot,0.25,0,calibration
0.008387900001253001,2,119.0,179.0,0.0,False,311.6522761973393,-12.77774183029959,-289.95696992049136,0.1852192209387205,0.0,8,calibration,2,dot,0.25,0,calibration
0.025906700000632554,3,150.0,210.0,20.0,True,319.6676201582125,-22.168344281335585,-280.16325226337,1.6088955532660045,17.604756100284433,8,calibration,2,dot,0.25,0,calibration
0.04287200000544544,4,236.0,268.0,20.0,True,326.8377211562632,-31.34090456891082,-267.5123398519828,3.4170156110747953,16.59548016032813,8,calibration,2,dot,0.25,0,calibration
0.05897720000939444,5,288.0,279.0,20.0,True,332.4712250283608,-40.82288967226909,-251.67502134165844,4.52276725215874,13.371867675874821,8,calibration,2,dot,0.25,0,calibration
0.07622280000941828,6,334.0,280.0,20.0,True,336.134018856776,-51.43812028119483,-232.66132981006535,4.912621405304945,13.888846859323529,8,calibration,2,dot,0.25,0,calibration
0.09251960000256076,7,401.0,256.0,20.0,True,337.9911599177187,-63.6027750865224,-210.1997263113823,4.403911258711083,9.467516552768327,8,calibration,2,dot,0.25,0,calibration
0.10910750000039116,8,439.0,229.0,20.0,True,338.7561919332481,-76.7772357408424,-183.60308544865245,4.08218435786061,3.9327250206741837,8,calibration,2,dot,0.25,0,calibration
0.12691580000682734,9,469.0,202.0,20.0,True,338.6915350779816,-90.63557964472122,-154.7768303446194,5.4589388864549795,0.9008913086716763,8,calibration,2,dot,0.25,0,calibration
0.1415201000054367,10,500.0,152.0,20.0,True,336.94377348196997,-104.6808980632474,-126.39003471848545,7.887222933823938,-6.514900613285768,8,calibration,2,dot,0.25,0,calibration
0.1592908000020543,11,506.0,116.0,20.0,True,331.9588852358929,-119.84745440598557,-100.86229229507535,11.55947797178949,-17.269408466907624,8,calibration,2,dot,0.25,0,calibration
0.17632980000053067,12,506.0,74.0,20.0,True,323.5342717164235,-134.90675421193168,-77.67128874004004,16.856003283799073,-21.907445030151102,8,calibration,2,dot,0.25,0,calibration
0.19185580000339542,13,485.0,17.0,20.0,True,313.08898357255123,-148.64382763614157,-56.148413452478906,24.741788593435153,-32.07206202186811,8,calibration,2,dot,0.25,0,calibration
0.20876039999711793,14,463.0,-12.0,20.0,True,302.72090405983937,-159.29168724436067,-37.35798288763742,35.30844843914893,-38.194832568477295,8,calibration,2,dot,0.25,0,calibration
0.2254423999984283,15,437.0,-41.0,20.0,True,292.8921611075156,-166.91133674233956,-21.43008412947666,47.220013282493994,-39.28547846951154,8,calibration,2,dot,0.25,0,calibration
0.241380500010564,16,384.0,-73.0,20.0,True,283.23617379604354,-171.89696701499997,-10.544740985698827,60.389072702590276,-38.831617916643644,8,calibration,2,dot,0.25,0,calibration
0.25899550000031013,17,349.0,-85.0,20.0,True,272.5711747591876,-174.57958765282697,-4.1096279449727025,73.5861828200116,-34.051873886326185,8,calibration,2,dot,0.25,0,calibration
0.27648500000941567,18,298.0,-88.0,20.0,True,260.27285260988583,-175.7060348845456,-1.3372757213090458,86.31399382497179,-25.386136118173038,8,calibration,2,dot,0.25,0,calibration
0.291913699998986,19,273.0,-80.0,20.0,True,245.6066603481683,-175.66389796462065,0.2884490167947753,100.03937277191136,-15.253282648799297,8,calibration,2,dot,0.25,0,calibration
0.30902939999941736,20,251.0,-66.0,20.0,True,229.27857268977107,-174.25864785745537,1.382475123482729,114.67476856351705,-8.281952718950961,8,calibration,2,dot,0.25,0,calibration
0.32591500000853557,21,225.0,-34.0,20.0,True,212.67609292379137,-171.23768748247844,2.6755473317732896,129.82757725826457,-0.7931703300212978,8,calibration,2,dot,0.25,0,calibration
0.34195490001002327,22,211.0,8.0,20.0,True,196.98682908185341,-166.47570547786734,3.690188372111534,143.7406065027768,6.900845399763471,8,calibration,2,dot,0.25,0,calibration
0.35995670000556856,23,203.0,66.0,20.0,True,180.87124254022467,-158.14433944255123,4.45478107626334,156.00115785887593,8.07779040382741,8,calibration,2,dot,0.25,0,calibration
0.37523580000561196,24,220.0,183.0,20.0,True,164.57572826226365,-146.31303561989384,5.14450052984615,166.55640714403077,10.636324101077182,8,calibration,2,dot,0.25,0,calibration
0.39268770000489894,25,246.0,244.0,20.0,True,148.6849957710205,-131.50339940136178,5.809841211697216,177.00550204270056,12.052650127847041,8,calibration,2,dot,0.25,0,calibration
0.4087001000007149,26,292.0,313.0,20.0,True,135.16203574126567,-115.65610059975432,6.291436439134777,188.28914097140023,11.641633058387555,8,calibration,2,dot,0.25,0,calibration
0.4253851000103168,27,332.0,339.0,20.0,True,124.45318906160651,-99.44657064516657,6.739512384870808,200.64655973873047,11.649268128460879,8,calibration,2,dot,0.25,0,calibration
0.4428067999979248,28,369.0,355.0,20.0,True,117.02195846308487,-82.63655048453265,6.310608879809049,213.0614259404625,7.461510455824021,8,calibration,2,dot,0.25,0,calibration
0.45843290000630077,29,427.0,359.0,20.0,True,112.97355172239074,-66.2324660703654,4.447446309484807,225.44710875241262,1.8374407480606552,8,calibration,2,dot,0.25,0,calibration
0.4755050000094343,30,462.0,351.0,20.0,True,111.62253874644718,-50.92300467344202,0.1898705793088835,237.58160722899524,-4.507096416969443,8,calibration,2,dot,0.25,0,calibration
0.4919726000080118,31,491.0,334.0,20.0,True,112.58456843969361,-37.13496933919464,-7.365002770911185,249.68753289942418,-8.82639705487119,8,calibration,2,dot,0.25,0,calibration
0.5083795000100508,32,521.0,295.0,20.0,True,115.81470266926769,-24.58099418093427,-17.65809063513851,260.14485695097756,-7.538024306552236,8,calibration,2,dot,0.25,0,calibration
0.5249354999978095,33,525.0,267.0,20.0,True,121.67055462832607,-12.243827705537713,-29.95237563017071,268.1671086026959,3.4852614498392986,8,calibration,2,dot,0.25,0,calibration
0.5427254000096582,34,523.0,233.0,20.0,True,129.99653265286355,0.8898022488668023,-42.94792733272628,274.2808972261117,10.054866495382537,8,calibration,2,dot,0.25,0,calibration
0.5586487999971723,35,497.0,167.0,20.0,True,140.20812895143405,14.595138587706732,-56.89742006878037,278.26424597198223,21.240771085062434,8,calibration,2,dot,0.25,0,calibration
0.5760614000027999,36,468.0,116.0,20.0,True,151.87628079204197,28.677635857636147,-70.97742799447286,280.4579350293234,26.786695422169373,8,calibration,2,dot,0.25,0,calibration
0.5919915999984369,37,435.0,73.0,20.0,True,164.09507003840764,42.33517787685146,-84.13032674876904,280.8797603411315,31.604887897696237,8,calibration,2,dot,0.25,0,calibration
0.6086911000020336,38,380.0,34.0,20.0,True,176.75170069635854,55.73259324299775,-95.79902052151223,280.40395779675856,36.38551788627091,8,calibration,2,dot,0.25,0,calibration
0.625702999997884,39,347.0,16.0,20.0,True,190.0844989650006,69.01668581750609,-107.06991856031561,278.29720029744317,38.216262639121254,8,calibration,2,dot,0.25,0,calibration
0.6423158999969019,40,294.0,6.0,20.0,True,203.99549024707292,81.30886081688382,-119.10928320146732,274.62547950180976,37.06294671179704,8,calibration,2,dot,0.25,0,calibration
0.6594745000038529,41,270.0,6.0,20.0,True,218.6510554065058,91.99713997672927,-133.44888798792314,268.9276758354016,34.745624215009606,8,calibration,2,dot,0.25,0,calibration
0.6759553000010783,42,253.0,12.0,18.027756377319946,True,232.37243919256062,100.56948716010486,-149.9383968505023,261.6249379935336,24.352808118648397,8,calibration,2,dot,0.25,0,calibration
0.6919635000085691,43,229.0,31.0,20.0,True,245.5279030518423,107.85339473882816,-169.50406977258493,252.1179983515568,16.383947120248404,8,calibration,2,dot,0.25,0,calibration
0.7092095999978483,44,218.0,57.0,20.0,True,257.7266544684517,114.57677577334557,-190.32368355547385,240.8242688219726,-3.9988836115160997,8,calibration,2,dot,0.25,0,calibration
0.7258169999986421,45,216.0,131.0,20.0,True,269.4388284364656,120.96358311769487,-211.1414317270984,227.42466764016285,-19.46366856260653,8,calibration,2,dot,0.25,0,calibration
0.7418094000022393,46,238.0,219.0,20.0,True,280.4764552260167,126.61213747464325,-229.04885900586316,212.5213863734612,-29.29757936366169,8,calibration,2,dot,0.25,0,calibration
0.7591826999996556,47,274.0,297.0,20.0,True,291.88799066789835,132.5890620259163,-244.67381807396882,195.49420047740924,-34.89606067502631,8,calibration,2,dot,0.25,0,calibration
0.7752687000029255,48,340.0,399.0,20.0,True,303.9078187605959,138.91674275636657,-257.61194467136755,176.63123981071544,-37.42889067297952,8,calibration,2,dot,0.25,0,calibration
0.791702600006829,49,384.0,437.0,20.0,True,316.3545090687596,146.24367751402553,-267.08952601164947,154.51179112929094,-37.652990485984105,8,calibration,2,dot,0.25,0,calibration
0.8088305999990553,50,418.0,456.0,20.0,True,328.5194936571504,153.85869932774577,-273.9967277309517,130.19699882903944,-34.13123472672682,8,calibration,2,dot,0.25,0,calibration
0.8260362000000896,51,474.0,467.0,20.0,True,340.8550843341251,162.2730704194785,-278.8543837131138,104.12770390397063,-25.76931666965823,8,calibration,2,dot,0.25,0,calibration
0.8419312000041828,52,525.0,460.0,20.0,True,353.4227026233856,171.34386724655494,-283.03326370376726,78.20609739687563,-14.943530208477556,8,calibration,2,dot,0.25,0,calibration
0.8589280000014696,53,543.0,454.0,18.973665961010276,True,358.5671593184184,177.2839311903928,-287.5525102875087,53.49836434594528,-7.830016212811083,8,calibration,2,dot,0.25,0,calibration
0.876089299999876,54,586.0,433.0,20.0,True,356.92358545478857,180.5700809826983,-292.5005221769973,29.98723304374124,-2.8757660808434404,8,calibration,2,dot,0.25,0,calibration
0.891742300009355,55,604.0,416.0,20.0,True,354.9477300245155,184.42372122491088,-298.96517940887384,6.017832341429692,8.669998948704102,8,calibration,2,dot,0.25,0,calibration
0.90932380000595,56,618.0,397.0,20.0,True,352.7804519272034,188.53634328170835,-306.2995370798925,-17.478486268816486,15.012517685739269,8,calibration,2,dot,0.25,0,calibration
0.9251240000012331,57,632.0,361.0,20.0,True,350.3810820294758,192.95879704189116,-314.8025414044278,-38.687787132580155,23.783529283269615,8,calibration,2,dot,0.25,0,calibration
0.9424237000057474,58,638.0,335.0,20.0,True,347.501498250141,198.097725160859,-323.40021241769915,-55.41565735687742,28.03812878451594,8,calibration,2,dot,0.25,0,calibration
0.9589759000082267,59,636.0,289.0,20.0,True,343.94003435873213,204.2186396128281,-332.36172309304885,-68.2523304383564,34.38173464995088,8,calibration,2,dot,0.25,0,calibration
0.9752025000052527,60,626.0,252.0,20.0,True,339.85097753754144,210.95334334107497,-341.63534543451203,-78.44792010569202,37.28782777006013,8,calibration,2,dot,0.25,0,calibration
0.9916233999974793,61,613.0,215.0,20.0,True,334.9856298328287,218.5969528733259,-351.1862026617313,-87.22773894966782,37.63195801617198,8,calibration,2,dot,0.25,0,calibration
1.0083462000038708,62,589.0,159.0,20.0,True,329.6084874806319,226.62357551836956,-361.4266264277703,-94.97340899692674,37.321319593277124,8,calibration,2,dot,0.25,0,calibration
1.0253768999973545,63,567.0,125.0,20.0,True,323.83160103125965,234.804374264048,-373.13939756581186,-101.6916313291384,37.07578993571199,8,calibration,2,dot,0.25,0,calibration
1.0420678000082262,64,542.0,95.0,20.0,True,318.35837145963455,242.17338276856387,-385.4174891438481,-107.02036751035644,36.545912027328676,8,calibration,2,dot,0.25,0,calibration
1.0584574000095017,65,499.0,58.0,20.0,True,313.1928147928089,248.81772598060064,-385.3448556334028,-107.28160250887346,35.994323680556086,8,calibration,2,dot,0.25,0,calibration
1.0751803000021027,66,453.0,36.0,20.0,True,308.44226563546306,254.68287883103264,-385.72088892392736,-105.92164957049766,34.39694070064311,8,calibration,2,dot,0.25,0,calibration
1.092254300005152,67,409.0,17.0,20.0,True,303.7544325839076,260.2561136373713,-386.2760237472645,-103.87893664262626,33.586849248740414,8,calibration,2,dot,0.25,0,calibration
1.108396099996753,68,343.0,4.0,20.0,True,298.43729104308807,266.33659777594056,-387.01245284311193,-101.10074848564712,29.210463008147308,8,calibration,2,dot,0.25,0,calibration
1.1250127000093926,69,303.0,-2.0,20.0,True,292.11213197734804,273.25903892030425,-387.78126099640923,-98.11061930308445,26.255947873587253,8,calibration,2,dot,0.25,0,calibration
1.1416357999987667,70,267.0,-3.0,20.0,True,284.93134001074486,280.73854647996114,-388.65800413062806,-94.57777659258387,22.316463503530176,8,calibration,2,dot,0.25,0,calibration
1.1587316000077408,71,223.0,-3.0,20.0,True,276.6605636812644,288.8925968306648,-389.6169448210238,-90.5463213406889,20.77312639919207,8,calibration,2,dot,0.25,0,calibration
1.174901400008821,72,202.0,-5.0,20.0,True,267.8387787204436,297.0898662249206,-390.5490259302375,-86.43759798225906,21.26273217056504,8,calibration,2,dot,0.25,0,calibration
1.1917835000058403,73,182.0,-5.0,20.0,True,258.53007452851836,305.2248360869062,-391.5740114376364,-81.66880412151131,17.466486793680197,8,calibration,2,dot,0.25,0,calibration
1.2083564000058686,74,173.0,-5.0,9.0,True,249.48836885878364,312.65884571555546,-392.67886061278756,-76.17947510873866,6.192616488316096,8,calibration,2,dot,0.25,0,calibration
1.2254777000052854,75,165.0,-4.0,8.06225774829855,True,240.53727034342958,319.5963416181917,-393.9333611171242,-69.40105906227532,3.143205284489074,8,calibration,2,dot,0.25,0,calibration
1.2424471999984235,76,156.0,-3.0,9.055385138137417,True,231.47150866297977,326.2222259094007,-395.2317582795307,-61.57805816417571,2.0360586055814616,8,calibration,2,dot,0.25,0,calibration
1.2582704000087688,77,154.0,-3.0,2.0,True,222.5405089396182,332.3788830249234,-396.46578884207645,-53.05542646921288,0.2562074300246744,8,calibration,2,dot,0.25,0,calibration
1.275167200001306,78,152.0,-1.0,2.8284271247461903,True,212.91059341001701,338.3575253551427,-397.77686366196457,-42.113735707614644,0.06140844340496554,8,calibration,2,dot,0.25,0,calibration
1.2920206999988295,79,150.0,-1.0,2.0,True,202.1560421363838,343.28604976356814,-398.8145168216153,-30.773059196991493,-0.20825031619371837,8,calibration,2,dot,0.25,0,calibration
1.3086497000040254,80,150.0,1.0,2.0,True,189.92511609530413,347.3553561727953,-399.72972337909783,-14.701981066168255,1.040327779651949,8,calibration,2,dot,0.25,0,calibration
1.3250509000063175,81,152.0,5.0,4.47213595499958,True,177.67175761329455,350.6701763474473,-399.9830933897032,3.6776354365255086,3.779298013965323,8,calibration,2,dot,0.25,0,calibration
1.3417403000057675,82,176.0,27.0,20.0,True,166.45720642793933,352.9193251739434,-399.3837986264274,22.194174792617577,20.528404636428345,8,calibration,2,dot,0.25,0,calibration
1.358233899998595,83,241.0,74.0,20.0,True,157.11879302159528,354.63516879537394,-397.88621715143904,41.06772699965181,21.6011378784781,8,calibration,2,dot,0.25,0,calibration
1.3752895000070566,84,334.0,133.0,20.0,True,149.33191319884446,355.6583920956671,-395.4186033054766,60.36661461392483,22.842258188275206,8,calibration,2,dot,0.25,0,calibration
1.3915704999963054,85,473.0,212.0,20.0,True,142.26704720253912,356.2195307205089,-392.0399576799063,79.40196208115582,24.2020916849563,8,calibration,2,dot,0.25,0,calibration
1.4087480000016512,86,580.0,263.0,20.0,True,135.60915632310784,356.10110674360965,-387.8377981977687,97.88688517419914,25.77233993088218,8,calibration,2,dot,0.25,0,calibration
1.4248361000063596,87,742.0,326.0,20.0,True,129.24303565328668,355.28584467349265,-382.81168503534604,115.99661115911529,27.12460895902108,8,calibration,2,dot,0.25,0,calibration
1.4425450999988243,88,853.0,364.0,20.0,True,123.83822438283389,353.8979413078668,-377.0724376075175,133.47800117144706,27.555207464054796,8,calibration,2,dot,0.25,0,calibration
1.4591386999964016,89,853.0,364.0,0.0,False,118.8232345041804,351.53301471715275,-371.63864707381765,147.93483700988892,0.0,8,calibration,2,dot,0.25,0,calibration
1.4753480000072159,90,853.0,364.0,0.0,False,113.71840500669963,347.9599610642425,-366.2564943008943,160.79857083450395,0.0,8,calibration,2,dot,0.25,0,calibration
1.4933107999968342,91,853.0,364.0,0.0,False,107.70755217917392,343.07997997379704,-360.0330153139207,174.28777319125433,0.0,8,calibration,2,dot,0.25,0,calibration
1.5102801000030013,92,853.0,364.0,0.0,False,101.20467529344138,337.32880796069986,-353.0849733821921,187.96542653290453,0.0,8,calibration,2,dot,0.25,0,calibration
1.5268117000086932,93,853.0,364.0,0.0,False,94.37613194561769,330.59759154486886,-345.6960482265606,201.23181219812002,0.0,8,calibration,2,dot,0.25,0,calibration
1.5428957999974955,94,853.0,364.0,0.0,False,87.5213885908989,322.79595975621703,-338.68045198201946,212.82751571461569,0.0,8,calibration,2,dot,0.25,0,calibration
1.559429300003103,95,853.0,364.0,0.0,False,80.31960729519248,311.98623049391324,-332.22154076459225,222.77533043853936,0.0,8,calibration,2,dot,0.25,0,calibration
1.5755148000025656,96,853.0,364.0,0.0,False,73.0472639956061,298.6491777917537,-326.1154735427461,231.621885658481,0.0,8,calibration,2,dot,0.25,0,calibration
1.5927611000079196,97,853.0,364.0,0.0,False,66.11582883929657,283.54028970492635,-320.20512469042666,239.72625663866765,0.0,8,calibration,2,dot,0.25,0,calibration
1.6093874000071082,98,853.0,364.0,0.0,False,60.443106270686016,269.0555031554884,-314.18286146175063,247.566414450156,0.0,8,calibration,2,dot,0.25,0,calibration
1.6259638000046834,99,853.0,364.0,0.0,False,55.79423664482223,255.39342551808312,-307.57624843373577,255.72808097553317,0.0,8,calibration,2,dot,0.25,0,calibration
1.6421192999987397,100,853.0,364.0,0.0,False,52.21275057223307,242.25862553785902,-300.8216432378583,263.64054877744945,0.0,8,calibration,2,dot,0.25,0,calibration
1.659035100004985,101,853.0,364.0,0.0,False,49.62055520067496,229.59318837160356,-294.3646730628935,270.54959157774846,0.0,8,calibration,2,dot,0.25,0,calibration
1.6756469999963883,102,853.0,364.0,0.0,False,48.2086020450381,217.2674661802086,-288.47121334068777,274.77315003047335,0.0,8,calibration,2,dot,0.25,0,calibration
1.6940954000019701,103,853.0,364.0,0.0,False,47.6134814854469,205.45115641755086,-283.53140771162333,276.784505438979,0.0,8,calibration,2,dot,0.25,0,calibration
1.710079600001336,104,853.0,364.0,0.0,False,47.97737621446915,194.00971830563896,-278.1304941966899,277.5951018219664,0.0,8,calibration,2,dot,0.25,0,calibration
1.725356599999941,105,853.0,364.0,0.0,False,49.75934997595016,183.33117504752843,-271.54905928036914,277.81411932625014,0.0,8,calibration,2,dot,0.25,0,calibration
1.7420311000023503,106,853.0,364.0,0.0,False,53.20193504052508,172.45360862755365,-262.45827133448904,276.75963404586565,0.0,8,calibration,2,dot,0.25,0,calibration
1.7586760999984108,107,853.0,364.0,0.0,False,59.117238874057485,158.80672983881496,-251.38185069833685,273.4978514556717,0.0,8,calibration,2,dot,0.25,0,calibration
1.7749099000066053,108,853.0,364.0,0.0,False,66.7501946920222,142.46591223678092,-238.52883051696466,267.56291924025817,0.0,8,calibration,2,dot,0.25,0,calibration
1.7917377999983728,109,853.0,364.0,0.0,False,75.86561796668109,124.12643097416452,-225.611815523916,259.71015614831276,0.0,8,calibration,2,dot,0.25,0,calibration
1.8106126000056975,110,853.0,364.0,0.0,False,85.08378838770865,107.0088079524087,-213.4720903747224,250.98970654804023,0.0,8,calibration,2,dot,0.25,0,calibration
1.8261810999974841,111,853.0,364.0,0.0,False,94.37317188045097,91.2954877352698,-201.76435427646643,242.098308785073,0.0,8,calibration,2,dot,0.25,0,calibration
1.8428818000102183,112,853.0,364.0,0.0,False,103.6945302623906,77.92765206833792,-189.72370810057257,233.25964321597044,0.0,8,calibration,2,dot,0.25,0,calibration
1.859618500006036,113,853.0,364.0,0.0,False,112.91001505518814,66.34390602359957,-177.21167526512033,224.37593109711815,0.0,8,calibration,2,dot,0.25,0,calibration
1.876004500009003,114,853.0,364.0,0.0,False,122.06503113171372,55.69570021573371,-165.06579286669333,214.34554896140156,0.0,8,calibration,2,dot,0.25,0,calibration
1.8923099000094226,115,853.0,364.0,0.0,False,131.07572570234913,45.08173067505249,-153.4123371580912,201.96733901961298,0.0,8,calibration,2,dot,0.25,0,calibration
1.9091468999977224,116,853.0,364.0,0.0,False,140.01127625488394,34.18415353838061,-142.4341637371207,186.65777813038625,0.0,8,calibration,2,dot,0.25,0,calibration
1.925993600001675,117,853.0,364.0,0.0,False,148.7971252396952,23.36514541157208,-131.96495696158786,169.12618151661795,0.0,8,calibration,2,dot,0.25,0,calibration
1.9420532000076491,118,853.0,364.0,0.0,False,157.50589844352552,12.135303319185459,-122.50255273078707,151.26578484278411,0.0,8,calibration,2,dot,0.25,0,calibration
1.9591077000077348,119,853.0,364.0,0.0,False,166.7751333934598,-1.103120232668056,-114.16037162875591,133.7241531476879,0.0,8,calibration,2,dot,0.25,0,calibration
1.9759042000077898,120,853.0,364.0,0.0,False,176.00259301887826,-15.654454935999064,-106.79391520823667,116.6389050783939,0.0,8,calibration,2,dot,0.25,0,calibration
1.99255290000292,121,853.0,364.0,0.0,False,184.93089416722458,-30.905764933660542,-100.31576988235477,99.95438571030739,0.0,8,calibration,2,dot,0.25,0,calibration
2.0085041999991518,122,853.0,364.0,0.0,False,192.74978352045278,-44.55455975171127,-94.25789493081768,83.8883984128986,0.0,8,calibration,2,dot,0.25,0,calibration
2.025368000002345,123,853.0,364.0,0.0,False,200.21638720612225,-57.27297295037297,-88.45500253630956,68.73666213962571,0.0,8,calibration,2,dot,0.25,0,calibration
2.041845400002785,124,901.0,407.0,20.0,True,207.80384232665378,-68.9994780050406,-78.41438888057608,55.47282433642254,1.4626401111050464,8,calibration,2,dot,0.25,0,calibration
2.0590092000056757,125,868.0,396.0,20.0,True,215.60090059626916,-80.71945974659099,-75.53479988193278,38.77625480721487,8.251636886882078,8,calibration,2,dot,0.25,0,calibration
2.0747047000040766,126,769.0,365.0,20.0,True,223.50478099744024,-92.50528723600651,-74.03126654623995,21.21304058987623,9.993611200727525,8,calibration,2,dot,0.25,0,calibration
2.091356899996754,127,712.0,340.0,20.0,True,230.8603670346283,-104.92016083456889,-72.09347111704183,3.30958809618879,8.440545383658822,8,calibration,2,dot,0.25,0,calibration
2.1085481000045547,128,640.0,314.0,20.0,True,237.55148903287508,-116.84707654854749,-69.94780911320724,-13.647945159063532,7.6572769527897435,8,calibration,2,dot,0.25,0,calibration
2.124955500010401,129,554.0,279.0,20.0,True,243.67858668882184,-128.2246324720036,-67.14586856826315,-29.792925300886928,6.4060311312678415,8,calibration,2,dot,0.25,0,calibration
2.1418135999992955,130,516.0,267.0,20.0,True,249.18655884968777,-138.50487352032926,-64.06701187744643,-43.749860957580964,5.471113797183527,8,calibration,2,dot,0.25,0,calibration
2.1582064000103856,131,488.0,258.0,20.0,True,255.22281773448424,-148.693946025392,-60.15789934395796,-56.62493955374899,4.763850822686314,8,calibration,2,dot,0.25,0,calibration
2.1750358999997843,132,479.0,254.0,9.848857801796104,True,261.7114479652787,-158.79121300973867,-55.42394304524463,-69.00892513076593,2.0231497006867265,8,calibration,2,dot,0.25,0,calibration
2.1918670000013663,133,472.0,253.0,7.0710678118654755,True,269.59665099750265,-168.72589389253937,-49.902719692944636,-81.21600676005822,1.594925510265214,8,calibration,2,dot,0.25,0,calibration
2.208602900005644,134,468.0,251.0,4.47213595499958,True,277.98135334993174,-178.34062907957878,-44.289192648535895,-93.4245332616663,1.2677492343632526,8,calibration,2,dot,0.25,0,calibration
2.2249359999987064,135,466.0,250.0,2.23606797749979,True,286.66149509555424,-187.43535057151598,-38.543073738060784,-105.37948764550394,0.6923350771591044,8,calibration,2,dot,0.25,0,calibration
2.2416990000056103,136,464.0,250.0,2.0,True,296.06153787092154,-196.1479858666697,-32.04608417847445,-117.04005250487492,0.4933806226420403,8,calibration,2,dot,0.25,0,calibration
2.2584841000061715,137,463.0,250.0,1.0,True,306.31074490784727,-203.97602553316625,-25.04014821929946,-128.77025714010463,0.2819539376721373,8,calibration,2,dot,0.25,0,calibration
2.2752811000100337,138,463.0,250.0,0.0,False,317.09507407972853,-211.46275850085675,-15.626318908891959,-138.0010004836424,0.0,8,calibration,2,dot,0.25,0,calibration
2.2917461000033654,139,461.0,249.0,2.23606797749979,True,327.87732920116514,-218.5867447518488,-8.259426676780485,-148.52353353795803,0.7895632023617787,8,calibration,2,dot,0.25,0,calibration
2.308237100005499,140,457.0,249.0,4.0,True,332.7550819023589,-221.97760127579178,-0.03860580433600447,-157.9095838379596,0.6718092724695213,8,calibration,2,dot,0.25,0,calibration
2.325195299999905,141,454.0,249.0,3.0,True,332.7909941624699,-221.9237576384173,8.948774434067978,-165.984787915801,0.2726236487576541,8,calibration,2,dot,0.25,0,calibration
2.342061100003775,142,450.0,249.0,4.0,True,332.9558068446087,-221.67640986008337,18.346609640293487,-172.62772794697057,0.1096638629737745,8,calibration,2,dot,0.25,0,calibration
2.3593626000074437,143,448.0,249.0,2.0,True,333.4564912014868,-220.9225395372612,27.124084301432024,-177.72358509741895,-0.004323645779351182,8,calibration,2,dot,0.25,0,calibration
2.37578719999874,144,448.0,249.0,0.0,False,334.53815057300966,-219.28115699072353,35.258188446448976,-180.8628453698595,0.0,8,calibration,2,dot,0.25,0,calibration
2.392562799999723,145,448.0,249.0,0.0,False,336.06585629153744,-216.93257071042999,42.300100727194945,-183.00686916904604,0.0,8,calibration,2,dot,0.25,0,calibration
2.40962700000091,146,448.0,249.0,0.0,False,337.9994470977413,-213.9073952943684,48.95837467424829,-184.65445906163941,0.0,8,calibration,2,dot,0.25,0,calibration
2.426212600010331,147,448.0,249.0,0.0,False,340.5286002367532,-209.857743294827,56.25624161814526,-185.75461434767854,0.0,8,calibration,2,dot,0.25,0,calibration
2.4424043000035454,148,448.0,249.0,0.0,False,343.5835708350459,-204.81779671756794,65.13695818236008,-186.41639971804645,0.0,8,calibration,2,dot,0.25,0,calibration
2.459161899998435,149,448.0,249.0,0.0,False,346.99048648026206,-198.9914628625839,75.87565806113813,-186.70337080172607,0.0,8,calibration,2,dot,0.25,0,calibration
2.475169500001357,150,448.0,249.0,0.0,False,350.42914467954574,-192.87149752921502,87.69748054503161,-186.8148799218241,0.0,8,calibration,2,dot,0.25,0,calibration
2.4917136000003666,151,448.0,249.0,0.0,False,353.63192339983516,-186.9343808734315,98.69472721325982,-186.85612196202044,0.0,8,calibration,2,dot,0.25,0,calibration
2.5094578999996884,152,448.0,249.0,0.0,False,356.57866071397063,-181.25026544375322,108.81857608945823,-186.87099944572157,0.0,8,calibration,2,dot,0.25,0,calibration
2.5255122000089614,153,448.0,249.0,0.0,False,359.29999320111483,-175.79395577117785,117.91766709278915,-186.61824823565158,0.0,8,calibration,2,dot,0.25,0,calibration
2.5415246000047773,154,448.0,249.0,0.0,False,361.8730935395928,-170.4343397677977,126.51427911148502,-185.5320217408505,0.0,8,calibration,2,dot,0.25,0,calibration
2.5594512000097893,155,448.0,249.0,0.0,False,364.68782816841025,-164.32525060321092,134.3901669731486,-182.8879146870799,0.0,8,calibration,2,dot,0.25,0,calibration
2.5751196000055643,156,448.0,249.0,0.0,False,367.68117984336067,-157.51365016719754,142.16287696066078,-178.41312906263974,0.0,8,calibration,2,dot,0.25,0,calibration
2.5918330999993486,157,418.0,249.0,20.0,True,370.9637311114421,-149.619217348166,148.93030278001416,-169.25767037313673,-0.4733057733136903,8,calibration,2,dot,0.25,0,calibration
2.6093418000091333,158,290.0,252.0,20.0,True,374.26744140385904,-141.15198300062576,154.9655074395796,-155.81547932516514,1.3601021902607602,8,calibration,2,dot,0.25,0,calibration
2.6252401000092505,159,114.0,250.0,20.0,True,377.4975472489462,-132.27094095465432,159.61845447063644,-138.77546865902488,2.806456545081791,8,calibration,2,dot,0.25,0,calibration
2.6424857000092743,160,8.0,250.0,20.0,True,380.55532254554134,-123.19759121938642,162.23482025413205,-120.39662326566093,4.398594603245503,8,calibration,2,dot,0.25,0,calibration
2.6588118000072427,161,-118.0,258.0,20.0,True,383.2565320441391,-114.02836229050686,162.9372828324344,-102.59115129580762,4.904222517072012,8,calibration,2,dot,0.25,0,calibration
2.675287300007767,162,-177.0,270.0,20.0,True,385.0923435876849,-103.92450348000659,162.23012188313416,-86.14856055468545,4.406263747422054,8,calibration,2,dot,0.25,0,calibration
2.6928272000077413,163,-206.0,280.0,20.0,True,386.0314301349139,-92.73005941068291,159.90488035603698,-69.15609089370153,4.106591109582297,8,calibration,2,dot,0.25,0,calibration
2.7085364000085974,164,-224.0,288.0,19.697715603592208,True,386.41942092784166,-80.64579295117811,156.648131142734,-51.80603168384975,3.7651838015989787,8,calibration,2,dot,0.25,0,calibration
2.7250707000057446,165,-226.0,290.0,2.8284271247461903,True,386.80402953200706,-69.21473891381643,153.8221964936186,-34.233685105574146,0.36056802057075904,8,calibration,2,dot,0.25,0,calibration
2.742438300003414,166,-226.0,290.0,0.0,False,387.2253546351542,-58.91608845502957,153.7413662952448,-18.332848330205834,0.0,8,calibration,2,dot,0.25,0,calibration
2.758887100004358,167,-226.0,289.0,1.0,True,387.66711056595454,-49.786909410811674,153.97946399294835,-4.367945070027989,-0.0010234025035017469,8,calibration,2,dot,0.25,0,calibration
2.7752599000086775,168,-225.0,288.0,1.4142135623730951,True,387.8805835706745,-39.56302330957852,156.8581841468297,7.713515960468275,0.23792696300579624,8,calibration,2,dot,0.25,0,calibration
2.7923867000063183,169,-225.0,288.0,0.0,False,387.8485959449339,-27.94433614888374,156.73646448063784,19.29146672216858,0.0,8,calibration,2,dot,0.25,0,calibration
2.808204200002365,170,-225.0,288.0,0.0,False,387.2236853245433,-14.924288720392727,155.1777738370013,30.49066880139005,0.0,8,calibration,2,dot,0.25,0,calibration
2.8255346000078134,171,-225.0,288.0,0.0,False,385.8159498485052,-2.652827576942917,152.4366705488276,41.34477356853598,0.0,8,calibration,2,dot,0.25,0,calibration
2.841859400010435,172,-225.0,288.0,0.0,False,383.66374072194475,8.279491848724529,148.9737970190517,51.519493455230126,0.0,8,calibration,2,dot,0.25,0,calibration
2.8587354000046616,173,-225.0,288.0,0.0,False,381.2753436906729,17.34293573775888,144.16453120834475,61.51673972504901,0.0,8,calibration,2,dot,0.25,0,calibration
2.8754352000105428,174,-225.0,288.0,0.0,False,378.5722067409852,25.235288275528646,137.89113291016224,71.11986993616229,0.0,8,calibration,2,dot,0.25,0,calibration
2.891353300001356,175,-225.0,288.0,0.0,False,375.8309708526793,32.61436185766723,128.84233413719846,81.29280011804433,0.0,8,calibration,2,dot,0.25,0,calibration
2.909562000000733,176,-225.0,288.0,0.0,False,372.7353877528807,40.38548272469999,117.68142935511662,91.46264589690281,0.0,8,calibration,2,dot,0.25,0,calibration
2.9258335000049556,177,-225.0,288.0,0.0,False,368.973681159742,48.64510885167989,104.95103490690681,101.67692488390844,0.0,8,calibration,2,dot,0.25,0,calibration
2.942206100007752,178,-225.0,288.0,0.0,False,363.6856623182652,57.97529360395211,92.10737795731261,110.45359237161944,0.0,8,calibration,2,dot,0.25,0,calibration
2.958358900010353,179,-225.0,288.0,0.0,False,355.5907277106665,68.45246454784161,79.13925965305802,117.5763069325085,0.0,8,calibration,2,dot,0.25,0,calibration
2.9760910000040894,180,-225.0,288.0,0.0,False,345.5849318363623,79.13011420380847,65.7665534677813,122.94380828319262,0.0,8,calibration,2,dot,0.25,0,calibration
2.9915887000097428,181,-225.0,288.0,0.0,False,334.843121232179,88.77146434937956,52.0940206150047,126.60156279550203,0.0,8,calibration,2,dot,0.25,0,calibration
0.001150299998698756,1,100.0,44.0,20.0,True,-307.47953611133386,-1.2602246035987696,303.3217444239711,4.411480649239915,36.83637785305057,9,calibration,2,dot,0.2,0,calibration
0.011464199997135438,2,121.0,51.0,20.0,True,-322.43773084861084,-4.326189986464021,311.25489538685906,14.279069710789415,36.674713834068314,9,calibration,2,dot,0.2,0,calibration
0.02867780000087805,3,145.0,56.0,20.0,True,-334.83612800454694,-8.701166651502009,321.71017538668156,25.63279633922334,36.08505707633532,9,calibration,2,dot,0.2,0,calibration
0.04485259999637492,4,202.0,70.0,20.0,True,-344.19346609579765,-13.865806317062663,333.78295391813833,38.0764063243951,36.25832396588072,9,calibration,2,dot,0.2,0,calibration
0.06126669999503065,5,232.0,73.0,20.0,True,-351.7503000920124,-19.563413483632747,346.7417959499968,50.993320533475554,32.588005164845775,9,calibration,2,dot,0.2,0,calibration
0.07805329999246169,6,258.0,74.0,20.0,True,-358.6109574904837,-25.691101675996237,359.30697786877863,63.813817158299685,29.955317920765694,9,calibration,2,dot,0.2,0,calibration
0.09495030000107363,7,281.0,74.0,20.0,True,-364.8574858035096,-32.29859799368462,370.58255471937935,76.56210879636204,26.98989688707508,9,calibration,2,dot,0.2,0,calibration
0.11191340000368655,8,289.0,74.0,8.0,True,-370.70138779803824,-40.50196447372625,380.3269761124494,89.50693243823038,9.45297970026591,9,calibration,2,dot,0.2,0,calibration
0.12818060000427067,9,297.0,73.0,8.06225774829855,True,-375.7348208332287,-49.567271614129666,386.6153659146412,102.60876589594139,6.206132967877922,9,calibration,2,dot,0.2,0,calibration
0.14440809999359772,10,301.0,72.0,4.123105625617661,True,-380.12738775599104,-59.425015067234725,383.01048471849344,115.33849572326106,1.3697619252698585,9,calibration,2,dot,0.2,0,calibration
0.1616952000040328,11,303.0,72.0,2.0,True,-383.589608730858,-70.02588546171009,378.63606496394954,128.97569658123874,1.2281080432355533,9,calibration,2,dot,0.2,0,calibration
0.17762030000449158,12,305.0,72.0,2.0,True,-386.44422900169764,-82.26603776341716,373.8200456677012,142.33261557702713,1.0127024078585307,9,calibration,2,dot,0.2,0,calibration
0.19449920000624843,13,306.0,72.0,1.0,True,-388.0129689833547,-97.19020475707515,369.214296485644,153.88568247439707,0.3968221752569403,9,calibration,2,dot,0.2,0,calibration
0.2116089000046486,14,306.0,72.0,0.0,False,-383.87055255553435,-112.4428694080188,364.21934131238424,165.36103354168102,0.0,9,calibration,2,dot,0.2,0,calibration
0.22796499999822117,15,305.0,71.0,1.4142135623730951,True,-378.58881337371383,-129.11433068518494,358.965478965859,176.47601794808114,-1.6397828825072014,9,calibration,2,dot,0.2,0,calibration
0.24597210000501946,16,299.0,69.0,6.324555320336759,True,-372.35114630642335,-146.1322135748737,352.80917436209245,186.24772056480666,-0.8305399772224894,9,calibration,2,dot,0.2,0,calibration
0.2613835999945877,17,253.0,62.0,20.0,True,-365.2257905201607,-163.12609214630174,346.2006748745003,194.64675491193987,6.054282401628173,9,calibration,2,dot,0.2,0,calibration
0.27820539999811444,18,180.0,54.0,20.0,True,-357.36158052126854,-179.70169940025863,338.45142321319315,202.20746599728074,9.893355493484128,9,calibration,2,dot,0.2,0,calibration
0.29502819999470375,19,110.0,45.0,20.0,True,-348.8458337606172,-195.72067920344995,329.9186716203303,209.04701198373232,11.005163716833286,9,calibration,2,dot,0.2,0,calibration
0.3114220999996178,20,17.0,30.0,20.0,True,-339.63907385095564,-211.2943433073046,320.99280543740923,215.28213228147266,11.196709281568921,9,calibration,2,dot,0.2,0,calibration
0.3279216999944765,21,-47.0,24.0,20.0,True,-329.7840304433747,-226.36804824118465,313.18637581356535,220.07288337522763,14.489727633988087,9,calibration,2,dot,0.2,0,calibration
0.3452013999922201,22,-106.0,14.0,20.0,True,-318.39858519176227,-242.12050914345136,305.82019345596314,223.17347753860443,14.374797473102545,9,calibration,2,dot,0.2,0,calibration
0.36183160000655334,23,-189.0,0.0,20.0,True,-305.9877293366715,-257.6266863028515,298.81081175783913,224.84018652570825,16.068150986084554,9,calibration,2,dot,0.2,0,calibration
0.3779763000056846,24,-221.0,-6.0,20.0,True,-293.05920087824285,-272.24309868315436,292.0844802248504,225.26388860972975,16.565916321336775,9,calibration,2,dot,0.2,0,calibration
0.39548289999947883,25,-250.0,-14.0,20.0,True,-281.9033962854523,-283.7789195178655,286.69567434845237,224.31623295409761,15.125429642261643,9,calibration,2,dot,0.2,0,calibration
0.41178219999710564,26,-275.0,-20.0,20.0,True,-271.48590790059427,-293.7607901190866,282.1638073471243,221.482334413183,14.5359592266373,9,calibration,2,dot,0.2,0,calibration
0.4281263000011677,27,-287.0,-22.0,12.165525060596439,True,-261.2278606099073,-302.9191391133463,277.5205893517662,216.7285034119266,7.8723673916927215,9,calibration,2,dot,0.2,0,calibration
0.4450476000056369,28,-293.0,-23.0,6.082762530298219,True,-250.57303975814202,-311.7902367720397,272.57496279118345,209.93742997182866,3.2284732271617003,9,calibration,2,dot,0.2,0,calibration
0.46138530000462197,29,-299.0,-24.0,6.082762530298219,True,-240.9810749274157,-319.2618385069335,266.7689553232593,201.20972381211405,2.7335493399625532,9,calibration,2,dot,0.2,0,calibration
0.4787592999928165,30,-305.0,-25.0,6.082762530298219,True,-233.41185116039307,-324.83674012937405,260.0494149299637,189.97985490390448,2.008332882850408,9,calibration,2,dot,0.2,0,calibration
0.49526919999334496,31,-313.0,-26.0,8.06225774829855,True,-227.69724376812508,-328.8677016376023,251.74597949268923,175.70458518953023,1.9496853983069191,9,calibration,2,dot,0.2,0,calibration
0.5113668999983929,32,-315.0,-27.0,2.23606797749979,True,-223.58140732470414,-331.6795958431943,243.19698072034285,157.40367811796074,0.15821133754773625,9,calibration,2,dot,0.2,0,calibration
0.5282616000040434,33,-318.0,-28.0,3.1622776601683795,True,-220.32759192909094,-333.8498947651893,234.25854913953424,134.88087499646127,0.007045953900061262,9,calibration,2,dot,0.2,0,calibration
0.544710500005749,34,-321.0,-29.0,3.1622776601683795,True,-217.91566681855636,-335.42922078290064,225.65081218443027,106.44151507758741,-0.30829479512950236,9,calibration,2,dot,0.2,0,calibration
0.5619403000018792,35,-323.0,-30.0,2.23606797749979,True,-216.3058990017094,-336.4695499700712,219.19722910702276,74.88991698313785,-0.40899653105915157,9,calibration,2,dot,0.2,0,calibration
0.5786652999959188,36,-323.0,-31.0,1.0,True,-215.83669046556633,-336.77072771972223,219.6675075046747,43.67198765497937,0.14199807429869116,9,calibration,2,dot,0.2,0,calibration
0.5948292999964906,37,-323.0,-31.0,0.0,False,-216.69806104002598,-336.2171178591197,223.77098370634297,17.253504434047525,0.0,9,calibration,2,dot,0.2,0,calibration
0.6110864999936894,38,-323.0,-31.0,0.0,False,-219.44279084375825,-334.432147896554,229.84731251289054,-5.510225139775951,0.0,9,calibration,2,dot,0.2,0,calibration
0.6278749000048265,39,-323.0,-31.0,0.0,False,-223.88275991656118,-331.4762582933255,237.36725810321008,-25.63671733932929,0.0,9,calibration,2,dot,0.2,0,calibration
0.6445187000063015,40,-323.0,-31.0,0.0,False,-229.11110069737953,-327.8842837606511,245.28043394339002,-43.69303074208944,0.0,9,calibration,2,dot,0.2,0,calibration
0.6614069999923231,41,-323.0,-31.0,0.0,False,-234.48576381731607,-324.0623806723172,252.2581960506385,-59.04429043032787,0.0,9,calibration,2,dot,0.2,0,calibration
0.6780575000011595,42,-323.0,-31.0,0.0,False,-240.41800278898995,-319.6860709116886,258.2561889891634,-72.702470692858,0.0,9,calibration,2,dot,0.2,0,calibration
0.6950076000066474,43,-323.0,-31.0,0.0,False,-246.9515515650138,-314.6663807584667,263.8683409458197,-85.44370483201665,0.0,9,calibration,2,dot,0.2,0,calibration
0.7115822000050684,44,-323.0,-31.0,0.0,False,-253.87513498848014,-309.1074503058459,270.2999483001253,-98.14934656161743,0.0,9,calibration,2,dot,0.2,0,calibration
0.7283257999952184,45,-323.0,-31.0,0.0,False,-261.4429953576454,-302.73348043852405,277.4719242907415,-110.28672699722787,0.0,9,calibration,2,dot,0.2,0,calibration
0.7445562000066275,46,-323.0,-31.0,0.0,False,-270.54836034174184,-294.62448085044633,285.43150665161426,-122.7269268871822,0.0,9,calibration,2,dot,0.2,0,calibration
0.7610970999958226,47,-323.0,-31.0,0.0,False,-281.6156905800087,-284.0644342735373,293.07202191459254,-135.373455767605,0.0,9,calibration,2,dot,0.2,0,calibration
0.7777276999986498,48,-323.0,-31.0,0.0,False,-294.16127304391523,-271.05192388393624,299.9565992300656,-148.37492752985403,0.0,9,calibration,2,dot,0.2,0,calibration
0.795077200004016,49,-323.0,-31.0,0.0,False,-307.36498323673874,-255.98196631770628,305.7473205742696,-160.6816438515325,0.0,9,calibration,2,dot,0.2,0,calibration
0.8113409999932628,50,-323.0,-31.0,0.0,False,-321.3635247176193,-238.17112541420315,310.81423059135267,-172.23118628067246,0.0,9,calibration,2,dot,0.2,0,calibration
0.8277495999936946,51,-323.0,-31.0,0.0,False,-335.48180706864616,-217.83470138147328,315.03429569876266,-182.80004425238667,0.0,9,calibration,2,dot,0.2,0,calibration
0.8452300000062678,52,-336.0,-44.0,18.384776310850235,True,-348.9474169238466,-195.53951064215934,316.62138026177905,-192.3792437835937,11.33480581375773,9,calibration,2,dot,0.2,0,calibration
0.861251700000139,53,-395.0,-98.0,20.0,True,-360.74915185212205,-172.80060601159528,316.8456936274487,-201.37507283821526,14.706135880142115,9,calibration,2,dot,0.2,0,calibration
0.8778669000021182,54,-435.0,-133.0,20.0,True,-370.7453183051944,-150.15961159639454,316.2534434088184,-210.2533109356019,17.05767521106484,9,calibration,2,dot,0.2,0,calibration
0.8950344000040786,55,-486.0,-171.0,20.0,True,-379.21182822936635,-127.27289315066882,314.92177181922557,-219.57764078427735,17.572487937272825,9,calibration,2,dot,0.2,0,calibration
0.9121503999922425,56,-558.0,-215.0,20.0,True,-386.1447763544295,-104.36575920380982,312.4713551851027,-229.20047883357407,18.27401145291155,9,calibration,2,dot,0.2,0,calibration
0.9281166000000667,57,-593.0,-232.0,20.0,True,-391.6249173306936,-80.57287007656407,308.282672158324,-239.83284772737414,19.201246706135162,9,calibration,2,dot,0.2,0,calibration
0.946201500002644,58,-627.0,-245.0,20.0,True,-395.0195399456229,-55.812414819833336,301.1550165512702,-251.9643197319126,20.16088353171253,9,calibration,2,dot,0.2,0,calibration
0.9613512999931118,59,-672.0,-261.0,20.0,True,-397.1013304257618,-31.04464598255152,291.9338647054547,-264.4055189492279,21.702092030493134,9,calibration,2,dot,0.2,0,calibration
0.9787790999980643,60,-705.0,-274.0,20.0,True,-398.37663803403626,-7.895538203802275,281.6710443277834,-275.92153275601055,24.148801975566823,9,calibration,2,dot,0.2,0,calibration
0.9946352999977535,61,-735.0,-282.0,20.0,True,-399.0507737428236,13.21817969456998,271.5380136332947,-285.3769293957497,22.178552013293512,9,calibration,2,dot,0.2,0,calibration
1.0118368999974336,62,-747.0,-283.0,12.041594578792296,True,-398.6373408952024,32.98894426928841,262.03104286564076,-292.96985671472873,10.89632005145456,9,calibration,2,dot,0.2,0,calibration
1.0280818000028376,63,-758.0,-283.0,11.0,True,-396.63118319876895,51.80448353515923,252.80930204323298,-299.19823483947766,9.356277439511844,9,calibration,2,dot,0.2,0,calibration
1.0450659000052838,64,-764.0,-281.0,6.324555320336759,True,-393.814167033602,70.0742594939839,243.91036100010183,-303.5585044588893,2.841408771723286,9,calibration,2,dot,0.2,0,calibration
1.061655299999984,65,-770.0,-275.0,8.48528137423857,True,-390.21391488919886,87.93804993769795,234.28101019400708,-305.7502625907992,-0.9127757921310266,9,calibration,2,dot,0.2,0,calibration
1.0781718999933219,66,-773.0,-269.0,6.708203932499369,True,-385.8436051432767,105.47375204305169,224.0185896941387,-305.88889486853174,-2.645763694321674,9,calibration,2,dot,0.2,0,calibration
1.0949803999974392,67,-774.0,-256.0,13.038404810405298,True,-380.75238826182,122.58718869816833,212.9341415976093,-304.22358255555184,-9.699926306353596,9,calibration,2,dot,0.2,0,calibration
1.1112728000007337,68,-773.0,-239.0,17.029386365926403,True,-374.74993259571613,139.86596447851846,201.42645957986173,-301.46417458817774,-13.707919589603934,9,calibration,2,dot,0.2,0,calibration
1.1283357000065735,69,-762.0,-216.0,20.0,True,-367.9109104322974,156.97631026647952,189.3318191572929,-297.37585680679666,-22.27023278044806,9,calibration,2,dot,0.2,0,calibration
1.144557799998438,70,-738.0,-179.0,20.0,True,-360.594323717652,173.1234637552322,175.08786293646529,-290.35912280318246,-22.07250592469812,9,calibration,2,dot,0.2,0,calibration
1.1611943000025349,71,-717.0,-158.0,20.0,True,-352.97363036065207,187.68265763529902,159.99615762512892,-279.9384543507117,-22.689721837343328,9,calibration,2,dot,0.2,0,calibration
1.177869199993438,72,-682.0,-133.0,20.0,True,-343.7795119443697,201.4375569594042,145.61816511135527,-265.2858041854546,-21.809760444393653,9,calibration,2,dot,0.2,0,calibration
1.1946740999992471,73,-623.0,-98.0,20.0,True,-332.03544897302766,215.3923727524739,134.64517786231053,-248.0225484963877,-19.49859158392641,9,calibration,2,dot,0.2,0,calibration
1.2110778000060236,74,-582.0,-80.0,20.0,True,-318.47383456944823,229.03061466527024,126.54557684992437,-230.08043743326834,-18.820677428354323,9,calibration,2,dot,0.2,0,calibration
1.2279463000013493,75,-543.0,-70.0,20.0,True,-304.4790733455101,241.5254452491169,121.16528250324657,-214.65620987664823,-19.450284047147214,9,calibration,2,dot,0.2,0,calibration
1.2444856999936746,76,-470.0,-59.0,20.0,True,-290.8674649349234,252.49612079280334,117.9282241451331,-202.96500531558746,-19.67332436703762,9,calibration,2,dot,0.2,0,calibration
1.2611733999947319,77,-432.0,-56.0,20.0,True,-276.9322085487189,261.8765443478044,116.61531907099155,-194.47154669545188,-18.90898276373147,9,calibration,2,dot,0.2,0,calibration
1.2780775999999605,78,-375.0,-56.0,20.0,True,-262.56268443086725,269.0107622201977,116.54611997035765,-187.5638637445085,-18.114020993864305,9,calibration,2,dot,0.2,0,calibration
1.294548699996085,79,-341.0,-54.0,20.0,True,-248.48762757650172,273.528711364484,117.35626294903292,-181.3018558554532,-15.642682447392563,9,calibration,2,dot,0.2,0,calibration
1.311570899997605,80,-309.0,-53.0,20.0,True,-235.6417781318723,275.7730774495414,118.6525671375603,-174.94305546992572,-15.194279351883363,9,calibration,2,dot,0.2,0,calibration
1.3279232999921078,81,-263.0,-53.0,20.0,True,-224.69275428010346,276.4792567363071,120.67112611637424,-167.80152850047944,-14.518638519413901,9,calibration,2,dot,0.2,0,calibration
1.3448395000013988,82,-236.0,-55.0,20.0,True,-215.63973733439184,275.8510372196064,124.92626794019236,-157.62540317963047,-13.668315181676913,9,calibration,2,dot,0.2,0,calibration
1.361379099995247,83,-212.0,-58.0,20.0,True,-208.24979066657116,273.5260641533963,132.7406307680321,-143.86215187108925,-12.033964422414005,9,calibration,2,dot,0.2,0,calibration
1.3776193999947282,84,-180.0,-67.0,20.0,True,-201.76316653071365,268.6613526406372,144.27061960996053,-127.83157627155107,-11.805588110407847,9,calibration,2,dot,0.2,0,calibration
1.3943307000008645,85,-163.0,-73.0,18.027756377319946,True,-195.35308354416537,261.2312306528407,157.0568488761453,-113.16718571157281,-8.997866698364964,9,calibration,2,dot,0.2,0,calibration
1.4116894000035245,86,-141.0,-83.0,20.0,True,-188.69177774111012,251.7553257834159,168.8891114940615,-101.87502854864111,-9.783637313868907,9,calibration,2,dot,0.2,0,calibration
1.4275835000007646,87,-129.0,-89.0,13.416407864998739,True,-181.46559916176048,240.2283617224513,178.79821077445422,-94.23093335141039,-5.6208665171074745,9,calibration,2,dot,0.2,0,calibration
1.4447431000007782,88,-117.0,-97.0,14.422205101855956,True,-174.0861263782587,227.03887714739005,186.94666055710994,-89.78330958344024,-6.140484070061284,9,calibration,2,dot,0.2,0,calibration
1.461553899993305,89,-104.0,-106.0,15.811388300841896,True,-166.5175520882911,212.17440952909823,193.88191214041018,-87.53527697940368,-4.327446904922239,9,calibration,2,dot,0.2,0,calibration
1.4780132000014419,90,-97.0,-112.0,9.219544457292887,True,-159.23756429153985,196.5888930860823,200.1444081814389,-86.61373052375026,-2.3467418703695264,9,calibration,2,dot,0.2,0,calibration
1.4950091999926371,91,-92.0,-118.0,7.810249675906654,True,-151.98099843175243,180.30853126513253,207.2629179531108,-86.08181887109589,-2.976824448805497,9,calibration,2,dot,0.2,0,calibration
1.5118886999989627,92,-86.0,-130.0,13.416407864998739,True,-144.76015393002007,163.4848358957675,216.37269369916578,-86.01980301904733,-7.475505543581025,9,calibration,2,dot,0.2,0,calibration
1.5283921999944141,93,-81.0,-144.0,14.866068747318506,True,-137.73983360090153,145.94591633394845,228.26473992816233,-86.77926765144882,-8.973394045167545,9,calibration,2,dot,0.2,0,calibration
1.5454750000062631,94,-81.0,-153.0,9.0,True,-130.90108452408546,127.55167684097418,244.3684247668001,-89.40464372573489,-6.98769158107986,9,calibration,2,dot,0.2,0,calibration
1.5621328999986872,95,-81.0,-162.0,9.0,True,-124.16401991399229,108.05037319313581,263.366225472329,-93.11256508824172,-6.782621993390672,9,calibration,2,dot,0.2,0,calibration
1.578562900001998,96,-87.0,-178.0,17.08800749063506,True,-116.98960849724851,87.09459130488395,283.35351660372726,-97.43654430130941,-15.675245229697172,9,calibration,2,dot,0.2,0,calibration
1.595807199992123,97,-95.0,-192.0,16.1245154965971,True,-109.24910457685233,64.6833605254599,301.42463479624547,-101.28764178642462,-15.527570923497416,9,calibration,2,dot,0.2,0,calibration
1.6120201000012457,98,-105.0,-206.0,17.204650534085253,True,-101.33756839965564,42.110641644262486,317.4705961980154,-104.8371894407278,-16.644460540638903,9,calibration,2,dot,0.2,0,calibration
1.6287322999996832,99,-127.0,-227.0,20.0,True,-92.47583395505906,18.991461215220735,332.2518335596571,-107.91971280444771,-19.059910626024053,9,calibration,2,dot,0.2,0,calibration
1.6452437999978429,100,-142.0,-240.0,19.849433241279208,True,-82.54911599325283,-3.561663350778396,347.3325288105083,-110.96045193494847,-17.990245642086126,9,calibration,2,dot,0.2,0,calibration
1.661956600000849,101,-158.0,-250.0,18.867962264113206,True,-71.4245573803352,-25.839635559450628,363.8561759593846,-113.83138837252964,-15.8505921106691,9,calibration,2,dot,0.2,0,calibration
1.678746699995827,102,-192.0,-266.0,20.0,True,-60.07526778028421,-46.49689683518549,382.8250473741119,-115.95250365131825,-15.761083605871601,9,calibration,2,dot,0.2,0,calibration
1.6941579999984242,103,-217.0,-277.0,20.0,True,-48.51924138002269,-65.78787279852534,384.008012213867,-111.97252589610795,-14.988313106288619,9,calibration,2,dot,0.2,0,calibration
1.7110962000006111,104,-242.0,-286.0,20.0,True,-36.34972757664409,-84.08745770161609,385.3896117680926,-107.12071294217031,-13.569211811316904,9,calibration,2,dot,0.2,0,calibration
1.7277134000032675,105,-271.0,-296.0,20.0,True,-24.223919258275203,-101.0704619274,386.63126346602223,-102.54884743704982,-12.684596766583383,9,calibration,2,dot,0.2,0,calibration
1.7441535999969346,106,-311.0,-307.0,20.0,True,-13.072823706733075,-116.64537627218951,387.89024214019906,-97.67886185054428,-11.955208623286556,9,calibration,2,dot,0.2,0,calibration
1.7607884000026388,107,-332.0,-312.0,20.0,True,-2.8981087308342026,-130.6102072767158,389.0156359106444,-93.09583780726713,-11.373800581318573,9,calibration,2,dot,0.2,0,calibration
1.7788218000059715,108,-351.0,-316.0,19.4164878389476,True,6.540523612901387,-143.0803200933915,390.0809695978999,-88.5259123509173,-10.47897100694526,9,calibration,2,dot,0.2,0,calibration
1.7950100000016391,109,-384.0,-322.0,20.0,True,15.453344343668533,-154.4109638797004,391.0061113800736,-84.34584081881852,-10.172252574473939,9,calibration,2,dot,0.2,0,calibration
1.8109315000037896,110,-410.0,-325.0,20.0,True,23.60715613005157,-164.50208298107793,391.87481149521346,-80.21304205421306,-9.12704644592261,9,calibration,2,dot,0.2,0,calibration
1.8275278999935836,111,-437.0,-330.0,20.0,True,31.33986835574872,-173.49221719907476,392.52866711855785,-76.9496295645953,-9.428562877303673,9,calibration,2,dot,0.2,0,calibration
1.8442386999959126,112,-479.0,-336.0,20.0,True,38.87274808136723,-180.87041636133188,393.1651002619241,-73.62882544242548,-7.550444867961255,9,calibration,2,dot,0.2,0,calibration
1.86077220000152,113,-502.0,-338.0,20.0,True,45.89544065195657,-186.38544070622544,393.8703808216682,-69.75760253473472,-5.332447718940574,9,calibration,2,dot,0.2,0,calibration
1.877873699995689,114,-534.0,-337.0,20.0,True,52.2279109340872,-189.78277740920163,394.7167632444058,-64.7971975772078,-2.00278612754925,9,calibration,2,dot,0.2,0,calibration
1.8946154000004753,115,-558.0,-337.0,20.0,True,58.35724311897235,-191.49049458858357,395.53430487464254,-59.603805812492716,-0.6682171309282547,9,calibration,2,dot,0.2,0,calibration
1.9121602999948664,116,-581.0,-338.0,20.0,True,64.73318485541859,-192.11102255967052,396.3865176311755,-53.64446514068155,-0.09993214419197649,9,calibration,2,dot,0.2,0,calibration
1.9277149999979883,117,-609.0,-338.0,20.0,True,71.61657236700309,-191.83117470934974,397.36927109835244,-45.800244396335785,0.7770210260624832,9,calibration,2,dot,0.2,0,calibration
1.9445264999958454,118,-630.0,-341.0,20.0,True,79.06857621482376,-190.48370568838288,398.3719503315109,-36.05258921448172,0.7272623584699622,9,calibration,2,dot,0.2,0,calibration
1.962067600004957,119,-647.0,-345.0,17.46424919657298,True,87.12885254434349,-187.74382131848816,399.2254927410885,-24.879830096588417,0.800717407755597,9,calibration,2,dot,0.2,0,calibration
1.9781451000017114,120,-665.0,-350.0,18.681541692269406,True,95.79713165644972,-183.59798389031675,399.7925598356191,-12.88057064275361,1.1771807237496834,9,calibration,2,dot,0.2,0,calibration
1.9953633999975864,121,-674.0,-352.0,9.219544457292887,True,105.78728905456045,-177.28999312203965,399.99942465277104,-0.6784375079023193,1.1345588116127499,9,calibration,2,dot,0.2,0,calibration
2.0114963999949396,122,-688.0,-358.0,15.231546211727817,True,116.25674953957942,-169.71195388584727,399.84229931179794,11.23101424870117,1.5539267897772409,9,calibration,2,dot,0.2,0,calibration
2.027722700004233,123,-698.0,-361.0,10.44030650891055,True,127.66975621144489,-160.38613956597524,399.2690369451857,24.170977159890377,2.2437699821272385,9,calibration,2,dot,0.2,0,calibration
2.044681400002446,124,-709.0,-363.0,11.180339887498949,True,138.7934358194909,-150.39765268131487,398.21698097351873,37.7258010430027,3.757149479323661,9,calibration,2,dot,0.2,0,calibration
2.0612257000029786,125,-723.0,-367.0,14.560219778561036,True,149.93529325771829,-139.79844649136837,396.68971256658625,51.35437609239546,5.6560609610138055,9,calibration,2,dot,0.2,0,calibration
2.0780702000047313,126,-730.0,-367.0,7.0,True,159.72913945010978,-129.49708687777834,394.81559511394346,64.19225696937812,4.180632616775451,9,calibration,2,dot,0.2,0,calibration
2.0946212999988347,127,-740.0,-369.0,10.198039027185569,True,168.18809771994836,-119.43821412386836,392.7079130286782,76.02956691090728,6.463670021089645,9,calibration,2,dot,0.2,0,calibration
2.1112129999964964,128,-745.0,-369.0,5.0,True,174.7490263887017,-109.19348995638796,390.44414629933914,86.91011805641637,3.514550488381951,9,calibration,2,dot,0.2,0,calibration
2.1285123999987263,129,-749.0,-370.0,4.123105625617661,True,179.51485456810818,-98.49625344880332,386.9497101014318,96.69379318656405,2.9449830243465067,9,calibration,2,dot,0.2,0,calibration
2.145186800000374,130,-757.0,-372.0,8.246211251235321,True,182.20687091557528,-87.55052389940612,381.5160309786548,105.39148463781474,6.3951793997587085,9,calibration,2,dot,0.2,0,calibration
2.1615706000011414,131,-762.0,-372.0,5.0,True,183.5234444300564,-76.41760168592081,374.0347557848741,112.85336211837506,4.127325898888758,9,calibration,2,dot,0.2,0,calibration
2.1780712000036146,132,-764.0,-373.0,2.23606797749979,True,184.049733981328,-65.05640528975842,364.80717988132426,118.60790825943614,2.259361354730285,9,calibration,2,dot,0.2,0,calibration
2.1950060999952257,133,-768.0,-373.0,4.0,True,184.08911061138556,-52.25465943589287,354.35309811968796,123.85199707787167,3.587676974293277,9,calibration,2,dot,0.2,0,calibration
2.2115000000048894,134,-770.0,-373.0,2.0,True,183.1865843903829,-38.48630693260394,341.9413042128341,128.81366946332173,1.7262896588511394,9,calibration,2,dot,0.2,0,calibration
2.2284622000006493,135,-772.0,-374.0,2.23606797749979,True,180.46390307122877,-24.17421877409414,327.314221705616,132.2747630010283,2.324604760316213,9,calibration,2,dot,0.2,0,calibration
2.244756600004621,136,-773.0,-374.0,1.0,True,175.59543852689438,-10.086060038949658,311.4492765853096,136.0868363612466,0.6457059581591074,9,calibration,2,dot,0.2,0,calibration
2.26133920000575,137,-774.0,-374.0,1.0,True,168.83507910002157,3.3829655561335343,294.84833000788194,139.3449530004001,0.5326948099869797,9,calibration,2,dot,0.2,0,calibration
2.278271200004383,138,-775.0,-374.0,1.0,True,160.4730839431718,16.39543304900075,277.17046839334967,141.92130097325102,0.448933442244408,9,calibration,2,dot,0.2,0,calibration
2.294604299997445,139,-775.0,-374.0,0.0,False,150.04519881679965,28.80791560570077,258.0409353207134,143.97719748363093,0.0,9,calibration,2,dot,0.2,0,calibration
2.3116277999943122,140,-775.0,-374.0,0.0,False,137.75050401476068,41.66052365058453,238.16321738925015,145.19025550511296,0.0,9,calibration,2,dot,0.2,0,calibration
2.3289708999946015,141,-775.0,-375.0,1.0,True,123.99991276284818,55.10107098331936,218.4892211164759,141.0177439758252,0.9064666624875894,9,calibration,2,dot,0.2,0,calibration
2.3450625999976182,142,-774.0,-376.0,1.4142135623730951,True,108.76375382448458,69.63802743771224,201.2193008301775,134.87573210892361,0.8067234914191086,9,calibration,2,dot,0.2,0,calibration
2.361588700005086,143,-769.0,-381.0,7.0710678118654755,True,93.75253720526318,83.61068467442922,187.36775939425323,126.64345167669157,5.322851635127804,9,calibration,2,dot,0.2,0,calibration
2.3780393000051845,144,-761.0,-387.0,10.0,True,78.89556875882631,97.1738995001997,177.49439565535585,117.39456140098459,8.216990709747774,9,calibration,2,dot,0.2,0,calibration
2.394407700005104,145,-745.0,-399.0,20.0,True,64.151378415598,110.31356739459434,170.25060918675726,107.55241815380194,20.10922520035624,9,calibration,2,dot,0.2,0,calibration
2.4110656999982893,146,-727.0,-411.0,20.0,True,48.62350064271456,123.8958451007836,165.22293099395807,97.11905319685613,22.599631443158998,9,calibration,2,dot,0.2,0,calibration
2.4276165000046603,147,-696.0,-429.0,20.0,True,33.24567348919207,137.64409103798118,162.36595715243965,84.74044044732328,25.48340851974029,9,calibration,2,dot,0.2,0,calibration
2.444651600002544,148,-678.0,-437.0,19.697715603592208,True,19.434301269750108,150.600243772876,161.8392342384707,69.84316739197608,25.960180164703694,9,calibration,2,dot,0.2,0,calibration
2.4615541999955894,149,-663.0,-442.0,15.811388300841896,True,7.2341394476930105,162.82758534922414,163.1568807250121,53.40486364455157,20.316785306459593,9,calibration,2,dot,0.2,0,calibration
2.477716199995484,150,-639.0,-449.0,20.0,True,-4.362964336722214,174.2257279205112,165.62426192094387,37.89541097392201,26.165817195062345,9,calibration,2,dot,0.2,0,calibration
2.494396099995356,151,-624.0,-452.0,15.297058540778355,True,-15.46933715614556,184.8353480344637,168.4338416234211,24.76200808230863,18.9901612904101,9,calibration,2,dot,0.2,0,calibration
2.511514400001033,152,-604.0,-459.0,20.0,True,-25.79173360954185,194.8796883100293,171.4552873182411,13.69008357317455,29.48044422623071,9,calibration,2,dot,0.2,0,calibration
2.5282806000031997,153,-593.0,-461.0,11.180339887498949,True,-34.29793360482031,204.5641183005217,175.78478207247065,3.394481863497827,14.86947807133814,9,calibration,2,dot,0.2,0,calibration
2.5448232000053395,154,-583.0,-465.0,10.770329614269007,True,-41.06887344994794,214.45228864075182,183.0706764179875,-8.666150740544575,17.544803592649323,9,calibration,2,dot,0.2,0,calibration
2.5618313000013586,155,-566.0,-469.0,17.46424919657298,True,-46.259186081867696,225.04920803798186,193.5058289979349,-22.285847511675264,24.58435962338502,9,calibration,2,dot,0.2,0,calibration
2.578136900003301,156,-553.0,-470.0,13.038404810405298,True,-49.84469835163347,235.96278027479065,206.76463414921912,-36.68745090009496,14.548433982134869,9,calibration,2,dot,0.2,0,calibration
2.594643399992492,157,-537.0,-470.0,16.0,True,-51.344674706927975,246.9863366158721,220.40410909575738,-49.95911515596393,13.62451109155305,9,calibration,2,dot,0.2,0,calibration
2.6114593999955105,158,-515.0,-466.0,20.0,True,-51.01191604650345,256.9861251345196,233.94307070232537,-62.01949631393559,8.083286189052979,9,calibration,2,dot,0.2,0,calibration
2.628127300005872,159,-495.0,-463.0,20.0,True,-48.08387673263863,266.8539598385002,247.10731837396563,-73.65997008746842,4.380991631594947,9,calibration,2,dot,0.2,0,calibration
2.6453432999987854,160,-472.0,-456.0,20.0,True,-42.737351870346316,275.88984901726093,260.191367680067,-85.28509186846776,-4.319495953174927,9,calibration,2,dot,0.2,0,calibration
2.6615493999997852,161,-434.0,-444.0,20.0,True,-34.84206206418149,285.2760784355549,273.5398316943547,-96.68518061027122,-6.294321017252813,9,calibration,2,dot,0.2,0,calibration
2.6779175999981817,162,-411.0,-436.0,20.0,True,-26.10549199212892,294.0394797620175,286.70140639580654,-107.23062633226856,-7.356441565042284,9,calibration,2,dot,0.2,0,calibration
2.694621799993911,163,-388.0,-428.0,20.0,True,-16.713772387964863,302.5105561085346,299.39918583142514,-117.0507093539115,-7.5045794362307605,9,calibration,2,dot,0.2,0,calibration
2.711036699998658,164,-355.0,-413.0,20.0,True,-6.806055646768101,310.02565032858354,311.0220685864128,-126.49472880938913,-10.596125484573879,9,calibration,2,dot,0.2,0,calibration
2.7278284000058193,165,-338.0,-404.0,19.235384061671343,True,4.136330894125573,316.6768554377982,321.4152116280114,-136.08336421754197,-12.809729794375428,9,calibration,2,dot,0.2,0,calibration
2.7442758999968646,166,-314.0,-387.0,20.0,True,16.212612828594107,322.46063537702815,330.44705703063335,-146.3868037512945,-17.647988110388994,9,calibration,2,dot,0.2,0,calibration
2.7614452999987407,167,-300.0,-375.0,18.439088914585774,True,28.582515483316463,327.5226379401728,337.7271874937148,-156.93381881160207,-19.424728956382108,9,calibration,2,dot,0.2,0,calibration
2.7781897999957437,168,-287.0,-366.0,15.811388300841896,True,41.556198809764524,331.7956500331599,343.04554804878296,-167.5735804064942,-17.40084223181234,9,calibration,2,dot,0.2,0,calibration
2.7945367000065744,169,-269.0,-351.0,20.0,True,54.4462782507902,334.8784779816724,346.60756747624487,-177.73372344466745,-24.92060293592832,9,calibration,2,dot,0.2,0,calibration
2.8113908999948762,170,-259.0,-341.0,14.142135623730951,True,67.33224993251217,336.74545382189496,348.8966108756857,-187.44601147153222,-18.769860215999177,9,calibration,2,dot,0.2,0,calibration
2.827992099992116,171,-246.0,-332.0,15.811388300841896,True,80.07360049047233,337.61474267164414,348.8455273622837,-195.72122531634162,-20.932296379647596,9,calibration,2,dot,0.2,0,calibration
2.844451700002537,172,-230.0,-317.0,20.0,True,93.0385974624326,337.96216323019064,345.06690883697274,-202.30874530206637,-30.70547697604806,9,calibration,2,dot,0.2,0,calibration
2.8610689000051934,173,-221.0,-306.0,14.212670403551895,True,106.67715486863325,338.0134330793447,340.797638650842,-209.4205565125118,-22.741454165955734,9,calibration,2,dot,0.2,0,calibration
2.87776699999813,174,-209.0,-287.0,20.0,True,121.15722716140884,337.37235407179685,335.6955511411566,-216.4748657882407,-29.882003726728787,9,calibration,2,dot,0.2,0,calibration
2.894223499999498,175,-201.0,-269.0,19.697715603592208,True,136.22870452837222,335.6984251567586,329.83243275632174,-222.58194853968624,-24.489183163317442,9,calibration,2,dot,0.2,0,calibration
2.911240200002794,176,-195.0,-245.0,20.0,True,151.73385585857707,332.2949093150656,323.3342518624971,-226.88005762294907,-15.327696743825943,9,calibration,2,dot,0.2,0,calibration
2.927609999998822,177,-194.0,-206.0,20.0,True,166.54943363769323,327.44221645908146,316.05573502065306,-229.41770815798012,-1.3300542552732741,9,calibration,2,dot,0.2,0,calibration
2.9442806000006385,178,-194.0,-184.0,20.0,True,181.02723056891165,320.84757060948823,306.94125428073914,-229.9573171436256,7.1084646482489955,9,calibration,2,dot,0.2,0,calibration
2.9609976000065217,179,-197.0,-163.0,20.0,True,194.1675662454955,313.7389977242438,295.8102293373182,-228.8202018796822,16.734247365688457,9,calibration,2,dot,0.2,0,calibration
2.9776771000033477,180,-207.0,-139.0,20.0,True,205.72380953921044,306.3376681324924,283.0382227261345,-226.69569319615374,27.051837365294084,9,calibration,2,dot,0.2,0,calibration
2.9944427000009455,181,-215.0,-125.0,16.1245154965971,True,215.07432617171608,299.3297230814596,269.21801186203743,-224.2056979383243,25.15348422814434,9,calibration,2,dot,0.2,0,calibration
0.0008762999932514504,1,-71.0,-8.0,20.0,True,293.8620128075973,-4.3748692240018405,-298.75522366197583,-7.225903533937576,-18.65091117606727,10,calibration,2,dot,0.25,0,calibration
0.011721099988790229,2,-79.0,-6.0,8.246211251235321,True,279.6512642802989,-14.057803354135913,-295.810627435099,-22.373690220901047,-8.974787989321799,10,calibration,2,dot,0.25,0,calibration
0.02832539999508299,3,-88.0,-3.0,9.486832980505138,True,263.05997812378877,-24.416095750608772,-292.08820094359845,-37.77079473434456,-11.07647412064964,10,calibration,2,dot,0.25,0,calibration
0.04521669998939615,4,-100.0,3.0,13.416407864998739,True,243.69938217926273,-34.31401897164049,-287.6610104559419,-52.923759751015496,-17.077972603424385,10,calibration,2,dot,0.25,0,calibration
0.06164909999642987,5,-114.0,26.0,20.0,True,223.90280684236922,-41.978407017843395,-280.0681436145923,-67.40257929602329,-23.48877591227894,10,calibration,2,dot,0.25,0,calibration
0.07851709998794831,6,-119.0,57.0,20.0,True,203.6920931820361,-46.88172085327739,-268.9454956917008,-81.31116533011917,-15.849001903909897,10,calibration,2,dot,0.25,0,calibration
0.09505959998932667,7,-116.0,103.0,20.0,True,184.94102804387052,-49.042036299531894,-256.03546837510373,-94.67074155082602,-9.869837920422802,10,calibration,2,dot,0.25,0,calibration
0.11129329999675974,8,-107.0,128.0,20.0,True,165.73305457574284,-49.05852480519471,-241.90276791237847,-107.91763548870091,-1.1357848036153206,10,calibration,2,dot,0.25,0,calibration
0.12877959999605082,9,-97.0,144.0,18.867962264113206,True,146.1716061295843,-46.15486133108218,-228.2433038658109,-121.9980935866298,3.0212142057879845,10,calibration,2,dot,0.25,0,calibration
0.1456208999879891,10,-81.0,158.0,20.0,True,126.17157902150718,-39.125722418645,-215.13188202612287,-137.36779625223448,9.582063673565045,10,calibration,2,dot,0.25,0,calibration
0.16173339998931624,11,-72.0,164.0,10.816653826391969,True,106.69147958343416,-28.74327795391855,-200.54017474834134,-155.53117316300526,6.079364822779139,10,calibration,2,dot,0.25,0,calibration
0.17876589999650605,12,-72.0,164.0,0.0,False,88.44854422719409,-16.989399387515007,-190.09900333355623,-178.75975884456835,0.0,10,calibration,2,dot,0.25,0,calibration
0.19517709998763166,13,-72.0,164.0,0.0,False,72.50656022165549,-5.176215132347529,-179.31730079847347,-203.57873058760396,0.0,10,calibration,2,dot,0.25,0,calibration
0.21191600000020117,14,-72.0,164.0,0.0,False,59.308353680168246,6.389486193123437,-168.33324489892613,-226.43856369151393,0.0,10,calibration,2,dot,0.25,0,calibration
0.2285286999976961,15,-72.0,164.0,0.0,False,48.37866150635654,18.275172187546055,-157.07808098593821,-247.0076384711662,0.0,10,calibration,2,dot,0.25,0,calibration
0.24576879999949597,16,-72.0,164.0,0.0,False,38.68868848368213,31.82697892616511,-145.3206707182586,-265.9029833529977,0.0,10,calibration,2,dot,0.25,0,calibration
0.2619890999922063,17,-72.0,164.0,0.0,False,30.074067002593736,47.56145784706059,-132.57139915081572,-283.3035265081021,0.0,10,calibration,2,dot,0.25,0,calibration
0.2786333999974886,18,-72.0,164.0,0.0,False,22.60846087869554,66.31283506580681,-119.40358653403439,-299.72361354424515,0.0,10,calibration,2,dot,0.25,0,calibration
0.29528919998847414,19,-72.0,164.0,0.0,False,16.988243293135987,86.93892063841018,-106.25865747250627,-314.6071807873948,0.0,10,calibration,2,dot,0.25,0,calibration
0.31206029999884777,20,-72.0,164.0,0.0,False,13.038961014256449,108.29286258908579,-94.25751728825671,-327.97969070710167,0.0,10,calibration,2,dot,0.25,0,calibration
0.32880969998950604,21,-72.0,164.0,0.0,False,10.800019313363656,129.08744294163435,-83.15933539975153,-340.0777229602067,0.0,10,calibration,2,dot,0.25,0,calibration
0.3451716999989003,22,-72.0,164.0,0.0,False,9.753000801694585,148.0506190975537,-72.47771535249623,-351.21326482650994,0.0,10,calibration,2,dot,0.25,0,calibration
0.3622966999973869,23,-72.0,164.0,0.0,False,9.886168553536956,164.94107422880018,-60.860092188790695,-361.35769789251646,0.0,10,calibration,2,dot,0.25,0,calibration
0.3784948999964399,24,-90.0,173.0,20.0,True,11.137306141262746,179.53102639044562,-49.15249549334011,-371.09841270182096,-26.855117638706282,10,calibration,2,dot,0.25,0,calibration
0.3954486999864457,25,-114.0,196.0,20.0,True,13.38096577877689,191.8961883621419,-36.009431812423784,-377.4046338262924,-30.042793517540687,10,calibration,2,dot,0.25,0,calibration
0.41238729999167845,26,-140.0,238.0,20.0,True,16.920707676459564,203.01465026583895,-23.59368779929981,-380.25645005059454,-27.077190558314665,10,calibration,2,dot,0.25,0,calibration
0.42896019999170676,27,-147.0,273.0,20.0,True,22.30047263784506,213.51111210973318,-11.974561667049443,-380.07855643425506,-19.28542005284659,10,calibration,2,dot,0.25,0,calibration
0.44517849999829195,28,-148.0,311.0,20.0,True,31.36303459704461,224.94939728959116,-1.388428341963479,-378.4162620048395,-12.762261112358686,10,calibration,2,dot,0.25,0,calibration
0.46193779999157414,29,-135.0,362.0,20.0,True,43.70308832607738,236.6730743013165,9.21965520499332,-376.0817321517033,-7.940012607065187,10,calibration,2,dot,0.25,0,calibration
0.4782373999914853,30,-116.0,392.0,20.0,True,59.15282244556529,248.02753750855317,19.828876663557025,-373.5313385932853,-4.274932373164821,10,calibration,2,dot,0.25,0,calibration
0.4952418999891961,31,-95.0,418.0,20.0,True,76.0834563559152,258.1464020023943,31.1782625974825,-370.28551161604236,-2.408492067779262,10,calibration,2,dot,0.25,0,calibration
0.5118023999966681,32,-56.0,456.0,20.0,True,93.61090752390733,266.87512948458505,43.04076533059319,-366.3447789180732,-1.0501623424189388,10,calibration,2,dot,0.25,0,calibration
0.5282974000001559,33,-17.0,479.0,20.0,True,110.3503915055463,274.0973204990089,56.12762001092613,-361.4492013357744,-0.1476803682643224,10,calibration,2,dot,0.25,0,calibration
0.5452155999955721,34,19.0,496.0,20.0,True,125.23396129116146,279.1154206757822,69.40158792299617,-355.8999418641611,0.11395793126967257,10,calibration,2,dot,0.25,0,calibration
0.5616071999975247,35,78.0,512.0,20.0,True,138.96783530060895,282.19827542329466,83.86186898474583,-348.7901285854471,-0.3487234150102658,10,calibration,2,dot,0.25,0,calibration
0.5784338999947067,36,110.0,517.0,20.0,True,152.75159264108376,284.0028302005506,97.90423937181859,-341.33146015418913,-1.0942400452160284,10,calibration,2,dot,0.25,0,calibration
0.5953719999961322,37,154.0,517.0,20.0,True,168.39222089624852,285.05568650281435,111.7904332239592,-333.53535386488767,-2.5153507279478626,10,calibration,2,dot,0.25,0,calibration
0.6115871999936644,38,179.0,515.0,20.0,True,186.3393410211158,286.0607406488494,123.88051867650643,-326.1242231375701,-3.6524226166703633,10,calibration,2,dot,0.25,0,calibration
0.628461399988737,39,200.0,511.0,20.0,True,208.09451044558082,287.0000721665084,134.69115621277007,-318.2645774792388,-5.776755602427565,10,calibration,2,dot,0.25,0,calibration
0.6455847999895923,40,224.0,502.0,20.0,True,231.5065015468465,287.9066023894966,144.4089208933128,-309.49349072320626,-9.244574140594358,10,calibration,2,dot,0.25,0,calibration
0.6615076999878511,41,239.0,494.0,17.0,True,254.64267776238427,288.43149114160366,153.04737657811555,-299.6746948999452,-10.912962216486491,10,calibration,2,dot,0.25,0,calibration
0.6783578999893507,42,250.0,486.0,13.601470508735444,True,274.47351719530747,288.56467250395366,160.64793141197833,-288.25466289322804,-11.511277009589277,10,calibration,2,dot,0.25,0,calibration
0.6953341999906115,43,261.0,474.0,16.278820596099706,True,284.33855903437734,281.33891278359255,167.10524560985607,-275.56018363751645,-16.747420924997396,10,calibration,2,dot,0.25,0,calibration
0.7117756999941776,44,267.0,463.0,12.529964086141668,True,291.70818136461776,273.6902207331261,171.50893724188427,-261.8169586139418,-14.672817706629548,10,calibration,2,dot,0.25,0,calibration
0.728833899993333,45,271.0,452.0,11.704699910719626,True,298.77210781760874,265.9609512507864,173.4458090580462,-247.596839884459,-14.568669240536092,10,calibration,2,dot,0.25,0,calibration
0.7450068999896757,46,272.0,427.0,20.0,True,306.1738990881295,257.40540693072455,170.3585376426824,-233.35710828804267,-21.00831604045412,10,calibration,2,dot,0.25,0,calibration
0.7620170999871334,47,272.0,403.0,20.0,True,313.6842665979452,248.19786640684322,161.95533078085032,-218.16176554054576,-18.036216011073773,10,calibration,2,dot,0.25,0,calibration
0.77842149999924,48,264.0,364.0,20.0,True,320.7814652418879,238.9544968341619,148.479579206839,-203.9987158964883,-7.8461822973215885,10,calibration,2,dot,0.25,0,calibration
0.7948595999914687,49,255.0,337.0,20.0,True,326.8835192924187,230.53668865281062,131.7557121036119,-191.5242234998781,-0.3677508473534963,10,calibration,2,dot,0.25,0,calibration
0.8121926999883726,50,245.0,308.0,20.0,True,332.2986494199342,222.66029640168824,114.14372298093001,-181.86797018192783,2.394211072765793,10,calibration,2,dot,0.25,0,calibration
0.8283289999963017,51,231.0,268.0,20.0,True,336.9922916807735,215.49059224880432,95.90001105673763,-174.74647146827306,5.133134158426006,10,calibration,2,dot,0.25,0,calibration
0.8449302999943029,52,219.0,239.0,20.0,True,341.3066949886852,208.58988459630677,76.32951123304093,-169.31744095089857,9.840391564612986,10,calibration,2,dot,0.25,0,calibration
0.8618554999993648,53,207.0,214.0,20.0,True,344.7190990430666,202.90081999572217,55.434031059341194,-165.13189454957362,14.931557437804454,10,calibration,2,dot,0.25,0,calibration
0.8783574999979464,54,188.0,179.0,20.0,True,347.08669310379906,198.8236089358334,33.360730201160884,-161.50737427774862,19.32518064968122,10,calibration,2,dot,0.25,0,calibration
0.8951550999918254,55,166.0,153.0,20.0,True,348.1643163875671,196.93046690235133,10.714626337719771,-157.91377465120362,27.729568902731803,10,calibration,2,dot,0.25,0,calibration
0.9116544999997132,56,129.0,120.0,20.0,True,348.35589801352086,196.5913739694431,-12.70761327243262,-154.7761572703309,32.42294375195202,10,calibration,2,dot,0.25,0,calibration
0.9283649999997579,57,101.0,101.0,20.0,True,347.8021470189035,197.5693967421095,-36.64730305645879,-152.54077171219242,35.43169395218275,10,calibration,2,dot,0.25,0,calibration
0.945009699993534,58,61.0,81.0,20.0,True,346.717580089357,199.4665878210691,-63.219071137384844,-151.59300469368108,36.99334574233308,10,calibration,2,dot,0.25,0,calibration
0.9617692999891005,59,24.0,68.0,20.0,True,345.1648277327954,202.14163771026915,-91.21084690011548,-151.5760155788112,36.95650133052556,10,calibration,2,dot,0.25,0,calibration
0.9787537999945926,60,-33.0,53.0,20.0,True,343.32555188242253,205.2500071245553,-121.2593912594466,-152.19142136030015,36.33222551067553,10,calibration,2,dot,0.25,0,calibration
0.9954294999915874,61,-69.0,46.0,20.0,True,341.2455853865268,208.68984271930123,-149.87213884633942,-152.85933584433133,35.240531216325195,10,calibration,2,dot,0.25,0,calibration
1.0118127999885473,62,-115.0,43.0,20.0,True,339.05787484878067,212.22572300036714,-177.28423642586733,-152.95135890658713,33.1371259369767,10,calibration,2,dot,0.25,0,calibration
1.0285211999871535,63,-147.0,44.0,20.0,True,336.808147680914,215.7782928279665,-202.93596513262875,-152.32979828749126,30.4911603546234,10,calibration,2,dot,0.25,0,calibration
1.0451496999885421,64,-174.0,47.0,20.0,True,334.23042783276793,219.74990582643002,-228.33064873627114,-150.92464304294398,27.179957521747873,10,calibration,2,dot,0.25,0,calibration
1.0618529999919701,65,-209.0,56.0,20.0,True,331.18790264598516,224.30910177911522,-253.73562736828043,-148.2147629935334,21.401843948147118,10,calibration,2,dot,0.25,0,calibration
1.0781734999909531,66,-229.0,63.0,20.0,True,327.60496480352464,229.5103201080103,-278.84653483970965,-144.47732312958468,17.023291358198517,10,calibration,2,dot,0.25,0,calibration
1.0949740999931237,67,-252.0,76.0,20.0,True,323.80405291300764,234.84236269700185,-303.02098538224647,-139.70051225202573,10.837612854462773,10,calibration,2,dot,0.25,0,calibration
1.111901599986595,68,-264.0,86.0,15.620499351813308,True,319.67769270219026,240.42914296857606,-326.5589277614676,-133.8504424395763,4.496693540884497,10,calibration,2,dot,0.25,0,calibration
1.1283834999921964,69,-273.0,95.0,12.727922061357855,True,315.28484787942085,246.1614606262533,-349.549091324402,-127.061273193879,2.2073299400321775,10,calibration,2,dot,0.25,0,calibration
1.1457089999894379,70,-284.0,114.0,20.0,True,310.55714111511753,252.0997066686214,-370.8381428421977,-118.83643127500784,-2.2002736912659904,10,calibration,2,dot,0.25,0,calibration
1.1618014999985462,71,-288.0,129.0,15.524174696260024,True,305.93786177391536,257.6859032489062,-385.34861314943697,-107.26810496976985,-4.963834320873765,10,calibration,2,dot,0.25,0,calibration
1.1785881999967387,72,-288.0,151.0,20.0,True,301.45893894998034,262.91159755163335,-389.1556746907964,-92.50870691967879,-8.114228814833158,10,calibration,2,dot,0.25,0,calibration
1.1953639999992447,73,-275.0,214.0,20.0,True,297.126225656573,267.7984429138438,-392.368292290216,-77.76325099466726,-6.306811043632234,10,calibration,2,dot,0.25,0,calibration
1.2119977999973344,74,-256.0,262.0,20.0,True,292.6602446420767,272.67192962613484,-394.8280041221526,-64.11588852162525,-2.200652467847558,10,calibration,2,dot,0.25,0,calibration
1.2282243999943603,75,-232.0,311.0,20.0,True,287.9266503220213,277.1207054531953,-396.68169168682186,-51.41629586503884,2.1549900717536383,10,calibration,2,dot,0.25,0,calibration
1.245042899987311,76,-187.0,371.0,20.0,True,283.03646484928555,280.86287322463915,-398.0942100774848,-38.999998753633186,6.298451004063895,10,calibration,2,dot,0.25,0,calibration
1.261837399986689,77,-154.0,408.0,20.0,True,278.3769560491937,284.0824565622333,-399.12764590679217,-26.403073171552283,8.954860424280412,10,calibration,2,dot,0.25,0,calibration
1.2786207999888575,78,-109.0,447.0,20.0,True,273.85528079974364,286.87998035370396,-399.76117349922407,-13.820425555072818,11.12666850246903,10,calibration,2,dot,0.25,0,calibration
1.2946521999983815,79,-47.0,490.0,20.0,True,268.9330149575633,289.20580129807735,-399.99742131282613,-1.4362949172961486,14.6408150920692,10,calibration,2,dot,0.25,0,calibration
1.3119232999888482,80,-8.0,513.0,20.0,True,262.7682222481402,291.39378018047546,-399.87236749692164,10.103945388156454,18.287532208190058,10,calibration,2,dot,0.25,0,calibration
1.328314499987755,81,60.0,545.0,20.0,True,254.19912472493164,293.63101546378357,-399.4556894286672,20.86030160539749,22.020015209301658,10,calibration,2,dot,0.25,0,calibration
1.3454236999968998,82,107.0,562.0,20.0,True,243.38208274215194,295.72089004053134,-398.64952381734804,31.777813432540565,25.344860771935906,10,calibration,2,dot,0.25,0,calibration
1.3616418999881716,83,156.0,575.0,20.0,True,230.76056995797597,297.17396626640914,-396.64810540778217,42.42818220339377,27.228505283487298,10,calibration,2,dot,0.25,0,calibration
1.378561699995771,84,223.0,585.0,20.0,True,217.67215568800063,297.8268669702696,-393.73627237381106,52.518381433914556,27.930415038994497,10,calibration,2,dot,0.25,0,calibration
1.3951376999903005,85,263.0,590.0,20.0,True,204.45325855693335,298.2683476929807,-390.15463341738325,61.100670510123756,29.684271803132702,10,calibration,2,dot,0.25,0,calibration
1.4121432999963872,86,304.0,592.0,20.0,True,191.37937962767072,299.29391206249835,-385.54171355508703,68.89597651796635,30.850775341856973,10,calibration,2,dot,0.25,0,calibration
1.4283838999981526,87,358.0,593.0,20.0,True,178.1182435025782,300.65552183644,-379.79842507160686,76.70099159445954,32.003972997490735,10,calibration,2,dot,0.25,0,calibration
1.4453634999954375,88,388.0,595.0,20.0,True,161.98245457466362,302.1610707275385,-373.5364027814432,84.00005525222761,33.7493130852604,10,calibration,2,dot,0.25,0,calibration
1.461651299992809,89,431.0,593.0,20.0,True,144.0025636018061,303.0779106048661,-366.754076350644,90.4384110440898,33.849555853023574,10,calibration,2,dot,0.25,0,calibration
1.4788456999958726,90,454.0,588.0,20.0,True,125.76194421462532,303.568834450719,-359.3563570504641,95.59134912516484,33.25898278272415,10,calibration,2,dot,0.25,0,calibration
1.4950237999873934,91,471.0,583.0,17.72004514666935,True,110.91287376359955,303.6826134388256,-351.4267256906243,99.97370348478528,29.498256368168345,10,calibration,2,dot,0.25,0,calibration
1.511521199994604,92,497.0,574.0,20.0,True,98.4997082306595,303.2505755345763,-343.4524818900558,103.62332463507965,33.123457132594815,10,calibration,2,dot,0.25,0,calibration
1.5284415999922203,93,507.0,568.0,11.661903789690601,True,86.82068063433717,302.17653713677487,-335.91143829874676,106.29660490754439,16.829067208791496,10,calibration,2,dot,0.25,0,calibration
1.544934599995031,94,515.0,563.0,9.433981132056603,True,74.63851287329146,300.14325330008734,-328.52009532564153,108.37670172264889,13.414056274282537,10,calibration,2,dot,0.25,0,calibration
1.5616837999987183,95,523.0,554.0,12.041594578792296,True,62.58848004458286,297.07502249236313,-320.2029590426145,109.30832165228836,12.480309135570495,10,calibration,2,dot,0.25,0,calibration
1.5780348999978742,96,526.0,550.0,5.0,True,52.11914661138458,293.04446635279254,-311.61093132725756,109.23453565719852,4.396802872694812,10,calibration,2,dot,0.25,0,calibration
1.594733099991572,97,530.0,544.0,7.211102550927978,True,44.44300545014586,288.3729768972798,-303.6863178107336,108.36739135839125,4.926674301572733,10,calibration,2,dot,0.25,0,calibration
1.6118556999863358,98,533.0,535.0,9.486832980505138,True,39.757326787693096,282.95608521273,-297.3868371338215,107.06673278331529,-0.08624359573505586,10,calibration,2,dot,0.25,0,calibration
1.6286867999879178,99,534.0,525.0,10.04987562112089,True,37.165231390432936,276.7138359558274,-291.8668008826769,105.52086817269479,-5.192242949449669,10,calibration,2,dot,0.25,0,calibration
1.6449673999886727,100,535.0,511.0,14.035668847618199,True,35.699375085512976,267.7685597976723,-286.65322791590836,103.9058726092278,-8.556252021972341,10,calibration,2,dot,0.25,0,calibration
1.6616168999898946,101,535.0,484.0,20.0,True,34.70639945281664,257.1182428667942,-281.5514545643185,101.98076879744977,-12.852791873600315,10,calibration,2,dot,0.25,0,calibration
1.6783776999945985,102,532.0,465.0,19.235384061671343,True,33.89467145337949,245.1670633798082,-276.6147380151931,99.5198206500083,-13.367877118922364,10,calibration,2,dot,0.25,0,calibration
1.6950888999999734,103,521.0,432.0,20.0,True,33.42567901227816,233.81641670514887,-271.910731354981,96.34665679801974,-13.851180240663739,10,calibration,2,dot,0.25,0,calibration
1.7115995999920415,104,512.0,410.0,20.0,True,33.50070513673195,222.5189221133982,-267.3750090178391,92.65445374292247,-12.647028194611474,10,calibration,2,dot,0.25,0,calibration
1.7288628999958746,105,500.0,392.0,20.0,True,34.77145334015398,211.6688755488825,-263.01281462084404,88.51184313055977,-11.822699148250956,10,calibration,2,dot,0.25,0,calibration
1.7454710999882082,106,481.0,367.0,20.0,True,37.58227074441611,201.15325508924224,-258.16020893945995,83.85870235807238,-9.97218106392214,10,calibration,2,dot,0.25,0,calibration
1.7619233999866992,107,466.0,350.0,20.0,True,41.984878684909276,191.15844896817546,-252.34670376846032,77.84189660106236,-6.799744975016989,10,calibration,2,dot,0.25,0,calibration
1.7793618999858154,108,448.0,330.0,20.0,True,47.89156926186786,181.05847956318433,-246.00890540671125,70.91134010622248,-4.136745428754411,10,calibration,2,dot,0.25,0,calibration
1.7953630999982124,109,417.0,300.0,20.0,True,55.25048263694338,170.95626368403424,-239.74799460527962,63.28554189537895,-1.1500325432481278,10,calibration,2,dot,0.25,0,calibration
1.811806899990188,110,390.0,279.0,20.0,True,63.67103410922921,161.13632468107042,-234.26407523632435,55.58179694727898,1.8032597383995588,10,calibration,2,dot,0.25,0,calibration
1.8282016999874031,111,363.0,262.0,20.0,True,73.31023362470967,151.74794622029907,-229.38520096404022,47.36488462019551,5.211096823117755,10,calibration,2,dot,0.25,0,calibration
1.8453746999875875,112,318.0,236.0,20.0,True,85.29433127543564,142.3930660050013,-224.62001843344174,38.23038675504089,8.355475227597134,10,calibration,2,dot,0.25,0,calibration
1.8616069999989122,113,285.0,221.0,20.0,True,99.03511955172088,133.5787026009583,-220.1530544732853,27.84653520534793,11.264181605122868,10,calibration,2,dot,0.25,0,calibration
1.8777666999958456,114,234.0,201.0,20.0,True,113.39384413119726,125.79568125151945,-215.873783711391,16.752900681867253,13.001270102991151,10,calibration,2,dot,0.25,0,calibration
1.894781699986197,115,199.0,190.0,20.0,True,126.40460962674567,119.18641420522256,-212.40771816136214,4.9348030360145945,14.679560921865697,10,calibration,2,dot,0.25,0,calibration
1.9117204999929527,116,166.0,178.0,20.0,True,138.63074208491034,112.96641741043217,-209.85724573720984,-7.331021130966201,16.518616493185238,10,calibration,2,dot,0.25,0,calibration
1.9280242999957409,117,109.0,166.0,20.0,True,150.61173384408855,106.60220544565145,-208.43564840914144,-20.254448970912094,17.306585245950483,10,calibration,2,dot,0.25,0,calibration
1.944865799989202,118,71.0,158.0,20.0,True,162.97307420993926,100.31552689116992,-207.96329635468305,-33.934956214184396,19.01923752140322,10,calibration,2,dot,0.25,0,calibration
1.9618673999939347,119,13.0,153.0,20.0,True,175.83691716548785,93.80543576715336,-208.52378127167333,-49.256603661415305,19.44841912254197,10,calibration,2,dot,0.25,0,calibration
1.978090099990368,120,-25.0,150.0,20.0,True,188.67436113580425,87.25909072687118,-209.94324296633394,-66.55680729950976,20.24598447062928,10,calibration,2,dot,0.25,0,calibration
1.9949765999917872,121,-65.0,145.0,20.0,True,200.35750645456838,80.61639457681075,-212.24633977532642,-84.5464744489851,21.006583310262968,10,calibration,2,dot,0.25,0,calibration
2.0116116999997757,122,-125.0,140.0,20.0,True,210.6712327583479,74.01529342621045,-215.07732773589368,-102.0742635546888,20.709259358171845,10,calibration,2,dot,0.25,0,calibration
2.028245599998627,123,-159.0,138.0,20.0,True,219.48412648819777,67.44381410299779,-218.4744745080144,-118.40401721391726,20.519835507864954,10,calibration,2,dot,0.25,0,calibration
2.045022499994957,124,-193.0,139.0,20.0,True,228.1197236476331,60.60956412778715,-222.56082202602227,-134.55433466482938,20.3746841384319,10,calibration,2,dot,0.25,0,calibration
2.0614940999948885,125,-234.0,143.0,20.0,True,236.3026142950173,53.72076710176017,-227.4213029840805,-150.53891395224787,20.411438855155787,10,calibration,2,dot,0.25,0,calibration
2.0781946999923093,126,-254.0,148.0,20.0,True,244.34097745640202,46.636262472024754,-232.17813254747205,-167.00522893239093,18.488377592756898,10,calibration,2,dot,0.25,0,calibration
2.0946212999988347,127,-268.0,150.0,14.142135623730951,True,251.41103659933424,39.90818863230501,-236.20257690209831,-184.06233081824217,12.788806375320897,10,calibration,2,dot,0.25,0,calibration
2.111092999999528,128,-280.0,154.0,12.649110640673518,True,257.22224277054033,33.297800923653895,-238.98487544003356,-201.1124880296699,8.912016879462959,10,calibration,2,dot,0.25,0,calibration
2.1281793999951333,129,-282.0,155.0,2.23606797749979,True,261.67245840299165,26.635140096089774,-241.25072571435703,-218.13517420985767,1.2150532123245694,10,calibration,2,dot,0.25,0,calibration
2.1449748999875737,130,-283.0,155.0,1.0,True,264.5417455901522,19.567289681150086,-243.31842240319477,-234.23615439531392,0.5035234663406281,10,calibration,2,dot,0.25,0,calibration
2.1613772999990033,131,-284.0,155.0,1.0,True,266.1765397916175,11.912042768679207,-245.2630042743706,-251.29379344027703,0.322110119237065,10,calibration,2,dot,0.25,0,calibration
2.1778912999870954,132,-284.0,155.0,0.0,False,266.8748264993222,3.0415876966860367,-242.16548333503545,-268.2676732486041,0.0,10,calibration,2,dot,0.25,0,calibration
2.1953837999899406,133,-284.0,155.0,0.0,False,267.05239825875753,-7.00841612241503,-237.4791380456269,-285.3163382182242,0.0,10,calibration,2,dot,0.25,0,calibration
2.2117024999897694,134,-271.0,159.0,13.601470508735444,True,265.72042762141297,-18.174409195456782,-229.2063576821152,-298.4922030405939,9.036783053862269,10,calibration,2,dot,0.25,0,calibration
2.2288974999974016,135,-238.0,169.0,20.0,True,261.56955132682623,-32.08083600265975,-220.27746501727665,-309.7004610900653,18.421981491395346,10,calibration,2,dot,0.25,0,calibration
2.2449206999881426,136,-115.0,220.0,20.0,True,254.2249885102377,-47.9686841300734,-211.51226496496855,-319.7465818808626,21.079405197589764,10,calibration,2,dot,0.25,0,calibration
2.2613213999866275,137,-34.0,254.0,20.0,True,244.76891948835723,-65.39883597210913,-202.83181111917017,-329.29367843673583,22.276457874380178,10,calibration,2,dot,0.25,0,calibration
2.2782414999965113,138,45.0,283.0,20.0,True,234.1909794387071,-82.80215267917511,-194.30624393715402,-338.70609236023597,23.137167414852353,10,calibration,2,dot,0.25,0,calibration
2.2947270999866305,139,165.0,322.0,20.0,True,222.86766475105514,-100.35889980908311,-185.7185246386151,-347.5957293674888,24.273620220354687,10,calibration,2,dot,0.25,0,calibration
2.3114263999887044,140,258.0,363.0,20.0,True,210.7526733059478,-118.09396246670175,-176.30754935517157,-356.0261280375363,25.232428739121534,10,calibration,2,dot,0.25,0,calibration
2.328444799990393,141,356.0,411.0,20.0,True,198.07033519750092,-135.2720061850648,-165.89543867228448,-363.97624019670616,26.33106410707552,10,calibration,2,dot,0.25,0,calibration
2.344884699996328,142,504.0,474.0,20.0,True,184.67112211874093,-151.94710672849828,-153.21903122032856,-369.49144573576257,27.55898364568125,10,calibration,2,dot,0.25,0,calibration
2.3611506999877747,143,597.0,515.0,20.0,True,171.0093924084421,-167.3720261587723,-138.85691824864315,-375.12498751014925,28.744907371812015,10,calibration,2,dot,0.25,0,calibration
2.3779660999862244,144,725.0,560.0,20.0,True,156.8852584559203,-180.9478976349583,-124.01103266023709,-380.2910251091151,31.082095502087085,10,calibration,2,dot,0.25,0,calibration
2.3947885999950813,145,799.0,580.0,20.0,True,142.89337967718214,-192.21355037882248,-109.62763948629991,-384.6840010458738,33.44948747708659,10,calibration,2,dot,0.25,0,calibration
2.4123096999974223,146,862.0,593.0,20.0,True,128.91455920528097,-201.14136181260042,-96.80260792939866,-388.1098492670176,35.65538744291078,10,calibration,2,dot,0.25,0,calibration
2.4283994999859715,147,934.0,600.0,20.0,True,115.76211596127203,-207.28816979449994,-85.18391437269983,-390.8243860510044,37.374939824783894,10,calibration,2,dot,0.25,0,calibration
2.4448112999962177,148,959.0,600.0,20.0,True,102.14276275412882,-210.872420405477,-73.6409611515178,-393.16282738921365,38.7671830222336,10,calibration,2,dot,0.25,0,calibration
2.461543999990681,149,959.0,600.0,0.0,False,87.93261165421039,-212.50553201848103,-61.86661772830468,-395.1866920973679,0.0,10,calibration,2,dot,0.25,0,calibration
2.4784496999927796,150,959.0,600.0,0.0,False,73.33815507498534,-212.69259418436664,-49.70296042513292,-396.90000721211595,0.0,10,calibration,2,dot,0.25,0,calibration
2.496180899994215,151,959.0,600.0,0.0,False,59.77034069873125,-211.76065720569702,-37.69097002921464,-397.8522285165732,0.0,10,calibration,2,dot,0.25,0,calibration
2.5120025999931386,152,959.0,600.0,0.0,False,48.1748359531573,-210.3144941588203,-25.78188329363057,-397.5082800236843,0.0,10,calibration,2,dot,0.25,0,calibration
2.5279182999947807,153,959.0,600.0,0.0,False,38.78889091434479,-208.66383671454858,-14.01224715037797,-395.691420709333,0.0,10,calibration,2,dot,0.25,0,calibration
2.5446210999944014,154,959.0,600.0,0.0,False,31.584746068499182,-207.212854183583,-2.2202801559813032,-392.23693812196194,0.0,10,calibration,2,dot,0.25,0,calibration
2.561859800000093,155,959.0,600.0,0.0,False,26.1623248349092,-205.14960477715633,10.511984555037461,-386.6993106020909,0.0,10,calibration,2,dot,0.25,0,calibration
2.578069899987895,156,959.0,600.0,0.0,False,21.290974567453198,-202.2753796667964,23.75984985061828,-379.0286819500207,0.0,10,calibration,2,dot,0.25,0,calibration
2.595146999999997,157,959.0,600.0,0.0,False,16.50594234281337,-197.61722156506082,36.76634752402984,-369.68794487559524,0.0,10,calibration,2,dot,0.25,0,calibration
2.6122714999946766,158,959.0,600.0,0.0,False,10.809306717096625,-190.74596391754898,48.31844507448754,-359.7616090895342,0.0,10,calibration,2,dot,0.25,0,calibration
2.6284107999963453,159,959.0,600.0,0.0,False,4.421146286391155,-181.40162179376185,58.90386744946643,-349.3546253395296,0.0,10,calibration,2,dot,0.25,0,calibration
2.644711199987796,160,959.0,600.0,0.0,False,-1.7312385347848709,-169.19509413363411,68.69212480372698,-337.98967375354675,0.0,10,calibration,2,dot,0.25,0,calibration
2.6615288999892073,161,959.0,600.0,0.0,False,-6.508885670275132,-155.7715810132576,77.37500529325217,-325.21323100822235,0.0,10,calibration,2,dot,0.25,0,calibration
2.6780036999989534,162,959.0,600.0,0.0,False,-9.810528685708165,-142.24728022008662,84.77112669299954,-311.2683987702637,0.0,10,calibration,2,dot,0.25,0,calibration
2.694880799987004,163,959.0,600.0,0.0,False,-12.028399730309147,-130.1334902245908,90.71047818757386,-296.5961058511042,0.0,10,calibration,2,dot,0.25,0,calibration
2.7115770999953384,164,959.0,600.0,0.0,False,-14.029667486455443,-118.71048596921223,95.20407600496377,-281.97279850458045,0.0,10,calibration,2,dot,0.25,0,calibration
2.7285569999949075,165,956.0,600.0,3.0,True,-15.619466129111334,-107.20047677226235,94.4138963088195,-267.912813352483,-0.2421362456852714,10,calibration,2,dot,0.25,0,calibration
2.745569099992281,166,937.0,600.0,19.0,True,-16.998118989539325,-94.58170616294396,91.96489116864358,-254.79983224409565,1.4246144042205837,10,calibration,2,dot,0.25,0,calibration
2.7619957999995677,167,902.0,600.0,20.0,True,-17.829192829188084,-80.34665343003684,87.80642150583357,-242.07754200657632,5.048117996561045,10,calibration,2,dot,0.25,0,calibration
2.778247799986275,168,836.0,600.0,20.0,True,-18.650029419263152,-64.93205748522313,82.48596343063582,-229.97970066342998,6.987980383977426,10,calibration,2,dot,0.25,0,calibration
2.7944066999916686,169,722.0,600.0,20.0,True,-19.503566053527244,-48.705701515413075,76.17580886135059,-219.25507969378845,9.091673208884792,10,calibration,2,dot,0.25,0,calibration
2.8113576999894576,170,635.0,600.0,20.0,True,-20.37580431956545,-32.391596563787445,69.03901450433975,-210.5573484067097,11.618758041944147,10,calibration,2,dot,0.25,0,calibration
2.828024699992966,171,536.0,600.0,20.0,True,-20.79578780148797,-16.178103209612605,60.902911114617424,-203.25376069714346,14.365173628181932,10,calibration,2,dot,0.25,0,calibration
2.844811799994204,172,383.0,599.0,20.0,True,-20.96572203792268,0.6182636871346965,51.497620633774375,-196.29661326095072,15.929398695946809,10,calibration,2,dot,0.25,0,calibration
2.861484199995175,173,276.0,594.0,20.0,True,-21.02978702422719,17.466102837019477,41.09022149561435,-189.27934393873153,16.90028284293303,10,calibration,2,dot,0.25,0,calibration
2.8785811999987345,174,166.0,580.0,20.0,True,-21.237228041543528,34.39350091384945,29.812960325458086,-182.1203524436265,17.678408552750785,10,calibration,2,dot,0.25,0,calibration
2.894435299996985,175,5.0,554.0,20.0,True,-21.89913806622404,49.888247971585336,18.173698516929022,-175.05815706891872,17.568923679243582,10,calibration,2,dot,0.25,0,calibration
2.9114067999908,176,-82.0,540.0,20.0,True,-23.261221401282242,64.68151817963304,6.849788910499445,-168.31268337197372,16.691786635376154,10,calibration,2,dot,0.25,0,calibration
2.9282679999887478,177,-186.0,527.0,20.0,True,-25.25273823363161,79.74156370588659,-5.493937408776494,-161.77280283455983,16.232558955161963,10,calibration,2,dot,0.25,0,calibration
2.945118999996339,178,-237.0,517.0,20.0,True,-27.449381022065037,95.54974105082945,-20.035081125395543,-155.701149628961,17.738523071640564,10,calibration,2,dot,0.25,0,calibration
2.961274199988111,179,-272.0,509.0,20.0,True,-29.25453106303612,111.38251528097845,-40.64507663623705,-149.95871004557998,19.804820389129517,10,calibration,2,dot,0.25,0,calibration
2.9778697999863653,180,-296.0,501.0,20.0,True,-30.369749597478794,125.88774387088752,-66.74299466510416,-145.1025015847537,22.34795756268339,10,calibration,2,dot,0.25,0,calibration
2.9945180999930017,181,-302.0,499.0,6.324555320336759,True,-31.224960631352857,138.55649654830455,-96.74296779249323,-140.7552473738444,7.242503090617022,10,calibration,2,dot,0.25,0,calibration
0.0008528000034857541,1,149.0,139.0,20.0,True,298.33886369198456,3.6818268803559153,-298.544361656436,0.20927064933736947,-9.99549952098279,11,calibration,2,square,0.25,0,calibration
0.010222600001725368,2,149.0,139.0,0.0,False,293.233152542175,9.300013171327635,-295.0298824447709,1.4753580778284545,0.0,11,calibration,2,square,0.25,0,calibration
0.027871400001458824,3,172.0,160.0,20.0,True,288.7920843016025,16.57848927134901,-291.1061070690309,4.04049306208126,-15.922726112401609,11,calibration,2,square,0.25,0,calibration
0.04411060000711586,4,261.0,215.0,20.0,True,283.2804170093715,24.48112289159405,-287.72914961182886,7.350762352130938,-20.618623170021614,11,calibration,2,square,0.25,0,calibration
0.060567100008483976,5,299.0,237.0,20.0,True,275.3126491492525,34.25469996244779,-285.41404001398877,10.352110233453466,-21.67590115083428,11,calibration,2,square,0.25,0,calibration
0.07705440001154784,6,335.0,252.0,20.0,True,263.4808575006013,45.16079977184202,-284.1678461078435,13.026756613901593,-23.130550874730574,11,calibration,2,square,0.25,0,calibration
0.09356610001123045,7,386.0,265.0,20.0,True,249.9694901625405,54.253602439725384,-283.435226481975,16.2757889401605,-22.402365994143338,11,calibration,2,square,0.25,0,calibration
0.11044250000850298,8,416.0,268.0,20.0,True,236.41636102844285,59.811725578672025,-283.2241545858462,21.433132511706805,-20.459660734570477,11,calibration,2,square,0.25,0,calibration
0.1271335000055842,9,447.0,271.0,20.0,True,224.7299184432997,62.32894620462959,-283.4732543907922,28.541558173972593,-20.283149159565212,11,calibration,2,square,0.25,0,calibration
0.14345220000541303,10,481.0,268.0,20.0,True,213.32988367016068,61.12356833405589,-284.14821093958494,37.1126738223074,-16.310849063775574,11,calibration,2,square,0.25,0,calibration
0.1611613999994006,11,498.0,264.0,17.46424919657298,True,201.78958392334408,55.97391122340024,-284.92054135374946,45.82851659328639,-8.409554311443264,11,calibration,2,square,0.25,0,calibration
0.17722780001349747,12,522.0,257.0,20.0,True,189.69427297727933,47.11867803945046,-285.92588807113657,54.31230033335746,-4.363330453275603,11,calibration,2,square,0.25,0,calibration
0.19380560000718106,13,533.0,254.0,11.40175425099138,True,178.09565938035811,36.01199899616377,-287.4711188833948,62.76295603251279,-0.9403076169204937,11,calibration,2,square,0.25,0,calibration
0.21095030001015402,14,541.0,251.0,8.54400374531753,True,167.8191480289626,23.523937374214853,-289.9247867546187,71.63017674000274,2.2580013558494714,11,calibration,2,square,0.25,0,calibration
0.22672560000501107,15,550.0,247.0,9.848857801796104,True,159.15522860821804,10.266671331456088,-294.6191036410004,81.77518041162769,5.834532429462294,11,calibration,2,square,0.25,0,calibration
0.24413300000014715,16,553.0,245.0,3.605551275463989,True,151.47081077634385,-3.917368867327699,-301.73781078761544,92.9077111369495,3.6306004716291387,11,calibration,2,square,0.25,0,calibration
0.2603982000000542,17,556.0,244.0,3.1622776601683795,True,143.89822017428287,-19.36614511710104,-311.288711042322,104.59857225898384,2.249932146133301,11,calibration,2,square,0.25,0,calibration
0.2772189000097569,18,558.0,242.0,2.8284271247461903,True,136.47138914619694,-35.08829709496963,-322.0076101882626,115.48103495876444,3.782487129690098,11,calibration,2,square,0.25,0,calibration
0.2939424000069266,19,559.0,241.0,1.4142135623730951,True,128.35718749381854,-51.45751054944219,-332.6754785834721,124.72880682718008,1.8624671939289792,11,calibration,2,square,0.25,0,calibration
0.310848300010548,20,559.0,240.0,1.0,True,118.83970496401888,-65.90184750526502,-342.605708195381,132.29700403055327,1.4411887196985442,11,calibration,2,square,0.25,0,calibration
0.32752970000728965,21,559.0,239.0,1.0,True,109.69155749472704,-78.41658100929772,-351.0874553823389,138.42805157833652,1.393132047099293,11,calibration,2,square,0.25,0,calibration
0.34394460001203697,22,558.0,237.0,2.23606797749979,True,101.55585718964855,-87.00827921003474,-358.40563065173,143.67696639276096,2.4928637735482395,11,calibration,2,square,0.25,0,calibration
0.3608534000086365,23,556.0,234.0,3.605551275463989,True,94.67855374214646,-92.47168727523561,-365.60377643488073,148.01813205638587,3.268753815752761,11,calibration,2,square,0.25,0,calibration
0.3772759999992559,24,552.0,232.0,4.47213595499958,True,87.95480304074547,-95.26193208508187,-370.54350531900354,150.65693036135306,1.7344903736924464,11,calibration,2,square,0.25,0,calibration
0.3940430000075139,25,548.0,230.0,4.47213595499958,True,81.04681083522834,-96.24212872973763,-370.7709131523187,150.09640222269078,1.0926577752931608,11,calibration,2,square,0.25,0,calibration
0.41026020000572316,26,535.0,226.0,13.601470508735444,True,72.97164628851425,-95.58315287609807,-371.4657393903929,148.36847528753782,0.9643415054516035,11,calibration,2,square,0.25,0,calibration
0.42714949999935925,27,520.0,222.0,15.524174696260024,True,63.26143025074621,-92.9002352331371,-372.5498872541021,145.62479701944937,-0.664121646158392,11,calibration,2,square,0.25,0,calibration
0.44373550001182593,28,494.0,213.0,20.0,True,51.66320385827028,-88.34604846473243,-373.91070343263607,142.09428510151727,-2.6653948464677324,11,calibration,2,square,0.25,0,calibration
0.4603600000118604,29,475.0,209.0,19.4164878389476,True,38.750481393698706,-81.38961763120001,-375.3847005822896,138.15327201606462,-3.7950727044261514,11,calibration,2,square,0.25,0,calibration
0.47777700000733603,30,450.0,201.0,20.0,True,23.251275836623357,-71.49509537463024,-376.98407775125315,133.72735367918241,-6.057388090247883,11,calibration,2,square,0.25,0,calibration
0.49372180001228116,31,425.0,194.0,20.0,True,6.511388962557113,-58.8379461040241,-378.6828631123607,128.8382287406385,-7.152082811191775,11,calibration,2,square,0.25,0,calibration
0.5106374000024516,32,383.0,180.0,20.0,True,-10.236804881111318,-44.65467772329179,-380.43986263418043,123.55367626617145,-8.67140943577207,11,calibration,2,square,0.25,0,calibration
0.5273103000072297,33,344.0,168.0,20.0,True,-24.062157942911238,-30.95518217712027,-382.25517207911247,117.81758535451358,-9.844005606627427,11,calibration,2,square,0.25,0,calibration
0.5441799000109313,34,292.0,147.0,20.0,True,-34.71051172483604,-18.490360107948487,-383.97799863965395,112.07540569048109,-12.459562143295187,11,calibration,2,square,0.25,0,calibration
0.5604301000130363,35,254.0,135.0,20.0,True,-42.55735557293009,-6.442092877859391,-385.63919887757015,106.2186814504205,-14.087882317727782,11,calibration,2,square,0.25,0,calibration
0.5770116000057897,36,217.0,121.0,20.0,True,-48.436313588496766,5.097917805901734,-387.2593395306312,100.15090586859047,-17.259577286281647,11,calibration,2,square,0.25,0,calibration
0.5936386000103084,37,166.0,105.0,20.0,True,-53.30399430664917,16.792528483808162,-388.99620821635614,93.1769821001801,-18.146544639388775,11,calibration,2,square,0.25,0,calibration
0.6106531000114046,38,131.0,92.0,20.0,True,-57.048699770427554,28.62024686701794,-390.95961936532603,84.56107866932261,-20.97899574437443,11,calibration,2,square,0.25,0,calibration
0.6271288999996614,39,102.0,80.0,20.0,True,-59.39120774485522,41.38313105755542,-392.96862092851524,74.670362028993,-24.156999350044607,11,calibration,2,square,0.25,0,calibration
0.6435660000133794,40,66.0,72.0,20.0,True,-60.12650676803884,54.86030057578605,-394.75927845479885,64.5376794891681,-22.461084841988463,11,calibration,2,square,0.25,0,calibration
0.66111390000151,41,53.0,70.0,13.152946437965905,True,-59.43140039256549,68.28439859617787,-396.19717994072664,55.02539965339133,-14.488043626703247,11,calibration,2,square,0.25,0,calibration
0.6777176000032341,42,40.0,67.0,13.341664064126334,True,-57.485553218651,80.78964922361766,-397.35380428306877,45.93423801232222,-16.61987598067631,11,calibration,2,square,0.25,0,calibration
0.6934180000098422,43,36.0,66.0,4.123105625617661,True,-54.780447716788636,93.05623230515391,-398.28184762796235,37.0347114212682,-5.192913243634469,11,calibration,2,square,0.25,0,calibration
0.7107911000057356,44,34.0,66.0,2.0,True,-51.86976615425711,105.75664029853795,-399.05688895626173,27.45176454346429,-1.5073097844779135,11,calibration,2,square,0.25,0,calibration
0.726717000012286,45,32.0,66.0,2.0,True,-48.52966352019286,119.00256637939256,-399.6463134961029,16.817375210617175,-1.3041472913080692,11,calibration,2,square,0.25,0,calibration
0.7435385000135284,46,31.0,66.0,1.0,True,-44.74434728911042,131.6263396936534,-399.96644878221196,5.18071892175342,-0.5780165379786142,11,calibration,2,square,0.25,0,calibration
0.7608452000131365,47,30.0,66.0,1.0,True,-40.42195816207867,143.7126139804372,-399.9472974520034,-6.493016312832739,-0.5413434832132855,11,calibration,2,square,0.25,0,calibration
0.7769013000070117,48,29.0,66.0,1.0,True,-35.55296710680603,155.49293900021405,-399.6087524973809,-17.687422861654227,-0.5243883747072368,11,calibration,2,square,0.25,0,calibration
0.7935709000012139,49,29.0,66.0,0.0,False,-27.67867245629308,165.21210022518048,-398.92615291206357,-29.290348628530552,0.0,11,calibration,2,square,0.25,0,calibration
0.8104791000077967,50,29.0,66.0,0.0,False,-18.792824700762555,174.18375712172536,-397.6629704707824,-43.175941406686675,0.0,11,calibration,2,square,0.25,0,calibration
0.8273172000044724,51,34.0,66.0,5.0,True,-8.632630917026072,181.16489497612213,-395.5209614859445,-59.69228614514585,4.94439975184725,11,calibration,2,square,0.25,0,calibration
0.8439830999996047,52,40.0,66.0,6.0,True,2.148839915101002,187.22134031032726,-392.2991595156996,-78.11126322929158,6.485757380002084,11,calibration,2,square,0.25,0,calibration
0.8605000000097789,53,70.0,66.0,20.0,True,12.956674530024488,192.4615872269315,-388.30275664247785,-96.02587767811644,24.38571558161228,11,calibration,2,square,0.25,0,calibration
0.8774976000131574,54,105.0,74.0,20.0,True,23.421670427124205,196.71847282639277,-383.9974867061635,-112.0086166477819,32.29275324172931,11,calibration,2,square,0.25,0,calibration
0.8937751000048593,55,151.0,85.0,20.0,True,34.154797154103356,199.7005521742569,-379.81119269025504,-125.47293695138384,34.37802234098334,11,calibration,2,square,0.25,0,calibration
0.9111705000104848,56,221.0,105.0,20.0,True,44.84158290923687,201.45750072248157,-376.04066376766383,-136.35768842707344,35.765743044101924,11,calibration,2,square,0.25,0,calibration
0.9270914000080666,57,271.0,121.0,20.0,True,55.42243754946547,202.3225024578964,-372.6962136121202,-145.24989624501933,36.460147625749926,11,calibration,2,square,0.25,0,calibration
0.943921500002034,58,308.0,131.0,20.0,True,65.76406901220786,201.71866837302923,-369.748909620288,-152.59667045715025,35.94445599836564,11,calibration,2,square,0.25,0,calibration
0.9604134000110207,59,371.0,144.0,20.0,True,76.65278161219138,198.91439806978744,-367.0247501897811,-159.03720554678014,34.68895222022057,11,calibration,2,square,0.25,0,calibration
0.9770853000081843,60,411.0,154.0,20.0,True,89.07313797956323,193.91208596872343,-364.6865991514383,-164.32797813932407,33.89633146248107,11,calibration,2,square,0.25,0,calibration
0.9936348000046564,61,472.0,165.0,20.0,True,103.27656472471965,186.129889256224,-363.007357939532,-168.00493469467034,33.412829043091406,11,calibration,2,square,0.25,0,calibration
1.0102356000134023,62,506.0,169.0,20.0,True,118.9504480700445,175.542832316902,-362.397678119425,-169.31604440704848,33.645200448099565,11,calibration,2,square,0.25,0,calibration
1.0270623000105843,63,538.0,174.0,20.0,True,135.73913926579604,162.57032914876314,-362.68669284461475,-168.69606644328158,33.13400737538734,11,calibration,2,square,0.25,0,calibration
1.0436569000012241,64,573.0,179.0,20.0,True,152.32898363944915,148.82567083173905,-363.8385049715978,-166.19729931630246,33.17374865224942,11,calibration,2,square,0.25,0,calibration
1.06034229999932,65,618.0,190.0,20.0,True,168.24256142790898,135.25261496620465,-365.66053460505117,-162.1492319819868,31.69086729075324,11,calibration,2,square,0.25,0,calibration
1.0768521000136388,66,651.0,202.0,20.0,True,183.63094634227113,120.46484162362417,-368.0386852006193,-156.67650173462334,28.25573419703515,11,calibration,2,square,0.25,0,calibration
1.0937430000049062,67,694.0,213.0,20.0,True,197.95330374949137,104.38206278826306,-370.43937961654905,-150.9127762295368,28.82281902767948,11,calibration,2,square,0.25,0,calibration
1.110100500009139,68,721.0,220.0,20.0,True,210.67724482405168,87.30449833772536,-372.4938096801994,-145.76817811144988,27.133752793486863,11,calibration,2,square,0.25,0,calibration
1.1270810999994865,69,749.0,224.0,20.0,True,220.68475750691198,70.97779975996347,-374.1748958906051,-141.39712615627948,27.846941075082682,11,calibration,2,square,0.25,0,calibration
1.1435240999999223,70,784.0,229.0,20.0,True,228.48912637872758,54.65451329418465,-375.84947362158414,-136.88379443300852,25.791954363867507,11,calibration,2,square,0.25,0,calibration
1.1606018000020413,71,807.0,232.0,20.0,True,234.66645547069422,38.06251141701768,-377.8545773902537,-131.24754605413682,23.8346957044967,11,calibration,2,square,0.25,0,calibration
1.1767264000081923,72,827.0,232.0,20.0,True,239.2267416472917,21.256271438986925,-380.45425019999993,-123.50936606086114,24.422579676886823,11,calibration,2,square,0.25,0,calibration
1.1935194000107003,73,844.0,233.0,17.029386365926403,True,242.04800870315466,4.821180582493955,-383.3574365900787,-114.18001493730758,16.89354235372537,11,calibration,2,square,0.25,0,calibration
1.2101702000072692,74,852.0,234.0,8.06225774829855,True,243.34355087864324,-10.571220643700173,-386.80081806652646,-101.90744400222141,5.717177873948246,11,calibration,2,square,0.25,0,calibration
1.2269758000038564,75,856.0,234.0,4.0,True,243.52578128187872,-24.614134885186704,-390.37835061673275,-87.20517971863417,2.8967082438302363,11,calibration,2,square,0.25,0,calibration
1.2435991000093054,76,860.0,234.0,4.0,True,242.87708867381443,-38.09878103912949,-393.7499768776025,-70.4340521969845,2.145151438287897,11,calibration,2,square,0.25,0,calibration
1.2605838000017684,77,861.0,234.0,1.0,True,241.11227807036002,-51.37755410010888,-396.41700658004567,-53.41869423821603,0.3199425256405871,11,calibration,2,square,0.25,0,calibration
1.2769229000114137,78,863.0,234.0,2.0,True,237.70486504305725,-65.3824369694519,-398.3083479955889,-36.748604286759644,0.15749860432984247,11,calibration,2,square,0.25,0,calibration
1.2935744999995222,79,864.0,234.0,1.0,True,232.63041519539001,-81.5814465830302,-399.4944469942142,-20.104398045876028,-0.10034881389464714,11,calibration,2,square,0.25,0,calibration
1.3103008000034606,80,864.0,234.0,0.0,False,221.77320147980606,-98.12866857269611,-399.9867721602145,-3.2530135032986407,0.0,11,calibration,2,square,0.25,0,calibration
1.3270274000096833,81,864.0,234.0,0.0,False,208.59068576943548,-115.77607161294192,-399.4528752471119,13.643272090984942,0.0,11,calibration,2,square,0.25,0,calibration
1.3437116000131937,82,864.0,234.0,0.0,False,194.97912153010617,-133.4478567429058,-396.44827835062705,30.44185710795758,0.0,11,calibration,2,square,0.25,0,calibration
1.360262000001967,83,862.0,234.0,2.0,True,178.77218057248103,-148.31639585663143,-390.9616158287363,46.032082251837984,2.1376996454842114,11,calibration,2,square,0.25,0,calibration
1.3768383999995422,84,852.0,234.0,10.0,True,162.89798969176695,-163.27855851132426,-382.9225069910161,60.23210123324863,12.203636814975223,11,calibration,2,square,0.25,0,calibration
1.3935335999995004,85,846.0,235.0,6.082762530298219,True,147.85538445588685,-178.0559169903932,-372.81621467601866,72.8103740943992,6.557937867038086,11,calibration,2,square,0.25,0,calibration
1.4106701000127941,86,826.0,235.0,20.0,True,134.00672212732164,-193.24630376054023,-359.1357595739096,84.17545972210488,28.858261932858564,11,calibration,2,square,0.25,0,calibration
1.4267972000088776,87,783.0,234.0,20.0,True,120.96460669249038,-208.65038508163923,-343.73885310696727,93.52192005447247,30.60802235065581,11,calibration,2,square,0.25,0,calibration
1.4443375000118976,88,747.0,233.0,20.0,True,107.79634154075285,-224.37856942573165,-328.69444303115137,100.06425906137764,31.81508479928644,11,calibration,2,square,0.25,0,calibration
1.4605277000082424,89,695.0,228.0,20.0,True,95.54107723015653,-240.11161093438108,-317.4170232800599,103.53146991525317,33.335748210050994,11,calibration,2,square,0.25,0,calibration
1.4777331000077538,90,650.0,222.0,20.0,True,84.73661315844812,-255.12529901406444,-309.96557397955553,104.98047215440134,33.689845665066926,11,calibration,2,square,0.25,0,calibration
1.493712700001197,91,604.0,215.0,20.0,True,75.79307791878573,-270.19184912472207,-305.19180170149303,105.53471862616155,32.66748631657142,11,calibration,2,square,0.25,0,calibration
1.5108535000035772,92,514.0,199.0,20.0,True,68.67106750172101,-284.78535220905985,-301.5182985295636,105.42421805488324,31.35937967660936,11,calibration,2,square,0.25,0,calibration
1.5274496000056388,93,455.0,189.0,20.0,True,63.00743139095957,-298.70339960121913,-297.53005870175576,104.48756289030747,28.96032478713426,11,calibration,2,square,0.25,0,calibration
1.5437279000034323,94,386.0,180.0,20.0,True,58.72108637511434,-311.8062633939016,-292.0360709797613,102.5152430444187,26.416303036860945,11,calibration,2,square,0.25,0,calibration
1.560481400010758,95,283.0,169.0,20.0,True,55.172800917592404,-324.8962918757012,-283.7478823131705,99.61259714666384,25.319984299874584,11,calibration,2,square,0.25,0,calibration
1.5770817000011448,96,216.0,158.0,20.0,True,52.219531319663794,-338.714732236899,-271.93557898627125,95.95686247406852,25.188968501629112,11,calibration,2,square,0.25,0,calibration
1.5935252000053879,97,125.0,140.0,20.0,True,49.75721539009234,-352.3015356138201,-257.43888874030586,91.84741647427286,25.13501050792867,11,calibration,2,square,0.25,0,calibration
1.6103844000026584,98,84.0,128.0,20.0,True,48.33600889679167,-365.74079292927996,-241.50320306573826,87.2272394847498,24.476599487653424,11,calibration,2,square,0.25,0,calibration
1.627292800010764,99,46.0,112.0,20.0,True,47.992679133139,-379.3936778981027,-225.59178893778633,81.73010829576859,23.10996853126501,11,calibration,2,square,0.25,0,calibration
1.6440136000019265,100,8.0,97.0,20.0,True,49.01068950728049,-393.2852872857025,-209.48054786646907,75.57713281702894,20.7230109813657,11,calibration,2,square,0.25,0,calibration
1.6602667000115616,101,-11.0,89.0,20.0,True,50.12048916877479,-396.8474978697519,-193.36233829270637,68.91555912354686,18.57839727879793,11,calibration,2,square,0.25,0,calibration
1.677090600001975,102,-21.0,85.0,10.770329614269007,True,52.57469333969283,-396.52982437672614,-177.4635545779717,62.229436161576885,8.462464912978803,11,calibration,2,square,0.25,0,calibration
1.6940022000053432,103,-29.0,82.0,8.54400374531753,True,57.20762025590768,-395.8879742864841,-161.68594288087357,55.56541297697055,5.267225625202874,11,calibration,2,square,0.25,0,calibration
1.7106758000008995,104,-33.0,80.0,4.47213595499958,True,64.24299424161728,-394.8073424986819,-146.48279260668707,48.49672182003363,1.809386588718013,11,calibration,2,square,0.25,0,calibration
1.7270635000022594,105,-35.0,80.0,2.0,True,74.32064643475856,-393.0349113164371,-131.58711407386735,40.994645644562056,0.06666788489888176,11,calibration,2,square,0.25,0,calibration
1.7439637000061339,106,-36.0,80.0,1.0,True,85.64334712120264,-390.72396534366464,-117.76205062121369,33.28253446695957,-0.0972485466253753,11,calibration,2,square,0.25,0,calibration
1.760466500010807,107,-37.0,80.0,1.0,True,96.89032444540094,-388.0879604276135,-104.60893776542441,26.008417612825937,-0.11700236684818599,11,calibration,2,square,0.25,0,calibration
1.777772500005085,108,-38.0,80.0,1.0,True,108.5260543039767,-384.9962279519246,-91.4365487082929,18.98990008674933,-0.11458123505768802,11,calibration,2,square,0.25,0,calibration
1.7945185000135098,109,-38.0,80.0,0.0,False,120.645437594122,-381.372099645114,-78.20652119864265,11.872031939123902,0.0,11,calibration,2,square,0.25,0,calibration
1.810726000010618,110,-38.0,80.0,0.0,False,133.4667440026135,-377.076422287765,-62.748800056158615,4.0538170486705205,0.0,11,calibration,2,square,0.25,0,calibration
1.8276240000122925,111,-38.0,80.0,0.0,False,146.1504343137196,-372.34399491587226,-46.174517431961085,-3.6194573834864023,0.0,11,calibration,2,square,0.25,0,calibration
1.8441371000080835,112,-38.0,80.0,0.0,False,158.1632966901839,-367.4021932162257,-28.30498194976988,-10.536178343570183,0.0,11,calibration,2,square,0.25,0,calibration
1.8602397000067867,113,-37.0,79.0,1.4142135623730951,True,168.40155238562267,-362.8235344545781,-11.056840595426415,-16.00058747940767,-0.1783808286446845,11,calibration,2,square,0.25,0,calibration
1.8772282999998424,114,-30.0,79.0,7.0,True,179.1926472274913,-357.61710694484935,6.386678236553362,-19.986736582274013,0.06818309095920816,11,calibration,2,square,0.25,0,calibration
1.8938995000062278,115,-21.0,79.0,9.0,True,190.02748499694343,-351.9794808589507,23.87651694551376,-23.26150449470346,-0.43377679976187555,11,calibration,2,square,0.25,0,calibration
1.9102030000067316,116,-2.0,82.0,19.235384061671343,True,201.0670356196581,-344.96709136928547,41.27351983871027,-25.829949656025846,-0.7115822352389056,11,calibration,2,square,0.25,0,calibration
1.9266084000119008,117,52.0,99.0,20.0,True,210.90066075694304,-336.3512545693759,58.19767934317332,-27.85044333823259,0.07586577519882898,11,calibration,2,square,0.25,0,calibration
1.944180000005872,118,104.0,121.0,20.0,True,219.78512121228437,-326.45756921276114,74.55436751693026,-29.09582967615978,0.33025352610077885,11,calibration,2,square,0.25,0,calibration
1.960551000011037,119,166.0,140.0,20.0,True,227.90585719758437,-316.2371357480855,90.6320454960103,-29.848628253602634,-2.3433244726022973,11,calibration,2,square,0.25,0,calibration
1.9772521000122651,120,243.0,159.0,20.0,True,235.40421020957683,-305.67966209683226,106.28208488716136,-30.698667050884726,-3.9789994494731884,11,calibration,2,square,0.25,0,calibration
1.9940410000126576,121,304.0,174.0,20.0,True,242.4880763396965,-295.2403923574463,121.71645376857886,-31.6366691123123,-4.238904254545705,11,calibration,2,square,0.25,0,calibration
2.0110770000028424,122,385.0,196.0,20.0,True,248.58074388914653,-285.839038950864,138.84093909016562,-32.8255148029685,-3.995572841705608,11,calibration,2,square,0.25,0,calibration
2.027502500000992,123,472.0,232.0,20.0,True,252.92484609790694,-278.3954983517428,157.32862668820152,-34.87861433389107,-1.603866381904957,11,calibration,2,square,0.25,0,calibration
2.04450600000564,124,526.0,250.0,20.0,True,255.64433979864327,-273.10454272074406,176.65703803680998,-38.645118318938366,-3.115018006456509,11,calibration,2,square,0.25,0,calibration
2.0609623000054853,125,569.0,262.0,20.0,True,257.38365575023977,-268.91379969118424,193.73654017216478,-43.71203828361033,-4.58953593293927,11,calibration,2,square,0.25,0,calibration
2.07746230000339,126,611.0,271.0,20.0,True,258.3511087664481,-264.70907728734204,209.3110209283526,-49.583519374624515,-8.351715631358411,11,calibration,2,square,0.25,0,calibration
2.09399680000206,127,668.0,282.0,20.0,True,258.2140011506717,-258.9563665738049,223.06417499957087,-56.12038594055924,-12.788614048936509,11,calibration,2,square,0.25,0,calibration
2.111088400008157,128,704.0,289.0,20.0,True,256.7345760178462,-252.192053742229,235.08386829324806,-63.69934251153713,-15.035967383332977,11,calibration,2,square,0.25,0,calibration
2.126765700013493,129,743.0,296.0,20.0,True,254.17825145684068,-244.7378814209723,244.3942151831892,-72.22341290071901,-15.176950550431108,11,calibration,2,square,0.25,0,calibration
2.1443127000093227,130,783.0,300.0,20.0,True,251.09401729753742,-238.21694386625805,251.28941055881657,-81.9267968622409,-16.615000043723867,11,calibration,2,square,0.25,0,calibration
2.160561400000006,131,802.0,302.0,19.1049731745428,True,247.48101325185462,-232.43283259916123,255.79030295380863,-94.0960811653118,-13.084685511844974,11,calibration,2,square,0.25,0,calibration
2.177356600004714,132,812.0,302.0,10.0,True,243.16330982587667,-227.29342342962892,258.30630671810377,-110.15494182288802,-7.980301121820035,11,calibration,2,square,0.25,0,calibration
2.1948765000124695,133,819.0,302.0,7.0,True,237.68508050022547,-222.36083475628791,259.1657756714793,-129.4360803475579,-5.513748386097183,11,calibration,2,square,0.25,0,calibration
2.2118154000054346,134,822.0,302.0,3.0,True,230.8283633436246,-217.3140875226004,258.520645410317,-151.15891927633214,-2.3270491140214262,11,calibration,2,square,0.25,0,calibration
2.2430198000074597,135,825.0,302.0,3.0,True,222.74118840004115,-212.46396884518504,255.90831912189907,-172.74351008064295,-2.2123337460727703,11,calibration,2,square,0.25,0,calibration
2.248873900010949,136,826.0,302.0,1.0,True,214.15716441413358,-207.8898720818587,251.06373306748398,-193.2440627908621,-0.6525452128203681,11,calibration,2,square,0.25,0,calibration
2.2602956000046106,137,826.0,302.0,0.0,False,205.05307268636193,-204.9892845479415,244.29202526632886,-211.9024480220191,0.0,11,calibration,2,square,0.25,0,calibration
2.2777138000092236,138,827.0,302.0,1.0,True,196.2380565651449,-201.75594596862288,236.09348206474309,-228.9957118582662,-0.5063719297311378,11,calibration,2,square,0.25,0,calibration
2.2942824000056135,139,828.0,302.0,1.0,True,186.04669408090325,-199.17523986683707,227.1404425905236,-244.52002805349775,-0.4698180457101411,11,calibration,2,square,0.25,0,calibration
2.3107342000002973,140,828.0,302.0,0.0,False,174.45139705184963,-197.5363798460989,217.6630379950483,-258.6631695958023,0.0,11,calibration,2,square,0.25,0,calibration
2.327878200012492,141,828.0,302.0,0.0,False,161.77746202540567,-196.59311921310803,207.84541199729807,-271.31940881651866,0.0,11,calibration,2,square,0.25,0,calibration
2.344153700003517,142,828.0,302.0,0.0,False,149.49869971337336,-195.96650901770482,197.98200511145313,-282.41745138871687,0.0,11,calibration,2,square,0.25,0,calibration
2.360276600011275,143,826.0,302.0,2.0,True,138.06855697534107,-195.7262198414177,187.80332826130933,-291.4023097460484,0.5001509442449745,11,calibration,2,square,0.25,0,calibration
2.377605700006825,144,812.0,304.0,14.142135623730951,True,127.30450787170435,-195.42096214019116,177.3498222682991,-298.9154492519247,3.849929446332423,11,calibration,2,square,0.25,0,calibration
2.3942095000093104,145,780.0,309.0,20.0,True,117.05713601494166,-195.31280691218626,165.19769927418295,-305.5577956352041,3.933515743287024,11,calibration,2,square,0.25,0,calibration
2.411575100006303,146,718.0,311.0,20.0,True,106.25447800582567,-195.89857213809768,151.2934923721098,-310.8825081986388,1.4884136644481472,11,calibration,2,square,0.25,0,calibration
2.427756100005354,147,633.0,312.0,20.0,True,93.94053028579775,-197.4801479761839,133.30084744600836,-314.3924891083851,0.2221409531283447,11,calibration,2,square,0.25,0,calibration
2.444707400005427,148,557.0,305.0,20.0,True,80.18758627131028,-200.08828791333207,112.65903085690506,-316.1595193786426,-0.09085180842871798,11,calibration,2,square,0.25,0,calibration
2.4614903000037884,149,429.0,291.0,20.0,True,65.25352295526375,-203.58677745125595,90.2185485668205,-316.2578754155898,-0.03741799187858552,11,calibration,2,square,0.25,0,calibration
2.477788000003784,150,347.0,280.0,20.0,True,49.93601851658561,-207.21783970369424,68.54377202763676,-315.03729054563723,0.25968761078909885,11,calibration,2,square,0.25,0,calibration
2.494145800010301,151,268.0,275.0,20.0,True,33.379491657898946,-211.14137068774775,48.253122847866564,-311.95247147719726,0.1700243085162878,11,calibration,2,square,0.25,0,calibration
2.511178300002939,152,141.0,263.0,20.0,True,17.03404442164063,-214.9559630609374,29.82113288456629,-307.4114728397288,0.9346784283561216,11,calibration,2,square,0.25,0,calibration
2.528007900007651,153,60.0,254.0,20.0,True,1.043354618394158,-219.21439235042723,14.721129042545302,-301.1537185865019,2.258923572120115,11,calibration,2,square,0.25,0,calibration
2.54453710000962,154,-33.0,240.0,20.0,True,-14.183550016422211,-223.72408556660207,2.57923531809921,-292.90269274308434,5.124102443329061,11,calibration,2,square,0.25,0,calibration
2.560715400002664,155,-72.0,233.0,20.0,True,-30.00351030897422,-229.28219569886022,-7.54112492215811,-282.0013752234661,8.939789074129148,11,calibration,2,square,0.25,0,calibration
2.5768542000005255,156,-96.0,227.0,20.0,True,-46.967632028845486,-236.15524679898414,-17.384521402353997,-268.21239642322047,12.479187748830686,11,calibration,2,square,0.25,0,calibration
2.593955200005439,157,-114.0,223.0,18.439088914585774,True,-64.4969961339076,-244.1248760764455,-27.217095158409258,-253.0207243359639,11.619113594086077,11,calibration,2,square,0.25,0,calibration
2.6107736000121804,158,-123.0,220.0,9.486832980505138,True,-80.9551996619046,-252.57425069961212,-36.74919790538542,-237.7828838538386,7.146992303277911,11,calibration,2,square,0.25,0,calibration
2.627285700000357,159,-127.0,218.0,4.47213595499958,True,-95.48755774067224,-260.9714432101849,-44.651904642696365,-224.39663980399396,4.152756468109717,11,calibration,2,square,0.25,0,calibration
2.644682100013597,160,-130.0,217.0,3.1622776601683795,True,-108.59738659315843,-268.094379514137,-50.6331232986401,-212.76445285222522,2.6309177506079853,11,calibration,2,square,0.25,0,calibration
2.6618657000071835,161,-131.0,217.0,1.0,True,-121.30449438470804,-273.704430341063,-54.4159573344842,-202.69983282681946,0.5629874142858138,11,calibration,2,square,0.25,0,calibration
2.6774297000083607,162,-132.0,217.0,1.0,True,-133.4135542605101,-278.7730234871694,-56.705642696294575,-192.53750801669844,0.702648427062988,11,calibration,2,square,0.25,0,calibration
2.693946600003983,163,-132.0,217.0,0.0,False,-146.21375665579677,-285.14307959850015,-57.909441912118446,-180.7468213447771,0.0,11,calibration,2,square,0.25,0,calibration
2.710385000013048,164,-132.0,217.0,0.0,False,-159.19361376754986,-291.518596145798,-58.20198285615756,-166.07930381509067,0.0,11,calibration,2,square,0.25,0,calibration
2.727818900006241,165,-132.0,217.0,0.0,False,-172.2239009969955,-297.80601352531204,-57.650802482259294,-149.21106737127857,0.0,11,calibration,2,square,0.25,0,calibration
2.7443026000109967,166,-133.0,217.0,1.0,True,-184.35014553790762,-302.35865680020066,-56.490092813183026,-132.1708962820905,1.0041531484726014,11,calibration,2,square,0.25,0,calibration
2.760806500009494,167,-133.0,217.0,0.0,False,-195.52527954289357,-307.56061865869094,-55.262473173351836,-116.969011981302,0.0,11,calibration,2,square,0.25,0,calibration
2.777550800004974,168,-133.0,217.0,0.0,False,-206.27492382116426,-312.32838313871724,-54.45926139894263,-103.83657408599647,0.0,11,calibration,2,square,0.25,0,calibration
2.794123200001195,169,-133.0,217.0,0.0,False,-216.52332091419152,-316.81188675973624,-54.103428297805834,-92.65536956053677,0.0,11,calibration,2,square,0.25,0,calibration
2.8121782000089297,170,-130.0,217.0,3.0,True,-226.44938806618723,-322.1970976931791,-53.440768293045714,-80.62368162074083,-2.8018981500022453,11,calibration,2,square,0.25,0,calibration
2.8280597000120906,171,-106.0,224.0,20.0,True,-235.512601297249,-323.31689505839785,-51.53168373747705,-66.5227469218091,-28.112506940043108,11,calibration,2,square,0.25,0,calibration
2.8442647000047145,172,-45.0,245.0,20.0,True,-242.26898728376656,-318.28562298743276,-46.76120174417477,-48.83201255230786,-30.78950079762562,11,calibration,2,square,0.25,0,calibration
2.8606116000009933,173,35.0,276.0,20.0,True,-249.72634523452916,-312.4688024360268,-38.62076503463939,-29.102464987795475,-32.27774052738495,11,calibration,2,square,0.25,0,calibration
2.877443100005621,174,148.0,316.0,20.0,True,-258.0087127987828,-305.665673767787,-26.943715207780762,-8.607491467635562,-33.17584824370664,11,calibration,2,square,0.25,0,calibration
2.893632000006619,175,222.0,340.0,20.0,True,-267.8041653435905,-297.12106795820256,-12.511071749843843,11.01476083312421,-34.2746413662228,11,calibration,2,square,0.25,0,calibration
2.910237200005213,176,292.0,362.0,20.0,True,-278.62166708688096,-287.0016840189745,3.922032559654305,28.429271451619616,-35.50477646927863,11,calibration,2,square,0.25,0,calibration
2.927085500006797,177,395.0,391.0,20.0,True,-289.3217400959786,-276.21174976426147,20.843957484660905,43.22572008486604,-36.287800280178686,11,calibration,2,square,0.25,0,calibration
2.94379150000168,178,440.0,404.0,20.0,True,-298.80334553721565,-265.92585563605365,36.743712917232315,55.16724667395376,-36.60341092227584,11,calibration,2,square,0.25,0,calibration
2.96033410000382,179,481.0,414.0,20.0,True,-307.5831857535882,-255.7197369028711,51.00070443919198,64.78011255570347,-36.394608819297,11,calibration,2,square,0.25,0,calibration
2.9777405000058934,180,520.0,425.0,20.0,True,-316.7476274628004,-244.2763609043803,63.6932804021048,72.3703416694902,-35.025880063963164,11,calibration,2,square,0.25,0,calibration
2.9935745000111638,181,539.0,426.0,19.026297590440446,True,-326.07736740547585,-231.67552841401766,75.11724465794126,78.27867953773017,-33.60403511306931,11,calibration,2,square,0.25,0,calibration
0.0009009000059450045,1,173.0,88.0,20.0,True,292.7688111762777,1.5547675647943984,-301.4178614964242,5.4187270967771255,-19.781806677523196,12,calibration,2,square,0.25,0,calibration
0.010593200000585057,2,173.0,88.0,0.0,False,276.4988285710634,1.865721077753278,-304.20509502147536,17.04263317011398,0.0,12,calibration,2,square,0.25,0,calibration
0.028056800001650117,3,204.0,101.0,20.0,True,257.97626056954806,4.576942961712507,-306.44504292383687,30.110893586589274,-21.636675939732587,12,calibration,2,square,0.25,0,calibration
0.044307399992248975,4,283.0,134.0,20.0,True,239.09457011802346,7.287153360873548,-307.88501780754865,43.74074130551482,-22.899430602059113,12,calibration,2,square,0.25,0,calibration
0.06127360000391491,5,320.0,148.0,20.0,True,219.85043033959656,8.282768972939673,-308.7217625825081,58.18302206301808,-24.299101144528912,12,calibration,2,square,0.25,0,calibration
0.077518299993244,6,362.0,159.0,20.0,True,201.70232933806523,6.87006595767936,-309.081173966876,73.3351622936925,-24.28931404238261,12,calibration,2,square,0.25,0,calibration
0.09429549999185838,7,380.0,163.0,18.439088914585774,True,185.40367571442212,3.343922897746768,-308.91794568090626,89.32474227711876,-22.6223325806501,12,calibration,2,square,0.25,0,calibration
0.11094830000365619,8,392.0,166.0,12.36931687685298,True,170.01900866801174,-2.081975625018488,-307.4929042031759,105.5236690193533,-16.354665729916544,12,calibration,2,square,0.25,0,calibration
0.12761670000327285,9,403.0,168.0,11.180339887498949,True,156.12050735601892,-9.605610117711935,-304.5034530075261,123.08922281978104,-14.442876627298432,12,calibration,2,square,0.25,0,calibration
0.1443213000020478,10,408.0,169.0,5.0990195135927845,True,143.03257554504077,-18.97599732923462,-300.43957097731897,140.0816601055572,-6.783156768347225,12,calibration,2,square,0.25,0,calibration
0.16135890000441577,11,412.0,170.0,4.123105625617661,True,132.20558413267216,-28.715730865497235,-295.9950381394013,156.05855458795168,-5.6780398995480725,12,calibration,2,square,0.25,0,calibration
0.17826359999889974,12,415.0,170.0,3.0,True,123.87477096130124,-39.38710374737204,-291.2148025735786,169.5014692636791,-2.851207682030057,12,calibration,2,square,0.25,0,calibration
0.19405920000281185,13,415.0,170.0,0.0,False,114.9609801016341,-47.66947977341475,-285.7726887087397,181.72256051301798,0.0,12,calibration,2,square,0.25,0,calibration
0.2109758000005968,14,417.0,170.0,2.0,True,109.00111134205613,-57.268085761756346,-279.28459867310374,193.3482499932683,-2.029651694404538,12,calibration,2,square,0.25,0,calibration
0.22748940000019502,15,417.0,170.0,0.0,False,102.06580506269904,-65.75262794265845,-271.36055598508585,204.32888625620052,0.0,12,calibration,2,square,0.25,0,calibration
0.24434999999357387,16,415.0,170.0,2.0,True,94.32556643398,-72.23257649884485,-262.51840272813047,214.49253401823583,2.8462521847216538,12,calibration,2,square,0.25,0,calibration
0.26128720000269823,17,398.0,169.0,17.029386365926403,True,86.61632829539413,-78.45382052590881,-253.7756926991343,222.94188470644883,26.776667829977086,12,calibration,2,square,0.25,0,calibration
0.27792279999994207,18,360.0,169.0,20.0,True,79.13175128240188,-84.96161575273523,-246.26049636679937,229.29623154662275,30.365042108992423,12,calibration,2,square,0.25,0,calibration
0.29424819999258034,19,296.0,167.0,20.0,True,71.12999740513645,-93.4091350993561,-240.11891383896238,233.20744247095982,31.39757558759605,12,calibration,2,square,0.25,0,calibration
0.311618499996257,20,212.0,163.0,20.0,True,63.43248739785107,-103.28791643968228,-234.64689294483298,235.4176915557412,31.908899970487063,12,calibration,2,square,0.25,0,calibration
0.3277397999918321,21,157.0,161.0,20.0,True,56.03189480575434,-115.61824936073711,-229.4469779829279,236.460321258709,30.648353684432585,12,calibration,2,square,0.25,0,calibration
0.34477130000595935,22,69.0,157.0,20.0,True,49.65193088285487,-129.61097723550236,-223.74518714313686,236.47594027524008,29.096754465733422,12,calibration,2,square,0.25,0,calibration
0.36118019999412354,23,19.0,157.0,20.0,True,43.84807853566612,-144.79361039866254,-217.94987209733608,235.10143953158314,26.601537996127433,12,calibration,2,square,0.25,0,calibration
0.3777644999936456,24,-35.0,155.0,20.0,True,38.66155397529083,-159.64300381212556,-211.93669510759872,232.02648895745708,24.746740374062473,12,calibration,2,square,0.25,0,calibration
0.3943656000046758,25,-95.0,156.0,20.0,True,33.463592308045634,-175.26579783326358,-205.81024074311694,227.60971200457794,22.413044220218453,12,calibration,2,square,0.25,0,calibration
0.4112768000049982,26,-129.0,156.0,20.0,True,28.94108948233389,-190.86774493462835,-199.53595668755963,221.76774226318437,20.2055673240522,12,calibration,2,square,0.25,0,calibration
0.42743029999837745,27,-157.0,156.0,20.0,True,25.6600174590708,-206.56865992344308,-193.28907318918453,214.8327344504541,17.476750204011417,12,calibration,2,square,0.25,0,calibration
0.44459280000592116,28,-188.0,149.0,20.0,True,24.06298426894695,-222.2253241658084,-187.67227290188472,206.38854448326825,13.498953550615242,12,calibration,2,square,0.25,0,calibration
0.4610897999955341,29,-200.0,146.0,12.36931687685298,True,23.911850204854897,-238.6612301519298,-182.7024327547985,196.98926205404214,6.067261814287969,12,calibration,2,square,0.25,0,calibration
0.4777092000003904,30,-207.0,143.0,7.615773105863909,True,25.174731756821703,-256.7268419217184,-178.6489796863043,186.36410175317272,2.1966648925334633,12,calibration,2,square,0.25,0,calibration
0.49428850000549573,31,-213.0,141.0,6.324555320336759,True,27.827604168719724,-274.9819300772532,-175.45736218538724,174.32534532690923,0.7206793211321207,12,calibration,2,square,0.25,0,calibration
0.5110774000058882,32,-215.0,140.0,2.23606797749979,True,32.80947945400857,-293.62510430159404,-173.38104944842766,160.78870271436097,-0.23544388596841875,12,calibration,2,square,0.25,0,calibration
0.5275861999980407,33,-217.0,140.0,2.0,True,39.91931189092067,-311.3915027759907,-172.36171319712244,146.2248420150087,-0.6034362501858997,12,calibration,2,square,0.25,0,calibration
0.5438304999988759,34,-220.0,140.0,3.0,True,48.70038293532089,-329.25307142951596,-172.0471976215334,129.89075627741295,-1.2658027753896555,12,calibration,2,square,0.25,0,calibration
0.560714299994288,35,-221.0,140.0,1.0,True,57.849722463635146,-347.4355850320298,-172.55023241880056,112.15106467965137,-0.47784002355573857,12,calibration,2,square,0.25,0,calibration
0.5774127000040608,36,-223.0,140.0,2.0,True,66.43513653305902,-365.04425954819806,-174.56213465529655,93.35909572730911,-1.0894091664115622,12,calibration,2,square,0.25,0,calibration
0.5941624999977648,37,-224.0,140.0,1.0,True,74.41607055733644,-381.8053767564955,-178.05212775455988,75.59842870578359,-0.6227233730154463,12,calibration,2,square,0.25,0,calibration
0.6108678000018699,38,-225.0,140.0,1.0,True,80.21676363334578,-391.8740497049938,-183.45877976009882,58.98252451623611,-0.7197432697939281,12,calibration,2,square,0.25,0,calibration
0.6279834000015398,39,-226.0,140.0,1.0,True,83.69452588790222,-391.146042209811,-190.32001515890383,43.12560369120264,-0.8214023616385745,12,calibration,2,square,0.25,0,calibration
0.6438900999928592,40,-226.0,139.0,1.0,True,87.90652913609873,-390.2210170342497,-199.05643495306552,27.706767789455057,0.0021703204144695176,12,calibration,2,square,0.25,0,calibration
0.6606459000031464,41,-226.0,139.0,0.0,False,92.85177426857607,-389.0739621398191,-209.22627268235289,13.080414586248532,0.0,12,calibration,2,square,0.25,0,calibration
0.6773106000036933,42,-222.0,139.0,4.0,True,98.83735004535568,-387.5966695367903,-220.45633725245096,-0.6368517221822465,5.209892681813296,12,calibration,2,square,0.25,0,calibration
0.6942042000009678,43,-208.0,139.0,14.0,True,103.84866029878626,-386.28416451382947,-232.47151974266106,-13.607261614259338,18.56826708850704,12,calibration,2,square,0.25,0,calibration
0.7106638999975985,44,-152.0,153.0,20.0,True,109.0083010299113,-384.8599619427464,-245.34818856528418,-26.12975908893457,26.37636874403814,12,calibration,2,square,0.25,0,calibration
0.727406100006192,45,-10.0,191.0,20.0,True,114.03214173758178,-383.40144842024273,-259.85304626882623,-38.05507479901699,26.725051550188248,12,calibration,2,square,0.25,0,calibration
0.7440666000038618,46,71.0,210.0,20.0,True,118.4032447787988,-382.07417032017725,-277.10787576339584,-49.68329440779151,26.835590062017566,12,calibration,2,square,0.25,0,calibration
0.761233600002015,47,178.0,232.0,20.0,True,121.30902404474355,-381.16154145625944,-295.96277146344954,-60.68602652915999,25.77307478726147,12,calibration,2,square,0.25,0,calibration
0.7777663000015309,48,258.0,249.0,20.0,True,122.85469512730349,-380.66615805082716,-314.9005407248978,-71.06320484642181,23.918851094934503,12,calibration,2,square,0.25,0,calibration
0.7947401999990689,49,336.0,263.0,20.0,True,123.72445949978018,-380.3843557791083,-332.5625561582295,-80.23311545616868,23.402182369563928,12,calibration,2,square,0.25,0,calibration
0.8110279999964405,50,440.0,285.0,20.0,True,124.21874331778882,-380.2232289176311,-349.31555089471624,-89.18592747723632,22.241676586163837,12,calibration,2,square,0.25,0,calibration
0.827493399992818,51,504.0,300.0,20.0,True,124.5570993942262,-380.11252148606843,-365.35555460278147,-98.6077313692646,21.42169225503727,12,calibration,2,square,0.25,0,calibration
0.8440359999949578,52,544.0,308.0,20.0,True,124.823733672033,-380.0250459011529,-380.8654897519108,-108.80656504673698,21.378765394521288,12,calibration,2,square,0.25,0,calibration
0.8608684999926481,53,595.0,318.0,20.0,True,124.82205928204678,-380.02559587031664,-383.12904637069283,-114.94404650560875,21.038929855038255,12,calibration,2,square,0.25,0,calibration
0.8773723000049358,54,618.0,322.0,20.0,True,124.45073363309592,-380.14735945181076,-381.8271679428496,-119.1973733802174,21.01064661659988,12,calibration,2,square,0.25,0,calibration
0.8941206000017701,55,633.0,328.0,16.15549442140351,True,123.65747869435087,-380.4061355485163,-380.60252740647235,-123.0516807353946,14.043294853405184,12,calibration,2,square,0.25,0,calibration
0.9109079000045313,56,657.0,332.0,20.0,True,122.97668279953484,-380.6267666463075,-379.3181707058618,-126.95560394231792,20.803629625137695,12,calibration,2,square,0.25,0,calibration
0.927651899997727,57,665.0,333.0,8.06225774829855,True,122.3595562928741,-380.8256017966898,-378.0820072980779,-130.59094822175152,8.592403885447833,12,calibration,2,square,0.25,0,calibration
0.9454364999983227,58,678.0,337.0,13.601470508735444,True,122.08479911044364,-380.9137721665661,-376.7039448990172,-134.51445237415282,13.051305628923332,12,calibration,2,square,0.25,0,calibration
0.9609396000014385,59,685.0,337.0,7.0,True,121.54161857531473,-381.0874374131122,-375.3976457254732,-138.11809289072932,7.801709444890698,12,calibration,2,square,0.25,0,calibration
0.9777040000044508,60,691.0,338.0,6.082762530298219,True,121.2352087548341,-381.1850261463215,-373.94317053211597,-142.00882089641078,6.2756623024491445,12,calibration,2,square,0.25,0,calibration
0.994626600004267,61,698.0,338.0,7.0,True,120.46654494032735,-381.42864542420006,-372.46340330925256,-145.84585422729378,7.418305318575621,12,calibration,2,square,0.25,0,calibration
1.010888699995121,62,701.0,338.0,3.0,True,119.48976524052983,-381.7357672563092,-370.81177271220747,-149.9954306571709,3.0438128744824566,12,calibration,2,square,0.25,0,calibration
1.027914000005694,63,703.0,338.0,2.0,True,117.99210106138415,-382.20133972439197,-368.96492240424897,-154.48263991538514,1.890148149747644,12,calibration,2,square,0.25,0,calibration
1.0445570000010775,64,705.0,338.0,2.0,True,116.25584135692684,-382.7330392720141,-367.00009116782104,-159.09410134511904,1.824398040411154,12,calibration,2,square,0.25,0,calibration
1.061117599994759,65,707.0,338.0,2.0,True,113.96865780305889,-383.42032423773423,-364.8026214236934,-164.07025142420378,1.6729001660617755,12,calibration,2,square,0.25,0,calibration
1.0778068999934476,66,707.0,338.0,0.0,False,107.43263504113006,-385.30277565587215,-362.5446007276807,-169.00122036011032,0.0,12,calibration,2,square,0.25,0,calibration
1.0945223000016995,67,709.0,338.0,2.0,True,102.81971607724093,-386.559317551389,-360.13086612975644,-174.08549411318398,1.1934422962161002,12,calibration,2,square,0.25,0,calibration
1.1105643000046257,68,709.0,338.0,0.0,False,94.20600560156917,-388.7482842516441,-357.45876732137117,-179.50829971086517,0.0,12,calibration,2,square,0.25,0,calibration
1.1281497000018135,69,709.0,338.0,0.0,False,84.21142461728927,-391.0350827789325,-354.49906785071045,-185.28467527827925,0.0,12,calibration,2,square,0.25,0,calibration
1.1455990999966161,70,704.0,336.0,5.385164807134504,True,72.63302785303274,-393.35028062135734,-351.1688292079873,-191.52141758218968,0.5912144827546156,12,calibration,2,square,0.25,0,calibration
1.161848599993391,71,673.0,332.0,20.0,True,61.47860073186858,-395.2472411694375,-347.57946510215066,-197.96089371212398,6.2210934777240325,12,calibration,2,square,0.25,0,calibration
1.177991499993368,72,611.0,328.0,20.0,True,51.49775598697777,-396.67112464648307,-343.7295952181979,-204.57264081771496,9.189213799234851,12,calibration,2,square,0.25,0,calibration
1.1944380000059027,73,521.0,328.0,20.0,True,42.64253905981065,-397.7205223049629,-339.9298263249776,-210.82626300978373,13.366310081052678,12,calibration,2,square,0.25,0,calibration
1.2109167000016896,74,393.0,323.0,20.0,True,34.804145894997646,-398.48296253230166,-336.3526553658338,-216.48762373020912,16.092568632971368,12,calibration,2,square,0.25,0,calibration
1.2274289000051795,75,300.0,316.0,20.0,True,27.837544081620905,-399.0301631950946,-332.8689941441757,-221.80674637495756,19.548011592002435,12,calibration,2,square,0.25,0,calibration
1.2443283000029624,76,199.0,303.0,20.0,True,21.312508091154054,-399.4318177096868,-329.25552963927277,-227.13607419774152,23.023116253987585,12,calibration,2,square,0.25,0,calibration
1.2608294999954524,77,101.0,291.0,20.0,True,14.451950255317946,-399.73884116234916,-325.1982268319203,-232.90795019787305,27.118868946425422,12,calibration,2,square,0.25,0,calibration
1.2777556999935769,78,-30.0,276.0,20.0,True,7.303158270006431,-398.59301262461986,-320.6805344027528,-238.9382940998009,29.352305865271635,12,calibration,2,square,0.25,0,calibration
1.2941599000041606,79,-110.0,260.0,20.0,True,-0.5814447497900144,-395.8434122044548,-314.90163255725037,-244.53543826103282,28.58478465952826,12,calibration,2,square,0.25,0,calibration
1.3113777999969898,80,-186.0,241.0,20.0,True,-10.155094716977901,-391.31573358425925,-308.20993111268365,-249.40884783949141,28.29503513620204,12,calibration,2,square,0.25,0,calibration
1.3273265000025276,81,-248.0,225.0,20.0,True,-21.71861390639549,-385.324949026687,-300.09669983735864,-253.00753013989865,30.572010151014794,12,calibration,2,square,0.25,0,calibration
1.3440600000030827,82,-275.0,219.0,20.0,True,-35.482609491948224,-377.1724784471104,-289.24997370621844,-255.35110903192196,32.754311718288164,12,calibration,2,square,0.25,0,calibration
1.3615285999985645,83,-298.0,215.0,20.0,True,-49.65607596028204,-367.76932570994603,-275.1853380137835,-256.58972460358956,33.85255604513048,12,calibration,2,square,0.25,0,calibration
1.3773082999978215,84,-307.0,215.0,9.0,True,-63.87197372560078,-357.12290525347487,-258.63519946316876,-257.30846758764835,16.19529402909524,12,calibration,2,square,0.25,0,calibration
1.394703700003447,85,-313.0,214.0,6.082762530298219,True,-77.54644149504767,-346.9027081458292,-241.54795283609565,-257.5162956678223,10.194739930676208,12,calibration,2,square,0.25,0,calibration
1.4108607999951346,86,-316.0,213.0,3.1622776601683795,True,-90.9208154747726,-337.1461169544335,-224.339281967043,-256.97562427678406,4.8642152729716495,12,calibration,2,square,0.25,0,calibration
1.427463500003796,87,-318.0,213.0,2.0,True,-103.32634520186498,-326.97768498541495,-206.2952055619206,-254.74893509630976,3.5317298492559077,12,calibration,2,square,0.25,0,calibration
1.4444942999980412,88,-319.0,213.0,1.0,True,-115.47251884092569,-316.5325807274871,-187.1954909826486,-249.43022673171458,1.721549469177092,12,calibration,2,square,0.25,0,calibration
1.4614377999969292,89,-321.0,213.0,2.0,True,-127.67270490031709,-305.226064035111,-168.178318621369,-240.61415711132238,3.2814223993028704,12,calibration,2,square,0.25,0,calibration
1.477595599993947,90,-323.0,213.0,2.0,True,-140.56126486393913,-292.6569044858078,-150.89287868884185,-228.57931807750572,3.0732009195548953,12,calibration,2,square,0.25,0,calibration
1.4948423000023467,91,-326.0,213.0,3.0,True,-154.1497443950641,-278.8578508294999,-136.46888558666012,-214.41430632796158,4.245397044481607,12,calibration,2,square,0.25,0,calibration
1.5112091000046348,92,-327.0,213.0,1.0,True,-168.0333562647239,-264.59264802375327,-125.31146144990517,-199.2022359726654,1.288886374276121,12,calibration,2,square,0.25,0,calibration
1.5275393000047188,93,-327.0,213.0,0.0,False,-179.47346658573431,-247.53643278053815,-117.76589838684342,-183.86572788743146,0.0,12,calibration,2,square,0.25,0,calibration
1.544269100006204,94,-327.0,213.0,0.0,False,-190.76132569042386,-230.20260170465724,-113.4898611523576,-168.3325182110511,0.0,12,calibration,2,square,0.25,0,calibration
1.560983799994574,95,-326.0,214.0,1.4142135623730951,True,-198.26009919302587,-210.07541753924102,-111.46467514572144,-153.40527559792736,-0.5374106898429483,12,calibration,2,square,0.25,0,calibration
1.577917200003867,96,-304.0,226.0,20.0,True,-204.12374996144825,-189.63698530725077,-110.7509229195272,-139.63130374930802,-6.109063993379696,12,calibration,2,square,0.25,0,calibration
1.5944959000044037,97,-192.0,304.0,20.0,True,-209.12808932251374,-169.12092900374893,-111.00400957079307,-127.65854277923778,-3.8654336684566957,12,calibration,2,square,0.25,0,calibration
1.6114680000027874,98,-107.0,358.0,20.0,True,-212.99242244759267,-148.51820359244337,-112.40249953732251,-116.4949413678126,-1.114344735565549,12,calibration,2,square,0.25,0,calibration
1.6288296999991871,99,9.0,444.0,20.0,True,-216.37500719059693,-129.4830904951337,-114.86716996103289,-105.7510704231854,0.8991892819782266,12,calibration,2,square,0.25,0,calibration
1.6442950000055134,100,87.0,497.0,20.0,True,-219.27643199702658,-110.65312041162252,-118.03961634620758,-94.87907765306701,2.433514157090191,12,calibration,2,square,0.25,0,calibration
1.6613933000044199,101,164.0,546.0,20.0,True,-222.24662209358,-92.11964114711024,-121.02281952297683,-83.70568180416939,1.9106047583074826,12,calibration,2,square,0.25,0,calibration
1.6782288999966113,102,286.0,600.0,20.0,True,-224.89832260650053,-72.20627044880047,-124.15472703094547,-72.0731503766026,2.5481364560490145,12,calibration,2,square,0.25,0,calibration
1.6948025000019697,103,365.0,600.0,20.0,True,-227.18177897688463,-51.37182912057844,-127.88555630087033,-60.713079951490535,4.061447076252139,12,calibration,2,square,0.25,0,calibration
1.711313899999368,104,446.0,600.0,20.0,True,-227.84324656849665,-28.78709680180635,-133.34626783127004,-49.53500256823542,8.193334111060416,12,calibration,2,square,0.25,0,calibration
1.7279141000035452,105,547.0,600.0,20.0,True,-226.92942761285147,-5.275068487809651,-140.11959996576056,-38.63950402991303,11.335927619576477,12,calibration,2,square,0.25,0,calibration
1.7448295999929542,106,600.0,600.0,20.0,True,-224.82567771203958,17.889836131752794,-148.60233385572573,-26.878909632957324,13.508692894656434,12,calibration,2,square,0.25,0,calibration
1.7608777999994345,107,645.0,600.0,20.0,True,-222.4252024189496,38.87343623547597,-158.2356876820405,-14.320399581483116,14.445867216118216,12,calibration,2,square,0.25,0,calibration
1.777620199994999,108,695.0,600.0,20.0,True,-220.32204595828227,58.386012237157864,-168.78533423463088,-0.6781503328365925,14.37797133171827,12,calibration,2,square,0.25,0,calibration
1.7955832000006922,109,721.0,600.0,20.0,True,-218.52714514323438,77.28691047202327,-179.45606597800347,12.899636552188605,14.248969325405758,12,calibration,2,square,0.25,0,calibration
1.812610399996629,110,754.0,600.0,20.0,True,-217.13008265167363,96.0440310055905,-189.72614420130043,25.962997509253462,13.84642169643506,12,calibration,2,square,0.25,0,calibration
1.8278645999962464,111,774.0,600.0,20.0,True,-215.63718974820983,114.80327123091827,-200.57360679353414,38.848714042435255,14.466785503644894,12,calibration,2,square,0.25,0,calibration
1.8441920000041137,112,797.0,600.0,20.0,True,-214.10797325107586,133.44577095700353,-211.6658990640467,51.37040354431368,14.896890846524965,12,calibration,2,square,0.25,0,calibration
1.861152099998435,113,809.0,600.0,12.0,True,-212.29047339237982,151.2053034463758,-223.8602054622034,64.20820064385525,9.486115086045485,12,calibration,2,square,0.25,0,calibration
1.8771678000048269,114,818.0,600.0,9.0,True,-210.0380466218774,168.09900755395483,-236.24037166891833,76.64067398805297,7.539969812533162,12,calibration,2,square,0.25,0,calibration
1.8943960000033258,115,826.0,598.0,8.246211251235321,True,-207.35451164211165,184.65540872041032,-248.64561978140517,88.82809173497516,6.414104315940557,12,calibration,2,square,0.25,0,calibration
1.9109964999952354,116,836.0,597.0,10.04987562112089,True,-204.62975406270897,203.8778275511196,-260.0438780450512,99.90132685585353,8.282755889302345,12,calibration,2,square,0.25,0,calibration
1.9279641000030097,117,842.0,596.0,6.082762530298219,True,-202.74082346076898,225.16435071479637,-270.9873136294723,110.68124783734199,4.5104790745066055,12,calibration,2,square,0.25,0,calibration
1.944525099999737,118,850.0,594.0,8.246211251235321,True,-201.95990612962473,246.7244944929173,-283.565080508488,122.18405859432214,5.544119932323833,12,calibration,2,square,0.25,0,calibration
1.9609583999990718,119,852.0,594.0,2.0,True,-201.92162300162704,265.9762730354723,-298.8875616658259,134.70965554382983,1.5524352969748376,12,calibration,2,square,0.25,0,calibration
1.9775577999971574,120,854.0,594.0,2.0,True,-202.41300821187343,283.128180473874,-317.01611708020226,147.54562767285998,1.5749904877038754,12,calibration,2,square,0.25,0,calibration
1.9944967000046745,121,856.0,593.0,2.23606797749979,True,-205.1701907034672,298.924566723771,-336.79821574959215,159.1706039936093,0.9019568058980263,12,calibration,2,square,0.25,0,calibration
2.0111640999966767,122,857.0,593.0,1.0,True,-208.72751973932856,313.426303531803,-356.3863407718721,168.49536682057143,0.6646722502212468,12,calibration,2,square,0.25,0,calibration
2.0278045000013663,123,858.0,592.0,1.4142135623730951,True,-215.53809040443855,325.1443353860616,-362.43385184739196,169.23859794698956,-0.08990944765853787,12,calibration,2,square,0.25,0,calibration
2.0446564000012586,124,857.0,591.0,1.4142135623730951,True,-224.2991859591498,331.19461828064584,-363.74269741176266,166.40688110656612,-0.5482149472985739,12,calibration,2,square,0.25,0,calibration
2.0608896000048844,125,854.0,590.0,3.1622776601683795,True,-228.08516417041457,328.59877949462174,-365.3118843017047,162.93319854448924,-0.8444217355984526,12,calibration,2,square,0.25,0,calibration
2.077834099996835,126,832.0,585.0,20.0,True,-232.1766799335848,325.720722851675,-366.9346287933919,159.24502564367808,-4.543798963025836,12,calibration,2,square,0.25,0,calibration
2.0947938000026625,127,719.0,568.0,20.0,True,-236.6165210135895,322.5098788927644,-368.46276763035956,155.67655208853918,-3.4862885970038415,12,calibration,2,square,0.25,0,calibration
2.111166899994714,128,626.0,558.0,20.0,True,-241.48067408468302,318.88412322285205,-370.08610357576777,151.77705999295836,-2.599056660203789,12,calibration,2,square,0.25,0,calibration
2.127510099991923,129,520.0,545.0,20.0,True,-246.9759749805116,314.64721162347155,-372.0656465361339,146.85759996557428,-1.6482841249813451,12,calibration,2,square,0.25,0,calibration
2.1444307999918237,130,363.0,522.0,20.0,True,-253.3210041274583,309.56173676321214,-374.66552760745344,140.09190705614856,0.42317105376829867,12,calibration,2,square,0.25,0,calibration
2.161090299996431,131,250.0,495.0,20.0,True,-260.38365121147984,303.645112231003,-377.6192462902461,131.92310196165968,2.0039111132283094,12,calibration,2,square,0.25,0,calibration
2.177826900006039,132,75.0,443.0,20.0,True,-267.89221817628663,297.0416796353482,-380.57151136220574,123.14757301500725,3.2458883713511044,12,calibration,2,square,0.25,0,calibration
2.1947546000010334,133,-43.0,407.0,20.0,True,-275.4624490538853,290.03523779229937,-383.3511890388115,114.20098888595203,4.564016551548608,12,calibration,2,square,0.25,0,calibration
2.211334399995394,134,-139.0,371.0,20.0,True,-282.97538724888216,282.7099754365685,-385.9811984707836,104.96911177607214,5.319949233988042,12,calibration,2,square,0.25,0,calibration
2.2284376000025077,135,-262.0,322.0,20.0,True,-290.07101396797026,275.42477531186915,-388.60958830615914,94.77651542717493,7.515846955548526,12,calibration,2,square,0.25,0,calibration
2.244760999994469,136,-313.0,302.0,20.0,True,-296.6930432784128,268.2782847533394,-390.12058034504827,83.57744247342522,10.221894853327706,12,calibration,2,square,0.25,0,calibration
2.2621008999994956,137,-344.0,291.0,20.0,True,-302.88852092675245,261.2633611718341,-390.7485661972527,71.27391454762711,12.301106835116101,12,calibration,2,square,0.25,0,calibration
2.2779830999934347,138,-366.0,282.0,20.0,True,-309.09432090275953,253.89111994250985,-390.9881889732429,58.639596206452744,11.84063236047505,12,calibration,2,square,0.25,0,calibration
2.2943958999967435,139,-373.0,280.0,7.280109889280518,True,-315.2538653747281,246.20113802802126,-391.0760224903832,46.00143245590645,4.776086324308487,12,calibration,2,square,0.25,0,calibration
2.310943100004806,140,-377.0,278.0,4.47213595499958,True,-321.3623764975508,238.17267469599938,-391.00677985944947,33.98897388553176,2.334660128771184,12,calibration,2,square,0.25,0,calibration
2.32763800000248,141,-380.0,277.0,3.1622776601683795,True,-327.80829256466757,229.21981442675784,-390.66021565311115,22.623254756032377,1.8555352082703418,12,calibration,2,square,0.25,0,calibration
2.3442983999993885,142,-381.0,277.0,1.0,True,-334.2435529915556,219.72994170932003,-389.26512267129084,10.259335832861153,0.7453115836698263,12,calibration,2,square,0.25,0,calibration
2.3612738999945577,143,-381.0,277.0,0.0,False,-338.4890447878463,208.8530307048317,-387.0104189601088,-2.7996422087324877,0.0,12,calibration,2,square,0.25,0,calibration
2.3780268999980763,144,-381.0,277.0,0.0,False,-341.26253929470874,197.3919970557466,-383.95321647789507,-16.574138664067974,0.0,12,calibration,2,square,0.25,0,calibration
2.3943438999995124,145,-381.0,277.0,0.0,False,-343.5758043493808,185.74653262234924,-380.9179223068358,-29.48418645617229,0.0,12,calibration,2,square,0.25,0,calibration
2.4122671999939485,146,-375.0,277.0,6.0,True,-341.9895157386436,173.91848480600814,-377.95085262088355,-42.17103360766243,-0.5688151535250019,12,calibration,2,square,0.25,0,calibration
2.4274758999963524,147,-351.0,281.0,20.0,True,-339.2561047399565,162.64088918878582,-374.91899534891786,-55.097964226365846,0.1479590020120497,12,calibration,2,square,0.25,0,calibration
2.44413020000502,148,-274.0,299.0,20.0,True,-335.7449132430213,151.2539643691383,-372.14906160381213,-68.57567468104612,1.9269199854887886,12,calibration,2,square,0.25,0,calibration
2.460945200000424,149,-135.0,340.0,20.0,True,-331.87941371807597,139.7708305957982,-369.42694345845865,-82.23873073176709,2.5584219863207935,12,calibration,2,square,0.25,0,calibration
2.4779469999921275,150,-37.0,371.0,20.0,True,-327.8747192990645,128.24207662491767,-367.4182315433802,-95.86439480075043,3.745474808434257,12,calibration,2,square,0.25,0,calibration
2.494423199997982,151,57.0,399.0,20.0,True,-323.6506605936524,116.61028423089857,-365.79854596297037,-109.4565190880552,4.577409376647679,12,calibration,2,square,0.25,0,calibration
2.510773000001791,152,208.0,440.0,20.0,True,-318.9390267836473,104.62564227312372,-364.64521884363387,-123.03281393415844,5.772699391613808,12,calibration,2,square,0.25,0,calibration
2.527051199998823,153,301.0,465.0,20.0,True,-312.98946617665774,91.21604552359668,-363.72115703446093,-135.89730807502684,6.882018959702898,12,calibration,2,square,0.25,0,calibration
2.544132199996966,154,387.0,490.0,20.0,True,-306.2596538138787,77.09396985968229,-363.0921009956861,-148.97608471515008,7.875808148188783,12,calibration,2,square,0.25,0,calibration
2.561030099997879,155,504.0,521.0,20.0,True,-298.5477541278799,62.318271320828345,-362.8108045010021,-162.52487519235473,9.124245093796382,12,calibration,2,square,0.25,0,calibration
2.5773115000047255,156,570.0,531.0,20.0,True,-290.78965951995366,47.35118765467641,-359.3317018477291,-175.7291326081555,9.423005272364623,12,calibration,2,square,0.25,0,calibration
2.594770800002152,157,639.0,542.0,20.0,True,-281.7737192282874,32.44594973775022,-353.60820899531086,-186.97923556140807,11.510204555837031,12,calibration,2,square,0.25,0,calibration
2.6105231999972602,158,669.0,547.0,20.0,True,-271.5767820609468,17.993834471278856,-348.19736338783184,-196.87202983095946,14.40867691579822,12,calibration,2,square,0.25,0,calibration
2.627500200003851,159,696.0,552.0,20.0,True,-260.66817926749485,5.187117908826831,-343.659215031935,-204.6908496333783,18.337089471372394,12,calibration,2,square,0.25,0,calibration
2.6436885000002803,160,725.0,556.0,20.0,True,-250.40236580070774,-6.482663837935867,-339.98561244817984,-210.7362885889283,20.610735132747195,12,calibration,2,square,0.25,0,calibration
2.6606267000024673,161,736.0,557.0,11.045361017187261,True,-241.09300494756874,-16.588702941638193,-336.9811054707559,-215.50808466437465,12.283246915994512,12,calibration,2,square,0.25,0,calibration
2.6776360999938333,162,742.0,557.0,6.0,True,-232.24673923739533,-25.99202260376662,-334.35315237822914,-219.5631332777447,6.947707963865289,12,calibration,2,square,0.25,0,calibration
2.6944407999981195,163,750.0,557.0,8.0,True,-223.55257734441497,-34.69466613998024,-332.017533491303,-223.07926271698014,9.745004669664883,12,calibration,2,square,0.25,0,calibration
2.7105336999957217,164,753.0,557.0,3.0,True,-214.65889239499882,-43.794541202481135,-329.9968246522168,-226.05772652013925,3.7498919195494493,12,calibration,2,square,0.25,0,calibration
2.728004000004148,165,756.0,557.0,3.0,True,-205.56044191696196,-53.40810674649925,-328.5360558119182,-228.17550269813844,3.980460787456395,12,calibration,2,square,0.25,0,calibration
2.743842500000028,166,758.0,557.0,2.0,True,-196.20596954272895,-63.38212386223822,-327.6753792914104,-229.40977705021717,2.813264511058917,12,calibration,2,square,0.25,0,calibration
2.760851900005946,167,758.0,557.0,0.0,False,-188.9366925803946,-75.12652215763238,-327.57978013137995,-229.546264724732,0.0,12,calibration,2,square,0.25,0,calibration
2.7773768000042764,168,758.0,557.0,0.0,False,-182.6095776878021,-87.126668156417,-327.9498271818306,-229.017271949972,0.0,12,calibration,2,square,0.25,0,calibration
2.7941305999993347,169,755.0,555.0,3.605551275463989,True,-179.67226416862766,-99.72568515448425,-328.7712767014256,-227.83644927033663,-2.272959126793347,12,calibration,2,square,0.25,0,calibration
2.810626999998931,170,740.0,549.0,16.15549442140351,True,-178.16035473796202,-110.9738943464151,-329.9819865277723,-226.07938554230267,-12.0552945432196,12,calibration,2,square,0.25,0,calibration
2.826866400006111,171,689.0,536.0,20.0,True,-177.03075698993712,-120.92174841515619,-331.51156644690855,-223.83047449334714,-17.03073933754545,12,calibration,2,square,0.25,0,calibration
2.8438024999923073,172,635.0,527.0,20.0,True,-176.74503628458703,-129.97742962802826,-333.4588616448054,-220.9189615912372,-16.768022411886577,12,calibration,2,square,0.25,0,calibration
2.8610821000038413,173,590.0,522.0,20.0,True,-176.989393583239,-138.8897303159324,-336.30291580104426,-216.56488363471055,-15.455987944904624,12,calibration,2,square,0.25,0,calibration
2.877233699997305,174,504.0,510.0,20.0,True,-177.36295996250354,-147.53015328052652,-340.6628454284923,-209.63975230037636,-11.70789296837727,12,calibration,2,square,0.25,0,calibration
2.894117100004223,175,424.0,503.0,20.0,True,-177.79325529368637,-156.02996189818228,-346.36038657976997,-200.08618794987404,-11.504868081972193,12,calibration,2,square,0.25,0,calibration
2.9108621000050334,176,338.0,491.0,20.0,True,-177.9480423870786,-165.2910098580052,-352.6463266104906,-188.78709788575915,-8.931673557507704,12,calibration,2,square,0.25,0,calibration
2.927926699994714,177,203.0,479.0,20.0,True,-178.14203587461958,-175.49243405072352,-359.10244974445885,-176.1971355826435,-9.748109927762073,12,calibration,2,square,0.25,0,calibration
2.944265300000552,178,111.0,472.0,20.0,True,-178.37521300812017,-186.15775727155216,-366.67889959190694,-159.8329896925796,-8.527503335582114,12,calibration,2,square,0.25,0,calibration
2.961025399999926,179,-18.0,453.0,20.0,True,-178.42893321610728,-196.500656283407,-374.9084213128034,-139.4405809968587,-4.508512372792183,12,calibration,2,square,0.25,0,calibration
2.977956400005496,180,-88.0,432.0,20.0,True,-178.2318676268631,-206.37604381234922,-382.6642906738537,-116.48193268947956,2.92644436853967,12,calibration,2,square,0.25,0,calibration
2.994071499997517,181,-155.0,408.0,20.0,True,-177.55070141100762,-216.14802829580432,-388.76109662351985,-94.15311865295955,6.953205080994862,12,calibration,2,square,0.25,0,calibration
0.0006730000022798777,1,179.0,218.0,20.0,True,300.72329498742926,-3.5240249778242196,-300.98995867021745,-1.0131334977446087,7.335854025802622,13,calibration,2,square,0.3,0,calibration
0.012183699989691377,2,179.0,218.0,0.0,False,299.36073621199137,-11.520254422252295,-303.0700962081849,-3.154771780838451,0.0,13,calibration,2,square,0.3,0,calibration
0.0283828999963589,3,244.0,278.0,20.0,True,297.7631231232888,-20.738652794048,-305.62281657813014,-4.602816991154479,3.600068581442346,13,calibration,2,square,0.3,0,calibration
0.04535040000337176,4,307.0,328.0,20.0,True,294.14081316414996,-30.560772102606354,-308.9275841506815,-5.476702843316084,1.2379914954200566,13,calibration,2,square,0.3,0,calibration
0.06202789999952074,5,356.0,361.0,20.0,True,288.8786384475453,-40.483173475325145,-313.2950238853409,-5.8559768972828445,-0.14903911515893764,13,calibration,2,square,0.3,0,calibration
0.07847969999420457,6,430.0,390.0,20.0,True,284.3670572234323,-50.48919024198174,-318.64904133758597,-6.003405617313251,4.50846336367009,13,calibration,2,square,0.3,0,calibration
0.09587859999737702,7,465.0,398.0,20.0,True,280.38925988940576,-60.579448568694616,-325.1534164820687,-6.057942229552302,8.237266077259521,13,calibration,2,square,0.3,0,calibration
0.11201250000158325,8,499.0,402.0,20.0,True,276.2390724382683,-70.76431260598832,-333.92674541433377,-5.509178190120757,10.01884275558789,13,calibration,2,square,0.3,0,calibration
0.12857570000051055,9,537.0,400.0,20.0,True,271.12345193771966,-80.73600219577668,-344.77697655663997,-4.180349907207065,11.770856613651501,13,calibration,2,square,0.3,0,calibration
0.1455783999990672,10,556.0,394.0,19.924858845171276,True,264.7639146846511,-89.55424450752393,-357.861243313998,-1.1004633381689857,13.622018314795076,13,calibration,2,square,0.3,0,calibration
0.16197509999619797,11,577.0,386.0,20.0,True,256.6129863309004,-96.38601134486325,-372.1425343380838,3.115276457498112,10.190585922725809,13,calibration,2,square,0.3,0,calibration
0.1785100999986753,12,586.0,378.0,12.041594578792296,True,247.75983103979266,-102.07188175425463,-388.17637238049025,8.515288446695536,7.833061365027905,13,calibration,2,square,0.3,0,calibration
0.19545430000289343,13,592.0,373.0,7.810249675906654,True,239.13632398237965,-106.48313864130893,-399.77537785898755,13.403255489010771,4.122799841440299,13,calibration,2,square,0.3,0,calibration
0.21202310000080615,14,599.0,361.0,13.892443989449804,True,231.81280931743692,-109.79640190818397,-399.6295045568697,17.212178468482065,8.379871780521093,13,calibration,2,square,0.3,0,calibration
0.22841670000343584,15,602.0,354.0,7.615773105863909,True,224.7929024172123,-111.49586615449837,-399.4962339440981,20.068858076195056,3.1219625579773895,13,calibration,2,square,0.3,0,calibration
0.24545729999954347,16,603.0,348.0,6.082762530298219,True,216.66026881435562,-111.50465362095063,-399.36969715900096,22.44649173318386,1.149711439626408,13,calibration,2,square,0.3,0,calibration
0.26190079998923466,17,599.0,335.0,13.601470508735444,True,206.8634274153436,-109.99995038826496,-399.27395338726194,24.089627363381886,0.15716452651895718,13,calibration,2,square,0.3,0,calibration
0.27843739998934325,18,588.0,321.0,17.804493814764857,True,195.98965008498837,-107.46338850477223,-399.2151216401515,25.045691322841517,-1.5943371020131756,13,calibration,2,square,0.3,0,calibration
0.29535449999093544,19,565.0,303.0,20.0,True,185.52901469904214,-104.33080351079046,-399.2073404428971,25.169412716805383,-3.2820688327536973,13,calibration,2,square,0.3,0,calibration
0.31226959999185055,20,484.0,260.0,20.0,True,174.32387056116795,-100.12995912080598,-399.233021617639,24.7587247258376,-4.039461051417006,13,calibration,2,square,0.3,0,calibration
0.3284791999903973,21,411.0,230.0,20.0,True,161.95432594359406,-94.28468636765929,-399.28432148600257,23.91716152603793,-4.898868512899868,13,calibration,2,square,0.3,0,calibration
0.34563949999574106,22,301.0,197.0,20.0,True,147.76652481189893,-86.06726124083883,-399.34254186322516,22.924533980393345,-5.424571462855652,13,calibration,2,square,0.3,0,calibration
0.36204259999794886,23,231.0,177.0,20.0,True,133.66970159941118,-75.72376009655046,-399.394215982642,22.005913741781765,-6.962515564837533,13,calibration,2,square,0.3,0,calibration
0.3792505000019446,24,179.0,165.0,20.0,True,120.76406526682872,-63.29161167733373,-399.4381843803774,21.192849239959425,-8.568244733994169,13,calibration,2,square,0.3,0,calibration
0.39498399999865796,25,113.0,157.0,20.0,True,109.71422396415505,-48.92421386220539,-399.47634735239365,20.46088722391468,-9.657178148402304,13,calibration,2,square,0.3,0,calibration
0.411861400003545,26,85.0,157.0,20.0,True,100.6565928169967,-34.05386708773251,-399.5097211816446,19.798552506802814,-9.595935601776123,13,calibration,2,square,0.3,0,calibration
0.42902319999120664,27,57.0,159.0,20.0,True,93.16700177505291,-19.243413574043146,-399.54024708274153,19.172661814725984,-9.675080163375808,13,calibration,2,square,0.3,0,calibration
0.44531819999974687,28,26.0,163.0,20.0,True,86.5839599847931,-4.099659798560772,-399.5737288639584,18.461722610629554,-9.557420393322104,13,calibration,2,square,0.3,0,calibration
0.46211929999117274,29,12.0,168.0,14.866068747318506,True,81.46301464729223,12.173623049365474,-399.6071315475569,17.72400677988898,-4.957449707832175,13,calibration,2,square,0.3,0,calibration
0.478680300002452,30,3.0,172.0,9.848857801796104,True,78.29973216670176,31.073483225242178,-399.63885443989864,16.993705363031346,-3.5028757558451344,13,calibration,2,square,0.3,0,calibration
0.4951495999994222,31,-6.0,176.0,9.848857801796104,True,77.66261350478032,50.60228248401978,-399.6634978340099,16.40391718719525,-4.675261537964335,13,calibration,2,square,0.3,0,calibration
0.5122199000034016,32,-10.0,178.0,4.47213595499958,True,79.17293816539899,69.50939001043574,-399.6865699373967,15.83179748728719,-2.318846046646547,13,calibration,2,square,0.3,0,calibration
0.528822799999034,33,-13.0,180.0,3.605551275463989,True,82.33004042096081,85.7301131380051,-399.72967837617927,14.703204592070659,-1.5291623019583438,13,calibration,2,square,0.3,0,calibration
0.5455292999977246,34,-14.0,181.0,1.4142135623730951,True,86.562075998042,100.25664725599808,-399.78634275709965,13.072113253136463,-0.2471401024327108,13,calibration,2,square,0.3,0,calibration
0.561839299989515,35,-14.0,182.0,1.0,True,93.52851031935728,113.67649666544094,-399.8535016260234,10.824843528094021,1.0024045746341548,13,calibration,2,square,0.3,0,calibration
0.5784826000017347,36,-15.0,183.0,1.4142135623730951,True,99.70074069253101,128.21559985645843,-399.9093242327074,8.516595078981819,-0.3499203237963689,13,calibration,2,square,0.3,0,calibration
0.5956704999989597,37,-15.0,185.0,2.0,True,108.462218431448,142.10322323969442,-399.9510726974159,6.256152826325193,1.899426864115895,13,calibration,2,square,0.3,0,calibration
0.6119805999915116,38,-11.0,190.0,6.4031242374328485,True,119.81234929051725,154.26111762854347,-399.9744931972683,4.517166322863242,10.751171669801728,13,calibration,2,square,0.3,0,calibration
0.6285640999994939,39,17.0,212.0,20.0,True,132.29113636131493,165.15464847164162,-399.98798284546416,3.1005772392716797,36.455312727956425,13,calibration,2,square,0.3,0,calibration
0.6451803999952972,40,70.0,253.0,20.0,True,145.2365188735502,175.96819964662052,-399.99664262442667,1.6388682640006682,36.66109900905313,13,calibration,2,square,0.3,0,calibration
0.662278999996488,41,156.0,296.0,20.0,True,159.66248940844886,186.68745455692954,-399.999165864026,-0.816889272448128,38.64785890514766,13,calibration,2,square,0.3,0,calibration
0.6799440999893704,42,274.0,342.0,20.0,True,174.57500365992215,197.21989191731203,-399.97809496208356,-4.186114009728259,39.1359233283572,13,calibration,2,square,0.3,0,calibration
0.6964432999957353,43,393.0,375.0,20.0,True,189.07582210387343,207.30815868975444,-399.9016123095687,-8.871328660769576,38.87126542228503,13,calibration,2,square,0.3,0,calibration
0.7245266999962041,44,583.0,426.0,20.0,True,202.38032097193488,216.75621831684006,-399.723355053527,-14.874119293321261,38.62199648574876,13,calibration,2,square,0.3,0,calibration
0.728379699998186,45,616.0,435.0,20.0,True,214.31288916948148,225.8150709260387,-399.3955484363258,-21.981717158733254,38.07103125034011,13,calibration,2,square,0.3,0,calibration
0.7454351999913342,46,616.0,435.0,0.0,False,223.4422682710669,235.59927345763649,-398.91462333541,-29.446957214081564,0.0,13,calibration,2,square,0.3,0,calibration
0.7618705999921076,47,712.0,456.0,20.0,True,231.92086456254216,243.62159842739499,-398.34040767674895,-36.39944521447315,34.442523786026975,13,calibration,2,square,0.3,0,calibration
0.7786923999956343,48,764.0,462.0,20.0,True,239.2554013389436,251.04653342568295,-397.6917102937964,-42.91041323030019,29.98267738668509,13,calibration,2,square,0.3,0,calibration
0.7955385999957798,49,804.0,467.0,20.0,True,245.65349735227994,258.8984888075389,-396.9831271146527,-49.03464883397714,26.987703315185403,13,calibration,2,square,0.3,0,calibration
0.8119099000032293,50,855.0,472.0,20.0,True,251.28090538904135,267.32019487289494,-396.1417494305724,-55.42304897861127,20.929643737329183,13,calibration,2,square,0.3,0,calibration
0.8286076999938814,51,883.0,476.0,20.0,True,256.24157442364833,276.3735909117223,-395.1342193536372,-62.200873754246345,16.616697242250645,13,calibration,2,square,0.3,0,calibration
0.8456424999894807,52,904.0,478.0,20.0,True,260.86961427502854,286.0594663318865,-393.87970062149566,-69.70495992625582,10.311123740734194,13,calibration,2,square,0.3,0,calibration
0.8623654999973951,53,925.0,479.0,20.0,True,264.97597303386374,296.5473116929712,-391.621011558266,-77.48459749538658,3.512776520643211,13,calibration,2,square,0.3,0,calibration
0.8789312000008067,54,932.0,479.0,7.0,True,262.26132088910504,302.0248326967534,-387.3593786881596,-86.46109860255282,-1.2310759220598848,13,calibration,2,square,0.3,0,calibration
0.89514729999064,55,943.0,479.0,11.0,True,256.2305192936406,307.1578112021755,-380.3986998516357,-96.65167907241621,-5.296464629458076,13,calibration,2,square,0.3,0,calibration
0.9125949000008404,56,948.0,479.0,5.0,True,248.99797784285417,313.04952807849673,-368.9104924718024,-109.01785240823108,-3.766650781657251,13,calibration,2,square,0.3,0,calibration
0.9289799999969546,57,951.0,479.0,3.0,True,241.12131387320028,319.15593680215574,-353.9841992792764,-121.69980143286519,-2.9706562704426096,13,calibration,2,square,0.3,0,calibration
0.9451725999970222,58,954.0,479.0,3.0,True,232.6681099723431,325.3698673846391,-335.77856839051856,-134.40313558573328,-3.433129397780889,13,calibration,2,square,0.3,0,calibration
0.9620869999926072,59,954.0,479.0,0.0,False,220.81020950347812,333.53088519510464,-317.03315827409114,-144.14024359895606,0.0,13,calibration,2,square,0.3,0,calibration
0.9786166999983834,60,954.0,479.0,0.0,False,206.02753963834283,342.6353870699645,-298.67517455379044,-150.8801762785714,0.0,13,calibration,2,square,0.3,0,calibration
0.9950864999991609,61,951.0,477.0,3.605551275463989,True,187.2753032428962,346.0468747561059,-282.3870652277312,-154.13291735773862,5.143825837928737,13,calibration,2,square,0.3,0,calibration
1.0119934999966063,62,938.0,473.0,13.601470508735444,True,167.46433244354458,348.5705896066811,-268.23345746914555,-155.67750533001185,24.87963802198027,13,calibration,2,square,0.3,0,calibration
1.02900260000024,63,915.0,468.0,20.0,True,147.20008816630627,350.60190415789083,-256.132124863443,-156.29933683922044,38.322058923095064,13,calibration,2,square,0.3,0,calibration
1.0453320999949938,64,872.0,462.0,20.0,True,126.96489416484897,352.0855492755174,-245.01012848210297,-156.53322301122603,39.29857039328214,13,calibration,2,square,0.3,0,calibration
1.06237770000007,65,840.0,460.0,20.0,True,106.62274399633111,353.04232417464425,-234.85154692922143,-156.0498930344236,39.87818282797161,13,calibration,2,square,0.3,0,calibration
1.0790689999994356,66,788.0,459.0,20.0,True,86.32177091835221,353.47740646093246,-225.26797782943896,-154.1760598510114,39.68195613818391,13,calibration,2,square,0.3,0,calibration
1.0955818999937037,67,744.0,457.0,20.0,True,63.001943962073625,353.42006861573816,-216.50166570662964,-150.22340103655418,38.56836530805394,13,calibration,2,square,0.3,0,calibration
1.1120514999929583,68,697.0,455.0,20.0,True,38.01835101659506,353.19069426289747,-208.48565754889523,-142.60990318698484,35.0628730927523,13,calibration,2,square,0.3,0,calibration
1.1283931999932975,69,624.0,442.0,20.0,True,12.357535566811944,352.0673822486007,-201.39354774932474,-131.30945633184206,33.26164832887606,13,calibration,2,square,0.3,0,calibration
1.145258799995645,70,571.0,429.0,20.0,True,-10.207612072430287,350.5910847931335,-196.00762693386324,-117.10056792456996,31.033725714620346,13,calibration,2,square,0.3,0,calibration
1.1621764000010444,71,485.0,404.0,20.0,True,-30.30836246923684,348.97649954826727,-191.95018850719876,-102.57331359238651,30.133602412985844,13,calibration,2,square,0.3,0,calibration
1.1784521999943536,72,436.0,391.0,20.0,True,-49.082806453659316,347.5076513784012,-189.29979699755037,-88.9840515753683,28.40676891532454,13,calibration,2,square,0.3,0,calibration
1.1955442000034964,73,378.0,372.0,20.0,True,-68.48673034222082,345.73048278248314,-187.21659969189284,-75.93297094643474,28.63897893866113,13,calibration,2,square,0.3,0,calibration
1.211885999990045,74,317.0,349.0,20.0,True,-89.32383155277452,343.5451479563911,-186.02899291315222,-62.316415786820926,28.003262098034778,13,calibration,2,square,0.3,0,calibration
1.2286730999912834,75,277.0,332.0,20.0,True,-110.55455557576023,340.76835847160015,-185.06688166363227,-47.55536210610181,28.269122934965857,13,calibration,2,square,0.3,0,calibration
1.2450393999897642,76,245.0,312.0,20.0,True,-129.3454206950451,337.1019842619798,-184.3934772846037,-31.97704178961803,29.9985370254608,13,calibration,2,square,0.3,0,calibration
1.262355300001218,77,218.0,292.0,20.0,True,-143.42519536593537,333.20835573759166,-183.86307699730003,-15.915651886788876,31.0912641328256,13,calibration,2,square,0.3,0,calibration
1.2785768000030657,78,194.0,270.0,20.0,True,-152.77686478081128,329.21661999789535,-183.05005598005408,0.8089689566354217,33.0793921810475,13,calibration,2,square,0.3,0,calibration
1.295494099991629,79,182.0,257.0,17.69180601295413,True,-159.10770504318256,324.52917418128345,-181.73051977546268,18.31930327895159,31.24492662137213,13,calibration,2,square,0.3,0,calibration
1.3121535999962362,80,169.0,229.0,20.0,True,-164.39611823449832,318.0087113667776,-179.69743233631849,36.44272951512097,38.360142787161806,13,calibration,2,square,0.3,0,calibration
1.3287637999892468,81,163.0,204.0,20.0,True,-169.41847290576132,308.588697887185,-177.4210356144366,53.71147802886543,39.24785538532952,13,calibration,2,square,0.3,0,calibration
1.3452972999948543,82,161.0,178.0,20.0,True,-173.54691079745976,297.15286935762913,-174.8333917071633,68.87560769717592,39.1921149430065,13,calibration,2,square,0.3,0,calibration
1.361849599998095,83,157.0,133.0,20.0,True,-176.5817437515662,284.52912703307385,-171.63684216510762,81.12301911063263,39.506427186086846,13,calibration,2,square,0.3,0,calibration
1.3787052999978187,84,155.0,105.0,20.0,True,-178.3666678399756,271.7198841930206,-166.87661566222522,91.57249530364358,38.69985401482819,13,calibration,2,square,0.3,0,calibration
1.3951363999949535,85,155.0,75.0,20.0,True,-179.34251316018998,258.1505310322928,-160.27579972695312,101.0099017369448,36.337498689103775,13,calibration,2,square,0.3,0,calibration
1.4121193000028143,86,155.0,53.0,20.0,True,-179.82510619267936,242.2635779074372,-151.74892649275503,109.78914960153249,34.3376234557455,13,calibration,2,square,0.3,0,calibration
1.4286657999909949,87,157.0,32.0,20.0,True,-179.17093129066131,224.15144869221012,-141.26837250604524,118.16356730335526,30.912564491282666,13,calibration,2,square,0.3,0,calibration
1.4455498000024818,88,161.0,-1.0,20.0,True,-177.33175208110197,203.96002330738904,-129.27967895061795,125.67927251655418,28.49797924345083,13,calibration,2,square,0.3,0,calibration
1.4617350999906193,89,168.0,-24.0,20.0,True,-173.21190957704755,182.98423634793463,-116.02982711931108,132.2962726397948,23.235921238994415,13,calibration,2,square,0.3,0,calibration
1.4784720000025118,90,175.0,-47.0,20.0,True,-167.2893711504435,161.78337822411737,-102.41928367238489,137.68328000569682,21.62163023475329,13,calibration,2,square,0.3,0,calibration
1.4953136999974959,91,192.0,-79.0,20.0,True,-158.81720530048779,140.87200540203213,-89.15339224878842,141.77457371244657,16.132065300432746,13,calibration,2,square,0.3,0,calibration
1.5121254999976372,92,201.0,-95.0,18.35755975068582,True,-148.32555622698385,120.21558263941866,-75.76124435166012,144.6708852339154,12.926524019420077,13,calibration,2,square,0.3,0,calibration
1.5287546000035945,93,211.0,-111.0,18.867962264113206,True,-136.51627787580543,100.55929122642198,-63.0713445845215,146.20484167755515,10.857413315820057,13,calibration,2,square,0.3,0,calibration
1.5453504000033718,94,229.0,-136.0,20.0,True,-122.46051408182053,80.9723175134163,-50.6628314088722,147.3005272476629,9.786807542731463,13,calibration,2,square,0.3,0,calibration
1.5618277999892598,95,239.0,-149.0,16.401219466856727,True,-106.13990832436227,60.753181590919155,-39.49680182096455,148.02315302647173,7.257157917103128,13,calibration,2,square,0.3,0,calibration
1.5785073000006378,96,251.0,-158.0,15.0,True,-86.93289829291662,40.426636189043755,-29.221816811214964,148.4575870480612,3.1741417269011785,13,calibration,2,square,0.3,0,calibration
1.5951797000016086,97,274.0,-173.0,20.0,True,-67.2845299271816,21.10164135008238,-20.486810799832156,148.07750278965793,2.3931890238867215,13,calibration,2,square,0.3,0,calibration
1.612426099993172,98,288.0,-178.0,14.866068747318506,True,-47.62777010994981,4.876525444074524,-12.877483616536514,146.4737920681987,-0.7503178588263099,13,calibration,2,square,0.3,0,calibration
1.6290133000002243,99,318.0,-181.0,20.0,True,-27.545764741227465,-7.857248233322434,-6.461608257716271,143.79935173904946,-1.2619490296848923,13,calibration,2,square,0.3,0,calibration
1.645348299993202,100,349.0,-179.0,20.0,True,-6.528032209541227,-18.104048572040313,-0.2822703849348249,139.71216131286724,1.4394732908954233,13,calibration,2,square,0.3,0,calibration
1.6619407999969553,101,379.0,-173.0,20.0,True,14.446469089735519,-26.682874635333853,5.054698666173354,134.9229094058552,4.69050222826394,13,calibration,2,square,0.3,0,calibration
1.678595999997924,102,425.0,-155.0,20.0,True,35.1574403879771,-33.60491509367535,10.058610322536069,128.9369135259616,9.000536901940947,13,calibration,2,square,0.3,0,calibration
1.695544100002735,103,463.0,-134.0,20.0,True,56.96802724676913,-39.8252053604505,14.142491397240638,122.22816493148905,13.341554977073729,13,calibration,2,square,0.3,0,calibration
1.7126195000018924,104,523.0,-94.0,20.0,True,79.92501647861356,-45.33805838699372,17.629981836513284,113.84142042427365,17.44471058519439,13,calibration,2,square,0.3,0,calibration
1.72893219999969,105,561.0,-65.0,20.0,True,104.51110940898748,-50.36936131734313,19.944356901797008,104.1276195224615,21.26182407461567,13,calibration,2,square,0.3,0,calibration
1.7451233000028878,106,602.0,-30.0,20.0,True,128.3596521081932,-54.135960686724054,21.42789018956265,93.57402165120878,23.740658798723494,13,calibration,2,square,0.3,0,calibration
1.762200400000438,107,637.0,-2.0,20.0,True,151.94217199636873,-57.40524870228518,22.081827243263923,82.1966780617768,25.33093871054451,13,calibration,2,square,0.3,0,calibration
1.7788160999916727,108,679.0,38.0,20.0,True,175.11722878025992,-60.406826477633054,21.76920612689512,69.85662094944617,26.746606800540185,13,calibration,2,square,0.3,0,calibration
1.795369200001005,109,702.0,68.0,20.0,True,197.55155957715917,-63.3649642074309,20.073547088154864,56.931045766641645,27.30938795660898,13,calibration,2,square,0.3,0,calibration
1.812573799994425,110,728.0,111.0,20.0,True,217.80221836497046,-66.64802871552263,17.116437098254313,43.86451342483157,26.45283069655396,13,calibration,2,square,0.3,0,calibration
1.8286843999958364,111,751.0,159.0,20.0,True,234.7113897541741,-70.22811786043955,13.107590407172953,31.102504409958154,24.516397097760304,13,calibration,2,square,0.3,0,calibration
1.8453088999958709,112,761.0,190.0,20.0,True,247.8175883212564,-74.15320846678523,8.267526597566764,17.380971894508495,20.41382745490361,13,calibration,2,square,0.3,0,calibration
1.8618178000033367,113,769.0,221.0,20.0,True,258.17430778887194,-79.01635272449411,3.0439149418545597,3.110384820856341,16.19595009896655,13,calibration,2,square,0.3,0,calibration
1.8787734999932582,114,770.0,234.0,13.038404810405298,True,265.64579729392005,-85.88653571283895,-1.764023665158315,-12.07714261367992,4.632458460452616,13,calibration,2,square,0.3,0,calibration
1.8953414999996312,115,770.0,243.0,9.0,True,270.31718153323914,-96.45066040053288,-5.63436674724601,-27.27580209501955,0.49048934872664063,13,calibration,2,square,0.3,0,calibration
1.9122340000030817,116,769.0,255.0,12.041594578792296,True,271.3279789320739,-109.9186798438199,-8.677065904577299,-44.12171587412183,-0.41000772492513526,13,calibration,2,square,0.3,0,calibration
1.9287553999893134,117,763.0,262.0,9.219544457292887,True,265.82046019959625,-123.96677218270584,-11.330192590037395,-61.53177677426079,1.6891423871887514,13,calibration,2,square,0.3,0,calibration
1.9451841999980388,118,748.0,274.0,19.209372712298546,True,257.8602745463544,-136.62802308823066,-13.258550324940302,-79.25049862327873,8.131422366915336,13,calibration,2,square,0.3,0,calibration
1.9619513999932678,119,700.0,292.0,20.0,True,249.70531317575063,-147.4263332851193,-14.588179543763438,-95.6215518647292,11.1652240191538,13,calibration,2,square,0.3,0,calibration
1.9786107999971136,120,652.0,305.0,20.0,True,242.28214138568487,-156.31267194661126,-15.184490572672924,-111.11609327244388,12.84557993942743,13,calibration,2,square,0.3,0,calibration
1.9953625999914948,121,610.0,310.0,20.0,True,235.9019322704525,-163.525949666752,-15.419387593255516,-125.99551430782921,13.437241758303882,13,calibration,2,square,0.3,0,calibration
2.011923999991268,122,554.0,315.0,20.0,True,230.08310953090452,-168.78594353149145,-15.393151349400096,-140.59797496679494,15.399527996441327,13,calibration,2,square,0.3,0,calibration
2.028475500002969,123,523.0,315.0,20.0,True,224.36194802002206,-172.08764394902323,-15.362278623838828,-154.75010234533636,17.365990949497366,13,calibration,2,square,0.3,0,calibration
2.0449967000022298,124,469.0,317.0,20.0,True,217.45027917695208,-173.65618632925168,-15.233447328697801,-168.67393364599383,20.251984644974435,13,calibration,2,square,0.3,0,calibration
2.0618236000009347,125,437.0,317.0,20.0,True,208.29816697195372,-174.3080634084855,-14.937375540855228,-182.16266193398823,20.38834512189629,13,calibration,2,square,0.3,0,calibration
2.078659799997695,126,401.0,317.0,20.0,True,196.55494075598693,-174.5567534759544,-13.874051582984224,-195.88281562307859,21.540900140336273,13,calibration,2,square,0.3,0,calibration
2.094870399989304,127,348.0,308.0,20.0,True,182.64637364071228,-175.23108053465583,-12.059382266630172,-209.07858349474506,19.225948494301207,13,calibration,2,square,0.3,0,calibration
2.111993300000904,128,317.0,297.0,20.0,True,168.8713828885247,-176.43105648502814,-8.975677989795027,-222.76555422081694,16.975998982448147,13,calibration,2,square,0.3,0,calibration
2.1286962000012863,129,284.0,278.0,20.0,True,156.75035459141836,-177.89179616550928,-4.33709599457165,-236.19095435827055,14.629940533456441,13,calibration,2,square,0.3,0,calibration
2.1449770999897737,130,239.0,248.0,20.0,True,146.38131907870593,-178.67481064445025,2.5457781295098876,-249.21073080587135,15.398638640588082,13,calibration,2,square,0.3,0,calibration
2.161950199995772,131,211.0,227.0,20.0,True,135.89242715867454,-178.52766828199233,11.12261064993712,-260.32040666797377,16.108915533763465,13,calibration,2,square,0.3,0,calibration
2.17886620000354,132,171.0,199.0,20.0,True,122.2956060987846,-176.84746972539196,20.587707672486637,-269.83948170058085,18.27405686318112,13,calibration,2,square,0.3,0,calibration
2.195143499993719,133,148.0,180.0,20.0,True,104.48724353846238,-173.87528367278682,30.53646091661136,-278.9584968174069,15.871936856688503,13,calibration,2,square,0.3,0,calibration
2.211922799993772,134,107.0,151.0,20.0,True,82.2979003261205,-169.35226162167143,40.916422233758254,-287.6277575391615,18.821463023567436,13,calibration,2,square,0.3,0,calibration
2.228195000003325,135,84.0,138.0,20.0,True,60.07708515609305,-163.80200599482663,52.40919472077453,-295.5092183719707,23.30083002307652,13,calibration,2,square,0.3,0,calibration
2.245210799999768,136,66.0,129.0,20.0,True,40.92111831317343,-158.2478435296026,64.82489228556389,-301.39724240938426,27.020662577037893,13,calibration,2,square,0.3,0,calibration
2.262220899996464,137,51.0,124.0,15.811388300841896,True,26.589939550684615,-152.92725082023034,77.78398969438983,-305.1071438700347,25.366516010319938,13,calibration,2,square,0.3,0,calibration
2.2786149000021396,138,27.0,117.0,20.0,True,14.486003215954106,-147.42860805946714,90.74997659568739,-306.96280365707787,33.377512612052655,13,calibration,2,square,0.3,0,calibration
2.294889400000102,139,12.0,114.0,15.297058540778355,True,3.9671603882616573,-141.5703071949682,104.02277822821833,-307.72372343770604,26.44869964201611,13,calibration,2,square,0.3,0,calibration
2.311886700001196,140,3.0,113.0,9.055385138137417,True,-7.736602524335032,-134.0945255325217,119.85129019465035,-307.10283046674107,16.078716951096673,13,calibration,2,square,0.3,0,calibration
2.3284251000004588,141,-8.0,111.0,11.180339887498949,True,-21.12046114759056,-124.94576186979309,137.51871714615038,-304.2069426187184,19.13110862429039,13,calibration,2,square,0.3,0,calibration
2.345518699992681,142,-13.0,111.0,5.0,True,-36.38546101340142,-113.51625268200779,156.35971111552124,-297.882777817882,8.742517978464681,13,calibration,2,square,0.3,0,calibration
2.361842999991495,143,-23.0,108.0,10.44030650891055,True,-51.22180190123885,-102.8345360966118,175.1490037300054,-286.76273883928326,16.49633898035151,13,calibration,2,square,0.3,0,calibration
2.3789908999897307,144,-27.0,107.0,4.123105625617661,True,-63.248266137175655,-93.22305498402535,194.62352574011618,-271.65331878548164,6.273736107898816,13,calibration,2,square,0.3,0,calibration
2.3955015999963507,145,-32.0,106.0,5.0990195135927845,True,-72.4224551995214,-83.53044136004237,213.91010384690279,-254.2306990001531,7.09143840067638,13,calibration,2,square,0.3,0,calibration
2.4116157999960706,146,-37.0,104.0,5.385164807134504,True,-80.58192295652952,-72.38649904876357,231.22634141873235,-237.747769201336,6.340652391206331,13,calibration,2,square,0.3,0,calibration
2.428333099989686,147,-41.0,104.0,4.0,True,-88.39172903410693,-57.797897500227265,245.5393546059812,-222.7394077083723,4.648425101753785,13,calibration,2,square,0.3,0,calibration
2.4450513999909163,148,-43.0,104.0,2.0,True,-96.86444630576298,-39.910747150487325,256.9742642213315,-209.27209531663752,2.150648748715927,13,calibration,2,square,0.3,0,calibration
2.4621926999971038,149,-46.0,102.0,3.605551275463989,True,-107.4392405615762,-19.35391607508445,266.3543155801452,-195.9807009834079,2.9576897259859622,13,calibration,2,square,0.3,0,calibration
2.4787813000002643,150,-47.0,102.0,1.0,True,-119.01466773598732,3.231518595880427,274.69197431474447,-182.79187597842233,0.99045672771361,13,calibration,2,square,0.3,0,calibration
2.4950164999900153,151,-48.0,102.0,1.0,True,-133.7509277143428,27.220232806150232,282.0317180182225,-168.3965836752016,0.9776617157057937,13,calibration,2,square,0.3,0,calibration
2.5117874999996275,152,-48.0,102.0,0.0,False,-142.4445501551321,52.00320013623537,288.55451243882226,-151.85261267399622,0.0,13,calibration,2,square,0.3,0,calibration
2.5285224999970524,153,-45.0,103.0,3.1622776601683795,True,-144.00119197321044,75.83738429015477,293.33358480819135,-134.6660724323844,-0.9648058909205272,13,calibration,2,square,0.3,0,calibration
2.545586499996716,154,-18.0,110.0,20.0,True,-145.07399041823123,98.01795691088151,296.6423573334242,-118.41340494892974,-4.702390621060421,13,calibration,2,square,0.3,0,calibration
2.5617027999978745,155,40.0,131.0,20.0,True,-146.66218738887875,120.93337505383043,298.24133498959856,-105.10679182548574,-3.5114667308625847,13,calibration,2,square,0.3,0,calibration
2.5785891999985324,156,131.0,161.0,20.0,True,-148.06293382441766,144.84244892197685,298.54809512427164,-92.44563484175917,-1.579863084105546,13,calibration,2,square,0.3,0,calibration
2.5949969999928726,157,261.0,211.0,20.0,True,-149.55475057772122,166.96772314384603,296.89956726512696,-79.023752264459,1.0571447499189057,13,calibration,2,square,0.3,0,calibration
2.611981599999126,158,341.0,246.0,20.0,True,-150.78717256978348,187.51024170115753,292.90183223806144,-64.22878601569573,3.9455191668276397,13,calibration,2,square,0.3,0,calibration
2.6285690999939106,159,421.0,275.0,20.0,True,-151.84226503883414,205.94991171752855,286.49833726353273,-48.845562372330065,6.66404196296784,13,calibration,2,square,0.3,0,calibration
2.64509309999994,160,549.0,319.0,20.0,True,-152.84841345837896,222.57160944089938,279.1634944859581,-34.25810351730511,8.034834144262117,13,calibration,2,square,0.3,0,calibration
2.6623052999930223,161,633.0,351.0,20.0,True,-154.51777073599558,237.77403456991834,271.4848136130306,-21.400059478163683,8.507105295746541,13,calibration,2,square,0.3,0,calibration
2.6786493999970844,162,719.0,378.0,20.0,True,-156.78621478317433,251.15253042393567,263.79590396702446,-10.688056217248315,8.976589427329102,13,calibration,2,square,0.3,0,calibration
2.695506000003661,163,830.0,411.0,20.0,True,-159.4500011671377,263.67029823142735,256.01174932934754,-1.603755513006325,9.730453282098381,13,calibration,2,square,0.3,0,calibration
2.7128274999995483,164,898.0,426.0,20.0,True,-162.97797979753457,275.3693777340285,247.72117462775853,7.07659513899767,8.859818001897224,13,calibration,2,square,0.3,0,calibration
2.7399307000014232,165,951.0,442.0,20.0,True,-167.26278593170719,286.71933488058227,238.7039847078261,15.762400274390078,8.425001465738724,13,calibration,2,square,0.3,0,calibration
2.7452040999924066,166,951.0,442.0,0.0,False,-175.46360226178152,294.0421934412674,228.07203965760465,23.91104271354188,0.0,13,calibration,2,square,0.3,0,calibration
2.7620217999938177,167,951.0,442.0,0.0,False,-184.33587427296493,299.09943539422505,216.26177885155175,30.74067335755456,0.0,13,calibration,2,square,0.3,0,calibration
2.7789689999917755,168,951.0,442.0,0.0,False,-193.30332619504526,302.38174433845916,203.8027894057596,35.40450707199923,0.0,13,calibration,2,square,0.3,0,calibration
2.795766700000968,169,951.0,442.0,0.0,False,-201.9720973796346,304.238377708823,191.63792047677995,38.173668468775986,0.0,13,calibration,2,square,0.3,0,calibration
2.8131801999988966,170,951.0,442.0,0.0,False,-210.6726167587122,305.2324496302978,179.79391666998114,39.37023887699207,0.0,13,calibration,2,square,0.3,0,calibration
2.828921699998318,171,951.0,442.0,0.0,False,-220.22224607186706,305.6492248511835,167.87842457790052,39.83451130373655,0.0,13,calibration,2,square,0.3,0,calibration
2.8469582999969134,172,951.0,442.0,0.0,False,-231.65545983224763,305.8088661881673,155.44640203775356,39.89241337671871,0.0,13,calibration,2,square,0.3,0,calibration
2.8626929000020027,173,951.0,442.0,0.0,False,-244.8759481187013,305.56346686723987,142.96266759744418,39.89176044698678,0.0,13,calibration,2,square,0.3,0,calibration
2.878825899999356,174,951.0,442.0,0.0,False,-258.74490128931825,302.98510002068804,130.60033657656226,38.75046985900369,0.0,13,calibration,2,square,0.3,0,calibration
2.8958065999904647,175,951.0,442.0,0.0,False,-268.69593210330646,296.31485968667744,118.30839726937685,35.28060991188975,0.0,13,calibration,2,square,0.3,0,calibration
2.9126164999906905,176,951.0,442.0,0.0,False,-278.0161339617453,287.5882981919899,104.34135766808191,26.971870792461704,0.0,13,calibration,2,square,0.3,0,calibration
2.9286048999929335,177,951.0,442.0,0.0,False,-286.02706683724296,279.14043235263205,89.22070981876362,15.255245318182636,0.0,13,calibration,2,square,0.3,0,calibration
2.9456340999895474,178,951.0,442.0,0.0,False,-292.6456222099946,269.15056882207335,73.69652228677234,2.003003890797485,0.0,13,calibration,2,square,0.3,0,calibration
2.9624723000015365,179,951.0,442.0,0.0,False,-296.6371457361429,259.28170723917987,59.39539450449867,-10.49102026813029,0.0,13,calibration,2,square,0.3,0,calibration
2.9789916000008816,180,951.0,442.0,0.0,False,-298.77455518717403,248.4725679995954,46.13626086181335,-22.460531812689084,0.0,13,calibration,2,square,0.3,0,calibration
2.9953863999980967,181,951.0,442.0,0.0,False,-299.6707237384108,236.63109292781672,33.2509219802692,-34.194636628136955,0.0,13,calibration,2,square,0.3,0,calibration
0.0009507000067969784,1,-61.0,75.0,20.0,True,-304.6244079645017,4.381881969116043,304.2487520355021,2.1725368195771413,-24.004534814814566,14,calibration,2,dot,0.3,0,calibration
0.00945569999748841,2,-61.0,75.0,0.0,False,-315.1127360681265,13.59721658149131,314.4605999972374,2.865777148868708,0.0,14,calibration,2,dot,0.3,0,calibration
0.0261910999979591,3,-76.0,127.0,20.0,True,-326.8284458593451,23.14914226998328,323.6295928953221,6.8162212798872,-13.926341989240314,14,calibration,2,dot,0.3,0,calibration
0.04231390000495594,4,-78.0,168.0,20.0,True,-339.2442160225948,31.938186570281005,333.01836577010886,11.50611605089042,-4.282116666472223,14,calibration,2,dot,0.3,0,calibration
0.05896710000524763,5,-74.0,210.0,20.0,True,-353.4397171745464,40.45827467318094,342.29486103478774,16.4302850773658,2.389607264523198,14,calibration,2,dot,0.3,0,calibration
0.07566450000740588,6,-55.0,252.0,20.0,True,-369.00054099783495,48.535458681811235,352.35259163235327,21.281661312453803,14.262814353534877,14,calibration,2,dot,0.3,0,calibration
0.092311400003382,7,-34.0,271.0,20.0,True,-385.1877111211497,55.691112606662195,362.5585393724008,25.61125813912079,27.0325530420247,14,calibration,2,dot,0.3,0,calibration
0.10887100000400096,8,-6.0,288.0,20.0,True,-395.4538219971095,60.13546929956038,373.2325788681938,29.943313873829045,32.357995351453596,14,calibration,2,dot,0.3,0,calibration
0.12571160000516102,9,37.0,299.0,20.0,True,-395.30863933663926,61.08256433561742,384.4078575368367,34.32029683160443,37.55981362347514,14,calibration,2,dot,0.3,0,calibration
0.14234390000638086,10,63.0,300.0,20.0,True,-395.39184040477875,60.541659552096526,396.112542414499,38.92361434595571,38.710809577135336,14,calibration,2,dot,0.3,0,calibration
0.158857700007502,11,102.0,295.0,20.0,True,-395.6455831145547,58.860619788989666,397.67104845960745,43.10147581042398,36.77420951812906,14,calibration,2,dot,0.3,0,calibration
0.1753720999986399,12,119.0,290.0,17.72004514666935,True,-396.0537718829292,56.0482807702848,397.13392117932096,47.79799837584104,28.276773122748406,14,calibration,2,dot,0.3,0,calibration
0.19263960000535008,13,130.0,280.0,14.866068747318506,True,-396.5691941859101,52.27689951343653,396.4697382308239,53.02590562340188,11.634916808140911,14,calibration,2,dot,0.3,0,calibration
0.20896230000653304,14,140.0,263.0,19.72308292331602,True,-397.16062934386963,47.575566199273005,395.6199906579901,59.03238934493321,1.0258723859982228,14,calibration,2,dot,0.3,0,calibration
0.22558610000123736,15,143.0,242.0,20.0,True,-397.8272966837156,41.63462517336917,394.39885737748176,66.7048821252001,-18.684964221263435,14,calibration,2,dot,0.3,0,calibration
0.24325450000469573,16,141.0,220.0,20.0,True,-398.5113988861823,34.47702072073618,392.65827021729064,76.28553486713675,-30.182517796157647,14,calibration,2,dot,0.3,0,calibration
0.2587540000095032,17,124.0,163.0,20.0,True,-399.2140248113269,25.0631680747121,389.8648350640364,89.47295893448296,-37.884946612045766,14,calibration,2,dot,0.3,0,calibration
0.27546270001039375,18,99.0,110.0,20.0,True,-399.7458821478855,14.255865663256083,385.9207825444622,105.19101482669457,-39.78821839505186,14,calibration,2,dot,0.3,0,calibration
0.2924502000096254,19,68.0,71.0,20.0,True,-399.99552183902955,1.8927516272414442,380.89614706591846,122.13977710123012,-36.015405134404155,14,calibration,2,dot,0.3,0,calibration
0.3086506000108784,20,16.0,24.0,20.0,True,-399.8531173975261,-10.83902705413178,375.5568495414515,137.68461338326637,-28.924296982114814,14,calibration,2,dot,0.3,0,calibration
0.32567330000165384,21,-24.0,5.0,20.0,True,-399.2728636322619,-24.10768273586621,370.08221776740385,151.78653462135523,-14.940448522092808,14,calibration,2,dot,0.3,0,calibration
0.3421952000062447,22,-61.0,-5.0,20.0,True,-398.2586841850989,-37.282978303156796,364.2445428140762,165.305514215844,-5.216951985941048,14,calibration,2,dot,0.3,0,calibration
0.3585388000064995,23,-115.0,-8.0,20.0,True,-396.8306508549219,-50.25370177468585,357.85580329988596,178.71548350546837,4.390446963324845,14,calibration,2,dot,0.3,0,calibration
0.37597660000028554,24,-145.0,-6.0,20.0,True,-394.97864846064834,-63.18122553575217,350.901275450297,192.01118427673632,9.99971245631618,14,calibration,2,dot,0.3,0,calibration
0.39259930000116583,25,-183.0,7.0,20.0,True,-392.49695712231494,-77.11120962430607,343.9417891537269,204.21568420112402,20.7787523868282,14,calibration,2,dot,0.3,0,calibration
0.4089224000053946,26,-199.0,17.0,18.867962264113206,True,-389.247707773802,-92.12069253344151,337.1328511144742,215.27062200733704,27.87230437691114,14,calibration,2,dot,0.3,0,calibration
0.42540829999779817,27,-211.0,26.0,15.0,True,-384.81849087320336,-108.43016762869085,330.34620476034434,225.5468576603023,25.35719599863577,14,calibration,2,dot,0.3,0,calibration
0.44246960000600666,28,-224.0,39.0,18.384776310850235,True,-378.8239333290564,-125.39792391718703,322.41003345873537,236.2288494619412,34.776043330190625,14,calibration,2,dot,0.3,0,calibration
0.4595636000012746,29,-228.0,52.0,13.601470508735444,True,-370.34998870754487,-145.3463476662052,313.6746853441671,247.52812150281184,26.26052081037327,14,calibration,2,dot,0.3,0,calibration
0.4753822000056971,30,-231.0,97.0,20.0,True,-360.3606701263754,-166.88805883498313,304.0845510545357,259.17105487504557,34.912636313851934,14,calibration,2,dot,0.3,0,calibration
0.49212130000523757,31,-219.0,161.0,20.0,True,-349.5372630213723,-189.09743136239246,294.88818727786173,270.26090543024674,29.076000042894556,14,calibration,2,dot,0.3,0,calibration
0.5088546000042697,32,-193.0,240.0,20.0,True,-339.14503814190437,-209.55930319113773,284.92511383017,280.74486550757194,24.132618525737456,14,calibration,2,dot,0.3,0,calibration
0.5259118000103626,33,-161.0,296.0,20.0,True,-328.18833306685116,-228.67535511900175,274.0721508343738,291.05991106051096,15.703340763515481,14,calibration,2,dot,0.3,0,calibration
0.54222820000723,34,-103.0,366.0,20.0,True,-315.2966699082605,-246.14631816210738,261.41880662067604,300.5602563705268,6.956607521608791,14,calibration,2,dot,0.3,0,calibration
0.5589995000045747,35,-56.0,403.0,20.0,True,-302.2223570133186,-262.033675166598,247.21317182218874,308.8430864818,-3.136282765466122,14,calibration,2,dot,0.3,0,calibration
0.576077300007455,36,23.0,447.0,20.0,True,-289.0178437721042,-276.52971988797805,231.95550177248973,315.72649113214084,-10.54748114900002,14,calibration,2,dot,0.3,0,calibration
0.5923142000101507,37,77.0,465.0,20.0,True,-276.11243075118404,-289.4165261084318,216.1872166750242,320.42510133768127,-18.31155012787872,14,calibration,2,dot,0.3,0,calibration
0.6088280999974813,38,124.0,474.0,20.0,True,-263.35136025525526,-301.07484294059964,200.43204927229772,323.27162574281374,-22.682703113686102,14,calibration,2,dot,0.3,0,calibration
0.6256301000103122,39,191.0,480.0,20.0,True,-251.3547084299568,-311.16042574545276,184.11276640690815,324.43979948790036,-24.905990640984015,14,calibration,2,dot,0.3,0,calibration
0.6420893000031356,40,225.0,477.0,20.0,True,-239.6861890275153,-320.2351179828131,163.5095144538585,321.77940833418666,-26.598795702210683,14,calibration,2,dot,0.3,0,calibration
0.6591092000016943,41,258.0,469.0,20.0,True,-229.1031755262517,-327.88982137874837,139.97309323578006,314.6163453486985,-25.654445894953323,14,calibration,2,dot,0.3,0,calibration
0.6754823000082979,42,291.0,459.0,20.0,True,-219.92758081670343,-334.11354237162016,115.41657750952498,304.3760356535536,-23.565676591830417,14,calibration,2,dot,0.3,0,calibration
0.6921447000058834,43,307.0,451.0,17.88854381999832,True,-213.09938467915785,-338.50945666164824,95.66415078607093,291.8716187876996,-17.19783701071482,14,calibration,2,dot,0.3,0,calibration
0.7090317999973195,44,319.0,443.0,14.422205101855956,True,-208.63404041281814,-341.2797051994486,81.53653647888484,279.06154684509596,-9.294235983906328,14,calibration,2,dot,0.3,0,calibration
0.7251764000102412,45,334.0,429.0,20.0,True,-206.85169099998706,-342.36293305561844,72.26563605786306,267.0822679004144,-5.011070278041632,14,calibration,2,dot,0.3,0,calibration
0.7424355000111973,46,339.0,417.0,13.0,True,-207.9837239568745,-341.6764120758567,65.28949171671455,256.5159082851756,0.5772566609026218,14,calibration,2,dot,0.3,0,calibration
0.7591281000059098,47,346.0,389.0,20.0,True,-211.12990316465607,-339.7413192263828,59.69504482715673,246.85995248684392,4.313545613929226,14,calibration,2,dot,0.3,0,calibration
0.7755517000041436,48,347.0,383.0,6.082762530298219,True,-215.29932330914826,-337.11452265160995,55.27487371079393,237.53197096595525,2.026917727574021,14,calibration,2,dot,0.3,0,calibration
0.7922173999977531,49,346.0,364.0,19.026297590440446,True,-220.16944705094892,-333.95421031225135,51.94446549853742,228.7631086709684,6.6704242393659285,14,calibration,2,dot,0.3,0,calibration
0.8091672000009567,50,337.0,323.0,20.0,True,-226.47578289243066,-329.7100540827662,49.50365919040174,220.4606548373395,7.75709866431233,14,calibration,2,dot,0.3,0,calibration
0.8256002999987686,51,327.0,294.0,20.0,True,-234.3204928275676,-324.1819036298076,47.80495625379691,212.7480827731213,8.638913877048168,14,calibration,2,dot,0.3,0,calibration
0.8422265999979572,52,316.0,267.0,20.0,True,-245.0327204079191,-316.1628787974555,46.478823312100786,204.53256088792835,11.389172705350067,14,calibration,2,dot,0.3,0,calibration
0.8590201000042725,53,297.0,227.0,20.0,True,-258.33543865108084,-305.38958911029306,45.17476775007411,195.62097820057406,13.844251831885519,14,calibration,2,dot,0.3,0,calibration
0.875567900002352,54,284.0,205.0,20.0,True,-273.16612598765994,-292.1990205543029,43.3692573277988,185.17399763812105,15.095645757903622,14,calibration,2,dot,0.3,0,calibration
0.8925538000039523,55,263.0,177.0,20.0,True,-287.002342615669,-278.6209886801749,40.99366839395795,173.6009161404213,15.049985060471403,14,calibration,2,dot,0.3,0,calibration
0.9090155000012601,56,237.0,154.0,20.0,True,-299.1855619851269,-265.4957617357456,37.585971169050666,160.42163676326095,11.560757380107866,14,calibration,2,dot,0.3,0,calibration
0.9250726000027498,57,204.0,127.0,20.0,True,-310.3539534752744,-252.34980396716625,33.9235746608111,146.3733928430624,11.240518258705416,14,calibration,2,dot,0.3,0,calibration
0.9421492999972543,58,154.0,97.0,20.0,True,-321.3501029228961,-238.18923433153745,29.940885971565812,132.02312838156936,7.762864442424549,14,calibration,2,dot,0.3,0,calibration
0.9597578000102658,59,121.0,80.0,20.0,True,-332.1393754658373,-222.897813504672,26.485126089731267,118.13352906607054,6.2827028192588275,14,calibration,2,dot,0.3,0,calibration
0.9753614000073867,60,77.0,61.0,20.0,True,-342.6036300883361,-206.45278552321489,23.454098454967735,104.44460459510982,5.074726781465299,14,calibration,2,dot,0.3,0,calibration
0.992470900004264,61,46.0,51.0,20.0,True,-352.5486076906872,-188.96951927588205,20.62379911393202,91.72930441154149,3.282389318333969,14,calibration,2,dot,0.3,0,calibration
1.0088477000099374,62,17.0,43.0,20.0,True,-361.8483101110071,-170.4869510250226,17.535525827622543,80.20283044036103,4.814515736364088,14,calibration,2,dot,0.3,0,calibration
1.0254973999981303,63,-4.0,40.0,20.0,True,-370.2252382786773,-151.17261453952452,13.716618339708457,69.79603309095482,4.192841871536615,14,calibration,2,dot,0.3,0,calibration
1.0419865000003483,64,-34.0,41.0,20.0,True,-376.61282155637446,-130.7379227055842,8.709286076588773,59.53783669031948,1.5699298272765694,14,calibration,2,dot,0.3,0,calibration
1.058916499998304,65,-55.0,47.0,20.0,True,-382.50083639180383,-108.8317397917333,1.4866957152808444,47.204625381062186,-5.321005254940118,14,calibration,2,dot,0.3,0,calibration
1.0756484000012279,66,-78.0,58.0,20.0,True,-388.34043769700264,-86.97851639479015,-7.594166094561941,32.38382802914682,-10.92606824536296,14,calibration,2,dot,0.3,0,calibration
1.0922216000035405,67,-92.0,66.0,16.1245154965971,True,-393.6658115272217,-66.38965972708189,-17.970297076582092,14.950456485043386,-10.96505400907361,14,calibration,2,dot,0.3,0,calibration
1.1089835000020685,68,-108.0,78.0,20.0,True,-397.1475868852779,-47.684318504101775,-28.457825247221876,-3.870244333229383,-18.080255848683684,14,calibration,2,dot,0.3,0,calibration
1.126226200009114,69,-126.0,95.0,20.0,True,-398.9172140589258,-29.411839919752513,-38.747041601251595,-23.676505266962454,-22.07082748572809,14,calibration,2,dot,0.3,0,calibration
1.1420857000048272,70,-134.0,107.0,14.422205101855956,True,-399.8514250002249,-10.901280901323267,-47.63400461857698,-44.18278005653701,-21.417694598149904,14,calibration,2,dot,0.3,0,calibration
1.1587192000006326,71,-144.0,120.0,16.401219466856727,True,-399.932331602108,7.357318757640495,-56.07014361890998,-63.820198405690704,-23.21097910202964,14,calibration,2,dot,0.3,0,calibration
1.1759015999996336,72,-154.0,144.0,20.0,True,-399.2020830985249,25.252660251911518,-62.04943303978919,-82.73909148328583,-35.19303267573838,14,calibration,2,dot,0.3,0,calibration
1.1919968000001973,73,-160.0,171.0,20.0,True,-397.6220641944757,43.55105125854279,-65.82717594992239,-100.1732504626026,-38.07837960978556,14,calibration,2,dot,0.3,0,calibration
1.2088179999991553,74,-162.0,207.0,20.0,True,-395.2092086444817,61.72261662148286,-69.2402177295679,-116.35472329659223,-38.53785140591091,14,calibration,2,dot,0.3,0,calibration
1.2251612000109162,75,-152.0,273.0,20.0,True,-392.1210523926864,79.00050803920249,-73.19579957641574,-130.940531245128,-37.30676476276325,14,calibration,2,dot,0.3,0,calibration
1.241936300008092,76,-134.0,328.0,20.0,True,-388.3994386664972,95.63407365343103,-80.28323399226987,-144.96344166432561,-34.913930744601146,14,calibration,2,dot,0.3,0,calibration
1.2590007000108017,77,-110.0,371.0,20.0,True,-384.3644103827518,110.74294573976043,-88.33198331482605,-158.72480092718052,-32.24439891394184,14,calibration,2,dot,0.3,0,calibration
1.275118300007307,78,-65.0,431.0,20.0,True,-380.04110943662454,124.77481772448958,-96.5188311098279,-172.01470605353578,-29.9060062985004,14,calibration,2,dot,0.3,0,calibration
1.291995500010671,79,-27.0,465.0,20.0,True,-375.9971708895772,136.47757135527476,-103.00169277156947,-183.89561009882135,-25.12107507738099,14,calibration,2,dot,0.3,0,calibration
1.308949099999154,80,37.0,522.0,20.0,True,-371.9374727746001,147.1819158254287,-110.5416832310222,-193.97096450813976,-25.340876160308802,14,calibration,2,dot,0.3,0,calibration
1.3253158000006806,81,83.0,557.0,20.0,True,-368.10982559185913,156.50928503680234,-119.77319809145416,-203.16811841378617,-23.001631720140175,14,calibration,2,dot,0.3,0,calibration
1.3419591999991098,82,126.0,581.0,20.0,True,-364.5015638640181,164.73800393559807,-131.89685161993447,-210.76618592304774,-18.754424350621257,14,calibration,2,dot,0.3,0,calibration
1.35855740000261,83,189.0,600.0,20.0,True,-361.3405933079059,171.56041393016787,-146.6551420517452,-215.8774057152436,-13.021578653592371,14,calibration,2,dot,0.3,0,calibration
1.375454000008176,84,245.0,600.0,20.0,True,-358.72990399126917,176.9543895539605,-163.5171406338447,-219.61187102971792,-6.2875292387682595,14,calibration,2,dot,0.3,0,calibration
1.3920740000030492,85,291.0,600.0,20.0,True,-356.6847361622213,181.04142892964185,-181.1960405987628,-221.14739388827013,-5.736310497415451,14,calibration,2,dot,0.3,0,calibration
1.408908400000655,86,348.0,600.0,20.0,True,-355.248015880848,183.84462791368352,-198.4641838924461,-221.56299954663234,-4.553216454049309,14,calibration,2,dot,0.3,0,calibration
1.4249741000094218,87,382.0,600.0,20.0,True,-354.40889247383683,185.45710268271836,-215.19849181204836,-220.17863269764524,-3.4139550057959767,14,calibration,2,dot,0.3,0,calibration
1.442484900006093,88,418.0,600.0,20.0,True,-354.34775597311165,185.57388780973506,-232.09000112597715,-216.25487313899026,-1.8455502642636823,14,calibration,2,dot,0.3,0,calibration
1.458764599999995,89,461.0,595.0,20.0,True,-355.08766558878864,184.154146699727,-247.79968643435748,-210.53651503673615,-0.0604917866975363,14,calibration,2,dot,0.3,0,calibration
1.4758148999972036,90,490.0,587.0,20.0,True,-356.2262522607075,181.94190611371204,-261.89660786532767,-204.30952056825387,0.20974152772092358,14,calibration,2,dot,0.3,0,calibration
1.4925499000091804,91,524.0,573.0,20.0,True,-357.4181760661321,179.58910717958196,-272.6314078615593,-197.68049910349285,-0.32686940325442837,14,calibration,2,dot,0.3,0,calibration
1.5092125000082888,92,541.0,564.0,19.235384061671343,True,-358.70377126170956,177.00735714265426,-281.58829760553965,-190.5044707188642,-2.529436415043328,14,calibration,2,dot,0.3,0,calibration
1.525491400010651,93,559.0,549.0,20.0,True,-360.4280641753007,173.46933606503856,-289.14649962441604,-182.79976748825192,-10.70887629570128,14,calibration,2,dot,0.3,0,calibration
1.5423100000043632,94,570.0,538.0,15.556349186104045,True,-362.76129939198626,168.53557388111795,-295.0842051236024,-174.4493880700837,-13.55331274840446,14,calibration,2,dot,0.3,0,calibration
1.5589506000105757,95,581.0,525.0,17.029386365926403,True,-365.3673753098889,162.80872537785788,-298.82079234903733,-165.3611303082505,-17.931064675440574,14,calibration,2,dot,0.3,0,calibration
1.5754034999990836,96,587.0,514.0,12.529964086141668,True,-368.0606325520353,156.62493660140987,-300.3950835194233,-155.5030266119975,-17.214093190470688,14,calibration,2,dot,0.3,0,calibration
1.5920882000064012,97,592.0,498.0,16.76305461424021,True,-370.74883236566393,150.15093506034782,-300.4484672514046,-143.46048212723016,-28.59321055898476,14,calibration,2,dot,0.3,0,calibration
1.6087625000072876,98,593.0,487.0,11.045361017187261,True,-372.56082243128,142.49198389653247,-300.29817951329073,-128.43961157813257,-21.463716541012534,14,calibration,2,dot,0.3,0,calibration
1.6258281000045827,99,593.0,473.0,14.0,True,-373.35723853389123,133.41508592546396,-300.5114054212393,-111.0583166612677,-27.94536645084783,14,calibration,2,dot,0.3,0,calibration
1.6421771000023,100,584.0,445.0,20.0,True,-373.6684280857344,121.55584611176127,-303.6050616281766,-94.17193224808372,-36.82053152896945,14,calibration,2,dot,0.3,0,calibration
1.6592154000099981,101,573.0,419.0,20.0,True,-373.52254829990943,107.65590976608722,-307.0197248323957,-78.52849112666377,-34.670281194460955,14,calibration,2,dot,0.3,0,calibration
1.6760642000008374,102,554.0,383.0,20.0,True,-372.027011617579,91.43483472531551,-309.65136252094413,-64.51492986019467,-32.41682175691984,14,calibration,2,dot,0.3,0,calibration
1.6925259999989066,103,541.0,358.0,20.0,True,-368.6889238764651,74.86383689594561,-310.66856431991323,-50.71141398020127,-32.59103833188358,14,calibration,2,dot,0.3,0,calibration
1.709172300004866,104,523.0,332.0,20.0,True,-363.1254844749966,57.56610147575463,-311.1924872666432,-37.37010671045884,-28.152925161224864,14,calibration,2,dot,0.3,0,calibration
1.7256494000030216,105,496.0,298.0,20.0,True,-356.03160538085496,40.15443988796977,-311.3554357542735,-24.604058656795203,-25.313967680550164,14,calibration,2,dot,0.3,0,calibration
1.742265100008808,106,471.0,265.0,20.0,True,-347.90337918909336,22.643895568647135,-310.2242375175049,-13.110452193126182,-26.423059140724693,14,calibration,2,dot,0.3,0,calibration
1.7590830999979516,107,463.0,256.0,12.041594578792296,True,-339.0521079599722,5.348225490866149,-307.78074558183164,-3.2844348273738593,-15.031836543434453,14,calibration,2,dot,0.3,0,calibration
1.775477500006673,108,440.0,221.0,20.0,True,-329.96266122785516,-11.299772138547642,-303.1931680574286,4.5266585857655555,-29.381284176684442,14,calibration,2,dot,0.3,0,calibration
1.79237429999921,109,422.0,201.0,20.0,True,-319.74769147308217,-27.693686088985984,-297.39883565618294,11.86054468936094,-25.50043734166745,14,calibration,2,dot,0.3,0,calibration
1.8087764000083553,110,398.0,175.0,20.0,True,-308.7561663996209,-43.7319061752177,-288.96810181089114,18.6797626535477,-24.2429559493717,14,calibration,2,dot,0.3,0,calibration
1.8253202000050806,111,381.0,158.0,20.0,True,-295.9357080102507,-60.0277553472571,-277.073593854564,24.363837623449342,-21.22812963768075,14,calibration,2,dot,0.3,0,calibration
1.8425391000055242,112,361.0,142.0,20.0,True,-281.2056504915339,-78.84176329638774,-263.13874594444223,28.446818461591818,-18.71025946627879,14,calibration,2,dot,0.3,0,calibration
1.8596525000029942,113,321.0,123.0,20.0,True,-265.2920538716343,-99.28400944906787,-250.22166417215993,32.54170970018486,-15.48807584353847,14,calibration,2,dot,0.3,0,calibration
1.8758300000044983,114,294.0,115.0,20.0,True,-249.81922736304318,-120.35842052858521,-240.35169574668475,36.82520309611866,-13.084021636283671,14,calibration,2,dot,0.3,0,calibration
1.892542700006743,115,267.0,107.0,20.0,True,-236.152286654971,-139.22788646349335,-233.94035050111876,41.73214944214771,-12.034195233377423,14,calibration,2,dot,0.3,0,calibration
1.9088031999999657,116,220.0,98.0,20.0,True,-224.14448899514142,-157.10166593614377,-229.56856999204538,48.76240406662086,-5.735497153878722,14,calibration,2,dot,0.3,0,calibration
1.9252781000104733,117,192.0,93.0,20.0,True,-213.5324728008393,-175.01763886826808,-225.91924968565223,59.51152717859276,-2.649726311277696,14,calibration,2,dot,0.3,0,calibration
1.9422183999995468,118,169.0,91.0,20.0,True,-204.26875616494922,-193.5490860797727,-221.3581304811751,74.14214302368325,-0.22482277419714092,14,calibration,2,dot,0.3,0,calibration
1.9587226000003284,119,135.0,93.0,20.0,True,-196.95532414437795,-212.7644704856479,-216.3618069097203,90.45801529686662,3.476553097385114,14,calibration,2,dot,0.3,0,calibration
1.975464600007399,120,114.0,98.0,20.0,True,-192.18787716607832,-232.48712709030744,-210.93224950713596,105.46217726612171,6.809618432887072,14,calibration,2,dot,0.3,0,calibration
1.9921255000081146,121,96.0,105.0,19.313207915827967,True,-190.16481654017207,-252.0054329470994,-206.37210916096709,117.21020469323713,8.830640263817047,14,calibration,2,dot,0.3,0,calibration
2.0086582000076305,122,71.0,120.0,20.0,True,-190.43099413302804,-271.2016468972121,-202.87079188942525,125.58288901436384,12.927868437781358,14,calibration,2,dot,0.3,0,calibration
2.0253071000042837,123,61.0,127.0,12.206555615733702,True,-192.3738104965659,-288.5802104073482,-200.64439140920854,132.02755109498324,9.196672913874659,14,calibration,2,dot,0.3,0,calibration
2.0422156999993604,124,48.0,142.0,19.849433241279208,True,-196.55914601088182,-304.11066290177865,-198.6585532716395,138.4003659790487,21.553871484125434,14,calibration,2,dot,0.3,0,calibration
2.058714900005725,125,44.0,150.0,8.94427190999916,True,-203.7765916999875,-317.7067502197459,-195.1642600258761,147.61285825291955,11.252019300644598,14,calibration,2,dot,0.3,0,calibration
2.075570400003926,126,41.0,159.0,9.486832980505138,True,-213.11438643970334,-329.14897487169736,-189.33230230151995,159.45134726462624,11.823768416901743,14,calibration,2,dot,0.3,0,calibration
2.0919936999998754,127,39.0,181.0,20.0,True,-220.6933593710017,-333.60821502106614,-179.661464407145,173.77181966835212,27.051015091396447,14,calibration,2,dot,0.3,0,calibration
2.1089699000003748,128,45.0,213.0,20.0,True,-225.26649926618063,-330.5374476641941,-167.10571516042057,187.86480353289897,29.94216441027854,14,calibration,2,dot,0.3,0,calibration
2.1255513000069186,129,63.0,266.0,20.0,True,-231.30379653989897,-326.34116152613814,-152.52549111539727,202.12849804021505,29.815479853315672,14,calibration,2,dot,0.3,0,calibration
2.1421463000006042,130,113.0,360.0,20.0,True,-238.4948308608669,-321.1233651615006,-137.51659978728944,215.5038448877502,30.837674720396553,14,calibration,2,dot,0.3,0,calibration
2.158970500007854,131,146.0,403.0,20.0,True,-246.180085803438,-315.27030522047573,-122.58937647832921,228.2442983181917,32.453833209362735,14,calibration,2,dot,0.3,0,calibration
2.1754291000106605,132,208.0,465.0,20.0,True,-253.67674341746158,-309.27028607532174,-109.04817978851896,239.5257512218873,33.76052725718925,14,calibration,2,dot,0.3,0,calibration
2.1921165000094334,133,248.0,497.0,20.0,True,-260.9543927347791,-303.1547540653497,-98.36790572785527,248.75497281723673,34.18792681138955,14,calibration,2,dot,0.3,0,calibration
2.2085607000044547,134,300.0,529.0,20.0,True,-267.7637194926493,-297.1575180328807,-91.14654617332621,255.35968175652377,34.69469325272251,14,calibration,2,dot,0.3,0,calibration
2.225608900000225,135,348.0,559.0,20.0,True,-273.72009031922136,-291.6801538597327,-86.79157010010027,260.4920523969745,32.85458260773656,14,calibration,2,dot,0.3,0,calibration
2.2419828999991296,136,431.0,600.0,20.0,True,-278.9603851111535,-286.6724673536629,-84.07368307754109,265.0348565968084,30.25169402004277,14,calibration,2,dot,0.3,0,calibration
2.258526300007361,137,473.0,600.0,20.0,True,-283.482965020709,-282.2010073388603,-81.99254923309026,269.67678989505566,25.22168290047738,14,calibration,2,dot,0.3,0,calibration
2.2754638000042178,138,531.0,600.0,20.0,True,-287.8596999292,-277.7351132944319,-80.78478384768876,274.64746330302563,19.54234827501054,14,calibration,2,dot,0.3,0,calibration
2.2921409999980824,139,562.0,600.0,20.0,True,-291.3300759538573,-271.91528376586564,-80.54348271352312,280.69136064795595,11.04102801872842,14,calibration,2,dot,0.3,0,calibration
2.3085007000045152,140,593.0,600.0,20.0,True,-293.958854324487,-264.04453772688777,-81.48891751375872,288.57202036448473,3.9535285378631366,14,calibration,2,dot,0.3,0,calibration
2.325468600000022,141,634.0,600.0,20.0,True,-295.68432593091904,-254.37474740502114,-83.85245618581042,298.46100775287823,-1.1359021545371468,14,calibration,2,dot,0.3,0,calibration
2.3420931000000564,142,654.0,600.0,20.0,True,-296.53641579923124,-243.59776197113865,-87.46394515031047,310.05909486674375,-4.369733036489572,14,calibration,2,dot,0.3,0,calibration
2.3587695000023814,143,669.0,598.0,15.132745950421556,True,-296.62299730219695,-232.33775232544969,-92.29401354364627,322.42843660919203,-5.203811055215631,14,calibration,2,dot,0.3,0,calibration
2.375300800005789,144,691.0,590.0,20.0,True,-296.17549598445316,-220.80248805038963,-98.48148447712249,334.71749689511375,-8.45629217762639,14,calibration,2,dot,0.3,0,calibration
2.392464500007918,145,703.0,583.0,13.892443989449804,True,-295.1394548180189,-209.93350016046946,-106.3259156199927,345.47586066481006,-6.8963228355936605,14,calibration,2,dot,0.3,0,calibration
2.409312800009502,146,712.0,576.0,11.40175425099138,True,-293.6429125908174,-199.71151701858807,-115.46967555409411,353.7436426467503,-5.7480522633904485,14,calibration,2,dot,0.3,0,calibration
2.4253658000088762,147,723.0,562.0,17.804493814764857,True,-291.760102628165,-189.71165217044958,-125.6528086007145,358.22590018816015,-3.985065635804255,14,calibration,2,dot,0.3,0,calibration
2.442056200001389,148,730.0,548.0,15.652475842498529,True,-289.0874156902381,-179.17899725647666,-137.77946059774825,360.1615853381065,2.728959956706939,14,calibration,2,dot,0.3,0,calibration
2.4589677000039956,149,736.0,528.0,20.0,True,-285.2234804209242,-167.4668098185467,-151.76258428612599,359.5174929414187,11.53216245679465,14,calibration,2,dot,0.3,0,calibration
2.4760015000065323,150,736.0,518.0,10.0,True,-280.0628901918677,-156.10121947495352,-168.03757645491248,356.37905576215695,10.998845483080062,14,calibration,2,dot,0.3,0,calibration
2.4923784999991767,151,733.0,505.0,13.341664064126334,True,-274.3596220888686,-146.40234434142036,-185.3842344345127,351.42400733183405,19.18204151789437,14,calibration,2,dot,0.3,0,calibration
2.509193400008371,152,726.0,485.0,20.0,True,-268.7970268852573,-139.42489516190747,-202.7815516628791,344.7892723174477,30.946761139476955,14,calibration,2,dot,0.3,0,calibration
2.525292600010289,153,714.0,460.0,20.0,True,-263.61107413964135,-134.26303504599463,-217.9375121923308,335.41502765889555,32.5690521698968,14,calibration,2,dot,0.3,0,calibration
2.5421146000007866,154,710.0,451.0,9.848857801796104,True,-258.36114273080983,-130.1705340104362,-231.58930882855609,326.1386086257063,15.291985433635176,14,calibration,2,dot,0.3,0,calibration
2.5588174000004074,155,690.0,426.0,20.0,True,-252.87546814371277,-126.4519942639021,-243.08285297684543,317.66448745277984,35.31605065975537,14,calibration,2,dot,0.3,0,calibration
2.575307100007194,156,675.0,404.0,20.0,True,-246.82913846140173,-122.6900881492693,-252.68314623659015,310.08261416593155,33.7048885184337,14,calibration,2,dot,0.3,0,calibration
2.592432999997982,157,655.0,380.0,20.0,True,-240.14257061632705,-119.13943815410641,-260.29077067234806,303.7247350855625,35.36861097730592,14,calibration,2,dot,0.3,0,calibration
2.6091019000014057,158,623.0,340.0,20.0,True,-232.7076427848044,-116.05639455329333,-266.8208958756694,298.0043783639851,34.76413168520685,14,calibration,2,dot,0.3,0,calibration
2.625513899998623,159,595.0,317.0,20.0,True,-224.3833638078171,-113.91250630675863,-272.55473843782283,292.76938800887285,37.41823151021858,14,calibration,2,dot,0.3,0,calibration
2.6419828000070993,160,557.0,281.0,20.0,True,-214.92556713412665,-112.42661099890978,-278.0877662093034,287.5190329086403,35.80260974569481,14,calibration,2,dot,0.3,0,calibration
2.6586760000063805,161,521.0,249.0,20.0,True,-204.73240036599486,-111.58525081541312,-284.08276078357727,281.59720351164856,35.83735063431305,14,calibration,2,dot,0.3,0,calibration
2.6754344000073615,162,488.0,220.0,20.0,True,-193.86574640181504,-111.05232544460215,-290.49330064675155,274.97934882342713,35.64153177239453,14,calibration,2,dot,0.3,0,calibration
2.69210140001087,163,447.0,182.0,20.0,True,-182.5930554157011,-110.81811170350089,-297.15000657468073,267.77205528708026,34.94784979138191,14,calibration,2,dot,0.3,0,calibration
2.7085382000077516,164,419.0,159.0,20.0,True,-169.83776361046745,-110.72659892185196,-303.6132490191044,260.37666354684933,35.27394184411146,14,calibration,2,dot,0.3,0,calibration
2.7254510000057053,165,391.0,137.0,20.0,True,-154.9019444147557,-110.6926618538221,-309.24294698426553,252.0193745202691,34.788703967849706,14,calibration,2,dot,0.3,0,calibration
2.7422284000058426,166,350.0,115.0,20.0,True,-137.6512876215587,-110.68040236112112,-314.21481013578966,242.42226071241677,34.133007592885875,14,calibration,2,dot,0.3,0,calibration
2.7585023999999976,167,321.0,103.0,20.0,True,-118.67044227204806,-110.67603523489765,-318.8638149060853,231.65518881677102,32.82837225108765,14,calibration,2,dot,0.3,0,calibration
2.775367800000822,168,280.0,89.0,20.0,True,-99.16131676054474,-110.67449147996383,-323.6916119942545,219.2064865681293,31.796682683419093,14,calibration,2,dot,0.3,0,calibration
2.7920052999979816,169,253.0,81.0,20.0,True,-79.56984532960598,-110.67394811358584,-329.38317027058764,204.03831244346082,31.232475245367688,14,calibration,2,dot,0.3,0,calibration
2.8088747000001604,170,222.0,71.0,20.0,True,-59.97006325431724,-110.67375732492333,-335.95429184996715,186.01121511676544,31.321638546680877,14,calibration,2,dot,0.3,0,calibration
2.8256486000027508,171,175.0,62.0,20.0,True,-40.894044363308105,-110.06402563177512,-343.26848336038586,167.0290664375241,30.325848369502808,14,calibration,2,dot,0.3,0,calibration
2.8421072000055574,172,144.0,55.0,20.0,True,-21.322822232289802,-108.50935696568942,-349.9821795760532,147.55671573647678,30.319952764147644,14,calibration,2,dot,0.3,0,calibration
2.858825800009072,173,118.0,49.0,20.0,True,-2.052239691397162,-104.73574141342984,-354.42190257006655,127.55572608231473,28.602181745028656,14,calibration,2,dot,0.3,0,calibration
2.8756953999982215,174,86.0,38.0,20.0,True,17.192516789563008,-98.84980598397547,-355.55267368640824,107.16405907198497,27.52707601072538,14,calibration,2,dot,0.3,0,calibration
2.8935118000081275,175,71.0,34.0,15.524174696260024,True,35.13768914808985,-90.30261646044256,-353.3867429885044,87.8546099373347,17.565416069699864,14,calibration,2,dot,0.3,0,calibration
2.909236500010593,176,47.0,26.0,20.0,True,52.892467887785365,-80.35250460585141,-348.9934246883583,70.28187840744499,21.17742495510333,14,calibration,2,dot,0.3,0,calibration
2.925636600004509,177,35.0,20.0,13.416407864998739,True,70.9818809085684,-68.5977436657032,-343.5379411910734,53.39372878368284,15.352196992566643,14,calibration,2,dot,0.3,0,calibration
2.942406000001938,178,25.0,16.0,10.770329614269007,True,89.79124016157944,-55.948630291672686,-338.5186965509372,36.81156814942847,11.461670833655047,14,calibration,2,dot,0.3,0,calibration
2.958955200010678,179,10.0,10.0,16.15549442140351,True,108.79895550120253,-42.237188749246954,-334.2414346640189,21.418678620960602,17.440381801593162,14,calibration,2,dot,0.3,0,calibration
2.9755549999972573,180,2.0,5.0,9.433981132056603,True,127.86537045220629,-28.526641208887337,-329.97463875722497,7.431998064228409,11.862293150146886,14,calibration,2,dot,0.3,0,calibration
2.9920620000048075,181,-5.0,-1.0,9.219544457292887,True,146.42761543909492,-14.629663429295867,-325.2700697129754,-5.350842241029341,12.412522683224696,14,calibration,2,dot,0.3,0,calibration
0.0019675999938044697,1,51.0,133.0,20.0,True,-296.1908346988325,-2.3963899259557944,308.46128660884835,0.7324861349088181,-12.627537180870325,15,calibration,2,square,0.3,0,calibration
0.010488100000657141,2,51.0,133.0,0.0,False,-289.6627767341658,-10.853932033525828,327.28150522574936,2.554868768535898,0.0,15,calibration,2,square,0.3,0,calibration
0.027121899998746812,3,65.0,156.0,20.0,True,-278.5958055290212,-16.584783763579107,348.76307011448796,5.235488997563596,-11.055927669403577,15,calibration,2,square,0.3,0,calibration
0.04367569999885745,4,100.0,205.0,20.0,True,-265.90092047263306,-21.585376786684233,373.0971859799225,9.945342969684642,-9.65424509682929,15,calibration,2,square,0.3,0,calibration
0.06065630000375677,5,121.0,224.0,20.0,True,-253.08502876480046,-26.265782312446394,399.62315105911523,17.35906499738882,-8.435532178034785,15,calibration,2,square,0.3,0,calibration
0.0770009999978356,6,143.0,238.0,20.0,True,-239.58307228150966,-30.865864507946625,399.15384106753265,26.004060472066637,-6.82878579459234,15,calibration,2,square,0.3,0,calibration
0.09417399999802001,7,173.0,250.0,20.0,True,-225.15601054218416,-35.34919929483694,398.4380457554053,35.31463853154255,-4.443462455876999,15,calibration,2,square,0.3,0,calibration
0.11054999999760184,8,188.0,253.0,15.297058540778355,True,-209.76555931812402,-39.45953724207894,397.5595777711936,44.11782091615928,-1.4590482401287983,15,calibration,2,square,0.3,0,calibration
0.12706709999474697,9,208.0,253.0,20.0,True,-193.653587311418,-43.08381310735643,396.7141771753322,51.16504302841025,0.45870667239782836,15,calibration,2,square,0.3,0,calibration
0.14393950000521727,10,216.0,252.0,8.06225774829855,True,-176.07176800900507,-45.87694444723212,395.936357960104,56.87178953829747,0.710593652336346,15,calibration,2,square,0.3,0,calibration
0.1607594999950379,11,223.0,250.0,7.280109889280518,True,-158.30658726556865,-48.32283683433936,395.1683236540132,61.98383644529515,1.1785410280316813,15,calibration,2,square,0.3,0,calibration
0.17788889999792445,12,228.0,242.0,9.433981132056603,True,-141.79825894092693,-53.184513440599275,394.3441136853405,67.02775545789406,5.020512897214901,15,calibration,2,square,0.3,0,calibration
0.1947033000033116,13,230.0,236.0,6.324555320336759,True,-127.83078498549682,-58.45577531470803,393.36831266445563,72.5353058277076,4.389192412561709,15,calibration,2,square,0.3,0,calibration
0.21043910000298638,14,230.0,225.0,11.0,True,-115.25123793924172,-64.20100828862516,392.197359154392,78.62080813830946,9.213146285494648,15,calibration,2,square,0.3,0,calibration
0.2274046999955317,15,217.0,191.0,20.0,True,-104.09704496777731,-69.51494474722791,390.8634912109765,85.00430129332788,16.44665870529991,15,calibration,2,square,0.3,0,calibration
0.24366059999738354,16,199.0,158.0,20.0,True,-93.86576879800444,-74.00469594972053,389.4666283693234,91.19070888325935,15.018595248840022,15,calibration,2,square,0.3,0,calibration
0.26020360000256915,17,156.0,112.0,20.0,True,-84.9754861983064,-76.71561553817857,388.1163232735164,96.7766480544108,10.15053640902001,15,calibration,2,square,0.3,0,calibration
0.2765561999985948,18,97.0,76.0,20.0,True,-77.58643646737703,-76.74009277789978,386.82487237578243,101.81609947085789,2.940274365467024,15,calibration,2,square,0.3,0,calibration
0.29394639999372885,19,78.0,65.0,20.0,True,-72.62576451133683,-74.71460893192145,385.5495986559076,106.54345111863344,0.18693532953830916,15,calibration,2,square,0.3,0,calibration
0.3107352999941213,20,-2.0,31.0,20.0,True,-70.85519147040712,-71.21647153514346,384.1060229629416,111.63585053015983,4.490991989387094,15,calibration,2,square,0.3,0,calibration
0.3271740000054706,21,-41.0,14.0,20.0,True,-71.44534780434596,-67.3022762704469,382.43018602809576,117.2482529273512,14.442110230512233,15,calibration,2,square,0.3,0,calibration
0.3441251000040211,22,-83.0,2.0,20.0,True,-74.38870295779685,-62.0344695218314,380.5011917108374,123.36467527875455,22.98417249035279,15,calibration,2,square,0.3,0,calibration
0.3609837999974843,23,-141.0,-12.0,20.0,True,-79.0188975984452,-55.64225592234662,378.3346812968992,129.85710965508866,24.458517974499934,15,calibration,2,square,0.3,0,calibration
0.37683239999751095,24,-175.0,-17.0,20.0,True,-85.01656945706789,-48.06246873134388,375.78876933288115,137.05035878566179,23.381197564457956,15,calibration,2,square,0.3,0,calibration
0.39319760000216775,25,-203.0,-19.0,20.0,True,-91.12305354984152,-40.6346505529023,372.48969089201506,145.77870276268436,18.118627142863133,15,calibration,2,square,0.3,0,calibration
0.4104564000008395,26,-226.0,-20.0,20.0,True,-97.5501448946776,-33.45946309699886,367.8589580311298,157.0980171620619,10.66232456583489,15,calibration,2,square,0.3,0,calibration
0.427041899994947,27,-235.0,-21.0,9.055385138137417,True,-103.8327746830168,-27.1741157780663,360.97581521914856,170.789992411629,2.5064109873236897,15,calibration,2,square,0.3,0,calibration
0.44378499999584164,28,-239.0,-22.0,4.123105625617661,True,-109.98345571521641,-21.101516056497484,349.2464089453478,184.74702312188148,0.33594171437267883,15,calibration,2,square,0.3,0,calibration
0.46032450000348035,29,-243.0,-25.0,5.0,True,-116.09625834804407,-15.227801829668465,334.24478448394143,197.71067105885436,-0.2593202783462037,15,calibration,2,square,0.3,0,calibration
0.4765329999936512,30,-243.0,-26.0,1.0,True,-122.13301132518102,-7.905890137350491,317.59050248279306,209.4367886621736,-0.19586628895533376,15,calibration,2,square,0.3,0,calibration
0.4936913999990793,31,-243.0,-26.0,0.0,False,-127.92001548136365,2.102149914581698,300.16022611847586,220.45571338666974,0.0,15,calibration,2,square,0.3,0,calibration
0.5103101999993669,32,-243.0,-26.0,0.0,False,-135.45353701830948,13.458360737275425,283.1875427977428,229.63490132007882,0.0,15,calibration,2,square,0.3,0,calibration
0.5271034000033978,33,-243.0,-26.0,0.0,False,-144.76066585871598,25.254387880632983,267.09738319306166,236.12215370993118,0.0,15,calibration,2,square,0.3,0,calibration
0.5443129999912344,34,-243.0,-26.0,0.0,False,-155.0346711174545,36.28875310174616,252.32537202414642,239.528039316227,0.0,15,calibration,2,square,0.3,0,calibration
0.5602691999956733,35,-243.0,-26.0,0.0,False,-165.71630589503337,46.19152541468631,236.87133398257492,241.04325672184316,0.0,15,calibration,2,square,0.3,0,calibration
0.577111499995226,36,-243.0,-26.0,0.0,False,-176.8954014129373,55.297940726524374,219.02815098167608,241.7343022919345,0.0,15,calibration,2,square,0.3,0,calibration
0.5937221999920439,37,-243.0,-26.0,0.0,False,-188.5468635078652,63.70462533708233,197.22821642982547,242.00831213709156,0.0,15,calibration,2,square,0.3,0,calibration
0.610265299997991,38,-243.0,-26.0,0.0,False,-201.10519667682567,72.23679752434145,171.7858128515709,242.11064436202162,0.0,15,calibration,2,square,0.3,0,calibration
0.6267397000046913,39,-243.0,-26.0,0.0,False,-215.49302669309665,81.34156350020393,143.94440799125894,242.14774639657216,0.0,15,calibration,2,square,0.3,0,calibration
0.6437392999941949,40,-243.0,-26.0,0.0,False,-231.5054907086983,90.97976916559321,114.75026128933425,242.16098925982988,0.0,15,calibration,2,square,0.3,0,calibration
0.660879200004274,41,-243.0,-26.0,0.0,False,-247.7151955542099,101.09858233118405,85.84482856925482,242.16567569220302,0.0,15,calibration,2,square,0.3,0,calibration
0.6774890999950003,42,-243.0,-26.0,0.0,False,-261.76033473266045,110.53519989896266,58.634200309750085,242.16732622958023,0.0,15,calibration,2,square,0.3,0,calibration
0.6939640999917174,43,-243.0,-26.0,0.0,False,-273.1237239010674,119.56296736293048,33.96900034536568,242.07181798542848,0.0,15,calibration,2,square,0.3,0,calibration
0.7098418999958085,44,-243.0,-26.0,0.0,False,-282.3681298340705,127.84537787123907,12.410821430476702,241.25046899798352,0.0,15,calibration,2,square,0.3,0,calibration
0.7270634000014979,45,-243.0,-26.0,0.0,False,-290.40752025214044,135.74646156120184,-5.7910040884286005,238.97974083255986,0.0,15,calibration,2,square,0.3,0,calibration
0.7438159000012092,46,-243.0,-26.0,0.0,False,-298.95531852621366,143.60363910605258,-19.962126976929234,234.80960709796085,0.0,15,calibration,2,square,0.3,0,calibration
0.7610928999929456,47,-276.0,-36.0,20.0,True,-310.6974351815491,149.72319229477048,-31.76695619865361,228.35102499056993,-5.282485142981292,15,calibration,2,square,0.3,0,calibration
0.7769189999962691,48,-412.0,-95.0,20.0,True,-324.7132560116721,155.98302320618248,-42.74464906666563,219.80587477355448,-5.860848027243142,15,calibration,2,square,0.3,0,calibration
0.7937544000014896,49,-484.0,-138.0,20.0,True,-340.1095518133926,162.2257294789216,-53.33696950736707,209.79286353512532,-7.463399002371139,15,calibration,2,square,0.3,0,calibration
0.8105840999924112,50,-591.0,-200.0,20.0,True,-355.6937178558953,168.5860663517698,-62.718266773933095,199.7912044286942,-6.919179211273119,15,calibration,2,square,0.3,0,calibration
0.8272319999960018,51,-649.0,-240.0,20.0,True,-362.0500318680458,170.05815012620545,-70.49959747020499,190.85941916079233,-7.939457519565001,15,calibration,2,square,0.3,0,calibration
0.8435309999913443,52,-696.0,-277.0,20.0,True,-362.9522299829271,168.12399813952905,-76.33266230168701,182.70744583372795,-8.091696273252232,15,calibration,2,square,0.3,0,calibration
0.8600320999976248,53,-728.0,-301.0,20.0,True,-364.4784752893328,164.78908049613986,-80.62965063079638,174.23686197932523,-5.149908740830611,15,calibration,2,square,0.3,0,calibration
0.8775142999948002,54,-769.0,-330.0,20.0,True,-366.47104214018935,160.30899935026585,-83.7377355469204,164.76775158348272,-1.8618962612841106,15,calibration,2,square,0.3,0,calibration
0.8936038999963785,55,-797.0,-353.0,20.0,True,-368.80288768971786,154.86907383892145,-86.77988888828423,153.1382585062287,-1.8149574567250948,15,calibration,2,square,0.3,0,calibration
0.9106150000006892,56,-810.0,-368.0,19.849433241279208,True,-371.33898959652123,148.68542230304456,-89.86900310243894,140.96697974875795,-4.49373078490762,15,calibration,2,square,0.3,0,calibration
0.9271944999927655,57,-819.0,-380.0,15.0,True,-374.1008192856607,141.59299774281718,-92.79638502797557,128.9372096231962,-3.42271755228674,15,calibration,2,square,0.3,0,calibration
0.9437068999977782,58,-829.0,-391.0,14.866068747318506,True,-377.1582333798327,133.2353819141283,-94.95891100757498,118.94495403166226,-1.058756263299919,15,calibration,2,square,0.3,0,calibration
0.9608474999986356,59,-841.0,-412.0,20.0,True,-380.42600115633974,123.59634963944774,-96.71208747711216,110.2556018084963,-4.9061530943224145,15,calibration,2,square,0.3,0,calibration
0.9769430000014836,60,-847.0,-424.0,13.416407864998739,True,-383.43451936718304,113.9208907867969,-98.29366163233072,102.23630840999388,-3.6917632506778464,15,calibration,2,square,0.3,0,calibration
0.9932890000054613,61,-852.0,-435.0,12.083045973594572,True,-385.8135535914064,105.58362498593694,-99.61733300149214,94.30216815038436,-3.5328615842739195,15,calibration,2,square,0.3,0,calibration
1.0100335000024643,62,-855.0,-451.0,16.278820596099706,True,-387.85613615594826,97.8141996142611,-100.42681804255189,86.17578202055327,-7.802055151268673,15,calibration,2,square,0.3,0,calibration
1.0269231999991462,63,-855.0,-462.0,11.0,True,-389.6429618492925,90.43429814683597,-100.77937781929344,77.93769994237775,-6.763088421712873,15,calibration,2,square,0.3,0,calibration
1.0438359999970999,64,-849.0,-478.0,17.08800749063506,True,-391.2549907616939,83.18372559621764,-100.91662174362713,70.03599426130089,-14.654510560795146,15,calibration,2,square,0.3,0,calibration
1.0604338999983156,65,-838.0,-491.0,17.029386365926403,True,-392.63633489055275,76.39835419505935,-100.67916274930934,62.90364225167121,-18.001365020811484,15,calibration,2,square,0.3,0,calibration
1.0765572999953292,66,-822.0,-501.0,18.867962264113206,True,-393.7312353393627,70.5387433836142,-100.25068925940181,56.65132836075621,-22.31003695700015,15,calibration,2,square,0.3,0,calibration
1.0938002000038978,67,-778.0,-516.0,20.0,True,-394.7572707774185,64.54995870148815,-99.7433870012255,51.02135665701927,-23.275713912134943,15,calibration,2,square,0.3,0,calibration
1.1101019000052474,68,-746.0,-520.0,20.0,True,-395.74181548077,58.21009774930979,-99.49436390352207,44.80727858293205,-20.063339322438487,15,calibration,2,square,0.3,0,calibration
1.126963300004718,69,-708.0,-520.0,20.0,True,-396.90263874049174,49.6819419994296,-99.39291235785753,38.132290062606536,-16.05092613000889,15,calibration,2,square,0.3,0,calibration
1.1434942000050796,70,-647.0,-510.0,20.0,True,-398.07576296973565,39.18784168671261,-99.16236964569498,30.6681603061157,-11.276119053688461,15,calibration,2,square,0.3,0,calibration
1.1602754000050481,71,-597.0,-490.0,20.0,True,-399.06329411887964,27.358495700395345,-98.65832080442958,23.282706548186276,-8.245023178255122,15,calibration,2,square,0.3,0,calibration
1.1768540000048233,72,-547.0,-466.0,20.0,True,-399.7042383026713,15.379267956614152,-97.91679198436931,15.323148549895256,-4.2345876300214975,15,calibration,2,square,0.3,0,calibration
1.1940980999934254,73,-467.0,-418.0,20.0,True,-399.20602098909455,4.507414275758313,-97.06379460500905,7.234501878392335,-1.0594494511807784,15,calibration,2,square,0.3,0,calibration
1.2105541000055382,74,-415.0,-377.0,20.0,True,-396.6738041339821,-5.422250392117467,-96.16611311654948,-0.884956266551816,2.4640748723464134,15,calibration,2,square,0.3,0,calibration
1.2268902999931015,75,-343.0,-321.0,20.0,True,-393.0523259273014,-14.716694583058963,-95.34774615667939,-8.243620599218742,4.749166603336997,15,calibration,2,square,0.3,0,calibration
1.2437543999985792,76,-299.0,-285.0,20.0,True,-388.35375541757696,-24.56243271679677,-94.76830605405674,-15.18169153199232,6.569315568267864,15,calibration,2,square,0.3,0,calibration
1.260777399991639,77,-264.0,-250.0,20.0,True,-382.1049258309081,-34.526110099505956,-94.50689968480515,-22.1338676405702,9.133840126035185,15,calibration,2,square,0.3,0,calibration
1.2770690000033937,78,-205.0,-196.0,20.0,True,-374.4545186913198,-44.32883890987972,-94.40368698890036,-29.41150710216241,11.724571085790904,15,calibration,2,square,0.3,0,calibration
1.2935073999979068,79,-178.0,-166.0,20.0,True,-366.82694063182987,-53.23953466116379,-94.36521845200036,-37.53977997170813,12.20946265133791,15,calibration,2,square,0.3,0,calibration
1.310944800003199,80,-146.0,-132.0,20.0,True,-360.272185835297,-62.13149753669234,-94.35128564541868,-47.36226264367803,10.954851629003743,15,calibration,2,square,0.3,0,calibration
1.3267234999948414,81,-107.0,-89.0,20.0,True,-354.9037437018987,-71.10730226291322,-94.34631539938177,-59.113984252298955,8.991648317999406,15,calibration,2,square,0.3,0,calibration
1.3434097999997903,82,-86.0,-63.0,20.0,True,-349.6123207410148,-81.64939224466828,-94.15238108163591,-72.4808085160102,7.106792207942196,15,calibration,2,square,0.3,0,calibration
1.3597627999988617,83,-67.0,-40.0,20.0,True,-344.3153829980602,-92.80839649526176,-93.85388914521204,-87.46568441944376,6.695061744135298,15,calibration,2,square,0.3,0,calibration
1.3768124999915017,84,-43.0,-18.0,20.0,True,-339.17440346156457,-104.13978644672446,-92.74241408798977,-103.99613545441335,6.2791481601116885,15,calibration,2,square,0.3,0,calibration
1.393436300000758,85,-29.0,-7.0,17.804493814764857,True,-335.33502627679127,-114.0764234258308,-90.90285337930644,-121.64774115471972,4.274739525791444,15,calibration,2,square,0.3,0,calibration
1.4109049999970011,86,-18.0,1.0,13.601470508735444,True,-332.5411448672154,-123.13104154582658,-88.23931443355974,-139.61561568286754,1.8994159536499444,15,calibration,2,square,0.3,0,calibration
1.4270135999977356,87,-4.0,16.0,20.0,True,-330.6694951365925,-131.4182046323711,-85.26964144247361,-157.58286925031146,0.9444878517194955,15,calibration,2,square,0.3,0,calibration
1.4438208999927156,88,4.0,26.0,12.806248474865697,True,-328.5193320525782,-139.58009510020932,-82.18927320304525,-175.5276424714193,0.8702830866624326,15,calibration,2,square,0.3,0,calibration
1.4606225000025006,89,19.0,42.0,20.0,True,-325.5748399802111,-147.75975609070562,-78.49292402354357,-192.5953030643034,2.2695272355391225,15,calibration,2,square,0.3,0,calibration
1.4771323000022676,90,26.0,51.0,11.40175425099138,True,-322.2772552222562,-156.46256600721807,-74.46553399438554,-208.70168538869225,1.097313522104651,15,calibration,2,square,0.3,0,calibration
1.4935465000016848,91,33.0,58.0,9.899494936611665,True,-318.80524910097256,-165.44307908201773,-69.81875021650596,-225.10946646492948,0.8228792713874582,15,calibration,2,square,0.3,0,calibration
1.51069519999146,92,42.0,68.0,13.45362404707371,True,-315.35442214911,-174.81819296188294,-65.52708866240744,-241.36595437570543,1.09586138530534,15,calibration,2,square,0.3,0,calibration
1.5272618000017246,93,51.0,76.0,12.041594578792296,True,-311.8047089607146,-184.72078023235662,-61.76236586212838,-257.13378117507574,1.197359057992594,15,calibration,2,square,0.3,0,calibration
1.5436889999982668,94,60.0,85.0,12.727922061357855,True,-307.8846969870382,-196.09816366874352,-59.22348071521674,-271.49037901143765,1.7178645642561392,15,calibration,2,square,0.3,0,calibration
1.5611694999970496,95,64.0,88.0,5.0,True,-304.3464729502571,-207.77749045388313,-57.706272522662324,-285.2971831748296,0.8337260536533808,15,calibration,2,square,0.3,0,calibration
1.5768824999977369,96,67.0,92.0,5.0,True,-301.84979489282347,-219.33400786210458,-57.049529977041225,-298.9964748349418,0.5754650589554838,15,calibration,2,square,0.3,0,calibration
1.5935005999926943,97,72.0,96.0,6.4031242374328485,True,-300.2245971215501,-228.9890196637629,-56.89061413987157,-312.1946802281424,0.8249606596021352,15,calibration,2,square,0.3,0,calibration
1.6101162999984808,98,76.0,100.0,5.656854249492381,True,-299.67859502215106,-237.46305380418883,-57.32962235483738,-324.54828611311234,0.40500782421413056,15,calibration,2,square,0.3,0,calibration
1.6267293999990216,99,78.0,102.0,2.8284271247461903,True,-301.8448928355653,-244.6452042768212,-58.831344844431214,-335.607646402251,-0.2414224545850054,15,calibration,2,square,0.3,0,calibration
1.643719500003499,100,80.0,104.0,2.8284271247461903,True,-306.49531143289585,-250.0682452508217,-61.54832142752288,-345.2455896637136,-0.35251289320531337,15,calibration,2,square,0.3,0,calibration
1.6602427000034368,101,81.0,105.0,1.4142135623730951,True,-310.7342091158764,-251.88142306476433,-65.62800167835951,-353.32755884667426,-0.016251295900854567,15,calibration,2,square,0.3,0,calibration
1.6765016999997897,102,81.0,105.0,0.0,False,-311.4892641525874,-250.94708270406252,-70.75645311768355,-360.5571534889531,0.0,15,calibration,2,square,0.3,0,calibration
1.6936608999967575,103,77.0,103.0,4.47213595499958,True,-312.4967361441042,-249.6913893174575,-77.9037472850237,-366.8503323826932,0.14834586175168374,15,calibration,2,square,0.3,0,calibration
1.7098398999951314,104,67.0,97.0,11.661903789690601,True,-313.6636283406453,-248.2239477894539,-87.04887086400987,-372.3998848642554,-0.06484845807956126,15,calibration,2,square,0.3,0,calibration
1.726842799995211,105,43.0,81.0,20.0,True,-315.1387450794497,-246.34847543621956,-98.59280147008731,-376.35684805875667,0.2302822687346051,15,calibration,2,square,0.3,0,calibration
1.7433937000023434,106,4.0,51.0,20.0,True,-317.0267899691797,-243.91394884638646,-111.60449185057907,-378.72123707868184,1.1096620892421893,15,calibration,2,square,0.3,0,calibration
1.7603169999929378,107,-26.0,30.0,20.0,True,-319.28701996517685,-240.9477098495787,-126.62361747125111,-379.4291231554245,1.6892611733190166,15,calibration,2,square,0.3,0,calibration
1.7767228000011528,108,-75.0,-9.0,20.0,True,-321.65187951301084,-237.7815560672181,-141.93678481297192,-373.9705190479005,2.1427979037942424,15,calibration,2,square,0.3,0,calibration
1.7938609999982873,109,-109.0,-33.0,20.0,True,-324.13171005543046,-234.38991986973838,-158.55054333295502,-367.2352450525749,1.3444569874210655,15,calibration,2,square,0.3,0,calibration
1.8100985000055516,110,-145.0,-52.0,20.0,True,-327.13047757048537,-230.18612174609086,-175.58477110930096,-359.40226509371695,-0.34716739689548026,15,calibration,2,square,0.3,0,calibration
1.8274443999980576,111,-176.0,-72.0,20.0,True,-331.1969199153713,-224.29578738480828,-191.70996444081274,-351.06593331467286,-2.777916763533377,15,calibration,2,square,0.3,0,calibration
1.8437646999955177,112,-213.0,-99.0,20.0,True,-336.1210411672903,-216.84705597405915,-206.77316908245112,-342.4103627923665,-5.604318979485283,15,calibration,2,square,0.3,0,calibration
1.860686700005317,113,-234.0,-114.0,20.0,True,-341.8517566837081,-207.69539343053043,-220.77316204314064,-333.55540907242556,-8.642692398507812,15,calibration,2,square,0.3,0,calibration
1.8765073999966262,114,-267.0,-141.0,20.0,True,-347.80562910249057,-197.56326673908987,-234.23981720519072,-324.2402011405724,-11.36736058413469,15,calibration,2,square,0.3,0,calibration
1.8932645000022603,115,-289.0,-159.0,20.0,True,-353.9111856247665,-186.40513053473626,-248.98163918535303,-313.0625230661995,-11.497256150231511,15,calibration,2,square,0.3,0,calibration
1.9100685000012163,116,-315.0,-180.0,20.0,True,-359.8742063003501,-174.61545074732945,-264.74113652380595,-299.85351529052235,-9.492219447211765,15,calibration,2,square,0.3,0,calibration
1.9265651000023354,117,-358.0,-213.0,20.0,True,-365.396455469761,-161.38660409283153,-281.0125454091712,-284.6520505528438,-8.40591803808702,15,calibration,2,square,0.3,0,calibration
1.9436297999927774,118,-388.0,-235.0,20.0,True,-370.67237517835093,-145.17563926460056,-294.731305873194,-267.22276001921466,-6.936891403247207,15,calibration,2,square,0.3,0,calibration
1.9605314999935217,119,-418.0,-256.0,20.0,True,-373.55939538826874,-127.52745484687453,-305.26940905248574,-248.41933788694072,-6.6788333858871916,15,calibration,2,square,0.3,0,calibration
1.9770370000042021,120,-463.0,-293.0,20.0,True,-373.06270741702167,-110.8468086678383,-313.0837802413518,-228.92000319168557,-7.112430507736819,15,calibration,2,square,0.3,0,calibration
1.9933713999926113,121,-489.0,-314.0,20.0,True,-366.2916776150674,-98.22343862792101,-318.27751299321096,-210.47933765089977,-10.55044804528861,15,calibration,2,square,0.3,0,calibration
2.0102214999933494,122,-530.0,-342.0,20.0,True,-355.8947049518548,-88.9282194550057,-321.93229187571677,-194.01488587668467,-12.398275106241883,15,calibration,2,square,0.3,0,calibration
2.027255699998932,123,-561.0,-358.0,20.0,True,-342.4140880114512,-81.95754239869277,-324.15538690512363,-179.13977276992944,-13.554814841720294,15,calibration,2,square,0.3,0,calibration
2.0436212999920826,124,-589.0,-373.0,20.0,True,-327.78970088108434,-77.30806902234579,-325.50660660729454,-164.8082849877309,-11.91454437900704,15,calibration,2,square,0.3,0,calibration
2.0600356999930227,125,-633.0,-391.0,20.0,True,-311.5730465454542,-73.97225444125027,-326.09416079143006,-149.12712959622618,-12.782833497168138,15,calibration,2,square,0.3,0,calibration
2.0766788000037195,126,-660.0,-400.0,20.0,True,-294.37910669244053,-72.25655225779134,-326.32273021355263,-131.89689933133906,-13.435559175968848,15,calibration,2,square,0.3,0,calibration
2.0931993999984115,127,-697.0,-410.0,20.0,True,-275.124872814749,-72.08037317099995,-326.3112266133874,-110.93042694600582,-14.125431815673778,15,calibration,2,square,0.3,0,calibration
2.1102908000029856,128,-719.0,-410.0,20.0,True,-254.00069422331373,-70.4276521728975,-325.71237183708917,-88.01745663556403,-19.416524425194797,15,calibration,2,square,0.3,0,calibration
2.1264540999982273,129,-734.0,-410.0,15.0,True,-230.78039692032814,-68.93420658598005,-324.32683907826225,-64.39153740418688,-14.09091111141523,15,calibration,2,square,0.3,0,calibration
2.1431532999995397,130,-744.0,-410.0,10.0,True,-204.25318485875576,-68.2282060628269,-322.35757203248755,-42.52759889935871,-9.099399818385688,15,calibration,2,square,0.3,0,calibration
2.159654799994314,131,-754.0,-406.0,10.770329614269007,True,-177.30678818561242,-61.33126836865833,-320.6027585348843,-22.9318000813587,-11.78800254923634,15,calibration,2,square,0.3,0,calibration
2.176932200003648,132,-760.0,-402.0,7.211102550927978,True,-150.78934897615244,-50.998402630141356,-319.29501985719105,-4.5562274296988825,-7.702256455979472,15,calibration,2,square,0.3,0,calibration
2.1935478999948828,133,-765.0,-391.0,12.083045973594572,True,-127.3232575950741,-38.787731239259344,-318.5064245504057,13.3069906085518,-10.126623309885279,15,calibration,2,square,0.3,0,calibration
2.2102409999934025,134,-765.0,-374.0,17.0,True,-104.45905981113141,-27.07484706347892,-317.97206286022606,31.55035737773008,-9.241798253420558,15,calibration,2,square,0.3,0,calibration
2.2267068999935873,135,-758.0,-344.0,20.0,True,-82.31954810295329,-15.473756541128505,-317.7333656021022,50.32693474018659,-6.467637246386513,15,calibration,2,square,0.3,0,calibration
2.2432161000033375,136,-713.0,-263.0,20.0,True,-61.02211856174695,-4.421594185090891,-317.63948742844667,67.832759686691,-0.8608549109501151,15,calibration,2,square,0.3,0,calibration
2.2599377000005916,137,-665.0,-204.0,20.0,True,-41.15571080391646,6.922337706889895,-317.60456324100477,83.64146616846098,3.1116116034107777,15,calibration,2,square,0.3,0,calibration
2.277094000004581,138,-601.0,-141.0,20.0,True,-21.882504838402212,18.95610896013223,-317.59192641006763,96.7800383643241,5.476637701295976,15,calibration,2,square,0.3,0,calibration
2.2938563999923645,139,-487.0,-61.0,20.0,True,-1.8436774005763965,32.00203322524243,-317.87568481450256,108.76101097435613,8.890222024620284,15,calibration,2,square,0.3,0,calibration
2.309992599999532,140,-410.0,-14.0,20.0,True,19.495795555243056,45.88924656344206,-318.60916445176616,119.61959728609258,10.74581455278194,15,calibration,2,square,0.3,0,calibration
2.3267608000023756,141,-335.0,27.0,20.0,True,41.91083698082065,60.59004496443256,-319.95359505838206,129.55755114700213,12.781528125646279,15,calibration,2,square,0.3,0,calibration
2.3434502000018256,142,-215.0,81.0,20.0,True,66.3190970147341,77.23281709754872,-321.69865620128684,137.91466832751993,15.386457124023366,15,calibration,2,square,0.3,0,calibration
2.3602526000031503,143,-138.0,115.0,20.0,True,90.6125233012175,94.64165215723654,-324.00564952906836,145.2745936264939,17.34076439943572,15,calibration,2,square,0.3,0,calibration
2.3773675999982515,144,-55.0,150.0,20.0,True,114.71343802744782,111.7093145321523,-326.7858373998782,152.38889793713244,19.000040955363207,15,calibration,2,square,0.3,0,calibration
2.3940474999981234,145,-1.0,168.0,20.0,True,136.33063493324045,125.82914786810525,-330.55565093195725,159.43791413589457,22.714671381380775,15,calibration,2,square,0.3,0,calibration
2.411945999992895,146,67.0,188.0,20.0,True,156.74938057514223,138.52695235742456,-335.5092508858243,166.372127352865,25.83514841549224,15,calibration,2,square,0.3,0,calibration
2.4276226999936625,147,85.0,190.0,18.110770276274835,True,176.15849249549282,150.08570422540728,-341.3329235437154,172.76732915046568,27.129199736978396,15,calibration,2,square,0.3,0,calibration
2.4435527000023285,148,117.0,194.0,20.0,True,194.89607648435117,161.46956625794738,-347.55227113929453,178.9701988655816,30.54852048862677,15,calibration,2,square,0.3,0,calibration
2.4602466999931494,149,146.0,198.0,20.0,True,212.58288833296714,173.06990352167995,-354.3579994866955,185.55432681505192,30.52995553044419,15,calibration,2,square,0.3,0,calibration
2.476882899994962,150,184.0,198.0,20.0,True,229.2372520095276,184.1415184825959,-353.33807020293244,187.4892214109056,32.11499666877508,15,calibration,2,square,0.3,0,calibration
2.493202099998598,151,204.0,198.0,20.0,True,245.04885840016286,194.53829740735017,-352.61165450449147,188.85184962717503,33.148613813092574,15,calibration,2,square,0.3,0,calibration
2.510427200002596,152,222.0,199.0,18.027756377319946,True,260.6847656951783,205.62864051007838,-352.1535978197077,189.70462182729122,29.95749215038442,15,calibration,2,square,0.3,0,calibration
2.526587999993353,153,245.0,199.0,20.0,True,275.68671319793066,216.48380330431473,-352.00042129703996,189.9886928390908,33.58175129343125,15,calibration,2,square,0.3,0,calibration
2.5437224000052083,154,259.0,200.0,14.035668847618199,True,290.3839112013275,229.23360296382486,-352.31127304607975,189.41163344591754,23.459541948998435,15,calibration,2,square,0.3,0,calibration
2.5611816000018734,155,275.0,200.0,16.0,True,303.5108594769909,242.2242358453275,-353.2750459725121,187.6079473079951,26.574704417835115,15,calibration,2,square,0.3,0,calibration
2.577123800001573,156,281.0,200.0,6.0,True,310.58359951886314,252.06710953614402,-354.801701438469,184.70450090987893,9.790790809369007,15,calibration,2,square,0.3,0,calibration
2.5933607000042684,157,286.0,200.0,5.0,True,308.01643379951247,255.1977204236561,-356.80694251211673,180.80045844840944,7.84693249245989,15,calibration,2,square,0.3,0,calibration
2.610774799992214,158,290.0,200.0,4.0,True,305.16415839352567,258.6016945651578,-359.1911656017796,176.01621105351336,5.938141696297709,15,calibration,2,square,0.3,0,calibration
2.626507099994342,159,291.0,200.0,1.0,True,301.2547513359175,263.14553919368365,-361.80259762353126,170.58393931688053,1.3272172840662717,15,calibration,2,square,0.3,0,calibration
2.6434862000023713,160,292.0,200.0,1.0,True,296.1535830663223,268.8736789590586,-364.4737830795537,164.7994582748331,1.1375716718634188,15,calibration,2,square,0.3,0,calibration
2.660287899998366,161,292.0,199.0,1.0,True,287.1942561474356,278.4231657673642,-367.1527140180184,158.74156541121542,-1.2490402482014884,15,calibration,2,square,0.3,0,calibration
2.676901099999668,162,292.0,198.0,1.0,True,274.7601755684428,286.68212591959843,-369.9246945761399,152.17003759856803,-1.2020745172965284,15,calibration,2,square,0.3,0,calibration
2.6938396000041394,163,286.0,197.0,6.082762530298219,True,259.0420383248479,294.6995722978373,-373.25111185720834,143.81796653185495,0.6312638318256638,15,calibration,2,square,0.3,0,calibration
2.710382799996296,164,265.0,190.0,20.0,True,240.48616636018795,301.1228151001373,-376.94754281827454,133.83030285875125,2.4033851423646246,15,calibration,2,square,0.3,0,calibration
2.726610800003982,165,238.0,186.0,20.0,True,219.69227825220088,306.6429665858652,-380.20035781259975,121.68708713163846,10.419450341981456,15,calibration,2,square,0.3,0,calibration
2.743483500002185,166,187.0,171.0,20.0,True,197.21436213285392,309.8728979731766,-382.0714425830638,108.67756443035717,9.872228976371405,15,calibration,2,square,0.3,0,calibration
2.7601621999929193,167,144.0,162.0,20.0,True,175.2474247715239,311.6810547347375,-383.0650181361026,95.06966484787213,13.661800410214418,15,calibration,2,square,0.3,0,calibration
2.776961499999743,168,105.0,148.0,20.0,True,155.32283154932898,311.55273255117345,-383.09615679856887,81.19329946891682,12.067502852704264,15,calibration,2,square,0.3,0,calibration
2.7936849999969127,169,41.0,127.0,20.0,True,138.55471276016192,310.70108816687804,-381.9867648903381,66.53854835748518,14.511823551445818,15,calibration,2,square,0.3,0,calibration
2.8102687999926275,170,6.0,112.0,20.0,True,122.61387493018657,309.1428330130816,-379.9330997927916,51.37838970950139,13.722788215492056,15,calibration,2,square,0.3,0,calibration
2.826996499992674,171,-40.0,97.0,20.0,True,106.87016207362484,307.6129821183499,-376.67121766552503,36.18691989657344,17.45469280754925,15,calibration,2,square,0.3,0,calibration
2.843478299997514,172,-93.0,84.0,20.0,True,90.72575519650326,305.95867316074333,-372.1382993690627,21.686223396586865,21.05672530213024,15,calibration,2,square,0.3,0,calibration
2.86013990000356,173,-128.0,74.0,20.0,True,75.28426116410904,303.5032014124027,-366.03000647719165,8.04808394747978,22.7008820636527,15,calibration,2,square,0.3,0,calibration
2.876835899995058,174,-162.0,68.0,20.0,True,61.46025313086831,300.4595722146041,-358.4716141635876,-4.971827276663198,26.86479368543589,15,calibration,2,square,0.3,0,calibration
2.8934483000048203,175,-213.0,55.0,20.0,True,49.61377564657792,295.6853380652416,-348.1120076219601,-18.480795886182566,27.69546035621122,15,calibration,2,square,0.3,0,calibration
2.9101051000034204,176,-248.0,43.0,20.0,True,39.29647231529255,289.2544996403488,-335.9288882566684,-32.10984605452017,27.259101826058007,15,calibration,2,square,0.3,0,calibration
2.9270538999990094,177,-302.0,21.0,20.0,True,29.849631642488013,281.19910392311647,-322.9389218343231,-45.48244309490205,26.482624063892448,15,calibration,2,square,0.3,0,calibration
2.943381100005354,178,-347.0,0.0,20.0,True,20.340104929180413,270.4780724231968,-310.7858913015724,-57.456441343030264,25.32782518494915,15,calibration,2,square,0.3,0,calibration
2.960327099994174,179,-390.0,-22.0,20.0,True,11.195012667891122,256.81547657922647,-299.14965480209247,-68.67916197437584,23.965913781735555,15,calibration,2,square,0.3,0,calibration
2.976785299993935,180,-460.0,-59.0,20.0,True,2.68791951149241,240.83593001693905,-287.45080554031045,-79.58658183194875,23.1184526556895,15,calibration,2,square,0.3,0,calibration
2.993499999996857,181,-499.0,-80.0,20.0,True,-4.39176394260061,223.85986997429418,-276.25787161359216,-90.27708770767832,21.71461589751992,15,calibration,2,square,0.3,0,calibration
0.0024605999933555722,1,197.0,123.0,20.0,True,-307.5977269890381,0.0,300.2510717953048,4.1153313911378095,28.57046439415503,16,calibration,2,dot,0.25,0,calibration
0.010195499999099411,2,197.0,123.0,0.0,False,-323.89443620418666,0.0,298.1721167203494,13.060684626858682,0.0,16,calibration,2,dot,0.25,0,calibration
0.026683200005209073,3,263.0,152.0,20.0,True,-340.1518593583332,0.0,296.7531171705547,22.944589831313447,23.672126512008475,16,calibration,2,dot,0.25,0,calibration
0.04369409999344498,4,322.0,173.0,20.0,True,-354.69928794378393,0.0,294.21979192196903,33.900834571515574,21.131445316664788,16,calibration,2,dot,0.25,0,calibration
0.06039470000541769,5,375.0,189.0,20.0,True,-366.82471413166144,0.4047969297438341,290.26374085271635,45.868558744829805,18.42178482565824,16,calibration,2,dot,0.25,0,calibration
0.07691400000476278,6,442.0,203.0,20.0,True,-376.3884155215362,1.4370291005906108,285.15338441047857,59.11723841638977,15.796359589977547,16,calibration,2,dot,0.25,0,calibration
0.09399059999850579,7,472.0,208.0,20.0,True,-383.903114580852,4.00040565819344,279.39975147778216,72.77969162820422,12.98348604693162,16,calibration,2,dot,0.25,0,calibration
0.11034319999453146,8,512.0,211.0,20.0,True,-390.33525078430586,8.30651733103717,272.12887491213166,87.99873231214829,8.493048927949326,16,calibration,2,dot,0.25,0,calibration
0.1274390000035055,9,533.0,211.0,20.0,True,-396.85513681983326,15.892734788653481,263.8038893098846,103.64515175425565,3.641497530492165,16,calibration,2,dot,0.25,0,calibration
0.1440629999997327,10,545.0,211.0,12.0,True,-399.2000377577225,25.284972893656146,254.52420774308675,119.67116228023156,0.8736533214823146,16,calibration,2,dot,0.25,0,calibration
0.16016929999750573,11,562.0,211.0,17.0,True,-398.45578952107263,35.113869014090135,244.7765335708812,134.90738164173607,-0.311631683788424,16,calibration,2,dot,0.25,0,calibration
0.17697889999544714,12,568.0,210.0,6.082762530298219,True,-397.48816643529057,44.75664804150054,233.6031523384635,149.47137171336587,-0.859204494620592,16,calibration,2,dot,0.25,0,calibration
0.19377949999761768,13,574.0,209.0,6.082762530298219,True,-396.12191076199935,55.564663359572535,220.7105137108254,163.4010375293421,-1.8916161231289166,16,calibration,2,dot,0.25,0,calibration
0.21007580000150483,14,581.0,207.0,7.280109889280518,True,-393.9381961216641,69.37360907729499,205.91324727122966,175.7783404328829,-2.8025321916727903,16,calibration,2,dot,0.25,0,calibration
0.22702659999777097,15,583.0,206.0,2.23606797749979,True,-390.704029759602,85.73424712218588,187.79284389823607,185.15516651661954,-0.7270509923472165,16,calibration,2,dot,0.25,0,calibration
0.2435412000049837,16,584.0,206.0,1.0,True,-386.27306798221997,103.88992709403182,169.47833820247325,195.94032869578604,-0.5843353902873853,16,calibration,2,dot,0.25,0,calibration
0.2601920000015525,17,587.0,205.0,3.1622776601683795,True,-380.6578090929409,122.8805614267863,149.65268893026183,203.04510056526408,-1.4490945075030839,16,calibration,2,dot,0.25,0,calibration
0.27681500000471715,18,587.0,204.0,1.0,True,-373.7349450387626,142.5559218583119,130.31481150342913,203.65682434828295,0.9502142853318697,16,calibration,2,dot,0.25,0,calibration
0.2933978999935789,19,587.0,204.0,0.0,False,-365.6358714336022,162.20483815531,112.58572782282911,207.02035320363427,0.0,16,calibration,2,dot,0.25,0,calibration
0.31071600000723265,20,576.0,201.0,11.40175425099138,True,-356.5593563461452,181.28823845474002,94.67278618780458,208.5785971323764,12.954481469675361,16,calibration,2,dot,0.25,0,calibration
0.32731710000371095,21,541.0,196.0,20.0,True,-345.96967774806296,200.76100736672316,74.68093549678787,209.51235344392384,22.049872017951255,16,calibration,2,dot,0.25,0,calibration
0.3445869999995921,22,426.0,185.0,20.0,True,-334.2419823769349,219.73233084081346,53.55562110090465,210.11452855443824,21.7102836759404,16,calibration,2,dot,0.25,0,calibration
0.36018230000627227,23,353.0,176.0,20.0,True,-321.7456406145145,237.65467120499795,31.745226066406396,210.1455910605583,22.39879966699145,16,calibration,2,dot,0.25,0,calibration
0.3770063999982085,24,282.0,163.0,20.0,True,-309.9741882584365,252.81614389418124,10.722906089607868,209.55616025069648,23.651361816193255,16,calibration,2,dot,0.25,0,calibration
0.39416609999898355,25,172.0,133.0,20.0,True,-299.02646211881364,265.6749422747763,-10.44448678250307,208.3678936529837,25.57673658804617,16,calibration,2,dot,0.25,0,calibration
0.4107371999998577,26,107.0,116.0,20.0,True,-288.7860310805065,276.7717981528623,-31.86255877957987,207.05364012869362,26.60867979729007,16,calibration,2,dot,0.25,0,calibration
0.4273702000064077,27,20.0,89.0,20.0,True,-279.3418148143741,286.30080421859094,-52.966081905957616,205.53706898861148,28.83039656569249,16,calibration,2,dot,0.25,0,calibration
0.44356250000419095,28,-28.0,70.0,20.0,True,-270.12468444798117,295.0129740399201,-73.43008495441791,203.7148674144939,31.915231208970873,16,calibration,2,dot,0.25,0,calibration
0.4603493000031449,29,-75.0,45.0,20.0,True,-260.3373047207728,303.68484942572206,-92.46165473748928,201.54450533503532,35.02141429843159,16,calibration,2,dot,0.25,0,calibration
0.47746599999663886,30,-116.0,19.0,20.0,True,-249.6743378138209,312.5103598878444,-110.5554633345941,199.36954640599814,36.467020684123085,16,calibration,2,dot,0.25,0,calibration
0.4937193999940064,31,-134.0,5.0,20.0,True,-238.32217502617544,321.2515227836173,-128.2076107845982,197.0012006456622,36.951684233041604,16,calibration,2,dot,0.25,0,calibration
0.5104763999988791,32,-145.0,-6.0,15.556349186104045,True,-226.5718645339219,329.64403559236763,-147.11560160658638,193.971937386043,28.145600007545244,16,calibration,2,dot,0.25,0,calibration
0.5272869000036735,33,-153.0,-28.0,20.0,True,-214.68727935428316,337.50462527713,-167.03328885519397,188.9717146999415,27.967246622158854,16,calibration,2,dot,0.25,0,calibration
0.5437683000054676,34,-155.0,-48.0,20.0,True,-202.54490967145756,344.37070484894576,-187.33544073470813,182.78643928936563,19.231327655807572,16,calibration,2,dot,0.25,0,calibration
0.5603514999966137,35,-154.0,-74.0,20.0,True,-190.32417668695035,348.8949875851697,-207.04632241891437,176.28828768511013,11.745035356858192,16,calibration,2,dot,0.25,0,calibration
0.5769674000039231,36,-140.0,-116.0,20.0,True,-178.5157177870263,351.4424467597242,-225.95141560614843,169.7069343455278,-1.916087976601604,16,calibration,2,dot,0.25,0,calibration
0.5937071999942418,37,-125.0,-144.0,20.0,True,-167.34429199448448,353.0665787538519,-245.21298898168527,162.99511830792747,-9.927241360889967,16,calibration,2,dot,0.25,0,calibration
0.610321300002397,38,-108.0,-164.0,20.0,True,-156.76423984491132,354.0513938282326,-264.83695526529664,156.54528994453236,-19.032090740103914,16,calibration,2,dot,0.25,0,calibration
0.6272105999960331,39,-79.0,-187.0,20.0,True,-145.92512164179573,354.74921749938227,-284.4764803585916,150.85010894907884,-26.427746499451512,16,calibration,2,dot,0.25,0,calibration
0.6436170999950264,40,-55.0,-201.0,20.0,True,-135.30691788396783,355.0640834633079,-303.47006724202834,146.15767240313616,-31.32362801009932,16,calibration,2,dot,0.25,0,calibration
0.6603971000004094,41,-11.0,-219.0,20.0,True,-124.55848707496688,355.18841208648655,-321.46748498155347,142.62766630980266,-35.12941570514936,16,calibration,2,dot,0.25,0,calibration
0.6777669000002788,42,22.0,-227.0,20.0,True,-113.3181704469068,355.23475221176,-338.72040400362215,140.3356330241746,-38.064597459931335,16,calibration,2,dot,0.25,0,calibration
0.6935318000032566,43,56.0,-229.0,20.0,True,-101.14177096237326,355.25153627703787,-355.34777480516584,139.49068295840158,-39.844003574078016,16,calibration,2,dot,0.25,0,calibration
0.7104512999940198,44,104.0,-222.0,20.0,True,-88.48495791411345,355.2575237041715,-372.8029885531712,140.33589690644263,-39.41993309007073,16,calibration,2,dot,0.25,0,calibration
0.727327200002037,45,141.0,-208.0,20.0,True,-74.95478165618428,355.25964190452555,-375.5871340609771,137.6019793747952,-36.19167641454831,16,calibration,2,dot,0.25,0,calibration
0.7438339999935124,46,200.0,-174.0,20.0,True,-61.24774920222703,355.26038779482093,-376.24106333153725,135.80376380334312,-31.931710176490213,16,calibration,2,dot,0.25,0,calibration
0.7604067000065697,47,250.0,-139.0,20.0,True,-47.50458126513118,355.2606497604587,-376.41134110063354,135.3310839785985,-28.5222247195193,16,calibration,2,dot,0.25,0,calibration
0.7769835999934003,48,292.0,-108.0,20.0,True,-33.75391874603107,355.2607416292387,-376.08117686950067,136.2459115146262,-25.784934362788015,16,calibration,2,dot,0.25,0,calibration
0.7940061999979662,49,338.0,-74.0,20.0,True,-19.32700214107527,355.26077381947306,-375.30170703742306,138.3785702151755,-23.277356679609255,16,calibration,2,dot,0.25,0,calibration
0.8105262000026414,50,395.0,-36.0,20.0,True,-3.314279620407625,355.2607850932873,-374.11086795677585,141.5664454474572,-21.910083627010604,16,calibration,2,dot,0.25,0,calibration
0.8267098000069382,51,425.0,-11.0,20.0,True,13.253433748062413,355.26078904056885,-372.69751017934806,145.2465693437018,-16.347264217557615,16,calibration,2,dot,0.25,0,calibration
0.8442330999969272,52,464.0,29.0,20.0,True,30.015385668723937,355.26079042240667,-371.1534222364901,149.148037741506,-11.409197343246927,16,calibration,2,dot,0.25,0,calibration
0.8603331000049366,53,484.0,57.0,20.0,True,45.900793264342326,355.80052014576614,-369.4223823100061,153.38547339431994,-6.058730758546379,16,calibration,2,dot,0.25,0,calibration
0.8779383000073722,54,501.0,87.0,20.0,True,60.48091092304593,357.44669449603134,-367.45991689099804,158.02914123180204,-3.151708598824121,16,calibration,2,dot,0.25,0,calibration
0.8938257999980124,55,516.0,126.0,20.0,True,72.92022181013868,360.3382939567612,-365.41443761683655,162.70306936616478,0.20652507115428875,16,calibration,2,dot,0.25,0,calibration
0.9102282999956515,56,523.0,151.0,20.0,True,84.67825619817336,365.45661382333867,-363.2654334417492,167.44618498603677,0.8512991541289838,16,calibration,2,dot,0.25,0,calibration
0.9269295999984024,57,526.0,190.0,20.0,True,95.806648055995,372.7919086347165,-361.09116372127085,172.08477992669287,3.533799132862747,16,calibration,2,dot,0.25,0,calibration
0.9441712999978336,58,526.0,210.0,20.0,True,107.44601973662121,382.5399923364714,-358.708754514066,176.99725826963402,3.8192953379270955,16,calibration,2,dot,0.25,0,calibration
0.9603178999968804,59,525.0,230.0,20.0,True,114.94780994990003,383.127917264876,-356.34005601137187,181.71891613646707,2.9976353750715234,16,calibration,2,dot,0.25,0,calibration
0.9775150000059512,60,515.0,260.0,20.0,True,120.94894793377794,381.2759525510523,-354.1568068117886,185.9380439524882,8.398404575461925,16,calibration,2,dot,0.25,0,calibration
0.9934325000067474,61,506.0,276.0,18.35755975068582,True,125.85365907676511,379.6852071084537,-352.2223569564758,189.57692702442705,10.168974434014755,16,calibration,2,dot,0.25,0,calibration
1.0103621000016574,62,493.0,291.0,19.849433241279208,True,129.9157259693992,378.3145571423917,-350.5252982063757,192.6966925438302,14.260046739269946,16,calibration,2,dot,0.25,0,calibration
1.0267950999987079,63,462.0,311.0,20.0,True,132.74651633952197,377.33057443006265,-349.17918518792345,195.1253356986167,18.124514282394742,16,calibration,2,dot,0.25,0,calibration
1.0438795999943977,64,441.0,317.0,20.0,True,134.79990655795547,376.60189217788917,-348.0699303788785,197.09724393314752,21.660320850460458,16,calibration,2,dot,0.25,0,calibration
1.0601291000057245,65,413.0,320.0,20.0,True,136.6153020658172,375.94714953230533,-347.0221409181172,198.9362554000814,23.04898602697293,16,calibration,2,dot,0.25,0,calibration
1.0767669000051683,66,363.0,320.0,20.0,True,138.23594826078553,375.3542628084053,-345.92269300488226,200.84195394451322,23.381960708396225,16,calibration,2,dot,0.25,0,calibration
1.0933874000038486,67,325.0,316.0,20.0,True,140.24937982124874,374.60660893763617,-344.80388142985913,202.7567097555679,24.136826738870496,16,calibration,2,dot,0.25,0,calibration
1.110029500006931,68,277.0,303.0,20.0,True,142.25843840007713,373.8482803276905,-343.60330312839903,204.78469200419622,23.562955408220766,16,calibration,2,dot,0.25,0,calibration
1.1268808000022545,69,190.0,267.0,20.0,True,144.24807843214077,373.0851000356822,-342.06494345158313,207.3440967605908,21.452139281008016,16,calibration,2,dot,0.25,0,calibration
1.1437112999992678,70,131.0,234.0,20.0,True,145.49204438447197,372.60175123156205,-340.0658437891528,210.60679449621642,17.56525948425728,16,calibration,2,dot,0.25,0,calibration
1.1603029999969294,71,52.0,191.0,20.0,True,145.9581510416104,372.4194116107731,-337.72192318966853,214.34528825488937,15.019915864435553,16,calibration,2,dot,0.25,0,calibration
1.1768084000068484,72,12.0,167.0,20.0,True,145.61140017436335,372.55512362503003,-335.3107036775997,218.0979871508056,12.142554312617317,16,calibration,2,dot,0.25,0,calibration
1.1937499000050593,73,-18.0,145.0,20.0,True,144.33009929947127,373.0533774625352,-332.77100647922805,221.95372771548935,8.116822253481864,16,calibration,2,dot,0.25,0,calibration
1.2097284000046784,74,-73.0,96.0,20.0,True,142.51100831308094,373.7520735856712,-329.78760207500545,226.36284482577486,4.076572186791269,16,calibration,2,dot,0.25,0,calibration
1.2266419999941718,75,-98.0,66.0,20.0,True,140.2605568028332,374.60242418510745,-325.92485520150285,231.89003592625411,-0.9632960472160268,16,calibration,2,dot,0.25,0,calibration
1.2431623000011314,76,-118.0,36.0,20.0,True,137.050328486823,375.788780382882,-321.3394813026203,238.20356369324736,-4.61883793925815,16,calibration,2,dot,0.25,0,calibration
1.259987400000682,77,-141.0,-8.0,20.0,True,131.8577993028236,377.6420537533079,-315.72604821405287,244.75078880284383,-6.970491106498249,16,calibration,2,dot,0.25,0,calibration
1.2763138000009349,78,-153.0,-41.0,20.0,True,123.81942440193002,380.35345422484954,-308.704705504337,250.42064991281455,-7.196913852654854,16,calibration,2,dot,0.25,0,calibration
1.2932452999957604,79,-158.0,-79.0,20.0,True,113.03260864845144,383.6973147966063,-300.73683302035863,255.63825871166878,-3.314950473519538,16,calibration,2,dot,0.25,0,calibration
1.309814299995196,80,-160.0,-135.0,20.0,True,97.70082346760255,387.88471108533315,-292.7149666604248,260.6821424363363,-3.6587926927735683,16,calibration,2,dot,0.25,0,calibration
1.3265184000047157,81,-154.0,-172.0,20.0,True,76.49510242851461,392.61749745070085,-283.629552964581,265.2025416223612,2.8012585496559494,16,calibration,2,dot,0.25,0,calibration
1.3434443000005558,82,-146.0,-203.0,20.0,True,50.684611596392095,396.77584370438035,-274.33467046915706,268.784955278971,6.950589267804448,16,calibration,2,dot,0.25,0,calibration
1.359606400001212,83,-133.0,-236.0,20.0,True,23.75496601800415,399.294003948824,-264.6174675246119,271.45059133486313,12.845192016216792,16,calibration,2,dot,0.25,0,calibration
1.3766865999932634,84,-122.0,-258.0,20.0,True,-2.1183161684003347,399.99439088143555,-255.88954087512514,273.253678823547,16.473870923717314,16,calibration,2,dot,0.25,0,calibration
1.393255600007251,85,-98.0,-282.0,20.0,True,-26.692258974735527,399.10841047367774,-247.77396459820852,274.6191041177435,26.921983673292587,16,calibration,2,dot,0.25,0,calibration
1.4097825000062585,86,-76.0,-298.0,20.0,True,-50.86942005178601,396.7521923110129,-239.90598808392122,275.26830915664516,31.88513169198478,16,calibration,2,dot,0.25,0,calibration
1.4266583999997238,87,-54.0,-310.0,20.0,True,-73.3957982867594,393.20866825878767,-231.93861140626518,275.482577807359,35.05902112374049,16,calibration,2,dot,0.25,0,calibration
1.443295399993076,88,-21.0,-323.0,20.0,True,-93.29522339975573,388.9678666558327,-223.70336688657943,275.45293909294605,37.26455046418897,16,calibration,2,dot,0.25,0,calibration
1.4600337000010768,89,2.0,-329.0,20.0,True,-109.55844151696947,384.7037144249751,-215.1149685731253,275.35725845414896,38.719684886404046,16,calibration,2,dot,0.25,0,calibration
1.4767790000041714,90,23.0,-332.0,20.0,True,-123.16174224164432,380.5669261089339,-205.92822424785783,275.19586308563294,39.601803462475054,16,calibration,2,dot,0.25,0,calibration
1.4932562000030885,91,54.0,-331.0,20.0,True,-135.8420812940713,376.22723047341344,-195.78526214469304,275.0317744866995,39.976259430023774,16,calibration,2,dot,0.25,0,calibration
1.509903199999826,92,87.0,-321.0,20.0,True,-148.39633440337792,371.4546108687316,-183.79557791295525,274.76241822243645,38.323781702725086,16,calibration,2,dot,0.25,0,calibration
1.5269085000036284,93,135.0,-293.0,20.0,True,-162.06026204674907,365.6999746586524,-170.4941967161496,274.27780083666664,34.9525533521614,16,calibration,2,dot,0.25,0,calibration
1.5430400000041118,94,232.0,-231.0,20.0,True,-175.22775820613649,359.57646301454685,-156.34902916970444,272.75448238713057,33.5779268401512,16,calibration,2,dot,0.25,0,calibration
1.5599279000016395,95,288.0,-186.0,20.0,True,-187.8681715365423,353.13673006856186,-142.6618351470699,270.2704052760597,30.567778450393433,16,calibration,2,dot,0.25,0,calibration
1.5766898000001675,96,359.0,-133.0,20.0,True,-198.2350128720142,347.4231996738738,-128.9723552163658,266.57201973338505,30.326328775467264,16,calibration,2,dot,0.25,0,calibration
1.5934686999971746,97,391.0,-103.0,20.0,True,-207.9026628713598,341.7257420373796,-115.38128686999308,262.73450411977893,27.162616188781776,16,calibration,2,dot,0.25,0,calibration
1.610852400001022,98,421.0,-74.0,20.0,True,-216.48225971228248,336.3561077635783,-102.5633500504446,258.9931092739917,26.57091210536725,16,calibration,2,dot,0.25,0,calibration
1.6267707999941194,99,470.0,-24.0,20.0,True,-224.97763562312383,330.73412806879924,-90.48376798768062,255.06601316163992,26.006825775127027,16,calibration,2,dot,0.25,0,calibration
1.6437527999951271,100,497.0,14.0,20.0,True,-232.99909453196844,325.13292965690636,-78.92860884668832,250.9037915417716,22.22132210966037,16,calibration,2,dot,0.25,0,calibration
1.6601463999977568,101,517.0,49.0,20.0,True,-240.74646430417863,319.4387890113485,-67.97061940672197,246.39236848167013,20.193426624304763,16,calibration,2,dot,0.25,0,calibration
1.6765330000052927,102,545.0,113.0,20.0,True,-247.82898980547475,313.37642343341366,-57.54495123244614,241.72360610165782,17.83261734155508,16,calibration,2,dot,0.25,0,calibration
1.6931679999979679,103,557.0,155.0,20.0,True,-254.66021216839596,306.08295172422703,-47.18899720392402,236.6688391855402,14.293870462300815,16,calibration,2,dot,0.25,0,calibration
1.7100261000014143,104,570.0,205.0,20.0,True,-262.9141031497525,296.82875085821615,-35.71277520364263,230.7710181240452,13.423937529286064,16,calibration,2,dot,0.25,0,calibration
1.726471700007096,105,584.0,260.0,20.0,True,-272.3728500206786,285.2330032859934,-23.92025498466984,224.67719784614323,13.62254928842173,16,calibration,2,dot,0.25,0,calibration
1.743279000002076,106,592.0,289.0,20.0,True,-281.85495158791895,272.2167914465026,-12.48466190033242,218.13245619532873,13.754389045748361,16,calibration,2,dot,0.25,0,calibration
1.7599960999941686,107,604.0,323.0,20.0,True,-289.646370606887,258.8530971492785,-2.1243144505356195,212.00917645602186,15.7798970791809,16,calibration,2,dot,0.25,0,calibration
1.776462800000445,108,608.0,336.0,13.601470508735444,True,-295.4268209162464,245.26278768909523,7.852835011306263,206.18560252850375,10.429721264604034,16,calibration,2,dot,0.25,0,calibration
1.7929717999941204,109,612.0,346.0,10.770329614269007,True,-299.9497215938709,231.16736673158178,18.272864619113093,200.28853890059492,9.299819639223008,16,calibration,2,dot,0.25,0,calibration
1.8095638999948278,110,614.0,356.0,10.198039027185569,True,-303.1121439242261,217.07986213177324,28.741089323160708,194.24612064756076,6.9282700717101395,16,calibration,2,dot,0.25,0,calibration
1.8262603000039235,111,614.0,362.0,6.0,True,-305.07460239814617,203.43686626325933,39.19230672011243,187.8165355532268,2.794975099664069,16,calibration,2,dot,0.25,0,calibration
1.8432387000066228,112,614.0,370.0,8.0,True,-305.93258499567736,190.4425929816619,50.06654621035914,181.81481407707483,4.116942229918495,16,calibration,2,dot,0.25,0,calibration
1.8596505000023171,113,606.0,388.0,19.697715603592208,True,-306.2671033311451,177.77400151167785,61.272594306909575,175.0035423141825,1.5970893582868795,16,calibration,2,dot,0.25,0,calibration
1.8762750000023516,114,594.0,406.0,20.0,True,-306.6608942536544,165.23912445699722,72.76957689289054,166.74679948668958,-2.4336337630805382,16,calibration,2,dot,0.25,0,calibration
1.8932203000003938,115,576.0,428.0,20.0,True,-306.9889952874664,152.35019567417652,85.34986120363712,157.72442071775268,-4.160960363822623,16,calibration,2,dot,0.25,0,calibration
1.9096892999950796,116,549.0,460.0,20.0,True,-307.27681780140193,138.58251688223453,100.45651935042092,146.56571408147815,-4.443232551014091,16,calibration,2,dot,0.25,0,calibration
1.9269441999931587,117,535.0,471.0,17.804493814764857,True,-307.27722080178506,123.41178303684343,116.51132932719321,132.7377701690285,-6.786804606442229,16,calibration,2,dot,0.25,0,calibration
1.9430969999957597,118,520.0,479.0,17.0,True,-307.25729487602024,107.12608448294992,132.07406149119186,116.50757031269403,-8.137633015838064,16,calibration,2,dot,0.25,0,calibration
1.9600098999944748,119,507.0,481.0,13.152946437965905,True,-306.7065781671643,90.59523381295068,145.7512910976221,98.98777849754208,-7.1444515299611115,16,calibration,2,dot,0.25,0,calibration
1.9768581999960588,120,487.0,481.0,20.0,True,-305.32562031278025,75.2219877979201,158.90906299905774,81.18250429072712,-10.096906064865735,16,calibration,2,dot,0.25,0,calibration
1.992765999995754,121,455.0,481.0,20.0,True,-302.31079439394045,60.77244961107885,172.71562470754174,64.00474513505124,-8.444543638578804,16,calibration,2,dot,0.25,0,calibration
2.009745799994562,122,428.0,478.0,20.0,True,-297.91572868017863,46.88485071380845,186.55131923404542,47.2459648985323,-7.060006454812747,16,calibration,2,dot,0.25,0,calibration
2.026471000004676,123,402.0,475.0,20.0,True,-291.66151105449006,33.376591187743465,200.68204711805976,30.359010694799792,-4.7249581846809985,16,calibration,2,dot,0.25,0,calibration
2.043127800003276,124,371.0,470.0,20.0,True,-284.34644435297173,20.98215873497378,214.5664216864373,12.576169446402979,-2.347928003335167,16,calibration,2,dot,0.25,0,calibration
2.0595640999963507,125,348.0,467.0,20.0,True,-276.5780512935819,9.308709726446699,229.3827900053198,-6.265381461929643,-1.3918577058030401,16,calibration,2,dot,0.25,0,calibration
2.076354499993613,126,307.0,454.0,20.0,True,-269.30924972224386,-1.5064370432191527,245.081425988339,-25.644292553634756,-1.6859310570419894,16,calibration,2,dot,0.25,0,calibration
2.0927855000045383,127,278.0,445.0,20.0,True,-262.34695631438535,-12.034918732522941,262.8527873699629,-44.086686145147,-3.3940609194600215,16,calibration,2,dot,0.25,0,calibration
2.110503300005803,128,245.0,431.0,20.0,True,-255.65320330219154,-21.52128961494555,281.7013938270089,-60.92334828344359,-4.294757811855722,16,calibration,2,dot,0.25,0,calibration
2.126267600004212,129,191.0,408.0,20.0,True,-248.95075962625515,-31.264159968696607,303.901744251605,-76.4384826861857,-6.620834297065892,16,calibration,2,dot,0.25,0,calibration
2.1430646999942837,130,158.0,388.0,20.0,True,-242.76446749722226,-40.95118816833069,327.6622822070777,-90.76879781145519,-8.823474678503668,16,calibration,2,dot,0.25,0,calibration
2.160597099995357,131,121.0,362.0,20.0,True,-237.13253168527748,-50.58954822020748,352.76485663026966,-103.08669930158847,-11.29745145959889,16,calibration,2,dot,0.25,0,calibration
2.1764051000063773,132,76.0,328.0,20.0,True,-231.63442892953333,-59.395455882118355,376.8963250590943,-112.63615567532361,-12.177139331642053,16,calibration,2,dot,0.25,0,calibration
2.1930433999950765,133,44.0,307.0,20.0,True,-225.49646786293027,-67.61198918997623,383.177503412488,-114.78240665961286,-11.496035458745189,16,calibration,2,dot,0.25,0,calibration
2.2099642999965,134,14.0,282.0,20.0,True,-218.0526902420185,-75.83250289023185,383.1664550685238,-114.81928283272329,-10.194199282153559,16,calibration,2,dot,0.25,0,calibration
2.2266209999943385,135,-26.0,238.0,20.0,True,-209.9355035979971,-84.23139432100461,383.06007129938536,-115.17370262394886,-9.6304759281297,16,calibration,2,dot,0.25,0,calibration
2.2431897000060417,136,-49.0,212.0,20.0,True,-201.26948453023775,-92.32331794635006,382.9443136623172,-115.55800549376427,-8.575054608164308,16,calibration,2,dot,0.25,0,calibration
2.260046199997305,137,-70.0,189.0,20.0,True,-192.88847550069866,-100.36885514748892,382.9213647320409,-115.634028001066,-9.07387194272915,16,calibration,2,dot,0.25,0,calibration
2.2764402000029804,138,-95.0,156.0,20.0,True,-184.16291102218392,-108.14050294186481,383.117534086758,-114.9824120258478,-9.182330426412799,16,calibration,2,dot,0.25,0,calibration
2.292975699994713,139,-109.0,136.0,20.0,True,-175.49775496388636,-116.03462323204485,383.706667781945,-113.00085442011529,-10.742876703045624,16,calibration,2,dot,0.25,0,calibration
2.3099901999958092,140,-121.0,118.0,20.0,True,-165.27075469916124,-123.88034334347589,384.656168566992,-109.72525681611246,-10.72961031938096,16,calibration,2,dot,0.25,0,calibration
2.3266158000042196,141,-135.0,88.0,20.0,True,-150.67227147370585,-132.2305995215471,386.02069048841577,-104.82378792452936,-10.497722795969693,16,calibration,2,dot,0.25,0,calibration
2.3433010000007926,142,-144.0,61.0,20.0,True,-131.0801555160065,-140.5918739289537,387.59684967511686,-98.83664361928162,-11.366431134672792,16,calibration,2,dot,0.25,0,calibration
2.3597928999952273,143,-154.0,20.0,20.0,True,-107.69822226367799,-149.1937554576591,389.34715547307576,-91.69946851004438,-13.031916855144985,16,calibration,2,dot,0.25,0,calibration
2.376668700002483,144,-154.0,-12.0,20.0,True,-84.60542843927968,-157.25253807745236,390.8759613495448,-84.94694131673681,-14.462464701112246,16,calibration,2,dot,0.25,0,calibration
2.39296650000324,145,-152.0,-43.0,20.0,True,-62.6116100604401,-165.26563841868224,392.3321381229358,-77.94545141241805,-16.608563361006997,16,calibration,2,dot,0.25,0,calibration
2.4099692000017967,146,-142.0,-82.0,20.0,True,-41.741717656361125,-172.88683350058227,393.67160820600037,-70.87076190151559,-17.89059125865295,16,calibration,2,dot,0.25,0,calibration
2.4262318999972194,147,-131.0,-107.0,20.0,True,-21.278123947296784,-180.97033999892332,394.9129959782461,-63.590294915857655,-19.73449567089757,16,calibration,2,dot,0.25,0,calibration
2.443658799995319,148,-122.0,-129.0,20.0,True,-0.1497258427695698,-189.06568652463088,396.03474780155784,-56.18254652253211,-22.54840460315679,16,calibration,2,dot,0.25,0,calibration
2.4595262999937404,149,-102.0,-158.0,20.0,True,22.047417137486285,-196.46052171666602,397.0366626207365,-48.59926475768408,-22.560933516487623,16,calibration,2,dot,0.25,0,calibration
2.4762870999984443,150,-85.0,-176.0,20.0,True,45.46049504128361,-201.85005915429042,397.93120077286915,-40.6295391490291,-21.397306035585665,16,calibration,2,dot,0.25,0,calibration
2.493204800004605,151,-58.0,-206.0,20.0,True,68.52299884232539,-206.18571862034594,398.68378557821524,-32.42281784521084,-21.27531441176024,16,calibration,2,dot,0.25,0,calibration
2.509894799994072,152,-44.0,-219.0,19.1049731745428,True,91.03770682237452,-210.75677759442036,399.31464868381914,-23.405370035915173,-20.428966620963696,16,calibration,2,dot,0.25,0,calibration
2.5264582999952836,153,-26.0,-231.0,20.0,True,113.95032883764364,-216.0708069955735,399.75106712915806,-14.109724628758217,-20.245696757098393,16,calibration,2,dot,0.25,0,calibration
2.5431547000043793,154,0.0,-241.0,20.0,True,137.1201492797532,-221.77699216605856,399.97475736579685,-4.493714518293617,-17.63555542958391,16,calibration,2,dot,0.25,0,calibration
2.5600099000002956,155,19.0,-243.0,19.1049731745428,True,159.86384563450122,-226.97219353020765,399.9734582198204,4.607897533322226,-13.0728102704516,16,calibration,2,dot,0.25,0,calibration
2.5766080000030342,156,41.0,-241.0,20.0,True,181.6805083017485,-231.58903827718945,399.7731047269348,13.470884788581667,-10.513921254374951,16,calibration,2,dot,0.25,0,calibration
2.5943312000017613,157,84.0,-229.0,20.0,True,203.42192805672948,-235.38382651151437,399.37929599138556,22.275051816444325,-7.2687815042217885,16,calibration,2,dot,0.25,0,calibration
2.6101996000070358,158,118.0,-216.0,20.0,True,226.40124735732053,-238.76696862707968,398.76576374912804,31.398497759838552,-5.937178900199019,16,calibration,2,dot,0.25,0,calibration
2.6273606000031577,159,180.0,-179.0,20.0,True,249.661881482112,-241.71138471338395,397.83037798268674,41.60517220433709,-2.927338538853037,16,calibration,2,dot,0.25,0,calibration
2.6432515000051353,160,225.0,-150.0,20.0,True,272.99058579202085,-244.57824902182247,396.4800928546624,52.94842745500841,-2.6067013630908376,16,calibration,2,dot,0.25,0,calibration
2.6606265000009444,161,267.0,-121.0,20.0,True,295.1226458768189,-247.7030352943123,394.7410317176184,64.64919085735099,-1.9703035547317493,16,calibration,2,dot,0.25,0,calibration
2.6764373000041815,162,320.0,-79.0,20.0,True,313.5439886677469,-248.3750534379808,392.72336956121325,75.94968729683333,-0.06376371068868458,16,calibration,2,dot,0.25,0,calibration
2.693793200000073,163,348.0,-52.0,20.0,True,319.94065830495305,-240.07910188809285,390.4022574904832,87.09809037134212,2.3858368793278917,16,calibration,2,dot,0.25,0,calibration
2.710196200001519,164,376.0,-26.0,20.0,True,326.391559820671,-231.23267433005515,387.48338199748036,99.28055537613974,1.4195217230566026,16,calibration,2,dot,0.25,0,calibration
2.7268051999999443,165,424.0,37.0,20.0,True,332.55972605801776,-222.27017029780706,384.0475705383442,111.83677196519737,6.213265713210285,16,calibration,2,dot,0.25,0,calibration
2.74328300000343,166,453.0,82.0,20.0,True,338.1064946229177,-213.73815357535707,380.2143596527375,124.2458881165037,8.45233355086748,16,calibration,2,dot,0.25,0,calibration
2.7606762000068557,167,478.0,119.0,20.0,True,342.8603113274734,-206.02622870990953,376.1282619130802,136.11587192625765,7.744534612875331,16,calibration,2,dot,0.25,0,calibration
2.776501999993343,168,514.0,171.0,20.0,True,347.1447938332995,-198.722148021895,371.6019354189184,148.0270299401904,6.6897008676742065,16,calibration,2,dot,0.25,0,calibration
2.793367299993406,169,536.0,202.0,20.0,True,351.42443939189025,-191.05199134815547,366.6396624428036,159.92297497178768,5.4131244358845105,16,calibration,2,dot,0.25,0,calibration
2.8099316000007093,170,566.0,255.0,20.0,True,355.84385112131116,-182.6886795046539,361.4893443137163,171.24676332018504,7.361458710169674,16,calibration,2,dot,0.25,0,calibration
2.8264688000053866,171,585.0,286.0,20.0,True,360.1061581755273,-174.1365982327154,355.9005761017433,182.57814746142887,5.4976860344472005,16,calibration,2,dot,0.25,0,calibration
2.8433030000014696,172,601.0,322.0,20.0,True,363.90053436433584,-166.06143769506158,349.84213433315347,193.93421834535488,8.536308918894143,16,calibration,2,dot,0.25,0,calibration
2.8600098000024445,173,621.0,367.0,20.0,True,367.1497736240801,-158.74836606336058,343.28088270453145,205.3247076452264,7.742825367848496,16,calibration,2,dot,0.25,0,calibration
2.8765684999962104,174,634.0,399.0,20.0,True,369.9231445071636,-152.1738057549069,336.70441307898056,215.94012645439298,8.004850387118378,16,calibration,2,dot,0.25,0,calibration
2.8930721999931848,175,642.0,426.0,20.0,True,372.27721173938176,-146.3204620671749,330.26493600090714,225.66584156295502,10.003032470774187,16,calibration,2,dot,0.25,0,calibration
2.9096556000004057,176,651.0,459.0,20.0,True,374.23835559767895,-141.22908057317807,324.00992918357065,234.55823539253,9.802360218823555,16,calibration,2,dot,0.25,0,calibration
2.9264618000015616,177,654.0,482.0,20.0,True,376.01194900345246,-136.4368506182442,317.8875966468187,242.79101280341806,12.786585464656557,16,calibration,2,dot,0.25,0,calibration
2.9431419000029564,178,656.0,504.0,20.0,True,377.6245803416425,-131.90783267796633,311.78592360374756,250.49259183741512,12.69521171519832,16,calibration,2,dot,0.25,0,calibration
2.9600726000062423,179,657.0,538.0,20.0,True,379.15290889634133,-127.44830981791306,304.6347906497226,256.985984221813,12.42221558012938,16,calibration,2,dot,0.25,0,calibration
2.976629500000854,180,657.0,559.0,20.0,True,380.4689164906864,-123.4641793574278,296.07469744210186,262.49591745675184,10.82741915443232,16,calibration,2,dot,0.25,0,calibration
2.9932833000057144,181,652.0,590.0,20.0,True,381.6097992015797,-119.89145571445052,285.67369958830363,267.22515198945325,14.257264923032654,16,calibration,2,dot,0.25,0,calibration
0.0006585999944945797,1,-20.0,-15.0,20.0,True,-305.91371248209725,0.8591468337960319,294.04453434620905,5.478542567078149,-10.457435224491846,17,calibration,2,dot,0.3,0,calibration
0.013220099994214252,2,-20.0,-15.0,0.0,False,-318.4583572777026,2.813338873287585,286.94329271628607,20.26298040079253,0.0,17,calibration,2,dot,0.3,0,calibration
0.029564500000560656,3,-55.0,-46.0,20.0,True,-331.0327794804024,4.555028388446832,274.53213967855936,31.486629114033896,-10.800651929260468,17,calibration,2,dot,0.3,0,calibration
0.046549799997592345,4,-106.0,-84.0,20.0,True,-341.9779997158761,5.921432307873472,262.25454068002557,40.262187437380604,-8.335024887365897,17,calibration,2,dot,0.3,0,calibration
0.0626153999910457,5,-155.0,-124.0,20.0,True,-351.2980502790741,6.914548283399284,250.57944557883576,47.066472698179155,-7.048509251860881,17,calibration,2,dot,0.3,0,calibration
0.07961869999417104,6,-179.0,-142.0,20.0,True,-360.2018137461288,7.546869838529772,240.0195910147221,52.54119579254764,-6.428452626024487,17,calibration,2,dot,0.3,0,calibration
0.09642069999244995,7,-192.0,-151.0,15.811388300841896,True,-369.3538932732661,7.552494511138001,230.62755294101592,57.26479343013556,-5.424384942744896,17,calibration,2,dot,0.3,0,calibration
0.11288149999745656,8,-198.0,-157.0,8.48528137423857,True,-378.48993068722785,6.511667335982045,221.6924581511211,61.44434893134805,-3.748024421723171,17,calibration,2,dot,0.3,0,calibration
0.12983769999118522,9,-199.0,-158.0,1.4142135623730951,True,-386.3274705140791,3.939502190100999,211.65503901286235,65.66148847655836,-0.7273708222237653,17,calibration,2,dot,0.3,0,calibration
0.1460936999937985,10,-200.0,-159.0,1.4142135623730951,True,-391.99791127233266,0.41659674671349345,199.20025972747322,70.09678903570668,-0.7705654085069806,17,calibration,2,dot,0.3,0,calibration
0.16253609998966567,11,-200.0,-160.0,1.0,True,-396.11295226657734,-4.067290331205271,183.92174486447072,73.86931502999953,-0.9764778528049797,17,calibration,2,dot,0.3,0,calibration
0.17964989999018144,12,-200.0,-160.0,0.0,False,-399.6150983468945,-9.013165487290777,169.5098870041349,82.32911616419891,0.0,17,calibration,2,dot,0.3,0,calibration
0.19631239998852834,13,-200.0,-160.0,0.0,False,-399.7079448372376,-15.282631775704687,155.71152362776195,90.0921912986295,0.0,17,calibration,2,dot,0.3,0,calibration
0.21311369999602903,14,-200.0,-160.0,0.0,False,-399.2393608549234,-24.656292181757834,144.21447302551482,95.98706827446077,0.0,17,calibration,2,dot,0.3,0,calibration
0.23001689999364316,15,-200.0,-160.0,0.0,False,-398.2746846641736,-37.11166333719208,135.28990436724803,99.93913241726865,0.0,17,calibration,2,dot,0.3,0,calibration
0.24658749999071006,16,-200.0,-160.0,0.0,False,-396.63193912206344,-51.79869562326571,127.5227014174039,102.7606084398601,0.0,17,calibration,2,dot,0.3,0,calibration
0.26280069998756517,17,-200.0,-160.0,0.0,False,-394.25251548846717,-67.56444354108119,118.66945640586948,104.99985042806644,0.0,17,calibration,2,dot,0.3,0,calibration
0.27962029998889193,18,-200.0,-160.0,0.0,False,-391.00276800033123,-84.36133839668005,107.40253826241624,106.61237499946503,0.0,17,calibration,2,dot,0.3,0,calibration
0.2963045999931637,19,-200.0,-160.0,0.0,False,-386.7450461867599,-102.11889761450121,94.20927057468167,107.53533150771533,0.0,17,calibration,2,dot,0.3,0,calibration
0.3132669999904465,20,-200.0,-160.0,0.0,False,-381.7439093108867,-119.46375058586385,79.93265282367116,107.9300808672551,0.0,17,calibration,2,dot,0.3,0,calibration
0.32984120000037365,21,-200.0,-160.0,0.0,False,-376.4575657648846,-135.20244516419675,65.77348180542513,108.08258605942443,0.0,17,calibration,2,dot,0.3,0,calibration
0.34673089999705553,22,-200.0,-160.0,0.0,False,-371.29758117583077,-148.7887973369546,53.10444552671749,108.13883145994978,0.0,17,calibration,2,dot,0.3,0,calibration
0.36287609999999404,23,-200.0,-160.0,0.0,False,-366.3045511571416,-160.05978739274823,42.40365168239545,108.15909106678689,0.0,17,calibration,2,dot,0.3,0,calibration
0.3799624999955995,24,-200.0,-160.0,0.0,False,-360.7039936179341,-169.47420725299133,32.77748921179562,108.16629667251051,0.0,17,calibration,2,dot,0.3,0,calibration
0.3963223999890033,25,-200.0,-160.0,0.0,False,-353.7019320633261,-178.13443588157162,21.869262627936394,108.36165651633542,0.0,17,calibration,2,dot,0.3,0,calibration
0.41290089998801704,26,-200.0,-117.0,20.0,True,-345.97157022668415,-186.60069726790147,10.503212843826375,112.57561449700471,21.721991622639237,17,calibration,2,dot,0.3,0,calibration
0.4295275999902515,27,-176.0,-27.0,20.0,True,-337.8478704945259,-195.1948261001611,-0.9786504906633517,117.99301569406605,14.08913278669531,17,calibration,2,dot,0.3,0,calibration
0.4465302999888081,28,-155.0,12.0,20.0,True,-329.5588159395761,-203.41846962726177,-11.100741513040884,122.89494246154054,4.812320952509723,17,calibration,2,dot,0.3,0,calibration
0.4634675999986939,29,-134.0,40.0,20.0,True,-320.57020373444806,-212.06554166563896,-19.814987740961072,127.00541488584953,-1.5827859798173316,17,calibration,2,dot,0.3,0,calibration
0.4793492999888258,30,-92.0,71.0,20.0,True,-310.6631415304639,-221.3349454424817,-27.642202252199624,130.47975000591867,-13.524734831860574,17,calibration,2,dot,0.3,0,calibration
0.4963534999988042,31,-61.0,82.0,20.0,True,-299.66375471229236,-231.7348938729713,-35.954198560988544,133.2237494294707,-24.90273404373646,17,calibration,2,dot,0.3,0,calibration
0.5131081999861635,32,-33.0,89.0,20.0,True,-286.8555885555796,-242.8948346842252,-45.268893403507704,135.6111105150937,-29.033266194696573,17,calibration,2,dot,0.3,0,calibration
0.5297229999996489,33,8.0,87.0,20.0,True,-271.7658861635286,-254.39363317914427,-56.53061767884475,135.75153110215476,-36.46624927870168,17,calibration,2,dot,0.3,0,calibration
0.5467510999878868,34,31.0,81.0,20.0,True,-255.63883141721504,-265.4803358045722,-68.15262520264152,133.88827121155606,-37.11657865322047,17,calibration,2,dot,0.3,0,calibration
0.563455099996645,35,58.0,72.0,20.0,True,-238.82830634810404,-275.7713975350699,-79.34935545359673,130.9643675810405,-36.24435848551687,17,calibration,2,dot,0.3,0,calibration
0.5797612999886042,36,78.0,66.0,20.0,True,-221.98712133067954,-285.38106941979373,-89.75449659467733,127.85842080764078,-36.198986715025605,17,calibration,2,dot,0.3,0,calibration
0.5962641999940388,37,94.0,57.0,18.35755975068582,True,-204.35901407099826,-294.85342779493817,-98.86496708241407,123.50411139133467,-28.909038103290328,17,calibration,2,dot,0.3,0,calibration
0.6130782999971416,38,109.0,46.0,18.601075237738275,True,-184.75531940937287,-304.02532696459133,-107.3839391927897,118.29113488769916,-25.301122253825262,17,calibration,2,dot,0.3,0,calibration
0.6294381999905454,39,118.0,37.0,12.727922061357855,True,-164.30189227658735,-312.587195409517,-115.17516329673853,112.39032052311381,-13.517989746014408,17,calibration,2,dot,0.3,0,calibration
0.6461381999979494,40,125.0,26.0,13.038404810405298,True,-144.06467153165332,-320.0166769069467,-123.51134978230212,106.03225654214535,-9.257054232454578,17,calibration,2,dot,0.3,0,calibration
0.6631037999904947,41,133.0,4.0,20.0,True,-126.8230642387617,-326.13902356218,-132.61479051105945,99.62512337934321,-7.5016136852161095,17,calibration,2,dot,0.3,0,calibration
0.6796858999878168,42,136.0,-14.0,18.24828759089466,True,-112.03181209062399,-331.0764450116765,-142.81737299180978,93.62422886729429,-2.005236329593372,17,calibration,2,dot,0.3,0,calibration
0.6969189999945229,43,137.0,-31.0,17.029386365926403,True,-99.1964645237382,-334.7266328651669,-154.19439914142959,87.83938047528713,1.201691201533039,17,calibration,2,dot,0.3,0,calibration
0.7129697999916971,44,135.0,-64.0,20.0,True,-87.26533961640813,-337.75178700525555,-164.83985532670565,83.02821132114178,5.590525141767219,17,calibration,2,dot,0.3,0,calibration
0.7295573999872431,45,132.0,-92.0,20.0,True,-75.33111176524378,-340.9776690620715,-174.61518402618563,79.32274995680346,5.908757683160021,17,calibration,2,dot,0.3,0,calibration
0.7464340999868,46,126.0,-121.0,20.0,True,-63.51363775175284,-344.8120939404035,-183.79194026746976,77.20201765767887,6.167637163358438,17,calibration,2,dot,0.3,0,calibration
0.7629928999958793,47,115.0,-160.0,20.0,True,-52.305863683904114,-348.8762883949228,-193.02485903028895,76.32783820582277,5.761406022254141,17,calibration,2,dot,0.3,0,calibration
0.7794408999907319,48,107.0,-181.0,20.0,True,-41.697885881948245,-353.29689218326575,-202.8462387220087,77.49289125080922,4.2515838953705725,17,calibration,2,dot,0.3,0,calibration
0.7960066999949049,49,92.0,-214.0,20.0,True,-29.559556600526918,-359.533241621439,-211.44450417367264,79.9888948766849,1.9128689131691725,17,calibration,2,dot,0.3,0,calibration
0.8127505999873392,50,83.0,-229.0,17.4928556845359,True,-16.26491420236035,-367.83383877135816,-220.720615749477,84.66312478496721,0.9774020512594516,17,calibration,2,dot,0.3,0,calibration
0.8299069999920903,51,74.0,-245.0,18.35755975068582,True,-2.895814300924414,-377.68793809610287,-229.53332549419653,90.57436608033946,-3.6870547245257073,17,calibration,2,dot,0.3,0,calibration
0.8463529999862658,52,59.0,-272.0,20.0,True,8.797490922577207,-387.5249421053749,-238.3355264417395,98.30053659997142,-8.05574570419257,17,calibration,2,dot,0.3,0,calibration
0.8631504999939352,53,51.0,-286.0,16.1245154965971,True,18.836872876181403,-397.698188646277,-245.54193884759522,106.43222037405259,-9.51724884569547,17,calibration,2,dot,0.3,0,calibration
0.879953999989084,54,43.0,-296.0,12.806248474865697,True,27.604575742532916,-399.0463474310657,-251.28953975318538,114.77828039285735,-6.030442578918222,17,calibration,2,dot,0.3,0,calibration
0.896048199996585,55,27.0,-310.0,20.0,True,35.09159725939463,-398.45775158953103,-255.9053634305266,122.98644870035747,-5.860157140266943,17,calibration,2,dot,0.3,0,calibration
0.913297799997963,56,15.0,-319.0,15.0,True,41.488861104844965,-397.8425246303151,-259.7485539067946,131.3310877634813,-4.132205084575766,17,calibration,2,dot,0.3,0,calibration
0.9301812999910908,57,-8.0,-332.0,20.0,True,46.14184118681574,-397.32975032319274,-262.61140740063775,140.47460684029704,-4.517181620298907,17,calibration,2,dot,0.3,0,calibration
0.9466809000005014,58,-24.0,-341.0,18.35755975068582,True,49.154665842168185,-396.9682844081436,-264.36150314546154,150.3976364963388,-8.062966179297815,17,calibration,2,dot,0.3,0,calibration
0.963258699994185,59,-41.0,-348.0,18.384776310850235,True,50.99892100108706,-396.735566916712,-264.1470534777575,161.2511971789394,-8.809403951729884,17,calibration,2,dot,0.3,0,calibration
0.9798146999964956,60,-75.0,-357.0,20.0,True,51.76870343986374,-396.635854839367,-262.9343925244352,170.82955273593336,-8.525600783255932,17,calibration,2,dot,0.3,0,calibration
0.9962682999903336,61,-97.0,-360.0,20.0,True,51.62830223854317,-396.65415465864675,-260.5176439807736,179.62767115873388,-8.272847952551663,17,calibration,2,dot,0.3,0,calibration
1.0129898999875877,62,-116.0,-362.0,19.1049731745428,True,50.897454656094695,-396.74859685893125,-257.9091803407674,186.84813741750722,-9.406498054768196,17,calibration,2,dot,0.3,0,calibration
1.0296758999902522,63,-151.0,-358.0,20.0,True,49.9626568312059,-396.8673996719397,-254.90296623196113,193.55037214340277,-3.400390152227592,17,calibration,2,dot,0.3,0,calibration
1.046269399987068,64,-173.0,-354.0,20.0,True,48.75852591511751,-397.0171358399847,-251.59376936786884,199.0796676594405,-3.9550090228094743,17,calibration,2,dot,0.3,0,calibration
1.0630443999980344,65,-189.0,-346.0,17.88854381999832,True,46.97831994344651,-397.2317175847004,-247.55975027622083,204.17747470669306,2.2187910310069503,17,calibration,2,dot,0.3,0,calibration
1.0797190999874147,66,-215.0,-336.0,20.0,True,44.199049606593206,-397.55055529312733,-241.82620196227177,209.26616951893368,-7.646272719991304,17,calibration,2,dot,0.3,0,calibration
1.096484199995757,67,-229.0,-326.0,17.204650534085253,True,40.73239476752955,-397.9206855850826,-233.92987711133034,215.06800326505183,-1.251227887149431,17,calibration,2,dot,0.3,0,calibration
1.1129771999985678,68,-248.0,-309.0,20.0,True,36.83819672577438,-398.30007188298765,-223.27677910991872,221.54679216273576,-0.287076668473657,17,calibration,2,dot,0.3,0,calibration
1.1295117999979993,69,-260.0,-289.0,20.0,True,32.43218425120706,-398.6830237478086,-209.4683090653135,229.03213853974464,8.807131309314931,17,calibration,2,dot,0.3,0,calibration
1.1461831999913557,70,-270.0,-270.0,20.0,True,27.54968286394749,-399.0501409272974,-192.77306506400703,237.581855772033,9.209550559957195,17,calibration,2,dot,0.3,0,calibration
1.1628635999950347,71,-281.0,-238.0,20.0,True,22.410169507366785,-399.37173698529426,-175.20491139519484,246.34114777939595,13.505313283685908,17,calibration,2,dot,0.3,0,calibration
1.1795755999919493,72,-287.0,-221.0,18.027756377319946,True,17.47598493524448,-399.618055085782,-158.59288861038937,254.59230786256805,11.41967711206775,17,calibration,2,dot,0.3,0,calibration
1.1967408999917097,73,-290.0,-202.0,19.235384061671343,True,12.442562935258186,-399.8064314485226,-142.6778244219636,262.34125049462665,17.17669745962652,17,calibration,2,dot,0.3,0,calibration
1.2134713999985252,74,-289.0,-173.0,20.0,True,5.570457679213027,-399.9612106207852,-127.21677585117267,269.46058399666623,20.823583362212155,17,calibration,2,dot,0.3,0,calibration
1.2296495999908075,75,-281.0,-146.0,20.0,True,-3.347685234353048,-399.98599100914987,-112.29793894892454,275.5830282298922,24.776891673249423,17,calibration,2,dot,0.3,0,calibration
1.2464229999895906,76,-268.0,-110.0,20.0,True,-13.799392408526865,-399.76190009698956,-98.55725065476642,280.5603900783325,23.18265786436468,17,calibration,2,dot,0.3,0,calibration
1.2633684999891557,77,-224.0,-44.0,20.0,True,-23.700075260303162,-399.29726574653114,-85.12908072137327,284.3219554546725,27.759838682121128,17,calibration,2,dot,0.3,0,calibration
1.2797947999933967,78,-182.0,11.0,20.0,True,-32.30523284519299,-398.6933306826412,-71.87145942821998,287.07970152379653,27.42226369572437,17,calibration,2,dot,0.3,0,calibration
1.2966948999965098,79,-106.0,83.0,20.0,True,-40.180494761858526,-397.9767930931303,-59.802362867089855,288.2914439590783,29.155897472762646,17,calibration,2,dot,0.3,0,calibration
1.313142799990601,80,-56.0,130.0,20.0,True,-48.72570723708979,-395.7034323022323,-49.29146848489214,288.3544290545089,25.215324746948337,17,calibration,2,dot,0.3,0,calibration
1.3296297999913804,81,6.0,174.0,20.0,True,-58.87180012115449,-391.4088815184104,-40.1644390838616,287.20716817536334,25.24743738764416,17,calibration,2,dot,0.3,0,calibration
1.346140599998762,82,100.0,236.0,20.0,True,-70.57895992331663,-384.93474683331897,-32.15990638536424,285.49151708261815,23.29803869225809,17,calibration,2,dot,0.3,0,calibration
1.364339799998561,83,167.0,270.0,20.0,True,-82.57825479443609,-376.76717815170514,-25.066557545395263,282.7643383879813,23.050073393227713,17,calibration,2,dot,0.3,0,calibration
1.3793284999992466,84,251.0,299.0,20.0,True,-94.4471932262641,-367.36640153771486,-18.900369194498563,279.39882487930873,24.234685858433668,17,calibration,2,dot,0.3,0,calibration
1.3964144999918062,85,294.0,306.0,20.0,True,-106.04223011870366,-356.1336086400162,-12.030056761644008,273.5434792792026,24.881671227151145,17,calibration,2,dot,0.3,0,calibration
1.4129091999930097,86,341.0,309.0,20.0,True,-119.13155050179033,-341.4349467402278,-5.124276695554147,265.71946437200825,24.5751624551298,17,calibration,2,dot,0.3,0,calibration
1.4295941999880597,87,375.0,309.0,20.0,True,-133.516290019868,-322.95898155668715,1.8999942915326322,255.31806167439305,23.47964704701871,17,calibration,2,dot,0.3,0,calibration
1.4461979999905452,88,424.0,302.0,20.0,True,-148.96330032522334,-300.7396719462419,7.3650623988682264,243.40708324530738,24.451387309093295,17,calibration,2,dot,0.3,0,calibration
1.462656399991829,89,452.0,294.0,20.0,True,-162.35929562281584,-277.36208028119074,11.665727018412106,230.00278683892012,25.435009835710147,17,calibration,2,dot,0.3,0,calibration
1.4797767999989446,90,474.0,285.0,20.0,True,-172.7353132815178,-255.2452719825502,14.300081559321878,215.11013860181578,25.39902813465348,17,calibration,2,dot,0.3,0,calibration
1.4963447999907658,91,495.0,272.0,20.0,True,-179.50371979543507,-236.90194898795178,15.424586841309388,199.00150769184856,27.448713241218606,17,calibration,2,dot,0.3,0,calibration
1.5130893999885302,92,505.0,266.0,11.661903789690601,True,-183.68143642116294,-222.99949465476848,14.968361369516089,181.9283649158835,14.354789183641994,17,calibration,2,dot,0.3,0,calibration
1.5294802999997046,93,517.0,255.0,16.278820596099706,True,-186.05066023819253,-211.72976422145842,12.98795884745834,164.5558178470875,22.803540049532682,17,calibration,2,dot,0.3,0,calibration
1.5464826999959769,94,523.0,248.0,9.219544457292887,True,-187.243049216709,-201.14278101940164,8.933977368561624,147.53044092678653,13.047329208667998,17,calibration,2,dot,0.3,0,calibration
1.5630425999988802,95,528.0,238.0,11.180339887498949,True,-187.91477353065216,-189.92911592826286,2.8382396801530705,130.90924389583682,17.948011721334762,17,calibration,2,dot,0.3,0,calibration
1.5798670999938622,96,529.0,210.0,20.0,True,-188.0189986318736,-177.8685933845634,-7.06898628401873,113.2529247430995,37.07408119289279,17,calibration,2,dot,0.3,0,calibration
1.5964155999972718,97,524.0,187.0,20.0,True,-187.21139954228914,-166.47670323189823,-19.213017823083668,95.27925834915081,38.36729347955271,17,calibration,2,dot,0.3,0,calibration
1.6130432999925688,98,511.0,160.0,20.0,True,-184.57885177051836,-156.1479870663102,-32.427115595733625,77.536699902262,39.239358166534906,17,calibration,2,dot,0.3,0,calibration
1.6294655999954557,99,492.0,116.0,20.0,True,-180.46114178804802,-147.62950462690026,-43.68074738118253,61.14939627570824,39.606134358615144,17,calibration,2,dot,0.3,0,calibration
1.6462379000004148,100,479.0,88.0,20.0,True,-175.1999488900681,-139.85047251484167,-53.042613317094585,45.713436871589735,39.62256241530682,17,calibration,2,dot,0.3,0,calibration
1.6631406999949832,101,453.0,48.0,20.0,True,-168.959411635929,-132.4422997434695,-61.6039657385991,31.010146138494022,39.82312904448206,17,calibration,2,dot,0.3,0,calibration
1.679445499990834,102,432.0,21.0,20.0,True,-161.62413263965897,-125.00458204360912,-69.41923120738788,16.561684893637967,39.58996372404546,17,calibration,2,dot,0.3,0,calibration
1.6965147999871988,103,407.0,-3.0,20.0,True,-153.30090968277017,-118.06992260808559,-77.46252287500408,1.572190837054693,38.97689980527849,17,calibration,2,dot,0.3,0,calibration
1.7135512999957427,104,367.0,-47.0,20.0,True,-144.32919342653906,-111.86840347031945,-85.00982737426543,-14.419030271525164,38.606938490658465,17,calibration,2,dot,0.3,0,calibration
1.730229099994176,105,330.0,-81.0,20.0,True,-134.25205973963284,-106.39840950371854,-92.31788307682733,-30.944114855898228,37.73104112851991,17,calibration,2,dot,0.3,0,calibration
1.7466045999899507,106,297.0,-111.0,20.0,True,-123.15795088943133,-101.18855653893993,-99.22357894194207,-47.76857820767049,37.17909917644918,17,calibration,2,dot,0.3,0,calibration
1.7630397999892011,107,240.0,-150.0,20.0,True,-111.40012887661358,-96.43408644908435,-106.23075472847555,-64.83933613568348,36.25182618155747,17,calibration,2,dot,0.3,0,calibration
1.7797895999974571,108,201.0,-171.0,20.0,True,-99.4393309072631,-92.27537915621114,-113.49029561207638,-82.54361743724358,35.200612137690214,17,calibration,2,dot,0.3,0,calibration
1.7962050999922212,109,163.0,-190.0,20.0,True,-87.5951121261539,-88.41246460043367,-121.15844311062696,-102.70465999764372,34.49959866759471,17,calibration,2,dot,0.3,0,calibration
1.8129538999928627,110,108.0,-207.0,20.0,True,-75.46570812963242,-84.57965463279447,-129.47687412092333,-124.30663611683137,32.37777352359942,17,calibration,2,dot,0.3,0,calibration
1.8303158999915468,111,76.0,-212.0,20.0,True,-63.62568182883513,-80.65181867555907,-137.99933949304489,-146.3755391939764,29.72609867958556,17,calibration,2,dot,0.3,0,calibration
1.8467173999961233,112,20.0,-208.0,20.0,True,-52.05565424724063,-76.48785505992491,-145.76341533629324,-166.5707708307265,24.116676541686004,17,calibration,2,dot,0.3,0,calibration
1.8632247999921674,113,-11.0,-196.0,20.0,True,-40.25035743660467,-71.56452690111414,-152.26723556217436,-185.89515808027357,13.541977903639877,17,calibration,2,dot,0.3,0,calibration
1.879737399998703,114,-43.0,-178.0,20.0,True,-27.75149451079824,-65.69480905079068,-157.04896675773048,-204.35823463809172,6.4885603044194955,17,calibration,2,dot,0.3,0,calibration
1.8962523999944096,115,-82.0,-145.0,20.0,True,-14.251492917351918,-59.08509832373088,-158.55171147100285,-221.93826005994774,-3.5399870710105787,17,calibration,2,dot,0.3,0,calibration
1.9128386999946088,116,-105.0,-117.0,20.0,True,-0.7946828136190014,-52.225516814347564,-155.65734435950756,-237.610019424118,-13.211598330401568,17,calibration,2,dot,0.3,0,calibration
1.9300858999922639,117,-125.0,-86.0,20.0,True,12.568292264036634,-45.280305876057824,-148.11896908889955,-250.58161112111452,-18.107990862820486,17,calibration,2,dot,0.3,0,calibration
1.946362799993949,118,-148.0,-40.0,20.0,True,25.973559503105406,-38.0328556422055,-137.00019531934007,-260.59344952531376,-19.256366984764277,17,calibration,2,dot,0.3,0,calibration
1.9630514999880688,119,-156.0,-7.0,20.0,True,39.86304599015466,-30.534289834341642,-122.43814400837074,-266.92985869268745,-17.163415987248257,17,calibration,2,dot,0.3,0,calibration
1.9798331999918446,120,-159.0,19.0,20.0,True,53.83413656934309,-22.737011168509596,-105.08130932161389,-269.8109145343883,-13.19568038144604,17,calibration,2,dot,0.3,0,calibration
1.9963988999952562,121,-157.0,70.0,20.0,True,67.36182394447152,-15.338286649829412,-85.36519427850655,-268.659369057605,-8.329613216959979,17,calibration,2,dot,0.3,0,calibration
2.012874899999588,122,-147.0,113.0,20.0,True,80.09465914206385,-8.179676812140457,-65.5607039570672,-264.8587386909574,-5.3751826141350865,17,calibration,2,dot,0.3,0,calibration
2.030594399999245,123,-106.0,204.0,20.0,True,91.51258365153961,-1.579621366073943,-47.337221199887225,-260.16354420733666,-3.733034582509318,17,calibration,2,dot,0.3,0,calibration
2.046216099988669,124,-67.0,268.0,20.0,True,101.08153265579644,4.639159170794021,-32.56989705142576,-256.16813623704195,-3.5264911167511426,17,calibration,2,dot,0.3,0,calibration
2.062838099998771,125,-10.0,340.0,20.0,True,108.36241855821726,10.323825229114048,-20.65616660377181,-252.71603431716142,-3.1472700277064503,17,calibration,2,dot,0.3,0,calibration
2.080009400000563,126,86.0,429.0,20.0,True,113.87815188966455,16.1958076752545,-11.284193219397864,-249.45705199460642,-1.6332284844565037,17,calibration,2,dot,0.3,0,calibration
2.096279699995648,127,160.0,478.0,20.0,True,118.1288256168271,22.299080169670148,-2.827464209992902,-245.19382888035506,1.2698312368191744,17,calibration,2,dot,0.3,0,calibration
2.113030599997728,128,231.0,518.0,20.0,True,121.44376515569893,29.152596193818702,5.632584477753866,-238.66260780782747,3.3672514216688243,17,calibration,2,dot,0.3,0,calibration
2.1296360999986064,129,324.0,553.0,20.0,True,124.05997099888386,36.58431189889229,15.966838506638066,-228.59572674521212,5.463307721360444,17,calibration,2,dot,0.3,0,calibration
2.146221599992714,130,388.0,565.0,20.0,True,125.99386261671917,44.91766653172236,27.693304190465895,-214.90843066454042,7.5543344294667,17,calibration,2,dot,0.3,0,calibration
2.163149299987708,131,436.0,575.0,20.0,True,127.41963672635912,53.61557057567818,38.9779830912468,-199.06446756357195,7.488675913519214,17,calibration,2,dot,0.3,0,calibration
2.1799799999862444,132,495.0,578.0,20.0,True,128.25019611636375,62.90525217818807,47.91221055183338,-184.20560737150328,8.37273342016018,17,calibration,2,dot,0.3,0,calibration
2.1964924999920186,133,524.0,577.0,20.0,True,128.69807761466706,73.40367319387971,53.65806406593302,-171.56615889970377,7.4811291404650335,17,calibration,2,dot,0.3,0,calibration
2.2133581999951275,134,562.0,573.0,20.0,True,128.06837108815338,84.43459843624692,56.67948303408846,-160.76561763196256,6.566073560191614,17,calibration,2,dot,0.3,0,calibration
2.2298932999983663,135,585.0,567.0,20.0,True,125.14609619237343,95.67378924436298,57.17858714268943,-150.292277503043,5.634291165460617,17,calibration,2,dot,0.3,0,calibration
2.2463770999893313,136,603.0,559.0,19.697715603592208,True,119.58429151162503,105.89971456006668,55.18008447154347,-139.08721660842232,4.591806707306885,17,calibration,2,dot,0.3,0,calibration
2.263658599986229,137,620.0,549.0,19.72308292331602,True,111.82244502023688,115.46288724386561,50.00159562271915,-126.44454254365577,2.780163274434279,17,calibration,2,dot,0.3,0,calibration
2.2798156999924686,138,633.0,538.0,17.029386365926403,True,103.12622063942018,124.09632841425672,41.16960478218449,-113.4316007011926,0.5733939058919824,17,calibration,2,dot,0.3,0,calibration
2.296899900000426,139,644.0,527.0,15.556349186104045,True,93.88833530321145,131.7195418076534,28.934397876264065,-102.17006317610013,-0.05750439701100053,17,calibration,2,dot,0.3,0,calibration
2.313721999991685,140,655.0,513.0,17.804493814764857,True,84.78145497969936,138.67045508669054,14.292651678468996,-95.1262199048528,1.2562999603052543,17,calibration,2,dot,0.3,0,calibration
2.330258399990271,141,660.0,501.0,13.0,True,75.33015357267007,144.86792913984166,-1.22277671310035,-92.9515638938151,4.144202612328305,17,calibration,2,dot,0.3,0,calibration
2.3468967999942834,142,663.0,484.0,17.26267650163207,True,63.95356781078147,151.15246273413854,-16.426247328847353,-92.8414275034788,7.723034503340367,17,calibration,2,dot,0.3,0,calibration
2.3633239999908255,143,662.0,467.0,17.029386365926403,True,49.27023459267713,157.26498575745086,-31.213627475670876,-93.28954122781332,7.124691431581295,17,calibration,2,dot,0.3,0,calibration
2.379721499994048,144,658.0,446.0,20.0,True,31.539789856360585,163.18593077736588,-45.52866170558079,-93.47209541123898,6.6659782564276835,17,calibration,2,dot,0.3,0,calibration
2.396470199993928,145,645.0,412.0,20.0,True,11.819637978108993,167.83213435619882,-60.66882315905502,-92.86487541927853,3.7200721320301176,17,calibration,2,dot,0.3,0,calibration
2.4129353999887826,146,634.0,387.0,20.0,True,-7.2366286568472304,171.33625049529655,-78.91405910618352,-90.2241786751214,0.7382474919150778,17,calibration,2,dot,0.3,0,calibration
2.4296018999884836,147,623.0,362.0,20.0,True,-24.87969869329979,173.93793835751333,-99.96929896052728,-85.93080997513529,-1.0631939275019247,17,calibration,2,dot,0.3,0,calibration
2.4464662999962457,148,606.0,327.0,20.0,True,-40.97408037432578,176.66850491708053,-121.86873990667021,-80.90956317724977,-1.1092726982506678,17,calibration,2,dot,0.3,0,calibration
2.4632333999907132,149,592.0,307.0,20.0,True,-57.951411608322864,179.26049067514538,-141.80452342641104,-76.65265030331038,-1.0701376335727197,17,calibration,2,dot,0.3,0,calibration
2.479791899997508,150,578.0,285.0,20.0,True,-76.34067547461402,181.4037233976671,-160.57056653191654,-73.23401840303893,-1.172388984815751,17,calibration,2,dot,0.3,0,calibration
2.496180199988885,151,547.0,250.0,20.0,True,-95.8990859273369,182.5828184349407,-179.58374323519138,-69.9458776483384,-1.8203273103278539,17,calibration,2,dot,0.3,0,calibration
2.5129532999999356,152,525.0,229.0,20.0,True,-115.18378952505641,182.8086603504379,-198.96803189012454,-66.00605962082668,-2.8776824029876047,17,calibration,2,dot,0.3,0,calibration
2.529527999999118,153,497.0,204.0,20.0,True,-134.59962617737617,182.1233125795476,-217.91840632061505,-60.75081058902049,-4.562767551790348,17,calibration,2,dot,0.3,0,calibration
2.5462504999886733,154,433.0,161.0,20.0,True,-153.92498944662515,180.5491480922906,-235.7238354988256,-53.1068810599447,-6.597088964770985,17,calibration,2,dot,0.3,0,calibration
2.56286099999852,155,384.0,137.0,20.0,True,-173.55492512726548,177.3685034098966,-252.96657770620976,-42.40805627320316,-8.513369123238842,17,calibration,2,dot,0.3,0,calibration
2.579556999990018,156,313.0,106.0,20.0,True,-192.54080657770584,172.91212168294498,-270.2418887620245,-29.132149090818675,-10.016039083411476,17,calibration,2,dot,0.3,0,calibration
2.5962552999990294,157,273.0,94.0,20.0,True,-209.51533374617838,167.59390413071958,-288.41300843760826,-12.003955177963768,-10.00061301116293,17,calibration,2,dot,0.3,0,calibration
2.6132316999864997,158,232.0,86.0,20.0,True,-224.24728557650016,161.98185648918817,-306.2532670977343,6.848565713638031,-8.997088600941312,17,calibration,2,dot,0.3,0,calibration
2.6301462999981595,159,186.0,81.0,20.0,True,-236.79607951286985,156.4502868492588,-323.41288426168205,26.501443914520195,-7.616243379305878,17,calibration,2,dot,0.3,0,calibration
2.646249399986118,160,155.0,85.0,20.0,True,-248.21023885976084,150.89267019498635,-338.3826218782326,44.84963440643807,-2.1909868575324665,17,calibration,2,dot,0.3,0,calibration
2.662690400000429,161,130.0,93.0,20.0,True,-259.60756034239307,145.4059722441887,-351.90693305249044,62.39932948315249,1.9362355793959307,17,calibration,2,dot,0.3,0,calibration
2.6796875,162,102.0,109.0,20.0,True,-270.80241135651977,139.4148347424527,-363.9757450513366,78.40446727696138,7.749447781656517,17,calibration,2,dot,0.3,0,calibration
2.6962672999943607,163,83.0,126.0,20.0,True,-281.796204241991,132.86865711403067,-374.5823146270742,92.65205580399609,13.613884152374991,17,calibration,2,dot,0.3,0,calibration
2.7126683999958914,164,69.0,143.0,20.0,True,-291.8756858962169,126.05251818449699,-384.5860530681344,105.34004584945927,18.111791518213586,17,calibration,2,dot,0.3,0,calibration
2.7294675999874016,165,56.0,169.0,20.0,True,-301.37549242078813,119.67202147707339,-383.41101413916664,113.99997472269784,22.10940986605598,17,calibration,2,dot,0.3,0,calibration
2.7461521999939578,166,53.0,194.0,20.0,True,-310.3478453458098,113.55002528288814,-381.17176138491453,121.27690762351183,26.412373673855264,17,calibration,2,dot,0.3,0,calibration
2.762688099988736,167,55.0,228.0,20.0,True,-319.25243209310617,107.5397094154363,-379.2506203961693,127.15725275862424,27.075986289767844,17,calibration,2,dot,0.3,0,calibration
2.7796378999919398,168,83.0,317.0,20.0,True,-327.97491315167093,101.39096664880998,-377.76507053356124,131.50494851819667,26.113345723319267,17,calibration,2,dot,0.3,0,calibration
2.796669199989992,169,114.0,379.0,20.0,True,-336.1475896064962,94.97651542181521,-376.6092234942166,134.77942268418866,22.623462758825205,17,calibration,2,dot,0.3,0,calibration
2.812738399996306,170,156.0,430.0,20.0,True,-343.12184071272014,87.97122431718212,-375.87258038752293,136.82033223474156,16.799906617648134,17,calibration,2,dot,0.3,0,calibration
2.829312599991681,171,190.0,455.0,20.0,True,-348.38490794176823,79.65991263584239,-375.72021728000607,137.238181010479,8.102664481557891,17,calibration,2,dot,0.3,0,calibration
2.8463582999975188,172,221.0,474.0,20.0,True,-352.0636896409671,70.03550227841966,-376.1211578591933,136.1355009197078,2.0368669259452155,17,calibration,2,dot,0.3,0,calibration
2.8627221999922767,173,273.0,490.0,20.0,True,-354.0821169553954,59.59855304656958,-377.3830839660442,132.59716413361804,-9.590658556268782,17,calibration,2,dot,0.3,0,calibration
2.8793255999917164,174,299.0,493.0,20.0,True,-355.1164933023382,48.53399027668355,-379.4246528052886,126.6370121393672,-15.343967696866446,17,calibration,2,dot,0.3,0,calibration
2.896410899993498,175,334.0,494.0,20.0,True,-355.4532323596712,36.90848371766093,-382.03217913143,118.53866081616998,-14.545686957897175,17,calibration,2,dot,0.3,0,calibration
2.9129185999918263,176,359.0,488.0,20.0,True,-355.202520411016,24.745756957848954,-384.8486516208174,109.04822486239162,-11.542510404538351,17,calibration,2,dot,0.3,0,calibration
2.9297181999863824,177,380.0,482.0,20.0,True,-353.8596428260598,11.872435045464545,-387.8232796489778,97.94439117331197,-11.086818070373262,17,calibration,2,dot,0.3,0,calibration
2.946269399995799,178,405.0,466.0,20.0,True,-351.1392935182771,-2.0811329585841154,-390.6028690887052,86.19395953123298,-9.675321198118745,17,calibration,2,dot,0.3,0,calibration
2.963309399987338,179,417.0,456.0,15.620499351813308,True,-346.64725009977394,-17.396996845648186,-393.1808170076326,73.54485119442784,-6.133630405204328,17,calibration,2,dot,0.3,0,calibration
2.979717799986247,180,428.0,448.0,13.601470508735444,True,-340.7319298121189,-33.11387217752753,-394.2345978734948,60.09467882401685,-4.245584126932216,17,calibration,2,dot,0.3,0,calibration
2.996477099994081,181,443.0,429.0,20.0,True,-333.52167968385174,-48.77418704929307,-394.33483355033144,44.291120251109504,-3.823097984671193,17,calibration,2,dot,0.3,0,calibration
0.000574399993638508,1,127.0,145.0,20.0,True,-294.5432427568973,-1.4758566692159751,299.8956054725084,-3.203293812705888,-24.258710046948476,18,calibration,2,dot,0.3,0,calibration
0.012663299989071675,2,127.0,145.0,0.0,False,-282.602660269777,-4.851308236902203,297.34922187485984,-9.94118208971586,0.0,18,calibration,2,dot,0.3,0,calibration
0.029223899997305125,3,189.0,186.0,20.0,True,-269.63576238170003,-9.14757807997625,293.29684161994584,-17.358558798486992,-30.04556896014771,18,calibration,2,dot,0.3,0,calibration
0.04592789999151137,4,237.0,208.0,20.0,True,-256.6995410928277,-13.534761726321594,287.7773122283134,-25.02219290298975,-31.92917271178867,18,calibration,2,dot,0.3,0,calibration
0.06271869999181945,5,279.0,215.0,20.0,True,-243.42818710363625,-18.04877298783855,281.6029811338833,-32.921047993567115,-32.3582083194205,18,calibration,2,dot,0.3,0,calibration
0.07964060000085738,6,326.0,210.0,20.0,True,-229.54651585937634,-22.061046260872732,275.5705688289046,-41.02775722446607,-29.868449888580265,18,calibration,2,dot,0.3,0,calibration
0.09627749999344815,7,348.0,194.0,20.0,True,-214.9287825059025,-25.647203404529844,269.1288018699869,-49.18887230403399,-19.29951713520146,18,calibration,2,dot,0.3,0,calibration
0.1125908999965759,8,365.0,167.0,20.0,True,-200.51406641081394,-28.327706822975646,261.30108076019945,-56.80083125844283,-9.411388061836893,18,calibration,2,dot,0.3,0,calibration
0.12939309999637771,9,368.0,146.0,20.0,True,-185.83868724753364,-30.963775729560258,250.28182969085356,-64.03914906440609,2.221853712473486,18,calibration,2,dot,0.3,0,calibration
0.1460742999915965,10,364.0,120.0,20.0,True,-170.72316758336183,-33.21495450743737,235.88875777728555,-70.5409834627933,11.005390927620022,18,calibration,2,dot,0.3,0,calibration
0.16268979999586008,11,339.0,72.0,20.0,True,-154.53612324257585,-35.25755413035564,219.32603511388618,-75.61953829039214,20.97810318715386,18,calibration,2,dot,0.3,0,calibration
0.17927739999140613,12,313.0,37.0,20.0,True,-137.93183246736405,-36.50596601380839,202.44062397021736,-78.62721341309422,25.246296138659243,18,calibration,2,dot,0.3,0,calibration
0.19645170000148937,13,283.0,1.0,20.0,True,-121.03178057793146,-37.33217518140219,185.78388269288044,-79.42879403030695,25.565598273753395,18,calibration,2,dot,0.3,0,calibration
0.21302499999001157,14,219.0,-47.0,20.0,True,-103.71570272078823,-37.69920139173709,168.63029897337836,-77.44917418552349,30.26088463945653,18,calibration,2,dot,0.3,0,calibration
0.23046799999428913,15,181.0,-66.0,20.0,True,-85.76766695145093,-37.843231165689716,151.91391191282455,-72.73850170751285,32.60814153746861,18,calibration,2,dot,0.3,0,calibration
0.2463889999926323,16,127.0,-81.0,20.0,True,-66.65348233224944,-37.89675570664022,136.00015811005463,-65.42008823073819,34.52651395783275,18,calibration,2,dot,0.3,0,calibration
0.26319599999987986,17,101.0,-85.0,20.0,True,-46.65958829417707,-38.198676725285395,122.17424303913724,-56.205424490504996,34.481604508762366,18,calibration,2,dot,0.3,0,calibration
0.2801174999913201,18,73.0,-84.0,20.0,True,-25.839637587267713,-38.64355117297278,111.10792013797996,-46.01414648501268,35.18396039681879,18,calibration,2,dot,0.3,0,calibration
0.29614700000092853,19,43.0,-75.0,20.0,True,-3.2141123453233966,-39.14966225319477,103.31017870200857,-35.43019461420961,35.26980477419543,18,calibration,2,dot,0.3,0,calibration
0.31273209999199025,20,29.0,-67.0,16.1245154965971,True,20.20537262142189,-39.39688213597874,98.51045032237982,-24.43624018387096,27.016943340909613,18,calibration,2,dot,0.3,0,calibration
0.32975369998894166,21,16.0,-55.0,17.69180601295413,True,43.08745140345805,-39.356142993244845,96.51082847516341,-10.044123575019164,26.65345925073202,18,calibration,2,dot,0.3,0,calibration
0.34647160000167787,22,1.0,-29.0,20.0,True,64.3468388793222,-39.175148770296786,98.06919788806678,7.910387207520067,26.241206030068483,18,calibration,2,dot,0.3,0,calibration
0.3625103999947896,23,-5.0,-10.0,19.924858845171276,True,84.18623535912337,-38.93717138501719,103.39495899136955,29.137739181750625,22.740415665421253,18,calibration,2,dot,0.3,0,calibration
0.37941599999612663,24,-6.0,11.0,20.0,True,103.35822518252176,-38.81895341871977,111.90409225571547,50.54138438556776,19.040785703017054,18,calibration,2,dot,0.3,0,calibration
0.39604169999074657,25,-1.0,50.0,20.0,True,121.13228229342683,-38.77059195422577,123.47748140151322,72.12473501781999,16.087425788939488,18,calibration,2,dot,0.3,0,calibration
0.41349789999367204,26,12.0,79.0,20.0,True,137.6190656678105,-38.4697038010958,137.05268866923842,91.967105332322,11.169126418846126,18,calibration,2,dot,0.3,0,calibration
0.43019810000259895,27,46.0,122.0,20.0,True,152.64800996108485,-38.02503601408981,151.5364511164951,109.18149623033857,7.12748603278337,18,calibration,2,dot,0.3,0,calibration
0.4464843000023393,28,90.0,164.0,20.0,True,166.25884040805772,-37.51896629665654,164.95929798802527,123.48855186893547,4.999393808708201,18,calibration,2,dot,0.3,0,calibration
0.4638822999986587,29,135.0,194.0,20.0,True,179.05047467259297,-37.27175469715865,177.9379166741207,135.85170974941673,2.8488011863628504,18,calibration,2,dot,0.3,0,calibration
0.4794122999883257,30,223.0,232.0,20.0,True,191.20825440072946,-37.17121319765514,191.09624556061894,147.4924897359178,0.579497487225642,18,calibration,2,dot,0.3,0,calibration
0.49740969999402296,31,282.0,253.0,20.0,True,203.21604016926688,-37.13322018489306,204.46932156267127,159.11877527044382,-0.24343266335073777,18,calibration,2,dot,0.3,0,calibration
0.5130018999916501,32,350.0,280.0,20.0,True,214.62056986697468,-37.11936193283916,217.67832682337607,171.13582131471188,0.11914821147966936,18,calibration,2,dot,0.3,0,calibration
0.5295075999893015,33,443.0,315.0,20.0,True,225.42124369759875,-36.54927019450471,231.99968635266742,183.46103503513538,-0.28078791520873336,18,calibration,2,dot,0.3,0,calibration
0.5461858999915421,34,489.0,330.0,20.0,True,234.5192016997897,-35.67156060546636,247.0581643387707,195.79332223500313,-0.8826881520632357,18,calibration,2,dot,0.3,0,calibration
0.5630907000013394,35,526.0,341.0,20.0,True,242.72293590703816,-34.38103293728143,262.646915428162,207.8249432142049,-1.1650007851480026,18,calibration,2,dot,0.3,0,calibration
0.5796819999959553,36,563.0,349.0,20.0,True,250.55403713505862,-33.450117785713324,276.43881800648245,218.24143220549982,-1.7640576615588666,18,calibration,2,dot,0.3,0,calibration
0.5961678000021493,37,574.0,352.0,11.40175425099138,True,258.6666327980982,-32.03947527057702,288.0917327625529,227.0519078357669,-0.7676828106141976,18,calibration,2,dot,0.3,0,calibration
0.6129255999985617,38,579.0,352.0,5.0,True,266.9601347089444,-30.05724522401595,297.53531326422296,233.617398580295,-0.7576947179741567,18,calibration,2,dot,0.3,0,calibration
0.629433499998413,39,583.0,352.0,4.0,True,275.3334304456327,-27.37037604267242,305.25908721849004,238.7544267075959,-0.4780981460990468,18,calibration,2,dot,0.3,0,calibration
0.6466452999884496,40,585.0,352.0,2.0,True,284.02051395448694,-24.19468416174871,311.91246889078644,242.79048166497188,-0.16844698072316255,18,calibration,2,dot,0.3,0,calibration
0.6632628999941517,41,585.0,352.0,0.0,False,293.15715977552264,-20.234335324892527,316.3182233140467,244.83214984851332,0.0,18,calibration,2,dot,0.3,0,calibration
0.6801774999912595,42,584.0,349.0,3.1622776601683795,True,302.5190997242063,-15.594078145945003,319.1096583160669,241.18255734899867,1.3803546844992718,18,calibration,2,dot,0.3,0,calibration
0.6964671999885468,43,572.0,341.0,14.422205101855956,True,313.52758741038866,-10.069668155164354,322.8468831487315,236.15649481043147,4.271487253010848,18,calibration,2,dot,0.3,0,calibration
0.7129209999984596,44,504.0,307.0,20.0,True,325.84975267120865,-4.10656770182188,327.630177921843,229.4743264831634,5.2082344192212044,18,calibration,2,dot,0.3,0,calibration
0.7295567999972263,45,424.0,275.0,20.0,True,339.2030291644031,1.8946395064517372,333.1371771948567,221.40375148276655,4.057063417619451,18,calibration,2,dot,0.3,0,calibration
0.7464997999923071,46,363.0,249.0,20.0,True,351.7599186813329,7.603532492259076,338.98949354788743,212.33493180385278,4.520810925754393,18,calibration,2,dot,0.3,0,calibration
0.7630803999927593,47,263.0,213.0,20.0,True,363.10020606180325,13.00770288021524,344.7032036313599,202.92782314477543,3.7157196087091116,18,calibration,2,dot,0.3,0,calibration
0.779955299993162,48,202.0,187.0,20.0,True,373.5445447502604,18.82986704552406,350.4929962778154,192.7554397681147,4.784325900613728,18,calibration,2,dot,0.3,0,calibration
0.7958314999996219,49,128.0,151.0,20.0,True,383.5812738076623,24.761976067576885,356.78476670465477,180.84421541068187,6.03548887216353,18,calibration,2,dot,0.3,0,calibration
0.812682899995707,50,17.0,88.0,20.0,True,393.8803808843734,30.866577499073763,362.989850709965,168.04275730169775,7.190515323095132,18,calibration,2,dot,0.3,0,calibration
0.8294752999936463,51,-47.0,52.0,20.0,True,398.3052208286971,36.78248306738956,368.8344600740622,154.79386635740792,7.023982790413237,18,calibration,2,dot,0.3,0,calibration
0.8458382999961032,52,-148.0,-8.0,20.0,True,397.6891709895954,42.93394085811755,373.8552817829227,142.24003755276325,7.137189911788537,18,calibration,2,dot,0.3,0,calibration
0.8628399000008358,53,-197.0,-32.0,20.0,True,396.94538499635553,49.33924736044396,378.13235880561126,130.44508125684348,5.133254160976087,18,calibration,2,dot,0.3,0,calibration
0.8791818999889074,54,-233.0,-49.0,20.0,True,396.1120921815356,55.63461537178669,381.78678589207067,119.3266530084632,4.740420440673678,18,calibration,2,dot,0.3,0,calibration
0.896356699988246,55,-272.0,-70.0,20.0,True,395.128994800096,62.234053927618326,385.11732976515543,108.09552402646705,5.96558760742907,18,calibration,2,dot,0.3,0,calibration
0.9126372999890009,56,-292.0,-84.0,20.0,True,393.9308300156234,69.41542453375932,388.24711061995566,96.25061607727979,8.350836535135414,18,calibration,2,dot,0.3,0,calibration
0.9295617000025231,57,-308.0,-96.0,20.0,True,392.57670860494056,76.7041580418663,390.849527187772,85.0684847466739,8.585938583485271,18,calibration,2,dot,0.3,0,calibration
0.946133599994937,58,-325.0,-109.0,20.0,True,391.1777249525781,83.54631949359087,392.6007620901915,76.58094806282348,7.028261951428187,18,calibration,2,dot,0.3,0,calibration
0.9631763999932446,59,-334.0,-114.0,10.295630140987,True,389.7459158219656,89.98956106181045,393.15139346074136,73.7019797554811,0.9772445632383534,18,calibration,2,dot,0.3,0,calibration
0.979498100001365,60,-347.0,-122.0,15.264337522473747,True,388.25064705707496,96.23634999189532,392.8068346801539,75.51682348032307,0.35000824982392037,18,calibration,2,dot,0.3,0,calibration
0.9962433999899076,61,-356.0,-128.0,10.816653826391969,True,386.74166448310933,102.13170395540324,391.8201333127481,80.47970632886474,-0.013762397322159638,18,calibration,2,dot,0.3,0,calibration
1.0125970999943092,62,-362.0,-133.0,7.810249675906654,True,385.1882664540915,107.84247487002415,390.518907046545,86.57357125111548,0.017764101500947867,18,calibration,2,dot,0.3,0,calibration
1.0295578999939607,63,-373.0,-140.0,13.038404810405298,True,383.5039887470525,113.68680932764615,388.5832132702467,94.88459498027042,0.4285877943926484,18,calibration,2,dot,0.3,0,calibration
1.045923400000902,64,-377.0,-143.0,5.0,True,381.7807555389522,119.34594546991066,386.26439953049004,103.9221518991496,0.3468930698984507,18,calibration,2,dot,0.3,0,calibration
1.0630091999919387,65,-381.0,-146.0,5.0,True,379.99032584275983,124.92938912006746,383.4333556387469,113.92480758645264,0.9506655479659698,18,calibration,2,dot,0.3,0,calibration
1.0794650000025285,66,-385.0,-148.0,4.47213595499958,True,378.10408962672324,130.5269987686334,380.21408735192057,124.2467214019998,2.0847407685516686,18,calibration,2,dot,0.3,0,calibration
1.0969302000012249,67,-385.0,-149.0,1.0,True,376.11439528986,136.1541833942056,377.3205274361985,132.7750713623193,-0.1750018583071451,18,calibration,2,dot,0.3,0,calibration
1.1127393999922788,68,-387.0,-150.0,2.23606797749979,True,373.83928508902807,142.28207520318358,373.7321170642519,142.56333566058387,1.4544664548694906,18,calibration,2,dot,0.3,0,calibration
1.129596999991918,69,-387.0,-150.0,0.0,False,371.16295488155407,149.12431365673876,369.72338128909394,152.6585121379063,0.0,18,calibration,2,dot,0.3,0,calibration
1.1460916999931214,70,-387.0,-150.0,0.0,False,368.1607201043393,156.3895270542574,365.8381398816544,161.74812335211521,0.0,18,calibration,2,dot,0.3,0,calibration
1.1632603999896673,71,-387.0,-150.0,0.0,False,365.21552748824803,163.1490682826009,361.11787133381586,170.20366489030937,0.0,18,calibration,2,dot,0.3,0,calibration
1.179243199992925,72,-387.0,-150.0,0.0,False,362.29019689192154,169.5459030351744,355.0635926454053,178.02524250536726,0.0,18,calibration,2,dot,0.3,0,calibration
1.1959767999942414,73,-387.0,-150.0,0.0,False,358.81227785430707,176.78729949010338,345.65737486959625,187.2549125098184,0.0,18,calibration,2,dot,0.3,0,calibration
1.2124037999892607,74,-387.0,-150.0,0.0,False,354.5364168063736,185.2131992005357,332.135389781054,197.89480618418133,0.0,18,calibration,2,dot,0.3,0,calibration
1.229417900001863,75,-387.0,-150.0,0.0,False,349.52285035175044,194.50906683748167,313.3316938104333,209.3103223065926,0.0,18,calibration,2,dot,0.3,0,calibration
1.2460410999919986,76,-387.0,-150.0,0.0,False,344.17037451685167,203.83020704726286,290.92550159801743,219.57522666572152,0.0,18,calibration,2,dot,0.3,0,calibration
1.2624838999909116,77,-387.0,-150.0,0.0,False,338.48125681065363,213.1441737131942,266.4148267300879,227.57594663401247,0.0,18,calibration,2,dot,0.3,0,calibration
1.2795530000003055,78,-387.0,-150.0,0.0,False,332.7731696725512,221.95048444660682,240.90029524169728,231.84919469255942,0.0,18,calibration,2,dot,0.3,0,calibration
1.2960102999932133,79,-387.0,-150.0,0.0,False,326.0310566789991,231.7406957803814,215.17808819164767,232.9494694489996,0.0,18,calibration,2,dot,0.3,0,calibration
1.3123467999976128,80,-387.0,-150.0,0.0,False,318.4673284097016,242.03008229471652,190.39758851466127,231.38274116071096,0.0,18,calibration,2,dot,0.3,0,calibration
1.3297004999913042,81,-387.0,-150.0,0.0,False,309.5065265933001,253.38845671448968,167.23379004757345,226.59995139188226,0.0,18,calibration,2,dot,0.3,0,calibration
1.3459240999945905,82,-387.0,-150.0,0.0,False,300.0418257853221,264.5276975657,147.25883925431953,219.24935905334416,0.0,18,calibration,2,dot,0.3,0,calibration
1.3626399999920977,83,-387.0,-150.0,0.0,False,289.4525739463822,276.0746410589248,130.20594225608775,209.23311115228864,0.0,18,calibration,2,dot,0.3,0,calibration
1.3799719999951776,84,-387.0,-150.0,0.0,False,278.080186004232,287.0191315705091,116.8039711355995,198.22619656229125,0.0,18,calibration,2,dot,0.3,0,calibration
1.3957989999908023,85,-423.0,-170.0,20.0,True,264.73751559680903,297.4018898449762,105.19522284105209,187.15064145062814,11.52144178956378,18,calibration,2,dot,0.3,0,calibration
1.4124975000013364,86,-534.0,-226.0,20.0,True,249.85945817235398,306.3021970343094,95.99872843761312,176.27295994670834,7.708971145155205,18,calibration,2,dot,0.3,0,calibration
1.4292951999959769,87,-629.0,-276.0,20.0,True,232.15562312135734,314.0026304754684,89.24830976059813,165.27921154972424,4.684500010286614,18,calibration,2,dot,0.3,0,calibration
1.4458777999971062,88,-773.0,-338.0,20.0,True,213.00508746695496,319.3102349966471,84.27909337043126,155.05855154265004,-0.44475058033239145,18,calibration,2,dot,0.3,0,calibration
1.4624786999920616,89,-865.0,-377.0,20.0,True,191.98513019069142,322.679363260961,80.61219038615114,145.59490427138314,-3.0149143596788286,18,calibration,2,dot,0.3,0,calibration
1.480263699995703,90,-947.0,-417.0,20.0,True,168.90800164344643,324.16085148985115,78.14932040628797,136.58066186284324,-4.180658222667377,18,calibration,2,dot,0.3,0,calibration
1.4961024999938672,91,-960.0,-473.0,20.0,True,142.00464235770104,324.7398310372387,78.68437781270471,126.65981205418596,15.107731573912986,18,calibration,2,dot,0.3,0,calibration
1.5134841999970376,92,-960.0,-508.0,20.0,True,112.57572894415114,324.6720010069805,81.45682620524865,116.08990435799757,19.299488961615406,18,calibration,2,dot,0.3,0,calibration
1.5302803999948082,93,-960.0,-553.0,20.0,True,83.2971376358494,323.3226251981755,86.52059086588771,103.03520755820409,17.725616858150126,18,calibration,2,dot,0.3,0,calibration
1.5464881999942008,94,-960.0,-576.0,20.0,True,56.538529116773326,320.6072643683572,93.52054027527956,87.9850065447441,16.115334832957856,18,calibration,2,dot,0.3,0,calibration
1.5635254999942845,95,-960.0,-591.0,15.0,True,31.861800097651546,315.81749695498456,102.09385666068488,71.03148155897564,10.5276095906012,18,calibration,2,dot,0.3,0,calibration
1.580086999994819,96,-960.0,-599.0,8.0,True,8.01242370560928,309.27601335888016,111.59121814756799,53.81301118521585,4.8889387618194124,18,calibration,2,dot,0.3,0,calibration
1.596290899993619,97,-960.0,-599.0,0.0,False,-14.11481728004047,300.7860359019258,125.3520809131669,38.52218170354722,0.0,18,calibration,2,dot,0.3,0,calibration
1.6129514999920502,98,-960.0,-599.0,0.0,False,-34.08125775222413,290.78187774369707,141.0281049502005,23.530812563300014,0.0,18,calibration,2,dot,0.3,0,calibration
1.6293304999999236,99,-960.0,-599.0,0.0,False,-50.71929057805626,279.2336209541296,158.34611566870208,9.0620412326599,0.0,18,calibration,2,dot,0.3,0,calibration
1.6464674000017112,100,-960.0,-599.0,0.0,False,-64.54769681314127,267.50723177701326,176.6302895667193,-4.745999939178459,0.0,18,calibration,2,dot,0.3,0,calibration
1.6630364000011468,101,-960.0,-599.0,0.0,False,-75.65097393206473,256.07352129623774,195.3309141457674,-17.832957782930947,0.0,18,calibration,2,dot,0.3,0,calibration
1.679433400000562,102,-953.0,-599.0,7.0,True,-84.3218454772551,245.51966487882595,214.6045869491483,-27.759360602417978,10.6668205392605,18,calibration,2,dot,0.3,0,calibration
1.6963026000012178,103,-942.0,-599.0,11.0,True,-91.56308838972465,233.31000614777713,232.39455544474217,-36.64228411295871,15.452570061147885,18,calibration,2,dot,0.3,0,calibration
1.7131997999968007,104,-907.0,-599.0,20.0,True,-97.48189243111125,219.42165484654475,249.71252770805592,-45.47089437525513,25.659237776601074,18,calibration,2,dot,0.3,0,calibration
1.7297375999914948,105,-869.0,-599.0,20.0,True,-102.20829988709467,204.443364188367,267.87903040937516,-55.086333642498914,23.69509465581431,18,calibration,2,dot,0.3,0,calibration
1.7465747999958694,106,-819.0,-594.0,20.0,True,-105.52376612618471,189.40696227173072,286.2908144924294,-64.68421679219098,22.95552288232255,18,calibration,2,dot,0.3,0,calibration
1.762901599999168,107,-721.0,-556.0,20.0,True,-107.4402709437141,174.55617722057804,303.97209208729294,-73.12180678265938,23.272895283301974,18,calibration,2,dot,0.3,0,calibration
1.7794590999983484,108,-651.0,-524.0,20.0,True,-108.54483056191795,159.8115492335334,319.3050614051881,-80.27373447498037,22.620230418553398,18,calibration,2,dot,0.3,0,calibration
1.7963139999919804,109,-587.0,-485.0,20.0,True,-109.01818301470308,145.1123144511643,334.1722376663803,-86.94812308361409,22.270036846776886,18,calibration,2,dot,0.3,0,calibration
1.8127087999891955,110,-487.0,-408.0,20.0,True,-109.20120769046059,130.14805033158012,349.1758745054072,-93.81091675737326,21.729891756995055,18,calibration,2,dot,0.3,0,calibration
1.8294397999998182,111,-424.0,-359.0,20.0,True,-109.26873659043234,114.32843103895269,365.6229981667942,-101.97483930151361,21.027578960333177,18,calibration,2,dot,0.3,0,calibration
1.8469987999997102,112,-365.0,-314.0,20.0,True,-109.15178345546424,97.4917892441583,383.7393829412855,-111.25018403665948,20.645766575974175,18,calibration,2,dot,0.3,0,calibration
1.862682799997856,113,-291.0,-253.0,20.0,True,-108.94144990558422,80.15565993528514,383.0857340455652,-115.08831552668815,20.67961715565877,18,calibration,2,dot,0.3,0,calibration
1.8796435999975074,114,-237.0,-216.0,20.0,True,-108.6926708699485,62.05087485822219,381.88685741000654,-119.0060004264882,20.576256269393674,18,calibration,2,dot,0.3,0,calibration
1.8960575999954017,115,-180.0,-166.0,20.0,True,-108.57056574884035,43.13444632669173,380.55186946299455,-123.20825722418103,19.863243537198557,18,calibration,2,dot,0.3,0,calibration
1.9125802999915322,116,-150.0,-143.0,20.0,True,-108.23825785942637,23.684137496327878,378.9424153987934,-128.07281449132086,18.657342921951468,18,calibration,2,dot,0.3,0,calibration
1.9295832999923732,117,-126.0,-124.0,20.0,True,-107.7814712734271,4.985985661965174,376.88001285880847,-134.02035631777883,16.640660752211033,18,calibration,2,dot,0.3,0,calibration
1.9462644000013825,118,-98.0,-103.0,20.0,True,-106.9883709927883,-12.272132085131748,374.5993200795623,-140.2688468475078,14.907165952086132,18,calibration,2,dot,0.3,0,calibration
1.9628761999920243,119,-84.0,-93.0,17.204650534085253,True,-106.01901168885881,-28.367035166003962,372.46388897368666,-145.84461392385123,12.137633663317663,18,calibration,2,dot,0.3,0,calibration
1.9796194999944419,120,-74.0,-85.0,12.806248474865697,True,-104.97625188074413,-43.64040796126212,371.07322288359626,-149.34745815975876,9.661671977767469,18,calibration,2,dot,0.3,0,calibration
1.9962241999892285,121,-66.0,-81.0,8.94427190999916,True,-104.18802453225705,-57.695670310171025,370.5429825361523,-150.65821614904624,8.339611203607877,18,calibration,2,dot,0.3,0,calibration
2.013267399990582,122,-63.0,-80.0,3.1622776601683795,True,-103.8274926771572,-71.13847903358082,370.6782360448069,-150.3251320395576,3.4111002521328775,18,calibration,2,dot,0.3,0,calibration
2.0299934999929974,123,-63.0,-80.0,0.0,False,-103.11924686064819,-84.75355290215919,371.0223231791299,-149.47386294185782,0.0,18,calibration,2,dot,0.3,0,calibration
2.0466906999936327,124,-62.0,-80.0,1.0,True,-102.18981968082707,-98.5062443543652,371.9532370440729,-147.14207233974818,0.9242791298663714,18,calibration,2,dot,0.3,0,calibration
2.0632800000021234,125,-69.0,-87.0,9.899494936611665,True,-100.31538891258558,-112.04000231210553,371.72250407073653,-147.72399929389022,-9.388372670965522,18,calibration,2,dot,0.3,0,calibration
2.079976399996667,126,-117.0,-122.0,20.0,True,-97.79540656349536,-125.4437136170358,371.5943637857134,-148.04603609246308,-18.75233533523501,18,calibration,2,dot,0.3,0,calibration
2.0964220999885583,127,-195.0,-158.0,20.0,True,-94.56267418817902,-139.49763612078084,371.85346684876777,-147.3940269907582,-18.694367167046547,18,calibration,2,dot,0.3,0,calibration
2.113186999995378,128,-266.0,-184.0,20.0,True,-90.98311790909788,-153.91827804957072,372.4209198681073,-145.95430259020384,-18.66105194469501,18,calibration,2,dot,0.3,0,calibration
2.1298540999996476,129,-368.0,-213.0,20.0,True,-87.40398328743126,-167.92997166762004,373.72447907794447,-142.58335715615294,-19.324881825779705,18,calibration,2,dot,0.3,0,calibration
2.146864499998628,130,-431.0,-226.0,20.0,True,-83.70807594795674,-180.70209723646212,375.617860648371,-137.51808158180847,-18.364717992757775,18,calibration,2,dot,0.3,0,calibration
2.1628949000005377,131,-482.0,-235.0,20.0,True,-79.3827848870707,-192.11467524674438,378.6650380246689,-128.89060857089657,-14.950219216782369,18,calibration,2,dot,0.3,0,calibration
2.17969119999907,132,-573.0,-254.0,20.0,True,-74.29565996170626,-202.86627186326322,382.62800430881555,-116.60107340266201,-10.541713792245211,18,calibration,2,dot,0.3,0,calibration
2.196582699994906,133,-613.0,-260.0,20.0,True,-68.83358327137742,-212.78436783171324,387.4658332279404,-99.34902154011354,-2.6733950322885605,18,calibration,2,dot,0.3,0,calibration
2.213128499992308,134,-676.0,-269.0,20.0,True,-64.20758759937853,-222.29030714128882,391.6699769618791,-78.67127021364989,-0.596123494859121,18,calibration,2,dot,0.3,0,calibration
2.229536500002723,135,-712.0,-274.0,20.0,True,-60.49153001895727,-231.20405842589966,393.52868716860576,-55.72476944272543,0.741353346143766,18,calibration,2,dot,0.3,0,calibration
2.246092699992005,136,-762.0,-281.0,20.0,True,-57.21741271762049,-240.10352186820018,393.21142472589435,-32.70963272198271,1.7367013562192712,18,calibration,2,dot,0.3,0,calibration
2.262835299989092,137,-818.0,-289.0,20.0,True,-53.84010229807073,-249.03658015897759,390.90263758332395,-11.255850345904271,3.662312241461749,18,calibration,2,dot,0.3,0,calibration
2.279733799994574,138,-852.0,-291.0,20.0,True,-50.37509984396792,-257.989115765379,387.2231098342499,6.81136593971668,8.944781102915059,18,calibration,2,dot,0.3,0,calibration
2.296535000001313,139,-880.0,-291.0,20.0,True,-46.727807986486305,-267.7977060718774,382.73279154019303,21.17676551760389,12.937486898854566,18,calibration,2,dot,0.3,0,calibration
2.313052699988475,140,-911.0,-294.0,20.0,True,-42.84511309691543,-278.07576305133557,378.15609322205904,32.37155582849096,10.98277700182843,18,calibration,2,dot,0.3,0,calibration
2.3297448999946937,141,-925.0,-294.0,14.0,True,-38.84570679793208,-288.8346674772138,373.13800510192567,41.91656146283476,11.392843068618285,18,calibration,2,dot,0.3,0,calibration
2.3460152999905404,142,-936.0,-294.0,11.0,True,-35.08115204131716,-299.2600461209178,367.50735189781096,50.15668488866592,9.941966042007467,18,calibration,2,dot,0.3,0,calibration
2.3626377999898978,143,-944.0,-294.0,8.0,True,-31.4539354316638,-310.17473777642425,360.63982687854696,57.98091234256054,7.800238581351733,18,calibration,2,dot,0.3,0,calibration
2.3791858999902615,144,-947.0,-294.0,3.0,True,-27.885815194873494,-322.5121568143706,352.9519345455522,65.1038647548398,3.034111305551187,18,calibration,2,dot,0.3,0,calibration
2.3960482999973465,145,-948.0,-294.0,1.0,True,-24.764431200819114,-335.88038860713175,344.31380326103607,71.8143268450039,1.0170870127649057,18,calibration,2,dot,0.3,0,calibration
2.4128682000009576,146,-950.0,-294.0,2.0,True,-22.73230921006641,-350.28110570886844,335.4903397771255,77.87568350895393,1.9279566233301546,18,calibration,2,dot,0.3,0,calibration
2.4297337000025436,147,-950.0,-294.0,0.0,False,-21.833138994736252,-365.17753283770463,328.15670885858566,84.73174220734843,0.0,18,calibration,2,dot,0.3,0,calibration
2.4470613000012236,148,-948.0,-292.0,2.8284271247461903,True,-21.480843915657392,-381.1220203257145,324.07872772966914,93.30364499678996,2.9021694066373374,18,calibration,2,dot,0.3,0,calibration
2.4632042000012007,149,-929.0,-280.0,20.0,True,-21.77387044518573,-397.74952361202253,320.8018126690476,103.05997234629373,15.71620430661103,18,calibration,2,dot,0.3,0,calibration
2.4805603999993764,150,-870.0,-244.0,20.0,True,-21.83115730103831,-399.4038064051184,317.7087975845459,115.20893632626228,17.184433131029788,18,calibration,2,dot,0.3,0,calibration
2.496661299999687,151,-742.0,-167.0,20.0,True,-23.850782059331024,-399.2882920837503,314.2766910975008,131.43785628453193,19.532930080359613,18,calibration,2,dot,0.3,0,calibration
2.513080499993521,152,-648.0,-123.0,20.0,True,-27.531860460751485,-399.0513709531264,310.07823929752715,151.34906665367302,17.261700626260776,18,calibration,2,dot,0.3,0,calibration
2.529957899998408,153,-561.0,-77.0,20.0,True,-32.53964872659162,-398.67426711633897,303.266165428397,174.04459880668955,18.35223268710569,18,calibration,2,dot,0.3,0,calibration
2.546466899992083,154,-430.0,-8.0,20.0,True,-37.72375081515765,-398.2171752002114,294.848941995262,194.38501198720147,17.089300752408793,18,calibration,2,dot,0.3,0,calibration
2.563294199993834,155,-334.0,31.0,20.0,True,-42.783290341604115,-397.70540613316535,286.3261467461825,209.80945675440444,12.18052562685809,18,calibration,2,dot,0.3,0,calibration
2.580086499991012,156,-200.0,84.0,20.0,True,-48.74329710856507,-397.01900582590014,279.8685343384636,218.4820631707712,10.725639685352203,18,calibration,2,dot,0.3,0,calibration
2.596008599997731,157,-116.0,116.0,20.0,True,-55.47033775153041,-396.13513051701324,275.12131658465097,222.87242551118567,8.186791287551015,18,calibration,2,dot,0.3,0,calibration
2.6127624999935506,158,-37.0,143.0,20.0,True,-62.80837696325008,-395.038109279652,271.7895253635067,225.2519849715944,6.104813313466493,18,calibration,2,dot,0.3,0,calibration
2.630340799994883,159,67.0,177.0,20.0,True,-70.0423491964728,-393.81984373446625,269.6215018716903,226.9671759211407,7.180836431727508,18,calibration,2,dot,0.3,0,calibration
2.64636659999087,160,122.0,197.0,20.0,True,-76.7752820635204,-392.562805247857,267.5324446095706,228.86769718676936,9.470312453384839,18,calibration,2,dot,0.3,0,calibration
2.663594400000875,161,173.0,215.0,20.0,True,-83.90322472852847,-391.1013281493097,263.94323071389607,231.5980883684638,8.47700212310995,18,calibration,2,dot,0.3,0,calibration
2.6798210999986622,162,227.0,233.0,20.0,True,-91.95933272561848,-389.28586042220826,257.41994370085087,235.704939681061,7.268781327922504,18,calibration,2,dot,0.3,0,calibration
2.6971584999992047,163,258.0,241.0,20.0,True,-102.0613337443726,-386.76024117574417,248.28750292117763,240.79703684801086,5.515571862586331,18,calibration,2,dot,0.3,0,calibration
2.7134542999992846,164,298.0,248.0,20.0,True,-113.8385737727435,-383.4589666722994,237.33178290541116,247.4385635036673,4.924865667135901,18,calibration,2,dot,0.3,0,calibration
2.7299904999963474,165,317.0,249.0,19.026297590440446,True,-126.8514829870262,-379.35300349936887,225.44432576211528,254.31624555960357,3.067017587515082,18,calibration,2,dot,0.3,0,calibration
2.746760900001391,166,333.0,249.0,16.0,True,-140.3875214569356,-374.55486089380616,213.37149341245816,262.1355070134344,2.5578889418917257,18,calibration,2,dot,0.3,0,calibration
2.763721399998758,167,358.0,250.0,20.0,True,-154.1495680646096,-369.10420028156585,201.05287533082085,269.65279503335313,3.351679743861895,18,calibration,2,dot,0.3,0,calibration
2.779908600001363,168,369.0,252.0,11.180339887498949,True,-167.86548668327796,-363.0718639341064,188.10788157730275,277.75200934918854,2.746596479855041,18,calibration,2,dot,0.3,0,calibration
2.7967165000009118,169,376.0,252.0,7.0,True,-181.60298853017332,-356.39915061193636,173.21907980864094,283.0390415842233,0.4035384399987345,18,calibration,2,dot,0.3,0,calibration
2.813426199994865,170,385.0,253.0,9.055385138137417,True,-196.12678705764492,-348.61767510905867,158.0618056935232,287.2187413515836,0.5559379637863628,18,calibration,2,dot,0.3,0,calibration
2.829933599990909,171,390.0,254.0,5.0990195135927845,True,-211.51092589532436,-339.5042388938651,144.14851652753305,290.69713477145,0.2770406479660416,18,calibration,2,dot,0.3,0,calibration
2.8464079999976093,172,395.0,254.0,5.0,True,-227.05788269165728,-329.30945614661834,131.93368157288137,291.26181739763905,-0.06320720790069012,18,calibration,2,dot,0.3,0,calibration
2.8633148999942932,173,400.0,254.0,5.0,True,-242.6827373503548,-317.9702643206416,121.82130818717333,290.12841502895077,-0.11059922009355572,18,calibration,2,dot,0.3,0,calibration
2.880199499995797,174,403.0,254.0,3.0,True,-258.031650137089,-305.6463111629697,113.26092203179725,286.98690555739387,0.042450288679491965,18,calibration,2,dot,0.3,0,calibration
2.8965562999946997,175,405.0,254.0,2.0,True,-275.1667482405217,-290.31579471798864,106.17221284899121,281.6885652513745,0.25131749922606206,18,calibration,2,dot,0.3,0,calibration
2.9134758000000147,176,406.0,254.0,1.0,True,-293.155926414607,-272.1389402639643,99.93388229553739,271.8057538705903,0.3456547647308791,18,calibration,2,dot,0.3,0,calibration
2.9295979000016814,177,406.0,254.0,0.0,False,-310.6384210122403,-251.99954641034992,90.34320023508462,260.8013284321771,0.0,18,calibration,2,dot,0.3,0,calibration
2.946552299996256,178,406.0,253.0,1.0,True,-326.3314779164907,-231.31745831397794,81.84944783210075,246.18154895579337,1.4849303371771159,18,calibration,2,dot,0.3,0,calibration
2.963489399990067,179,400.0,248.0,7.810249675906654,True,-339.6142321843877,-211.33426910420567,71.7200506103456,233.6015796788709,6.272511973346705,18,calibration,2,dot,0.3,0,calibration
2.979782800000976,180,392.0,242.0,10.0,True,-351.1225179267939,-191.60630836365573,61.42233303190939,221.7800671310267,7.758158454999165,18,calibration,2,dot,0.3,0,calibration
2.9962137999973493,181,375.0,232.0,19.72308292331602,True,-360.72212514024744,-172.85701731287523,50.13933382184845,210.3313969823195,13.543247215684763,18,calibration,2,dot,0.3,0,calibration
0.0015363999991677701,1,0.0,0.0,0.0,False,305.41095707564665,0.0,-294.2642119175342,0.0,0.0,19,calibration,2,square,0.3,0,calibration
0.009279400008381344,2,0.0,0.0,0.0,False,316.90580415619445,0.31260991919149755,-282.00608543641806,0.0,0.0,19,calibration,2,square,0.3,0,calibration
0.025461099998210557,3,-3.0,0.0,3.0,True,328.850944464954,1.4753410488296974,-269.7051697928082,0.0,0.014112192349503117,19,calibration,2,square,0.3,0,calibration
0.04220789999817498,4,-15.0,-4.0,12.649110640673518,True,341.1239236651828,2.6465776253901256,-257.83728379773237,0.0,-0.3257287376361377,19,calibration,2,square,0.3,0,calibration
0.05892820000008214,5,-23.0,-8.0,8.94427190999916,True,352.99318274052314,4.797916468435057,-245.21715080993002,-0.4967042703973803,-0.7486290652970442,19,calibration,2,square,0.3,0,calibration
0.07594100000278559,6,-32.0,-11.0,9.486832980505138,True,363.1277889134071,9.627027163617862,-230.1661528191412,-1.9619818680696521,-0.7482926975809795,19,calibration,2,square,0.3,0,calibration
0.09332090000680182,7,-47.0,-18.0,16.55294535724685,True,371.0621498569052,14.609337296504957,-212.44006440908797,-5.216636599848487,-2.936423982783208,19,calibration,2,square,0.3,0,calibration
0.10898930000257678,8,-55.0,-20.0,8.246211251235321,True,377.3787249607824,20.17319347131136,-192.3200874237742,-10.480398017350925,-0.09186530793431033,19,calibration,2,square,0.3,0,calibration
0.1258689999958733,9,-59.0,-21.0,4.123105625617661,True,382.8519243813127,26.190055740867535,-170.67336463509767,-17.81666110748812,0.03605017834692604,19,calibration,2,square,0.3,0,calibration
0.14224770000146236,10,-63.0,-22.0,4.123105625617661,True,388.10325857733073,33.45687111955044,-148.15582214668095,-27.840957168924877,0.09417336890153138,19,calibration,2,square,0.3,0,calibration
0.15929270000196993,11,-64.0,-22.0,1.0,True,392.33709252234974,42.1063288884596,-126.06092786227833,-40.19200478828672,0.43323110858179836,19,calibration,2,square,0.3,0,calibration
0.17578210000647232,12,-65.0,-22.0,1.0,True,396.7186268347783,51.13053023710916,-103.46472063642943,-55.91944310034434,0.3571012776157505,19,calibration,2,square,0.3,0,calibration
0.19227040000259876,13,-65.0,-22.0,0.0,False,395.9614453989776,56.69685844517712,-82.15265958377577,-72.54629685169407,0.0,19,calibration,2,square,0.3,0,calibration
0.2088006999983918,14,-65.0,-22.0,0.0,False,395.24205885545814,61.511908698223266,-63.171424497552266,-88.33873235129153,0.0,19,calibration,2,square,0.3,0,calibration
0.22606549999909475,15,-66.0,-23.0,1.4142135623730951,True,394.33935099312674,67.05576976159159,-47.96511566680818,-101.4237799419263,-1.303656066717064,19,calibration,2,square,0.3,0,calibration
0.24209100000734907,16,-71.0,-26.0,5.830951894845301,True,392.9317724715468,74.86402462043152,-35.26790358340439,-112.68081004393638,-2.604969611136408,19,calibration,2,square,0.3,0,calibration
0.25879300000087824,17,-92.0,-39.0,20.0,True,391.2684225092343,83.12052422317439,-23.68644987315429,-123.41997024306866,-6.508698606935428,19,calibration,2,square,0.3,0,calibration
0.2757539000012912,18,-188.0,-99.0,20.0,True,389.32813884315783,91.78017381179266,-12.543026495824876,-134.0022632198219,-4.146222462121252,19,calibration,2,square,0.3,0,calibration
0.2925175999989733,19,-265.0,-146.0,20.0,True,387.19482856803177,99.81240547672812,-1.5624167154810369,-144.03782584707074,-0.11729463935061801,19,calibration,2,square,0.3,0,calibration
0.30881659999431577,20,-340.0,-187.0,20.0,True,383.6539416486027,107.42010692003684,9.657330272063595,-153.58498577949973,5.855640874560596,19,calibration,2,square,0.3,0,calibration
0.32564039999851957,21,-422.0,-231.0,20.0,True,379.19320341640747,113.8248374558868,20.225272842721836,-161.80904595936886,10.412608359786006,19,calibration,2,square,0.3,0,calibration
0.34232650000194553,22,-465.0,-253.0,20.0,True,373.17220936970773,119.49629556355504,31.610073628542153,-169.53827117212646,16.328674257223184,19,calibration,2,square,0.3,0,calibration
0.35887179999554064,23,-492.0,-266.0,20.0,True,365.01039561670046,124.81030129850043,44.582522136758016,-176.98861328157236,21.67251856807721,19,calibration,2,square,0.3,0,calibration
0.3754979999939678,24,-524.0,-277.0,20.0,True,355.3810286936923,130.18797186627208,61.15254073145529,-185.11493496453045,27.46178037900849,19,calibration,2,square,0.3,0,calibration
0.39236410000012256,25,-537.0,-281.0,13.601470508735444,True,345.19277108666347,134.76884077774847,79.19272411683187,-193.13586295975472,20.470068347545233,19,calibration,2,square,0.3,0,calibration
0.4087082000041846,26,-547.0,-285.0,10.770329614269007,True,335.25261367601667,137.4648543345106,96.20021456575671,-200.3561198780232,16.245985959099954,19,calibration,2,square,0.3,0,calibration
0.4260643000015989,27,-551.0,-287.0,4.47213595499958,True,323.8385332353935,138.53524108928312,110.45065442861656,-206.3486584294715,6.707765559685369,19,calibration,2,square,0.3,0,calibration
0.4420825999986846,28,-555.0,-289.0,4.47213595499958,True,311.3186445131865,138.267530763858,122.56161899613586,-211.42397629231723,6.957993102929217,19,calibration,2,square,0.3,0,calibration
0.45931400000699796,29,-556.0,-290.0,1.4142135623730951,True,298.69217050408383,136.51519070596424,133.8875474004014,-215.48471793763213,1.7317998042543006,19,calibration,2,square,0.3,0,calibration
0.4752909999951953,30,-557.0,-292.0,2.23606797749979,True,287.9500705853874,133.6825279874972,144.7327874773923,-218.45560298703032,1.91297395903708,19,calibration,2,square,0.3,0,calibration
0.4926588999951491,31,-559.0,-295.0,3.605551275463989,True,278.8969688199181,130.7782605647817,155.7659649221278,-220.20270126534518,4.326997686475789,19,calibration,2,square,0.3,0,calibration
0.5090825999941444,32,-561.0,-303.0,8.246211251235321,True,271.57751053726804,127.1228072135851,167.53220122650896,-221.15432507311942,6.71221243416578,19,calibration,2,square,0.3,0,calibration
0.5253674999985378,33,-561.0,-312.0,9.0,True,265.60245858543647,122.61272903222161,179.98648685019137,-221.55542128791325,5.1324264456253665,19,calibration,2,square,0.3,0,calibration
0.54226080000808,34,-561.0,-329.0,17.0,True,260.62243827620256,117.43619512647065,192.17184035483763,-221.70941053950563,12.036290527379501,19,calibration,2,square,0.3,0,calibration
0.5586223999998765,35,-556.0,-347.0,18.681541692269406,True,256.4448270683351,110.87653477350712,203.56507261718588,-221.2693236224485,8.19508083200308,19,calibration,2,square,0.3,0,calibration
0.5753585000056773,36,-550.0,-355.0,10.0,True,253.26839510138987,102.51573708620133,217.12432565066925,-219.02967948886607,0.731497010476761,19,calibration,2,square,0.3,0,calibration
0.5926054000010481,37,-541.0,-364.0,12.727922061357855,True,250.50163345267669,92.12146624887149,233.7184739686683,-214.25241055272858,0.2232828645129075,19,calibration,2,square,0.3,0,calibration
0.6090932999941288,38,-521.0,-378.0,20.0,True,248.07767087956543,79.34554863998885,253.61832861260214,-206.71530416915044,-3.045981987298867,19,calibration,2,square,0.3,0,calibration
0.6255086000019219,39,-503.0,-388.0,20.0,True,245.22177448720885,64.25101649480017,274.4284930873277,-196.64583067670512,-5.213665172631636,19,calibration,2,square,0.3,0,calibration
0.6428143000084674,40,-463.0,-406.0,20.0,True,242.14375794159636,48.35883944387266,295.40858767209363,-184.68135791714732,-7.187912086230358,19,calibration,2,square,0.3,0,calibration
0.6587407000042731,41,-436.0,-417.0,20.0,True,238.79568970760442,33.12169885254008,316.12039956698817,-172.05058296645734,-8.489369592018155,19,calibration,2,square,0.3,0,calibration
0.6759884000057355,42,-411.0,-425.0,20.0,True,236.05044094380264,19.44509971081409,335.2819889176378,-160.4774228623757,-10.926342749925865,19,calibration,2,square,0.3,0,calibration
0.6923703000065871,43,-372.0,-434.0,20.0,True,233.9815620422759,6.387158915980695,352.2189637001311,-150.4266597640232,-13.071859570859147,19,calibration,2,square,0.3,0,calibration
0.7090061000053538,44,-347.0,-439.0,20.0,True,232.09447368179679,-6.855752725994371,365.95475811256654,-142.03324966627443,-13.573003110412252,19,calibration,2,square,0.3,0,calibration
0.7263457999943057,45,-315.0,-442.0,20.0,True,230.47980799354616,-21.18117516555838,376.1981501137311,-135.33888361517194,-16.022690977563116,19,calibration,2,square,0.3,0,calibration
0.7423770000023069,46,-292.0,-441.0,20.0,True,229.45701831804988,-37.355747832662516,378.7334024365407,-128.68958729765723,-18.595007180843908,19,calibration,2,square,0.3,0,calibration
0.7590364000061527,47,-264.0,-440.0,20.0,True,228.83541942388962,-55.59330916406204,380.37950880252555,-123.73936028260933,-15.83052029749073,19,calibration,2,square,0.3,0,calibration
0.7760684999957448,48,-221.0,-434.0,20.0,True,227.5228011340521,-75.27574617738095,381.8648783197966,-119.07650778305062,-13.340350494571304,19,calibration,2,square,0.3,0,calibration
0.7921767000079853,49,-193.0,-427.0,20.0,True,224.5214344252637,-96.40106438201374,382.09005484324905,-113.95061164004878,-13.229295253110813,19,calibration,2,square,0.3,0,calibration
0.8085171999991871,50,-162.0,-417.0,20.0,True,220.45147144337838,-118.49309199565195,381.5025587274098,-108.37467136657766,-13.598829902430637,19,calibration,2,square,0.3,0,calibration
0.8258419000048889,51,-134.0,-405.0,20.0,True,214.9680204719508,-143.43969565674794,380.2696058203413,-102.98451388603283,-15.222143655227647,19,calibration,2,square,0.3,0,calibration
0.8424722000054317,52,-89.0,-383.0,20.0,True,208.78468023091168,-168.63500953510825,377.64578936797284,-96.73463148993554,-13.95781886504091,19,calibration,2,square,0.3,0,calibration
0.8593834000057541,53,-61.0,-367.0,20.0,True,201.92177234855143,-192.604472901245,373.6067939625192,-88.5087827835874,-15.572751377895669,19,calibration,2,square,0.3,0,calibration
0.8760094000026584,54,-30.0,-347.0,20.0,True,195.44502978051528,-212.79251265757807,368.8868105810395,-79.15699249661051,-17.565349654526376,19,calibration,2,square,0.3,0,calibration
0.8922194000042509,55,-8.0,-331.0,20.0,True,189.2436266403979,-230.52686504659474,364.18936890170005,-70.11897881464117,-19.421597667769504,19,calibration,2,square,0.3,0,calibration
0.9087635000032606,56,11.0,-314.0,20.0,True,182.3591385674306,-246.21448063656166,358.85660833830315,-61.82906244646737,-21.353329699479353,19,calibration,2,square,0.3,0,calibration
0.9254882999957772,57,26.0,-293.0,20.0,True,173.09836267212944,-259.29022533632184,352.2787767828096,-52.6372041354974,-26.469681001105464,19,calibration,2,square,0.3,0,calibration
0.9433069999940926,58,33.0,-279.0,15.652475842498529,True,161.480482811857,-269.76564934276126,344.96128764946724,-42.400206673626464,-21.89263301026356,19,calibration,2,square,0.3,0,calibration
0.9590551000001142,59,40.0,-257.0,20.0,True,148.65787357656137,-278.0655708033967,337.62216437999354,-31.651518614755744,-27.76691021276914,19,calibration,2,square,0.3,0,calibration
0.9753764000051888,60,40.0,-241.0,16.0,True,134.69130269318578,-284.33120727348756,330.02489580385844,-20.595219614018724,-19.735899417442013,19,calibration,2,square,0.3,0,calibration
0.9918178999942029,61,38.0,-224.0,17.11724276862369,True,120.61340752689885,-289.9940122794646,321.095071449635,-8.908848666647843,-19.210880014300027,19,calibration,2,square,0.3,0,calibration
1.008859699999448,62,28.0,-194.0,20.0,True,106.19130774945204,-295.33302153830033,310.755025610373,4.691982750712635,-19.587896745471113,19,calibration,2,square,0.3,0,calibration
1.0254833000071812,63,14.0,-176.0,20.0,True,91.0094759600693,-301.51429137351005,299.83197771288553,19.699025806620927,-14.57067273049153,19,calibration,2,square,0.3,0,calibration
1.0422799999942072,64,-3.0,-159.0,20.0,True,75.21559225177712,-308.2038859903155,289.8790844362803,35.84217730122863,-11.953425489017144,19,calibration,2,square,0.3,0,calibration
1.058492500000284,65,-32.0,-142.0,20.0,True,59.37237861129547,-315.6279024270133,282.09004001050783,51.02164081123052,-5.543877984388681,19,calibration,2,square,0.3,0,calibration
1.075529199995799,66,-56.0,-137.0,20.0,True,45.0387507723982,-323.23411146435456,276.41661017002633,63.80341296555969,3.7115315302042995,19,calibration,2,square,0.3,0,calibration
1.0923151000024518,67,-103.0,-138.0,20.0,True,31.992780347520593,-330.7895843483788,271.6559580778171,74.14182278423753,9.539346353536724,19,calibration,2,square,0.3,0,calibration
1.1086536000075284,68,-139.0,-141.0,20.0,True,19.852476593988982,-338.0887769724814,265.8584687690746,83.20488085912478,8.59619239792399,19,calibration,2,square,0.3,0,calibration
1.1259078000002773,69,-179.0,-150.0,20.0,True,8.192535350967017,-345.6384322635379,258.3340751539855,93.12830279553546,10.473869934628626,19,calibration,2,square,0.3,0,calibration
1.142489799996838,70,-244.0,-162.0,20.0,True,-3.387141377518894,-353.02697658717784,249.43575850516572,103.61419947784937,8.576100794341126,19,calibration,2,square,0.3,0,calibration
1.1588467999972636,71,-305.0,-171.0,20.0,True,-15.236105776997587,-360.41558410164475,240.69739432187413,113.85252752970604,7.709445047117924,19,calibration,2,square,0.3,0,calibration
1.175522000005003,72,-323.0,-172.0,18.027756377319946,True,-27.430908010332075,-367.76684288179155,233.43460971001736,124.01466045667745,6.2792978486375715,19,calibration,2,square,0.3,0,calibration
1.19242540000414,73,-382.0,-181.0,20.0,True,-39.6483663760887,-375.11214672087675,227.27021975210118,134.152215869094,10.803239973185745,19,calibration,2,square,0.3,0,calibration
1.2093583999958355,74,-418.0,-192.0,20.0,True,-51.490276350784455,-382.1924599167502,221.2092928675341,144.97697328580367,15.170633140103648,19,calibration,2,square,0.3,0,calibration
1.2255882000026759,75,-454.0,-209.0,20.0,True,-63.30127824430189,-388.15981307830833,214.1349745067383,155.684707960496,17.14931469062168,19,calibration,2,square,0.3,0,calibration
1.2421365000045625,76,-502.0,-236.0,20.0,True,-76.49493201020665,-392.6175306538844,206.09868500256448,166.97536196533463,17.6738851493352,19,calibration,2,square,0.3,0,calibration
1.2584989000024507,77,-530.0,-256.0,20.0,True,-89.38345888773388,-389.88536427681504,198.20029389734552,178.29679063145653,19.337649584727554,19,calibration,2,square,0.3,0,calibration
1.275980599995819,78,-560.0,-274.0,20.0,True,-102.77242751313811,-386.5718925931589,190.84244830790604,188.60093246737915,17.671070080862776,19,calibration,2,square,0.3,0,calibration
1.2920328000036534,79,-591.0,-295.0,20.0,True,-114.8925675689376,-383.1444869985957,184.56697669685437,197.9460489040845,18.902290582456118,19,calibration,2,square,0.3,0,calibration
1.308919799994328,80,-607.0,-306.0,19.4164878389476,True,-126.15556474343266,-379.5850016587399,178.74963173373186,207.33161571973167,18.889011398144557,19,calibration,2,square,0.3,0,calibration
1.3255320000025677,81,-624.0,-318.0,20.0,True,-136.71419120959195,-375.9111995164644,173.0091493944039,217.7006297084573,20.350799326506014,19,calibration,2,square,0.3,0,calibration
1.3418243000051007,82,-633.0,-325.0,11.40175425099138,True,-147.00529310637515,-372.0073168617907,166.18612323793351,228.70704896992967,11.310889774302359,19,calibration,2,square,0.3,0,calibration
1.3590790000016568,83,-643.0,-333.0,12.806248474865697,True,-157.20503205367515,-367.8132377946762,157.66956820349498,240.69058580785358,11.917332475601043,19,calibration,2,square,0.3,0,calibration
1.3754377000004752,84,-653.0,-343.0,14.142135623730951,True,-166.7798239022053,-363.5718503118048,149.29075889416873,252.07416954885932,13.670249171905514,19,calibration,2,square,0.3,0,calibration
1.3921655000012834,85,-658.0,-348.0,7.0710678118654755,True,-176.08292606692967,-359.15846523186417,142.99373298262196,262.56267658581106,7.296207318612811,19,calibration,2,square,0.3,0,calibration
1.4088993000041228,86,-661.0,-352.0,5.0,True,-184.99645955905856,-354.6495593548843,139.6201811125268,271.0114344870458,5.9448222192153874,19,calibration,2,square,0.3,0,calibration
1.425279600007343,87,-665.0,-357.0,6.4031242374328485,True,-194.9467226804608,-349.27893626176126,137.8081559814648,278.7983491492378,7.868673258284739,19,calibration,2,square,0.3,0,calibration
1.4419351999968057,88,-667.0,-359.0,2.8284271247461903,True,-205.7323960420906,-343.0367053520372,136.45164566581053,286.86073673985396,3.309042523400899,19,calibration,2,square,0.3,0,calibration
1.4588109000033,89,-668.0,-361.0,2.23606797749979,True,-217.21637627395734,-335.8824881984927,135.43504333505706,295.12096346783636,2.262457368268547,19,calibration,2,square,0.3,0,calibration
1.4754284000082407,90,-668.0,-365.0,4.0,True,-228.53768350312342,-328.2842171336084,134.7721860670795,303.371377762301,2.068834161920784,19,calibration,2,square,0.3,0,calibration
1.492652700006147,91,-666.0,-367.0,2.8284271247461903,True,-233.8768277383311,-317.37770692924346,134.87614014916252,311.0065013542384,-0.7030824573858236,19,calibration,2,square,0.3,0,calibration
1.5093119999946794,92,-643.0,-367.0,20.0,True,-234.50580811048712,-306.6906484227229,135.7744417357024,317.9065385138142,-3.757024431972003,19,calibration,2,square,0.3,0,calibration
1.5252787000063108,93,-601.0,-356.0,20.0,True,-233.48693348539624,-297.6287296397656,137.6520027796662,324.3460076306885,-3.083104613723889,19,calibration,2,square,0.3,0,calibration
1.5424591000046348,94,-516.0,-322.0,20.0,True,-231.21451185782485,-289.1529239614786,140.11189305398065,330.4842795202628,-1.819195446106543,19,calibration,2,square,0.3,0,calibration
1.5598234000062803,95,-408.0,-270.0,20.0,True,-227.83308363152008,-280.0249622290724,143.22087965928614,336.48913269781127,-1.594293647230418,19,calibration,2,square,0.3,0,calibration
1.5758360000036191,96,-351.0,-244.0,20.0,True,-223.10017307636764,-269.74062089348826,147.7388555953864,342.64037109781543,-2.314061291810494,19,calibration,2,square,0.3,0,calibration
1.5921960999985458,97,-294.0,-219.0,20.0,True,-216.6434655922119,-258.23740914297525,154.07908831512873,348.8814606800121,-2.7182020039246413,19,calibration,2,square,0.3,0,calibration
1.6089784000068903,98,-212.0,-186.0,20.0,True,-208.7936529327346,-247.23399265366987,162.71370496983118,354.96303973868373,-2.6147967977890896,19,calibration,2,square,0.3,0,calibration
1.6255451000033645,99,-159.0,-164.0,20.0,True,-199.17132384127757,-236.57141363719407,172.1846522516683,360.3545533021862,-1.7784617170981876,19,calibration,2,square,0.3,0,calibration
1.6420093000051565,100,-118.0,-146.0,20.0,True,-188.9040677874914,-227.23431510059575,178.58199065981321,357.92243938034727,-1.0414742464151994,19,calibration,2,square,0.3,0,calibration
1.6588795999996364,101,-61.0,-124.0,20.0,True,-178.03334479022112,-218.78297555256734,184.57192595926892,354.8706865150828,-0.8020322993280771,19,calibration,2,square,0.3,0,calibration
1.6752519000001485,102,-26.0,-113.0,20.0,True,-167.35843567138508,-212.19322909183424,191.21657506159806,351.3349134682067,-0.3855524692294021,19,calibration,2,square,0.3,0,calibration
1.6923233999987133,103,24.0,-95.0,20.0,True,-156.3799978374633,-206.5808372607572,198.5952825219392,347.21738689188817,0.6525752132962315,19,calibration,2,square,0.3,0,calibration
1.709099600004265,104,57.0,-81.0,20.0,True,-143.93752845066552,-201.63985612789583,206.86391551744774,342.35554684682745,1.4296424754190618,19,calibration,2,square,0.3,0,calibration
1.7253158999956213,105,88.0,-65.0,20.0,True,-128.61905049193666,-196.94839440335554,215.61591379032114,336.91212165840045,1.8450702232599658,19,calibration,2,square,0.3,0,calibration
1.7424728000041796,106,136.0,-40.0,20.0,True,-109.98568872501912,-192.8211033855072,224.66629210718293,330.94570127259544,1.7736342358827928,19,calibration,2,square,0.3,0,calibration
1.7589616000041133,107,167.0,-25.0,20.0,True,-89.05799391091107,-189.1215598254638,233.42589832073207,324.82664606395707,2.038297975654886,19,calibration,2,square,0.3,0,calibration
1.7753710999968462,108,199.0,-10.0,20.0,True,-67.09708972621866,-185.6343152197303,242.22006910974773,318.3228520236476,3.6523752266996845,19,calibration,2,square,0.3,0,calibration
1.792075699995621,109,246.0,8.0,20.0,True,-43.95281364351809,-182.516921750111,250.94521987775994,311.4907649040381,5.320902560165173,19,calibration,2,square,0.3,0,calibration
1.8085260999941966,110,275.0,16.0,20.0,True,-19.54901873680961,-180.17084646905246,259.8100985210103,304.1360102100752,6.287486214090025,19,calibration,2,square,0.3,0,calibration
1.8259167000069283,111,299.0,27.0,20.0,True,5.0323931850256045,-177.12480970969747,268.81542223167503,296.20646308007235,10.413455053171973,19,calibration,2,square,0.3,0,calibration
1.8418422999966424,112,337.0,42.0,20.0,True,30.318758792863353,-174.2080524263905,277.5785889288297,287.3549681177433,11.452268136136766,19,calibration,2,square,0.3,0,calibration
1.8588604999968084,113,355.0,54.0,20.0,True,55.88824496125543,-170.0245124208804,286.32156859796333,276.26883014806623,16.620187555751777,19,calibration,2,square,0.3,0,calibration
1.875347299996065,114,376.0,67.0,20.0,True,81.63728919712354,-165.62351580167973,294.98712418076235,263.4398357102256,17.740743318596685,19,calibration,2,square,0.3,0,calibration
1.8922779999993509,115,389.0,72.0,13.92838827718412,True,106.58451224144147,-162.36738023355062,303.214146191721,249.31199095501205,11.316680591049991,19,calibration,2,square,0.3,0,calibration
1.908618600005866,116,399.0,76.0,10.770329614269007,True,130.3507359231503,-158.91608676989523,309.9139633211776,235.68452787288908,9.648649238283147,19,calibration,2,square,0.3,0,calibration
1.9255645999946864,117,409.0,78.0,10.198039027185569,True,154.0752888056196,-156.06837747151138,314.31440230464494,223.11858021173836,8.749608772165907,19,calibration,2,square,0.3,0,calibration
1.9420706999953836,118,415.0,79.0,6.082762530298219,True,177.53011526300264,-153.2594318334233,316.6630199628078,211.2007801690855,5.897373981251728,19,calibration,2,square,0.3,0,calibration
1.958307299995795,119,420.0,79.0,5.0,True,200.62676317977778,-151.14298294238824,317.05068382147795,198.67108755042312,4.824515013609158,19,calibration,2,square,0.3,0,calibration
1.975200600005337,120,424.0,79.0,4.0,True,223.55298019855252,-148.71242187037916,314.5166335016086,183.67332574599172,4.644110932568831,19,calibration,2,square,0.3,0,calibration
1.992072699998971,121,426.0,77.0,2.8284271247461903,True,246.36938203034163,-149.73082931315727,309.618839462792,166.96359495339004,0.7304910933344144,19,calibration,2,square,0.3,0,calibration
2.009002999999211,122,426.0,74.0,3.0,True,268.5381126412481,-154.1018902084009,303.62550637105204,150.27977289293437,-2.243010576886304,19,calibration,2,square,0.3,0,calibration
2.025242999996408,123,423.0,65.0,9.486832980505138,True,289.2924002234711,-159.36476639897433,298.0891565472458,135.81619639999994,-10.173482361899353,19,calibration,2,square,0.3,0,calibration
2.0419277000037255,124,420.0,57.0,8.54400374531753,True,312.19029740860225,-164.83218776190478,292.6821535463489,123.46600904466723,-9.591606788903,19,calibration,2,square,0.3,0,calibration
2.0584379000065383,125,407.0,43.0,19.1049731745428,True,337.0635967665156,-166.99975111173134,287.11562076113773,112.5201319416069,-30.107420775966094,19,calibration,2,square,0.3,0,calibration
2.075217799996608,126,400.0,34.0,11.40175425099138,True,363.3923937685218,-166.86372284788087,281.5516331710296,102.49671079990267,-18.312709424905403,19,calibration,2,square,0.3,0,calibration
2.0920881000056397,127,387.0,22.0,17.69180601295413,True,369.0173150947001,-154.35744607986618,275.80153081497116,92.6836570111263,-32.12514591677722,19,calibration,2,square,0.3,0,calibration
2.10913110000547,128,362.0,-4.0,20.0,True,373.91911837047803,-142.07213983411546,269.55152375766494,82.22634737060896,-36.84042445296107,19,calibration,2,square,0.3,0,calibration
2.1254384000058053,129,338.0,-27.0,20.0,True,378.54079607046634,-129.25504133432315,262.94025629420946,70.80392617245232,-38.12927471417094,19,calibration,2,square,0.3,0,calibration
2.142176900000777,130,312.0,-50.0,20.0,True,382.8016011695176,-116.0298846937873,256.1652889364593,58.99513238129538,-38.87834903584216,19,calibration,2,square,0.3,0,calibration
2.158794200004195,131,275.0,-77.0,20.0,True,386.8044453923378,-101.89367509676917,249.1268931571184,45.35259695367195,-37.0266317949241,19,calibration,2,square,0.3,0,calibration
2.1755505000037374,132,247.0,-90.0,20.0,True,390.3311842970314,-87.4160543909234,241.25968475994708,30.03316372894563,-29.98780455752451,19,calibration,2,square,0.3,0,calibration
2.192038799999864,133,201.0,-113.0,20.0,True,393.43574534285307,-72.16865168834522,232.4583651420828,12.032322402855335,-28.762490623339332,19,calibration,2,square,0.3,0,calibration
2.208426600001985,134,160.0,-131.0,20.0,True,395.1215559936677,-55.78515172887714,223.1019603820062,-6.92854711687005,-25.185515125798098,19,calibration,2,square,0.3,0,calibration
2.2252914999990026,135,112.0,-151.0,20.0,True,395.6950479591441,-38.21137932578597,213.00894230876392,-26.229733575999248,-23.66181998456456,19,calibration,2,square,0.3,0,calibration
2.2426716000045417,136,79.0,-164.0,20.0,True,393.7476006534574,-19.27077370721634,202.6489837273148,-44.7568246915308,-20.868809351038653,19,calibration,2,square,0.3,0,calibration
2.259268699999666,137,21.0,-182.0,20.0,True,389.655972270772,-0.2884394451808241,192.69047506867105,-60.54950153849744,-16.972757339407192,19,calibration,2,square,0.3,0,calibration
2.2757475999969756,138,-10.0,-194.0,20.0,True,383.7123966965553,17.62099606002121,183.46815397354194,-73.99836952508991,-17.480109155652237,19,calibration,2,square,0.3,0,calibration
2.29240619999473,139,-61.0,-212.0,20.0,True,377.5252034635322,32.9257485847849,174.32461198151114,-86.05152907503773,-15.804154533900443,19,calibration,2,square,0.3,0,calibration
2.3085361999983434,140,-95.0,-220.0,20.0,True,371.716985481515,46.246163840881124,163.18604828514884,-99.09056927032879,-12.545658945138536,19,calibration,2,square,0.3,0,calibration
2.3252524999988964,141,-130.0,-234.0,20.0,True,366.4312372244751,57.76291195520584,150.54734469786948,-112.76954341112375,-17.062294042898905,19,calibration,2,square,0.3,0,calibration
2.3421364999958314,142,-191.0,-254.0,20.0,True,361.7221778011864,67.88360171563579,136.5278297113326,-126.33410616045393,-15.622920989729575,19,calibration,2,square,0.3,0,calibration
2.3586397000035504,143,-224.0,-269.0,20.0,True,357.16100875087915,76.83883835444757,122.54926422612462,-138.49951616526002,-18.278741190079142,19,calibration,2,square,0.3,0,calibration
2.3757093000021996,144,-261.0,-283.0,20.0,True,352.23370866366986,84.8384900161436,106.70306068300603,-150.00274181205987,-15.511994544352806,19,calibration,2,square,0.3,0,calibration
2.391650599995046,145,-313.0,-304.0,20.0,True,346.09712580680196,91.87776334460003,90.32349401334092,-160.14695735919872,-13.168434165119995,19,calibration,2,square,0.3,0,calibration
2.40846479999891,146,-344.0,-319.0,20.0,True,338.3718233794643,97.81823155756734,74.17867570444693,-168.3979800076308,-11.033802667138172,19,calibration,2,square,0.3,0,calibration
2.425384000001941,147,-385.0,-334.0,20.0,True,328.0575503172439,103.03682514894497,60.58448491074269,-174.21276445755822,-6.314298344741289,19,calibration,2,square,0.3,0,calibration
2.441795499995351,148,-409.0,-341.0,20.0,True,316.7507661535443,107.11892225005224,48.07868430290032,-178.12475542266122,-3.8387818862328627,19,calibration,2,square,0.3,0,calibration
2.4585313999996288,149,-428.0,-347.0,19.924858845171276,True,305.5789983517854,109.5622501533766,36.09229522529843,-180.9620649368472,-2.5918026498127698,19,calibration,2,square,0.3,0,calibration
2.475575899996329,150,-448.0,-355.0,20.0,True,295.7945851602356,110.18792620953634,23.71935005184133,-182.84479092656915,-1.4179341826374903,19,calibration,2,square,0.3,0,calibration
2.4921523000084562,151,-456.0,-359.0,8.94427190999916,True,286.56431180542904,109.65480143110496,9.905349969593484,-184.0790419712411,-0.10689312257131649,19,calibration,2,square,0.3,0,calibration
2.5088840999960667,152,-462.0,-362.0,6.708203932499369,True,277.11680618752854,108.61708925282404,-6.1642841969716,-184.8247709346891,0.1590608745983923,19,calibration,2,square,0.3,0,calibration
2.5249998000072083,153,-469.0,-366.0,8.06225774829855,True,267.1149452310463,107.19536563031349,-24.76441522340845,-185.4465468536969,0.36352805152115575,19,calibration,2,square,0.3,0,calibration
2.5421432000002824,154,-471.0,-368.0,2.8284271247461903,True,257.1877347709873,104.84981348046988,-43.90303915831626,-186.03434514394826,0.3458416278702325,19,calibration,2,square,0.3,0,calibration
2.5586849999963306,155,-473.0,-369.0,2.23606797749979,True,247.47726794525624,102.56720686983886,-62.663995142294674,-186.81081415965332,0.13612115722524987,19,calibration,2,square,0.3,0,calibration
2.5752605000016047,156,-475.0,-370.0,2.23606797749979,True,238.42416823451114,99.59570049904065,-81.08019839558949,-187.3954079461325,0.18139595759286734,19,calibration,2,square,0.3,0,calibration
2.5923330999939935,157,-475.0,-370.0,0.0,False,229.80929515709752,95.96152456328723,-100.02861038212973,-187.8612634057556,0.0,19,calibration,2,square,0.3,0,calibration
2.608949900008156,158,-475.0,-370.0,0.0,False,221.4324963819884,91.56565058464957,-120.48596011205646,-188.0765623434948,0.0,19,calibration,2,square,0.3,0,calibration
2.625576499995077,159,-468.0,-360.0,12.206555615733702,True,211.6200871189128,88.55308844289712,-142.03399355175705,-188.16236687707774,-2.5869082531072416,19,calibration,2,square,0.3,0,calibration
2.6418923000019277,160,-436.0,-330.0,20.0,True,201.6120234144077,83.51935593676427,-164.77166336835253,-187.99580673674768,-4.691044978393122,19,calibration,2,square,0.3,0,calibration
2.6585258999984944,161,-319.0,-239.0,20.0,True,192.18919983377967,76.70221024311321,-188.08728533255606,-187.6995106340564,-4.358191705940353,19,calibration,2,square,0.3,0,calibration
2.6752478999987943,162,-244.0,-181.0,20.0,True,184.93925502549638,68.54915757459142,-211.33948386932292,-187.3495252792403,-4.0210313104928535,19,calibration,2,square,0.3,0,calibration
2.692154300006223,163,-181.0,-147.0,20.0,True,180.02038247779475,58.96431963102971,-233.12557091355436,-187.17777406127988,1.0382340920003141,19,calibration,2,square,0.3,0,calibration
2.7085303000058047,164,-96.0,-105.0,20.0,True,176.58670198913867,47.421991232127176,-252.5202826115403,-187.10780986623874,4.293812818436704,19,calibration,2,square,0.3,0,calibration
2.725284100000863,165,-45.0,-78.0,20.0,True,173.1915273107307,33.86301310655541,-269.1129120082971,-186.88267043606444,4.176208174503251,19,calibration,2,square,0.3,0,calibration
2.741876300002332,166,-2.0,-54.0,20.0,True,169.71239183340808,18.106465431697252,-283.4377247268997,-186.56505953496247,3.960099840539497,19,calibration,2,square,0.3,0,calibration
2.7581618999975035,167,67.0,-19.0,20.0,True,166.97571713937955,0.7885049526345433,-295.81731634688833,-186.30679244538914,5.923248547854138,19,calibration,2,square,0.3,0,calibration
2.7751369000034174,168,113.0,3.0,20.0,True,165.50104412097178,-18.46861603528215,-307.28578353011005,-186.18697830920092,7.969994561850644,19,calibration,2,square,0.3,0,calibration
2.791687200005981,169,175.0,36.0,20.0,True,164.20789182704814,-38.26962934288548,-317.1972075010592,-185.8411366683291,6.788952771907846,19,calibration,2,square,0.3,0,calibration
2.8085318000084953,170,209.0,51.0,20.0,True,163.38668908463265,-58.35163753622827,-325.7199912913553,-184.66590221458804,8.21037735503218,19,calibration,2,square,0.3,0,calibration
2.8250989000080153,171,244.0,64.0,20.0,True,162.16627727201492,-78.69530451425719,-331.89922148780016,-182.05691509830194,6.489461869669357,19,calibration,2,square,0.3,0,calibration
2.8418207000067923,172,295.0,81.0,20.0,True,160.66367815497983,-99.53703698122433,-336.1913160417163,-177.22730870332484,0.20393513316495193,19,calibration,2,square,0.3,0,calibration
2.858265000002575,173,326.0,91.0,20.0,True,158.67824820112014,-120.75216373733167,-339.41085303565217,-169.0912256016973,-6.592595903621864,19,calibration,2,square,0.3,0,calibration
2.8751194000069518,174,359.0,102.0,20.0,True,156.78293216898732,-141.31756688387944,-341.97390115841705,-157.60322914156933,-10.080327359217364,19,calibration,2,square,0.3,0,calibration
2.8916139000066323,175,408.0,117.0,20.0,True,155.3511567310459,-161.52393830587343,-344.35030028531594,-142.31763491398317,-10.038278944246724,19,calibration,2,square,0.3,0,calibration
2.9085682000004454,176,433.0,125.0,20.0,True,154.38652197141036,-181.35419964198908,-346.4713149773115,-124.18458730859528,-10.855059932302087,19,calibration,2,square,0.3,0,calibration
2.925113000004785,177,469.0,139.0,20.0,True,152.8794818447505,-200.95715893039807,-348.46493365982093,-103.5591819401848,-14.078333225574173,19,calibration,2,square,0.3,0,calibration
2.941797999999835,178,488.0,148.0,20.0,True,150.20897443062088,-219.89935734395408,-350.40636144755615,-81.66296068447853,-17.933084622438955,19,calibration,2,square,0.3,0,calibration
2.9582493000052636,179,510.0,159.0,20.0,True,145.98184946571286,-238.09829980464923,-351.83129769343225,-58.745551463773786,-20.576544970781,19,calibration,2,square,0.3,0,calibration
2.975265999994008,180,531.0,168.0,20.0,True,141.9415456366588,-254.9746329769967,-353.0751578079995,-31.679834373489967,-18.96805822396859,19,calibration,2,square,0.3,0,calibration
2.9917573999991873,181,561.0,180.0,20.0,True,137.69538092828284,-270.6863005403387,-353.9575578960386,-2.5033719665670304,-18.87834498845043,19,calibration,2,square,0.3,0,calibration
0.0017178999987663701,1,95.0,152.0,20.0,True,-296.15171698364804,-1.064252204679227,303.41163010589605,-4.850855738265522,13.470526165546314,20,calibration,2,square,0.25,0,calibration
0.011297500008367933,2,95.0,152.0,0.0,False,-288.63465475895475,-6.237256413575955,311.1958625674117,-15.907908722114676,0.0,20,calibration,2,square,0.25,0,calibration
0.027374000012059696,3,140.0,207.0,20.0,True,-278.1952598254948,-11.249889731487777,321.2757112656277,-28.499781079935993,8.88621210741176,20,calibration,2,square,0.25,0,calibration
0.0442833000124665,4,179.0,246.0,20.0,True,-265.9933534923383,-17.947904731062536,331.963758943455,-41.15306250057067,7.269932363112495,20,calibration,2,square,0.25,0,calibration
0.06141890000435524,5,233.0,286.0,20.0,True,-253.1601401506082,-26.630376400248373,342.5934177330458,-53.6165789543478,5.269027719673351,20,calibration,2,square,0.25,0,calibration
0.07760880001296755,6,268.0,302.0,20.0,True,-241.49587370660785,-36.631142621700015,352.21956794371914,-65.62311825627587,3.5061049970059615,20,calibration,2,square,0.25,0,calibration
0.09462250000797212,7,297.0,314.0,20.0,True,-231.9095860664189,-46.385700815199584,361.1817730629376,-78.08821924372793,2.920000097816403,20,calibration,2,square,0.25,0,calibration
0.11082950000127312,8,335.0,326.0,20.0,True,-223.99090420118068,-55.78077851989376,369.73295138715326,-90.48920977316719,1.8176303244728165,20,calibration,2,square,0.25,0,calibration
0.12769380000827368,9,352.0,330.0,17.46424919657298,True,-217.05022379392403,-64.98357957969002,378.8011567018802,-103.17114801839315,0.40853951534325056,20,calibration,2,square,0.25,0,calibration
0.14406170000438578,10,360.0,331.0,8.06225774829855,True,-210.41481834296692,-74.70046966027463,383.28484451093425,-114.42345899433793,-0.475077544449277,20,calibration,2,square,0.25,0,calibration
0.1603944000089541,11,367.0,331.0,7.0,True,-203.19296313587594,-86.02098119024986,380.41628643855586,-123.62624726286336,-0.7177341899867955,20,calibration,2,square,0.25,0,calibration
0.17724550000275485,12,368.0,331.0,1.0,True,-195.45054617644044,-98.9691283261196,377.29406877445336,-132.85023774016386,-0.11349393648627293,20,calibration,2,square,0.25,0,calibration
0.19426680001197383,13,369.0,331.0,1.0,True,-187.45912350474967,-113.38234546569333,373.91250031532354,-142.08955664630378,-0.12300588593194889,20,calibration,2,square,0.25,0,calibration
0.21062160001019947,14,368.0,323.0,8.06225774829855,True,-185.05011455622127,-129.18577713343748,370.3672455136131,-151.08971987087347,1.8121760756008563,20,calibration,2,square,0.25,0,calibration
0.2272825000109151,15,354.0,303.0,20.0,True,-185.74125096250594,-144.3764757356397,366.34027186861226,-160.60761254445953,9.20876303397712,20,calibration,2,square,0.25,0,calibration
0.24416490001021884,16,314.0,258.0,20.0,True,-187.67566364713784,-158.81270491891425,361.97177315224434,-170.22466167104042,9.821834667855802,20,calibration,2,square,0.25,0,calibration
0.2608537000051001,17,278.0,228.0,20.0,True,-190.22671001974027,-172.33542939117794,357.073972721633,-180.27251039687232,10.128937219121415,20,calibration,2,square,0.25,0,calibration
0.2773975000018254,18,235.0,195.0,20.0,True,-192.98878099583618,-185.41259347788116,352.06392985213387,-189.8709806607417,9.853648461960393,20,calibration,2,square,0.25,0,calibration
0.29385739999997895,19,166.0,149.0,20.0,True,-195.9127818162087,-198.2027864970266,346.9533251918096,-199.0562486794786,9.757325469176202,20,calibration,2,square,0.25,0,calibration
0.31120430000009947,20,120.0,126.0,20.0,True,-199.10342233333492,-210.81786028309776,341.6855147505837,-207.96876931315583,9.869024937814498,20,calibration,2,square,0.25,0,calibration
0.3276373000117019,21,84.0,107.0,20.0,True,-201.8650566198238,-223.59133842735645,336.1851299674135,-216.747683698796,8.124529448684253,20,calibration,2,square,0.25,0,calibration
0.3444078000029549,22,27.0,91.0,20.0,True,-204.16798279305064,-236.75257727802318,330.4211692509903,-225.43702205008034,7.820731359975427,20,calibration,2,square,0.25,0,calibration
0.3607390000106534,23,-4.0,81.0,20.0,True,-205.58711845339081,-250.8504907814035,324.866233099569,-233.37080064073248,6.719510912886875,20,calibration,2,square,0.25,0,calibration
0.3780684000084875,24,-33.0,74.0,20.0,True,-206.10110116154763,-264.4073237686257,319.4070895275381,-240.78851957588697,6.149724569674076,20,calibration,2,square,0.25,0,calibration
0.3943037999997614,25,-69.0,71.0,20.0,True,-205.55651899197937,-276.17343649168834,313.9160086727452,-247.90469842052806,3.893385087866502,20,calibration,2,square,0.25,0,calibration
0.4109362000017427,26,-88.0,71.0,19.0,True,-203.41809459631963,-285.08661434179515,308.06503715795327,-255.1390461706496,-1.178491332242135,20,calibration,2,square,0.25,0,calibration
0.42766020000271965,27,-108.0,71.0,20.0,True,-199.35175077200904,-291.99653468806474,301.5550016700635,-262.8014097522462,-8.755159521619591,20,calibration,2,square,0.25,0,calibration
0.44425840000621974,28,-119.0,71.0,11.0,True,-193.47301134291288,-297.3906496193539,294.30243643494606,-270.89864508419845,-8.442640661420958,20,calibration,2,square,0.25,0,calibration
0.4607994000107283,29,-128.0,71.0,9.0,True,-185.99735596020128,-301.15371903027915,286.5343347196652,-279.1022662515639,-9.038184951043892,20,calibration,2,square,0.25,0,calibration
0.47783390000404324,30,-136.0,72.0,8.06225774829855,True,-176.95909349330026,-302.8981966468676,278.88193516362634,-286.7487859423139,-8.725531402766576,20,calibration,2,square,0.25,0,calibration
0.49417270001140423,31,-141.0,74.0,5.385164807134504,True,-166.6198351020421,-301.49413511841215,271.55391338164776,-293.69792666464724,-4.330616955424588,20,calibration,2,square,0.25,0,calibration
0.5111952000006568,32,-143.0,76.0,2.8284271247461903,True,-155.5339306212807,-296.55735432289,263.9804851824334,-300.5233825226368,-0.23857341156975806,20,calibration,2,square,0.25,0,calibration
0.5277458000055049,33,-146.0,85.0,9.486832980505138,True,-144.4570484331005,-288.9737314147035,256.1817960458657,-307.19844949920315,7.841720195574336,20,calibration,2,square,0.25,0,calibration
0.5442889000114519,34,-144.0,105.0,20.0,True,-132.98853133687317,-278.992504308567,248.52853430605776,-313.42234705853804,30.038290891208497,20,calibration,2,square,0.25,0,calibration
0.5613028000079794,35,-110.0,177.0,20.0,True,-119.35337593833378,-265.59418074703444,241.38134123321683,-318.95932045396216,36.81707299847008,20,calibration,2,square,0.25,0,calibration
0.5775968000089051,36,-68.0,232.0,20.0,True,-103.81089734142279,-249.37421235044334,233.48990479851724,-323.58739084490054,38.38663672539375,20,calibration,2,square,0.25,0,calibration
0.5942683000030229,37,-15.0,292.0,20.0,True,-87.17236589021192,-231.40580611956162,224.41565328234225,-327.3579286940029,37.97330302056718,20,calibration,2,square,0.25,0,calibration
0.6109256000054302,38,81.0,362.0,20.0,True,-70.99418131684718,-214.2197224249869,214.52039352321404,-330.03658034545816,38.33433986917151,20,calibration,2,square,0.25,0,calibration
0.6275396999990335,39,143.0,406.0,20.0,True,-55.81304973117625,-197.46061754146726,204.140273690938,-331.4781062947751,37.27577387208108,20,calibration,2,square,0.25,0,calibration
0.6448772000003373,40,208.0,448.0,20.0,True,-42.281588404770716,-181.33924826689494,194.24756696679836,-332.08343995129746,36.54341298586792,20,calibration,2,square,0.25,0,calibration
0.6612396999989869,41,305.0,495.0,20.0,True,-30.28504752848097,-165.67989205269356,185.70180101429557,-332.54767183638626,36.31362447622008,20,calibration,2,square,0.25,0,calibration
0.6773051000054693,42,360.0,525.0,20.0,True,-20.233297108171925,-150.27559108413982,179.1398621161186,-332.9928312076822,35.78137278941717,20,calibration,2,square,0.25,0,calibration
0.694120500003919,43,423.0,558.0,20.0,True,-11.194151678620226,-134.28850929898775,173.1103318628989,-333.4373778203924,35.149099204166475,20,calibration,2,square,0.25,0,calibration
0.7113428000011481,44,494.0,587.0,20.0,True,-2.6584463290948808,-117.78626632170271,166.42204030401513,-333.3024095157118,33.58218587604919,20,calibration,2,square,0.25,0,calibration
0.728256300004432,45,538.0,598.0,20.0,True,5.808095038135692,-100.46746701158584,159.10195623141544,-332.38434051866,31.527818276123107,20,calibration,2,square,0.25,0,calibration
0.7449946000124328,46,591.0,600.0,20.0,True,13.70250681193013,-83.84075281011674,151.71270475812216,-330.26341401843354,28.25546339019036,20,calibration,2,square,0.25,0,calibration
0.7610883000015747,47,623.0,600.0,20.0,True,21.04450521927547,-67.55200661665035,144.677944476088,-326.4908095828855,25.843964769991487,20,calibration,2,square,0.25,0,calibration
0.7775178000010783,48,653.0,600.0,20.0,True,27.59118494791656,-51.75254957313726,137.6107908768412,-321.08126414154503,23.53745509228989,20,calibration,2,square,0.25,0,calibration
0.7943013000040082,49,692.0,600.0,20.0,True,33.729332852348165,-35.75786862631361,131.0815195458735,-314.0743004359036,20.80026915226565,20,calibration,2,square,0.25,0,calibration
0.8112443999998504,50,715.0,600.0,20.0,True,39.14445428309208,-20.57650757501449,124.96645358989102,-305.49062438871414,18.32373642906733,20,calibration,2,square,0.25,0,calibration
0.8274915000074543,51,733.0,600.0,18.0,True,44.04818786829226,-5.808166178514535,119.85426699795865,-296.1515758321744,14.315258396209066,20,calibration,2,square,0.25,0,calibration
0.8442218999989564,52,754.0,600.0,20.0,True,48.002438565626576,8.069829183126599,115.96128525136585,-286.62354485462714,13.045050515026277,20,calibration,2,square,0.25,0,calibration
0.8607423000066774,53,770.0,600.0,16.0,True,49.964993449720865,21.938050093243262,113.71358797126777,-277.50886000208766,6.072760378806008,20,calibration,2,square,0.25,0,calibration
0.8774870000052033,54,787.0,600.0,17.0,True,48.94287885690015,35.219814340262985,112.86596578470214,-268.17033390686566,0.23230845546075998,20,calibration,2,square,0.25,0,calibration
0.8947927000117488,55,813.0,598.0,20.0,True,44.83265869590516,48.431199105397475,113.36983055828571,-257.98314532805665,-6.84156656748014,20,calibration,2,square,0.25,0,calibration
0.910961400004453,56,826.0,597.0,13.038404810405298,True,38.48962975012887,60.546127904488905,115.21562347476505,-247.2287586750359,-8.129324231471154,20,calibration,2,square,0.25,0,calibration
0.9274644000106491,57,845.0,596.0,19.026297590440446,True,30.74526669213224,71.4573767568424,118.86589873489487,-235.29299869323506,-16.4128953213955,20,calibration,2,square,0.25,0,calibration
0.9442446000030031,58,856.0,595.0,11.045361017187261,True,21.15487453063396,80.10943971277595,123.64690950448343,-223.09549503148048,-11.920548074542422,20,calibration,2,square,0.25,0,calibration
0.9608389000059105,59,863.0,593.0,7.280109889280518,True,7.806235676672939,84.89307177173458,129.27181882589926,-210.83672847876596,-8.365866394969398,20,calibration,2,square,0.25,0,calibration
0.9771753000095487,60,871.0,592.0,8.06225774829855,True,-9.011386434221825,87.22892059202643,135.04951567470428,-199.83971794111534,-10.897074467806283,20,calibration,2,square,0.25,0,calibration
0.99398710000969,61,872.0,592.0,1.0,True,-29.87240520968991,87.86400907069697,141.54878833630644,-190.00537199502438,-1.5508874627347278,20,calibration,2,square,0.25,0,calibration
1.0107520000019576,62,874.0,592.0,2.0,True,-53.95031001839344,85.31488859810163,149.5952585202981,-180.48996346278312,-3.280298984542619,20,calibration,2,square,0.25,0,calibration
1.0273751000058837,63,876.0,592.0,2.0,True,-79.6392594440234,77.51978701048614,159.9515107726569,-169.44314765357444,-3.281702671325762,20,calibration,2,square,0.25,0,calibration
1.0439010000118287,64,877.0,592.0,1.0,True,-102.72030089160666,64.61764320813201,171.9342497169577,-157.06732184215684,-1.5684856895603803,20,calibration,2,square,0.25,0,calibration
1.0605003000091529,65,877.0,592.0,0.0,False,-123.1169433693251,51.85173302276425,185.4625897636287,-144.18384163413896,0.0,20,calibration,2,square,0.25,0,calibration
1.0773489999992307,66,877.0,592.0,0.0,False,-138.62077235863558,37.588109166782054,200.655977109982,-132.39131075564052,0.0,20,calibration,2,square,0.25,0,calibration
1.0940730000002077,67,873.0,592.0,4.0,True,-153.08374108839462,24.1324194697265,217.93407694148974,-121.69874819704725,6.32992914000592,20,calibration,2,square,0.25,0,calibration
1.1109189000126207,68,859.0,591.0,14.035668847618199,True,-165.88074201621163,9.801728871517277,236.59052311453513,-112.46362252314998,23.061376372745098,20,calibration,2,square,0.25,0,calibration
1.1272892000124557,69,799.0,592.0,20.0,True,-177.44408530983895,-5.169359253684393,256.20743768714595,-103.60478156776172,30.04787662501179,20,calibration,2,square,0.25,0,calibration
1.1441580000100657,70,744.0,594.0,20.0,True,-187.99761214048465,-20.99546135881271,276.6044334212906,-94.73477403039789,28.5229015499438,20,calibration,2,square,0.25,0,calibration
1.1610396000032779,71,681.0,595.0,20.0,True,-198.04531162946463,-40.02324132311263,297.01493322062873,-85.60007975219816,27.180301145903197,20,calibration,2,square,0.25,0,calibration
1.1774268000008306,72,645.0,597.0,20.0,True,-207.14547595928192,-60.11176226660641,317.72656236019645,-76.5527946177306,25.08491536789339,20,calibration,2,square,0.25,0,calibration
1.1942031000071438,73,609.0,597.0,20.0,True,-215.0505176061762,-79.58311953119384,339.41558551891467,-67.33990739372067,25.931424811662836,20,calibration,2,square,0.25,0,calibration
1.2107523000013316,74,559.0,599.0,20.0,True,-221.86818701659607,-95.21741726552642,363.01432747707156,-57.449307404266975,25.3770142219277,20,calibration,2,square,0.25,0,calibration
1.2273655000026338,75,527.0,600.0,20.0,True,-228.8984566087253,-107.89782640394236,389.5687413124353,-47.313660135314045,27.599858031128612,20,calibration,2,square,0.25,0,calibration
1.244405600009486,76,491.0,600.0,20.0,True,-236.99132288450352,-119.31723207055512,398.39335045892716,-35.81533624176203,30.338016680639125,20,calibration,2,square,0.25,0,calibration
1.2606502999988152,77,447.0,600.0,20.0,True,-246.6869201767126,-130.4057952643464,399.2055512333684,-25.197774990313807,32.073279898768945,20,calibration,2,square,0.25,0,calibration
1.2773846000054618,78,417.0,600.0,20.0,True,-258.60774706673726,-141.84966423956553,399.67623132801054,-16.090683995361328,33.22520066675412,20,calibration,2,square,0.25,0,calibration
1.2941252000018721,79,381.0,599.0,20.0,True,-272.84729506878045,-153.54189386806053,399.92275900202003,-7.860460050927933,34.6608470575231,20,calibration,2,square,0.25,0,calibration
1.3108119000098668,80,326.0,586.0,20.0,True,-288.3911119839621,-165.96642308947332,399.9996936595105,0.4950477732322748,37.69922802470646,20,calibration,2,square,0.25,0,calibration
1.3275827000034042,81,284.0,572.0,20.0,True,-304.09751517531,-178.4377154758175,399.9029638003909,8.810195438423738,38.59941571685529,20,calibration,2,square,0.25,0,calibration
1.3443724000098882,82,232.0,545.0,20.0,True,-319.8017352030258,-191.00693324355228,399.6421257953617,16.916598055289825,39.61673677846666,20,calibration,2,square,0.25,0,calibration
1.3609158000035677,83,196.0,521.0,20.0,True,-333.9911030131075,-202.26602162056352,399.2942782587841,23.750354729911383,39.704103915617935,20,calibration,2,square,0.25,0,calibration
1.3772829000081401,84,164.0,497.0,20.0,True,-341.4311613187463,-208.38608898036415,398.9174392706693,29.408785179463724,39.47145155466451,20,calibration,2,square,0.25,0,calibration
1.3938378000020748,85,123.0,464.0,20.0,True,-341.39292566507845,-208.44872344497156,398.513188976872,34.45632324383848,39.136748675678305,20,calibration,2,square,0.25,0,calibration
1.4106159000075422,86,94.0,438.0,20.0,True,-341.95144049121836,-207.53123221814292,397.94680888840816,40.47637947658756,38.44738418258955,20,calibration,2,square,0.25,0,calibration
1.4277390000061132,87,72.0,413.0,20.0,True,-343.0270503050135,-205.74849394112644,397.0632326869227,48.381703651388065,35.9278759340365,20,calibration,2,square,0.25,0,calibration
1.4442453000083333,88,45.0,380.0,20.0,True,-344.6623861053885,-202.99714186199787,395.6852556289008,58.59333134317766,32.96902953027533,20,calibration,2,square,0.25,0,calibration
1.4607011000043713,89,27.0,354.0,20.0,True,-346.86006648216494,-199.21870966349545,393.85093612035047,69.8673036342721,27.385800134160384,20,calibration,2,square,0.25,0,calibration
1.4783062000060454,90,12.0,325.0,20.0,True,-349.5296897238626,-194.49677632685936,391.69903946356874,81.06702463590011,20.010283718496385,20,calibration,2,square,0.25,0,calibration
1.4943274000106612,91,-5.0,289.0,20.0,True,-353.32164313143403,-187.52017623419508,389.35429016484056,91.66917000951369,15.89980184839198,20,calibration,2,square,0.25,0,calibration
1.510731600006693,92,-10.0,270.0,19.6468827043885,True,-357.71558878658476,-178.9959707341677,386.9107806135026,101.48915136629161,9.77375596075102,20,calibration,2,square,0.25,0,calibration
1.52733330000774,93,-17.0,244.0,20.0,True,-363.6978288545455,-166.50492270947944,384.3104824004411,110.92994689054991,9.874229974831385,20,calibration,2,square,0.25,0,calibration
1.5441076999995857,94,-18.0,229.0,15.033296378372908,True,-370.5897186836409,-150.54321773490787,381.71960252712734,119.54139469879003,4.426660160533926,20,calibration,2,square,0.25,0,calibration
1.560667800004012,95,-18.0,220.0,9.0,True,-377.89817895297944,-131.1219521820123,379.12451936148193,127.53273626377386,2.4242957108884897,20,calibration,2,square,0.25,0,calibration
1.5775923000037437,96,-17.0,209.0,11.045361017187261,True,-384.09727699572875,-111.6659384255845,376.5336120269659,134.9905145331563,2.4505463612632905,20,calibration,2,square,0.25,0,calibration
1.5939013000024715,97,-15.0,204.0,5.385164807134504,True,-388.9507541919358,-93.3665401175622,373.84979194463307,142.25446588052895,-0.038044215120585485,20,calibration,2,square,0.25,0,calibration
1.6104970000014873,98,-10.0,198.0,7.810249675906654,True,-392.6201942454995,-76.48125960407721,371.0146707782076,149.49285624182258,-1.8538700634920362,20,calibration,2,square,0.25,0,calibration
1.627486500001396,99,5.0,195.0,15.297058540778355,True,-395.34966394966364,-60.81647157545459,367.39916839101545,158.17032296101036,-4.349546579552032,20,calibration,2,square,0.25,0,calibration
1.6439563000021735,100,30.0,200.0,20.0,True,-397.20205393605767,-47.22846968701309,362.9771616844477,168.07016420382973,0.31683767864969786,20,calibration,2,square,0.25,0,calibration
1.6610836000036215,101,105.0,234.0,20.0,True,-398.4893522468079,-34.25132636733838,357.8047262727824,178.8177224350519,4.967902582327222,20,calibration,2,square,0.25,0,calibration
1.6773017000086838,102,160.0,276.0,20.0,True,-399.19045746213914,-20.966775412604463,352.9034398044456,188.30603329205897,7.280001578739281,20,calibration,2,square,0.25,0,calibration
1.694734000004246,103,214.0,315.0,20.0,True,-399.70652032258636,-7.580285027204978,348.2594402942779,196.7621971973182,7.675058179399152,20,calibration,2,square,0.25,0,calibration
1.711308600002667,104,288.0,376.0,20.0,True,-399.9635148333063,5.402481114038637,343.58107084906453,204.6955826500001,9.212091163880086,20,calibration,2,square,0.25,0,calibration
1.727464300012798,105,336.0,416.0,20.0,True,-399.60576709854746,17.754743072808893,338.05412663627385,212.51475706256863,11.122873207521964,20,calibration,2,square,0.25,0,calibration
1.744417500012787,106,377.0,450.0,20.0,True,-398.82809061642234,30.596636012130627,330.69768937133085,219.9752490550521,14.68119761647301,20,calibration,2,square,0.25,0,calibration
1.7607195000018692,107,426.0,489.0,20.0,True,-397.5141089649042,44.525646248406694,321.4656103996198,227.1303578940699,17.737308551454674,20,calibration,2,square,0.25,0,calibration
1.7778284000087297,108,474.0,529.0,20.0,True,-395.70979066115854,58.427404314260734,310.74948002670277,233.79430598240705,19.82440707330869,20,calibration,2,square,0.25,0,calibration
1.794316700004856,109,537.0,575.0,20.0,True,-393.53365442134526,71.63283351774677,299.9289292787305,239.86118469293194,20.891566333918288,20,calibration,2,square,0.25,0,calibration
1.8110282999987248,110,586.0,600.0,20.0,True,-391.24173806798035,83.24603530226453,289.96754908914994,245.16964611730043,20.937196841482617,20,calibration,2,square,0.25,0,calibration
1.8281072000099812,111,623.0,600.0,20.0,True,-388.8136855958676,93.93571149119944,280.1377143472582,250.3349780811834,16.862062327005948,20,calibration,2,square,0.25,0,calibration
1.8439848000125494,112,678.0,600.0,20.0,True,-386.4947160882263,103.06228425511128,269.39126690069344,255.010267670923,15.617038244714971,20,calibration,2,square,0.25,0,calibration
1.8605517000105465,113,711.0,600.0,20.0,True,-384.3615430772163,110.75289704247555,256.73824314249816,259.3099504218909,14.095761879853177,20,calibration,2,square,0.25,0,calibration
1.8777874000079464,114,743.0,600.0,20.0,True,-382.4663184992624,117.13033430166925,242.05584194519182,262.8568394015902,13.245011334012473,20,calibration,2,square,0.25,0,calibration
1.8941909999994095,115,797.0,600.0,20.0,True,-380.83779783705063,122.32159146538999,225.92633311728125,265.55157390489853,11.366539846840302,20,calibration,2,square,0.25,0,calibration
1.9110779000038747,116,829.0,600.0,20.0,True,-379.45286559369316,126.55245075752022,210.1878948703175,267.2498060340465,8.645737967371414,20,calibration,2,square,0.25,0,calibration
1.9274510000104783,117,862.0,600.0,20.0,True,-378.31047693788696,129.92760691642286,196.73958709587296,267.53079190893897,5.679920327234342,20,calibration,2,square,0.25,0,calibration
1.943969100000686,118,908.0,600.0,20.0,True,-377.6279708356039,131.89812600103272,186.03280987859645,266.17322674836754,2.8018458412172143,20,calibration,2,square,0.25,0,calibration
1.960647500003688,119,929.0,600.0,20.0,True,-378.4091970223011,129.63980719261085,177.13797571559329,262.5043320181401,-1.3541908535009228,20,calibration,2,square,0.25,0,calibration
1.9774108999990858,120,944.0,600.0,15.0,True,-380.49569864625755,123.38161658730347,168.35118752207777,256.2856734543623,-2.26652157915877,20,calibration,2,square,0.25,0,calibration
1.9941297000041232,121,959.0,600.0,15.0,True,-383.07678329782124,115.11810499740741,158.68427043139351,248.01371968542006,-1.2093844864173142,20,calibration,2,square,0.25,0,calibration
2.0109113000071375,122,959.0,600.0,0.0,False,-384.93689144469914,108.73633065765976,148.17741144372195,238.32652664107846,0.0,20,calibration,2,square,0.25,0,calibration
2.0278927000035765,123,959.0,600.0,0.0,False,-386.4285628613796,103.31004696973478,137.15409084028212,226.3792463264532,0.0,20,calibration,2,square,0.25,0,calibration
2.0441605000087293,124,959.0,600.0,0.0,False,-387.96351297880847,97.38743551989613,127.53094861413467,212.93967697676936,0.0,20,calibration,2,square,0.25,0,calibration
2.0608645000029355,125,959.0,600.0,0.0,False,-389.83523731534143,89.60182892827241,119.99118535609678,198.37314438581586,0.0,20,calibration,2,square,0.25,0,calibration
2.0776191000040853,126,959.0,600.0,0.0,False,-392.0905237287893,79.15188691423393,115.58911475819167,184.22006300643278,0.0,20,calibration,2,square,0.25,0,calibration
2.0944776000105776,127,959.0,600.0,0.0,False,-394.6419908572458,65.25104636884791,113.23134897649913,170.48936981552913,0.0,20,calibration,2,square,0.25,0,calibration
2.110930400012876,128,959.0,600.0,0.0,False,-397.0983465080817,48.092652251123184,112.24272273842166,157.07815113870606,0.0,20,calibration,2,square,0.25,0,calibration
2.1277779000083683,129,959.0,600.0,0.0,False,-398.9360259823808,29.155568479884348,111.98012450742432,144.16138405711425,0.0,20,calibration,2,square,0.25,0,calibration
2.1444151000032434,130,959.0,600.0,0.0,False,-399.87405101361793,10.037097486750481,112.25320710272172,131.02979175600666,0.0,20,calibration,2,square,0.25,0,calibration
2.1606190000020433,131,958.0,600.0,1.0,True,-399.90812219007074,-8.572852874712693,113.58281035857334,117.6293313772724,0.48442237509750735,20,calibration,2,square,0.25,0,calibration
2.177183200008585,132,945.0,600.0,13.0,True,-399.0653439484915,-27.32857953264678,116.03651529602337,103.97992872598272,6.94488823539033,20,calibration,2,square,0.25,0,calibration
2.1943275000085123,133,919.0,598.0,20.0,True,-397.3547089916894,-45.926411161006634,119.26672490256735,90.56073637590193,10.564341919569241,20,calibration,2,square,0.25,0,calibration
2.210598600009689,134,881.0,593.0,20.0,True,-394.9704929538128,-63.23218876349354,123.07753014985472,77.51779084101855,10.364613984450253,20,calibration,2,square,0.25,0,calibration
2.2274234000069555,135,830.0,583.0,20.0,True,-391.757115946187,-80.78590288859685,127.9660258393023,62.92412740500672,9.706632990867227,20,calibration,2,square,0.25,0,calibration
2.244171099999221,136,796.0,578.0,20.0,True,-387.6287776115006,-98.71135075265556,134.68373812458094,46.522411084495786,10.239044525423498,20,calibration,2,square,0.25,0,calibration
2.2608929999987595,137,753.0,569.0,20.0,True,-382.72669296697035,-116.27673236966369,142.3320812066155,28.53820035922837,9.395827406807257,20,calibration,2,square,0.25,0,calibration
2.277607200012426,138,724.0,564.0,20.0,True,-377.431181243445,-132.46019562562094,150.5964312556113,10.274591794167126,8.918173205078734,20,calibration,2,square,0.25,0,calibration
2.2940941999986535,139,692.0,558.0,20.0,True,-371.8771942946516,-147.33415206101378,158.78613319498243,-8.380218760128244,8.320575594042472,20,calibration,2,square,0.25,0,calibration
2.3109332000021823,140,643.0,545.0,20.0,True,-365.96598527843287,-161.4586560676939,167.58827375773365,-27.578940345397285,8.657790235805564,20,calibration,2,square,0.25,0,calibration
2.3277988000045298,141,608.0,533.0,20.0,True,-359.12809023734735,-176.14486879405743,175.80366016920306,-47.62994183458961,8.064353283714947,20,calibration,2,square,0.25,0,calibration
2.3441472000122303,142,564.0,512.0,20.0,True,-351.0924230099308,-191.6614476231874,182.60853773678926,-69.04044426058621,5.854202757663906,20,calibration,2,square,0.25,0,calibration
2.3610575000056997,143,538.0,499.0,20.0,True,-341.393914802619,-208.4471034477144,186.9371693024271,-91.37121779900423,3.13687068544425,20,calibration,2,square,0.25,0,calibration
2.377841500012437,144,509.0,486.0,20.0,True,-330.8699668561787,-224.77781258965757,189.65429340038466,-113.3002572170899,1.4251431767675216,20,calibration,2,square,0.25,0,calibration
2.394761900010053,145,456.0,454.0,20.0,True,-320.3257567722599,-239.56504241704167,191.31011782557403,-133.782897938855,0.33948925976491573,20,calibration,2,square,0.25,0,calibration
2.4110657000128413,146,423.0,434.0,20.0,True,-311.08657879133835,-251.4460985895395,192.4950329534785,-152.2210122185719,0.1593380657585608,20,calibration,2,square,0.25,0,calibration
2.4278417000023182,147,391.0,412.0,20.0,True,-303.5045543485466,-260.5474726219583,193.0308285640627,-170.44860303049254,0.38429643676381353,20,calibration,2,square,0.25,0,calibration
2.4449860000022454,148,348.0,384.0,20.0,True,-297.43189256912046,-267.4589113915466,192.54595651956961,-188.47131759561498,0.7585611545958026,20,calibration,2,square,0.25,0,calibration
2.461012700005085,149,313.0,364.0,20.0,True,-292.56181941051057,-272.7775317419156,190.8485400596357,-206.9765998438783,1.1752154965127448,20,calibration,2,square,0.25,0,calibration
2.4777652000047965,150,281.0,340.0,20.0,True,-288.3770936685711,-277.19785685908215,187.39464495479623,-225.065020083784,0.034381435731840604,20,calibration,2,square,0.25,0,calibration
2.49413099999947,151,232.0,303.0,20.0,True,-285.3589424169537,-280.30389576792845,182.7112569186592,-243.00648907649997,0.04310107206850544,20,calibration,2,square,0.25,0,calibration
2.510838900008821,152,198.0,279.0,20.0,True,-283.9648827376198,-281.7160722639194,177.59070387067874,-260.54800743816617,1.8866627867001484,20,calibration,2,square,0.25,0,calibration
2.527519900002517,153,168.0,254.0,20.0,True,-284.2610513880136,-281.4172252435538,172.19967197614838,-277.18322396869723,3.083263778655614,20,calibration,2,square,0.25,0,calibration
2.5441310000023805,154,128.0,218.0,20.0,True,-286.50252948310464,-279.1349146914136,166.34217048116412,-292.999663250597,0.5770288667981904,20,calibration,2,square,0.25,0,calibration
2.560632799999439,155,108.0,197.0,20.0,True,-290.088464222731,-275.40639594043074,159.20212086814726,-308.5453187691559,-2.196739768741276,20,calibration,2,square,0.25,0,calibration
2.578075000012177,156,89.0,177.0,20.0,True,-294.563502549689,-270.6147500888659,151.1571174717905,-323.3027420539205,-2.9473012168680324,20,calibration,2,square,0.25,0,calibration
2.5939938000083202,157,59.0,136.0,20.0,True,-299.2374963344069,-265.43722570038256,142.58806526763246,-337.06507949739785,-5.703596727428703,20,calibration,2,square,0.25,0,calibration
2.6105176999990363,158,42.0,114.0,20.0,True,-304.7746651200597,-259.0606174256431,134.25854336492466,-349.52257781794515,-7.250989290608356,20,calibration,2,square,0.25,0,calibration
2.6278784000023734,159,25.0,92.0,20.0,True,-311.62969225659714,-250.77267575248015,125.05252318751911,-362.49309658203936,-10.128401970793416,20,calibration,2,square,0.25,0,calibration
2.6439658000017516,160,19.0,83.0,10.816653826391969,True,-319.25456918445263,-240.99070532875243,114.99935405224794,-375.4888075430089,-7.413824451695886,20,calibration,2,square,0.25,0,calibration
2.6609911999985343,161,14.0,77.0,7.810249675906654,True,-327.22008131717763,-230.05872811693033,103.91484148273327,-386.2663662805997,-5.624727238137879,20,calibration,2,square,0.25,0,calibration
2.6771681000100216,162,10.0,72.0,6.4031242374328485,True,-335.14646620296406,-218.35028324155084,92.44460652704863,-389.1709068315091,-5.53967372639201,20,calibration,2,square,0.25,0,calibration
2.6944452000025194,163,9.0,70.0,2.23606797749979,True,-342.9193284830621,-205.92798292783274,82.44067580450681,-391.41223150649773,-2.51065665608938,20,calibration,2,square,0.25,0,calibration
2.71103820001008,164,8.0,69.0,1.4142135623730951,True,-350.1995090748062,-193.28813684177499,73.0090115806263,-393.2806685155272,-1.4716886469581814,20,calibration,2,square,0.25,0,calibration
2.72806190000847,165,7.0,68.0,1.4142135623730951,True,-356.9218749618727,-179.8124487797862,63.6174846418049,-394.8876917973442,-1.6027833456673355,20,calibration,2,square,0.25,0,calibration
2.744240500003798,166,7.0,68.0,0.0,False,-358.53642507099954,-163.40349187878675,53.87058476645061,-395.54832877034323,0.0,20,calibration,2,square,0.25,0,calibration
2.7612710000103107,167,7.0,70.0,2.0,True,-357.4321909415435,-144.30050860557762,43.94257993551602,-395.79918747576556,2.0471864626295484,20,calibration,2,square,0.25,0,calibration
2.7776164000097197,168,25.0,97.0,20.0,True,-351.2699630720308,-125.60872958603392,34.40425386547679,-395.7748125804111,30.329272664234985,20,calibration,2,square,0.25,0,calibration
2.7941901000012876,169,68.0,151.0,20.0,True,-340.99433143836995,-108.98456822708057,24.97682586559386,-394.69892292154515,30.463097648559277,20,calibration,2,square,0.25,0,calibration
2.810595800008741,170,151.0,234.0,20.0,True,-327.230678110698,-95.07126129694008,15.350909100580523,-392.13514573298767,30.025694089076723,20,calibration,2,square,0.25,0,calibration
2.8273785000055796,171,213.0,281.0,20.0,True,-309.62491489425133,-82.36920307625417,4.9114450784736,-387.08509750814306,29.080541696498127,20,calibration,2,square,0.25,0,calibration
2.844206400011899,172,277.0,332.0,20.0,True,-289.4071210676973,-69.2804621117852,-4.568344578753759,-381.00395753087287,26.33885066833068,20,calibration,2,square,0.25,0,calibration
2.860690000001341,173,381.0,407.0,20.0,True,-267.6231092617622,-55.964289815269495,-11.721826098898397,-374.181448276628,23.607127204162847,20,calibration,2,square,0.25,0,calibration
2.877690799999982,174,458.0,456.0,20.0,True,-245.87686651538814,-43.246671788580194,-15.689271230332935,-366.4428493665827,18.128841430681465,20,calibration,2,square,0.25,0,calibration
2.8943142000061926,175,528.0,504.0,20.0,True,-224.63094169898739,-31.397129769060427,-17.835032727119156,-356.1624502811525,12.213060421561451,20,calibration,2,square,0.25,0,calibration
2.9108238000044366,176,665.0,576.0,20.0,True,-202.8628485353818,-21.836135858803754,-18.969685581604814,-342.342238065857,12.12655296727279,20,calibration,2,square,0.25,0,calibration
2.9272249000059674,177,696.0,592.0,20.0,True,-180.21937986387726,-14.465542326341959,-19.675746537250557,-325.24372090346355,11.307066406192451,20,calibration,2,square,0.25,0,calibration
2.9439857000106713,178,790.0,600.0,20.0,True,-156.3688976055819,-10.9472287985721,-19.98465436304172,-305.8933073678961,18.584425534103815,20,calibration,2,square,0.25,0,calibration
2.9608191000006627,179,850.0,600.0,20.0,True,-131.19508652956605,-9.360349193626421,-19.989026805104828,-286.92706331610157,19.964992256593327,20,calibration,2,square,0.25,0,calibration
2.977579800004605,180,900.0,600.0,20.0,True,-105.9700228941605,-8.54687929133098,-19.2731925290732,-269.72297636922633,19.15816017074559,20,calibration,2,square,0.25,0,calibration
2.994165200012503,181,959.0,600.0,20.0,True,-80.55876647153767,-8.023536470209729,-17.253741273135745,-255.3188254898218,17.21893231802366,20,calibration,2,square,0.25,0,calibration
0.0007596000068588182,1,-196.0,-46.0,20.0,True,292.11349466134993,3.1463751100102546,-294.80200625955877,-3.6357528308803637,29.727622551078085,21,calibration,2,square,0.3,0,calibration
0.003975500003434718,2,-196.0,-46.0,0.0,False,277.2963488327786,14.193491320368071,-282.7023276582802,-11.155377840849674,0.0,21,calibration,2,square,0.3,0,calibration
0.020687600001110695,3,-196.0,-46.0,0.0,False,262.51714090900435,27.230992070129716,-268.0122193143495,-18.172349576859602,0.0,21,calibration,2,square,0.3,0,calibration
0.036741699994308874,4,-302.0,-38.0,20.0,True,246.7442393289398,38.78242344807708,-249.58077766053276,-24.08104798131842,36.42992075568568,21,calibration,2,square,0.3,0,calibration
0.05371589999413118,5,-323.0,-31.0,20.0,True,232.5876275059085,50.63307228749238,-229.16094417259686,-28.40748442159429,38.48112056749502,21,calibration,2,square,0.3,0,calibration
0.07036080000398215,6,-363.0,0.0,20.0,True,220.04052905468927,63.63671047103698,-208.46933148592464,-31.157335745106014,37.077640349098786,21,calibration,2,square,0.3,0,calibration
0.08682840000255965,7,-380.0,26.0,20.0,True,210.00767066145414,76.93683690083112,-189.4472566033475,-32.366903422218144,31.94005651463831,21,calibration,2,square,0.3,0,calibration
0.10314609999477398,8,-390.0,57.0,20.0,True,201.9657417575848,90.65713776293899,-171.58642924826904,-32.16774447797934,25.453568590978257,21,calibration,2,square,0.3,0,calibration
0.11983280000276864,9,-388.0,117.0,20.0,True,196.50696647693525,104.77687275813848,-154.695374769698,-30.0697311949036,15.278748688755018,21,calibration,2,square,0.3,0,calibration
0.13693110000167508,10,-371.0,164.0,20.0,True,193.28513973401903,121.7340969151773,-139.8242483856253,-25.12215276261556,4.815099041994886,21,calibration,2,square,0.3,0,calibration
0.15346739999949932,11,-312.0,257.0,20.0,True,192.3510521365616,141.25064113640576,-126.89210711751082,-17.95631313230724,-1.2001102608488257,21,calibration,2,square,0.3,0,calibration
0.16992460000619758,12,-255.0,307.0,20.0,True,194.12016412463757,161.72974125911057,-115.78092146189792,-9.657910807865179,-5.504439066942631,21,calibration,2,square,0.3,0,calibration
0.18658829999912996,13,-212.0,332.0,20.0,True,197.40350193001058,179.5054539430286,-107.10337277438808,-1.7877860508505297,-6.534833541466288,21,calibration,2,square,0.3,0,calibration
0.2031970999960322,14,-153.0,334.0,20.0,True,202.37654687390605,193.86702527912897,-101.20469786580402,7.783301377503669,-3.883306107304705,21,calibration,2,square,0.3,0,calibration
0.22007710000616498,15,-124.0,316.0,20.0,True,208.8205443999951,205.3869709747272,-98.00791209587125,20.335692426828533,5.1179404978092435,21,calibration,2,square,0.3,0,calibration
0.236967699995148,16,-101.0,292.0,20.0,True,217.17667885428435,214.997161847271,-96.32662137900677,38.77628831172381,11.306957544646929,21,calibration,2,square,0.3,0,calibration
0.2531077000021469,17,-78.0,238.0,20.0,True,228.18090384165578,222.59869404289356,-95.51369789295919,59.126819646040424,14.063187807030102,21,calibration,2,square,0.3,0,calibration
0.2702433999947971,18,-76.0,202.0,20.0,True,241.07389424957174,228.7898677012992,-94.28837156047396,78.88376658670697,12.218135511098751,21,calibration,2,square,0.3,0,calibration
0.28699870000127703,19,-83.0,162.0,20.0,True,255.20019689047996,234.3954030977643,-92.77543795629089,94.37293437671337,9.471599749423373,21,calibration,2,square,0.3,0,calibration
0.303384200000437,20,-117.0,97.0,20.0,True,269.42236429751426,239.95325935470132,-90.01330259525014,107.44438594574477,4.171025473206093,21,calibration,2,square,0.3,0,calibration
0.3200935000058962,21,-163.0,35.0,20.0,True,284.0997468221043,244.1285472256748,-86.24827298995424,120.49273549479312,2.879176840391273,21,calibration,2,square,0.3,0,calibration
0.33708470000419766,22,-231.0,-18.0,20.0,True,300.7267510932481,246.27615061391793,-81.79511848196313,137.05727693834237,-1.2508949773164102,21,calibration,2,square,0.3,0,calibration
0.35383950000687037,23,-333.0,-87.0,20.0,True,316.8697896440566,244.11787400952707,-77.36966366158987,157.23717000027756,-1.5937015437769442,21,calibration,2,square,0.3,0,calibration
0.3704777999955695,24,-391.0,-118.0,20.0,True,324.7912286949118,233.47517590281305,-73.3435781995974,179.94329318938208,-3.7533528509642733,21,calibration,2,square,0.3,0,calibration
0.38724399999773595,25,-459.0,-138.0,20.0,True,332.0378824967076,223.04897351725825,-68.63929814124158,202.4419051871334,-8.727960232968424,21,calibration,2,square,0.3,0,calibration
0.4033296999987215,26,-490.0,-140.0,20.0,True,338.4305003062614,213.2247557448562,-63.422066604131835,223.64165255973154,-13.730186279885366,21,calibration,2,square,0.3,0,calibration
0.4208054000046104,27,-514.0,-140.0,20.0,True,344.9526589806699,202.50348901232695,-57.63421958845046,243.02166421521582,-14.036263510316736,21,calibration,2,square,0.3,0,calibration
0.4373282000015024,28,-533.0,-133.0,20.0,True,350.7796253907338,192.2333332456586,-52.24037223707222,262.2756619197202,-20.910721855710936,21,calibration,2,square,0.3,0,calibration
0.45375630000489764,29,-538.0,-129.0,6.4031242374328485,True,355.7236558894063,182.92260833662758,-47.7750993585653,282.0356878340535,-7.824193566306557,21,calibration,2,square,0.3,0,calibration
0.47065350000048056,30,-545.0,-118.0,13.038404810405298,True,359.68045229214,175.0142058203323,-44.688871228976026,303.09074760136815,-16.102947913689498,21,calibration,2,square,0.3,0,calibration
0.486793400006718,31,-545.0,-111.0,7.0,True,362.8217357569452,168.4054276510037,-41.1762315415159,325.8305513741417,-6.216502642116819,21,calibration,2,square,0.3,0,calibration
0.5034194000036223,32,-540.0,-94.0,17.72004514666935,True,365.8763090451349,161.66176566989773,-35.98866921679332,350.41420934121584,-11.554256173135359,21,calibration,2,square,0.3,0,calibration
0.5204809999995632,33,-497.0,-19.0,20.0,True,368.66316747654923,155.201381908016,-27.781964932945982,376.56598660877785,-9.180914913848792,21,calibration,2,square,0.3,0,calibration
0.5368767000036314,34,-447.0,38.0,20.0,True,371.0683546489588,149.3595533540273,-17.460609871887975,399.61872716741107,-5.4280515333900015,21,calibration,2,square,0.3,0,calibration
0.5535833000030834,35,-378.0,103.0,20.0,True,372.87795134561765,144.78271098544613,-5.3719840510761,399.96392560749143,-3.3928023051021627,21,calibration,2,square,0.3,0,calibration
0.5703949000017019,36,-262.0,169.0,20.0,True,374.54585785548505,140.4115392811388,6.371159764392103,399.9492571855292,1.1897605750041396,21,calibration,2,square,0.3,0,calibration
0.5868918000051053,37,-205.0,186.0,20.0,True,376.2767797237104,135.70477162117166,17.531397090598592,399.6156279677407,5.317342447098801,21,calibration,2,square,0.3,0,calibration
0.6035117999999784,38,-153.0,189.0,20.0,True,377.9933479563839,130.84734961291366,27.539298590784608,399.0508577025335,9.986428402941623,21,calibration,2,square,0.3,0,calibration
0.6197095999959856,39,-97.0,187.0,20.0,True,379.5752042843081,126.18503989192146,36.67130365315983,398.31547231858536,11.962837501823827,21,calibration,2,square,0.3,0,calibration
0.6366232000000309,40,-66.0,177.0,20.0,True,381.1259095713619,121.420925105198,45.48943816977435,397.4049710496816,17.13675782295943,21,calibration,2,square,0.3,0,calibration
0.6535320999973919,41,-44.0,163.0,20.0,True,382.63679633299466,116.57221835421328,53.35615339949258,396.42542917225904,21.137569610603173,21,calibration,2,square,0.3,0,calibration
0.6699586000031559,42,-26.0,136.0,20.0,True,384.24698825714097,111.1496829294471,60.259372032899705,395.43496062209846,25.30737915515128,21,calibration,2,square,0.3,0,calibration
0.6869333000067854,43,-20.0,113.0,20.0,True,385.91541861623125,105.21069182482834,66.18405678564132,394.48659118833814,26.048099741406332,21,calibration,2,square,0.3,0,calibration
0.7033776000025682,44,-19.0,83.0,20.0,True,387.50071741887695,99.21287214800157,72.29738994270878,393.4121088724544,23.987120039485028,21,calibration,2,square,0.3,0,calibration
0.7201177999959327,45,-31.0,26.0,20.0,True,388.8955074734511,93.59639024538804,78.81486087527031,392.15840894364584,19.80762945859359,21,calibration,2,square,0.3,0,calibration
0.7367626000050223,46,-48.0,-12.0,20.0,True,390.14467028163557,88.2447519733263,85.11368202643831,390.8396872528458,14.570208691785552,21,calibration,2,square,0.3,0,calibration
0.7534879000013461,47,-88.0,-70.0,20.0,True,391.0217870885605,84.27313938657143,91.63929986787441,389.36132155072335,8.37852689007505,21,calibration,2,square,0.3,0,calibration
0.7701636999991024,48,-120.0,-104.0,20.0,True,391.3738076409683,82.62289448216133,98.92336013087669,387.5747267565532,2.4540647918492953,21,calibration,2,square,0.3,0,calibration
0.787034599998151,49,-164.0,-134.0,20.0,True,390.81122638062055,85.244268633588,108.0415341033592,385.13247968535796,-2.2861779769194057,21,calibration,2,square,0.3,0,calibration
0.8033825000020443,50,-233.0,-169.0,20.0,True,389.61443807736856,90.55710707424558,118.83387211751388,381.94045457054995,0.100807932392597,21,calibration,2,square,0.3,0,calibration
0.8202060000039637,51,-278.0,-181.0,20.0,True,388.03768335864754,97.09148414590246,131.267830123325,377.8475311216336,10.141348138854692,21,calibration,2,square,0.3,0,calibration
0.8365654999943217,52,-319.0,-187.0,20.0,True,386.22596231121094,104.06491261121157,146.38811482847305,372.25061428688844,17.99691988081014,21,calibration,2,square,0.3,0,calibration
0.8533132000011392,53,-377.0,-187.0,20.0,True,384.19445138441154,111.33114355575017,162.93591063290637,365.31067466777586,23.606690132711844,21,calibration,2,square,0.3,0,calibration
0.8699169000028633,54,-409.0,-183.0,20.0,True,382.0425873473477,118.50511150555559,179.5477556076141,357.4389506702767,26.459702684301455,21,calibration,2,square,0.3,0,calibration
0.8865999999979977,55,-438.0,-175.0,20.0,True,379.9155832967777,125.15650030369653,193.3728760006681,350.15272500329087,28.9562305703883,21,calibration,2,square,0.3,0,calibration
0.9031306999968365,56,-470.0,-158.0,20.0,True,377.6135162887989,131.93950248507457,205.27893304189004,343.30825747305175,32.3288594751418,21,calibration,2,square,0.3,0,calibration
0.9203072999953292,57,-484.0,-148.0,17.204650534085253,True,375.2350890706002,138.39925218732782,215.176567073306,337.19288987543473,29.8641140720831,21,calibration,2,square,0.3,0,calibration
0.9372455999982776,58,-495.0,-137.0,15.556349186104045,True,371.3737478561048,145.46305014766696,224.19888660775476,331.2625231502096,29.09223202594466,21,calibration,2,square,0.3,0,calibration
0.9534466000040993,59,-505.0,-125.0,15.620499351813308,True,366.42302874200203,152.08619045063273,232.58901413576814,325.42641334616866,30.45311650047411,21,calibration,2,square,0.3,0,calibration
0.9699553999962518,60,-509.0,-116.0,9.848857801796104,True,360.501058253457,159.31860308448358,240.88265520655398,317.9976707069685,18.481899568050483,21,calibration,2,square,0.3,0,calibration
0.9869114000030095,61,-512.0,-100.0,16.278820596099706,True,354.8467484064532,165.915358833698,249.42914199293287,309.03000732342133,27.752655417769482,21,calibration,2,square,0.3,0,calibration
1.00328800000716,62,-512.0,-86.0,14.0,True,348.6317538635308,172.42256346624686,258.14068727285144,299.01837466384217,20.68566024527257,21,calibration,2,square,0.3,0,calibration
1.0204497999948217,63,-507.0,-63.0,20.0,True,341.6170545336618,178.89586365253945,266.92531552412527,287.4203973978752,23.14558278456028,21,calibration,2,square,0.3,0,calibration
1.0366716999997152,64,-465.0,19.0,20.0,True,333.3872908569283,185.30881217234096,274.2827335714201,276.9268145740639,13.090636214782554,21,calibration,2,square,0.3,0,calibration
1.0535090000048513,65,-417.0,79.0,20.0,True,324.3794711632906,191.11103763790385,280.17813862452687,267.1516928158852,4.87454487577637,21,calibration,2,square,0.3,0,calibration
1.0704016999952728,66,-362.0,140.0,20.0,True,315.070163139953,195.69928638440285,284.80939826677144,259.37424596786536,0.4640071428195425,21,calibration,2,square,0.3,0,calibration
1.0868670000054408,67,-263.0,214.0,20.0,True,306.02983335616796,198.44483637794795,289.74362760797453,250.74142191949196,-9.40197403955228,21,calibration,2,square,0.3,0,calibration
1.1037243000027956,68,-187.0,255.0,20.0,True,298.07859594343364,198.50062346952583,294.82099186669774,241.2743259758781,-17.48595756927727,21,calibration,2,square,0.3,0,calibration
1.1207128999958513,69,-80.0,302.0,20.0,True,291.48353472018056,195.0719767857923,299.0599636857904,230.62433672423455,-19.255659849472956,21,calibration,2,square,0.3,0,calibration
1.1370873999985633,70,-12.0,329.0,20.0,True,286.6963354643949,186.77461957519367,302.603823027525,219.71812097284402,-14.407359787038898,21,calibration,2,square,0.3,0,calibration
1.1533308000070974,71,52.0,353.0,20.0,True,283.16894982465107,175.87656675807546,305.8240579774867,209.4257147521593,-11.337604969941864,21,calibration,2,square,0.3,0,calibration
1.16986629999883,72,130.0,377.0,20.0,True,280.5088036507738,161.0994955749376,309.1389345767234,199.488839628345,-9.645059809844556,21,calibration,2,square,0.3,0,calibration
1.1867403000069316,73,165.0,385.0,20.0,True,278.64503055030696,144.6964593238599,311.85658621648054,189.81652853632755,-7.612762490282805,21,calibration,2,square,0.3,0,calibration
1.2034110999957193,74,199.0,388.0,20.0,True,277.9632079548691,125.88692065372462,313.56720763907026,180.26484048501743,-4.260151984008644,21,calibration,2,square,0.3,0,calibration
1.2197258999949554,75,240.0,391.0,20.0,True,278.4647498717379,107.40741016782206,314.31781380671157,171.54489579354257,-1.1743464709915,21,calibration,2,square,0.3,0,calibration
1.2365893999958644,76,262.0,389.0,20.0,True,279.6592231182433,89.91447423009964,314.38692650799817,162.93800055012537,1.1928134200224048,21,calibration,2,square,0.3,0,calibration
1.2538796000008006,77,283.0,383.0,20.0,True,281.20806626091905,72.92459516795265,313.7004644879662,154.7830148506212,3.3555948982735213,21,calibration,2,square,0.3,0,calibration
1.270046599995112,78,302.0,376.0,20.0,True,282.8564701128672,56.59132967725394,311.97420933984927,145.97275717356553,5.5870167041429895,21,calibration,2,square,0.3,0,calibration
1.2870197000011103,79,309.0,370.0,9.219544457292887,True,284.0587859713202,40.030498277031136,309.504981010443,137.10643202778505,2.589076254671583,21,calibration,2,square,0.3,0,calibration
1.3036155000008876,80,318.0,361.0,12.727922061357855,True,284.7112228764802,23.735004788524385,306.92388014162833,127.2472414516275,2.925618102659256,21,calibration,2,square,0.3,0,calibration
1.3198705999966478,81,321.0,348.0,13.341664064126334,True,283.2464937684341,7.56643556462468,304.221268903162,116.50993382457094,0.8018007271075918,21,calibration,2,square,0.3,0,calibration
1.3366570999933174,82,324.0,333.0,15.297058540778355,True,280.92874449112026,-8.508106529432599,301.2356808478108,104.35126503863933,0.5664787572145839,21,calibration,2,square,0.3,0,calibration
1.3534312999981921,83,322.0,306.0,20.0,True,277.02852175274,-26.405837452210843,297.2070525037091,90.24044125654754,0.21794962543419283,21,calibration,2,square,0.3,0,calibration
1.3700023999990663,84,314.0,275.0,20.0,True,271.7421579639594,-46.0537460352283,292.40058318664165,74.3715073380167,0.016203539475330153,21,calibration,2,square,0.3,0,calibration
1.3866139000019757,85,299.0,242.0,20.0,True,265.3129340847711,-67.54494553248135,286.11942819798116,56.21641195049888,-0.09708224758466777,21,calibration,2,square,0.3,0,calibration
1.4031302000075812,86,275.0,200.0,20.0,True,258.68025828515573,-88.65213208281139,279.64158793638927,36.25506389058428,-0.03889968782687214,21,calibration,2,square,0.3,0,calibration
1.4201068999973359,87,253.0,172.0,20.0,True,251.7922875154427,-108.6440832673317,273.60675315436646,14.900365185343336,0.3996754008640213,21,calibration,2,square,0.3,0,calibration
1.4371531000069808,88,228.0,140.0,20.0,True,245.34664817709213,-126.59846754814028,268.8372367162187,-8.998044814105867,1.1284140809015453,21,calibration,2,square,0.3,0,calibration
1.4534770000027493,89,180.0,102.0,20.0,True,238.63110479776063,-141.76176530876185,264.50865779229764,-32.74210973652003,2.6755060381018336,21,calibration,2,square,0.3,0,calibration
1.4701975000061793,90,139.0,76.0,20.0,True,232.07586570045564,-154.4030811527817,260.4460108127975,-55.55129350196568,3.777085495974515,21,calibration,2,square,0.3,0,calibration
1.487097499993979,91,61.0,35.0,20.0,True,225.99667691998275,-165.0504297107384,256.7227379680677,-75.16937049045242,4.4156490489615035,21,calibration,2,square,0.3,0,calibration
1.5036089000059292,92,12.0,14.0,20.0,True,220.3971271194216,-174.43229124432543,253.9514258310244,-93.32175762393447,5.62386363507172,21,calibration,2,square,0.3,0,calibration
1.5200776999990921,93,-46.0,-5.0,20.0,True,215.11317285275646,-182.6865108801858,252.12789027644453,-110.10747264187893,7.24840780499814,21,calibration,2,square,0.3,0,calibration
1.5368250000028638,94,-115.0,-23.0,20.0,True,209.61884906460057,-189.86406522787485,250.7589945926813,-125.46019611645593,9.02472602803227,21,calibration,2,square,0.3,0,calibration
1.5536748000013176,95,-162.0,-34.0,20.0,True,203.46227192424897,-195.92432860480992,249.34982928576,-139.78447550326615,10.633082573200499,21,calibration,2,square,0.3,0,calibration
1.5703731999965385,96,-203.0,-41.0,20.0,True,196.9304852363264,-200.7562148632809,247.32674791680745,-154.42734021951247,11.81874018522798,21,calibration,2,square,0.3,0,calibration
1.5867201999935787,97,-262.0,-49.0,20.0,True,189.82040135949913,-204.02629224751905,245.304797374361,-169.76537233576207,13.87402862506573,21,calibration,2,square,0.3,0,calibration
1.6034435000037774,98,-296.0,-53.0,20.0,True,182.20473211481448,-205.9012724017219,243.55042010217005,-185.7994113359553,15.362322294195604,21,calibration,2,square,0.3,0,calibration
1.6203690999973333,99,-324.0,-56.0,20.0,True,173.35696793359966,-206.81211952616079,242.50307194910144,-201.27168363897775,16.530969333724293,21,calibration,2,square,0.3,0,calibration
1.6368758000025991,100,-357.0,-59.0,20.0,True,163.06298265916428,-206.79895885457543,242.04983687396702,-217.84211552035697,17.560904420248544,21,calibration,2,square,0.3,0,calibration
1.653355600006762,101,-370.0,-58.0,13.038404810405298,True,150.87887137631853,-204.8577947247444,241.98586054902532,-235.05585883863438,13.947101558882157,21,calibration,2,square,0.3,0,calibration
1.67078169999877,102,-382.0,-56.0,12.165525060596439,True,137.1767749389614,-200.6074495722925,242.87830879090637,-252.7705294680557,14.655040069129383,21,calibration,2,square,0.3,0,calibration
1.6868149999936577,103,-386.0,-56.0,4.0,True,122.64807230777276,-194.83202958370183,244.49351962336127,-268.47590640467445,4.126298960844628,21,calibration,2,square,0.3,0,calibration
1.7040267999982461,104,-389.0,-56.0,3.0,True,107.95709137458711,-187.22843188554498,246.9992431392915,-282.48116392013446,3.1926461351993947,21,calibration,2,square,0.3,0,calibration
1.7200582999939797,105,-390.0,-55.0,1.4142135623730951,True,94.67308473464672,-174.12639851602904,249.94415524979297,-295.356040525451,2.6119788580107044,21,calibration,2,square,0.3,0,calibration
1.7370553000073414,106,-391.0,-55.0,1.0,True,75.34221643554147,-157.47351440354657,253.96419396480485,-307.61622739400235,1.0692079045009868,21,calibration,2,square,0.3,0,calibration
1.7536054999945918,107,-391.0,-54.0,1.0,True,62.23239000511587,-130.6045600539078,252.35370862807358,-310.3507785420512,1.7954197880948084,21,calibration,2,square,0.3,0,calibration
1.7702142000052845,108,-389.0,-52.0,2.8284271247461903,True,55.89223070904208,-100.50887697847976,251.80700880674445,-310.79451461665167,1.9775382129352315,21,calibration,2,square,0.3,0,calibration
1.787316500005545,109,-375.0,-45.0,15.652475842498529,True,53.32861238165069,-74.97915001124592,253.71257477692737,-309.2408921861112,-0.1264781397300679,21,calibration,2,square,0.3,0,calibration
1.803882699998212,110,-296.0,-5.0,20.0,True,52.5197350680299,-54.460174100352575,257.4975513007978,-306.09640813654283,-1.3064806247694605,21,calibration,2,square,0.3,0,calibration
1.8203724000049988,111,-205.0,45.0,20.0,True,53.20924142110445,-37.170566511863136,263.1713460604991,-301.23220713048767,-1.0872740853282714,21,calibration,2,square,0.3,0,calibration
1.837225800001761,112,-126.0,84.0,20.0,True,55.60533111995409,-21.830509938368866,270.8368419634715,-294.3593128053766,-2.832056463099668,21,calibration,2,square,0.3,0,calibration
1.853850200001034,113,-15.0,134.0,20.0,True,59.3246143075709,-7.350612000762588,279.57953709541556,-286.0686673466935,-3.9873760748553844,21,calibration,2,square,0.3,0,calibration
1.870115199999418,114,58.0,164.0,20.0,True,63.616310597985155,6.522946673353825,287.87219446549136,-277.7221626979423,-4.955237117484412,21,calibration,2,square,0.3,0,calibration
1.8866745999985142,115,124.0,196.0,20.0,True,67.65265335530206,19.626540888428437,294.4051837096808,-270.78697864718146,-4.042452114591535,21,calibration,2,square,0.3,0,calibration
1.9034799999935785,116,216.0,228.0,20.0,True,71.67713232533762,32.302654342581285,300.5664922276661,-263.9313997044617,-7.6213200983413,21,calibration,2,square,0.3,0,calibration
1.9201825000054669,117,256.0,242.0,20.0,True,75.44222601276778,45.48953267621508,307.43833796683384,-255.89386148985847,-8.450343981866997,21,calibration,2,square,0.3,0,calibration
1.9369131999992533,118,296.0,250.0,20.0,True,78.97747718276027,59.68106301328227,314.647764744968,-246.97527030250473,-9.853811099136383,21,calibration,2,square,0.3,0,calibration
1.953764300007606,119,349.0,262.0,20.0,True,81.48926246235993,75.55738546061696,321.4113129433686,-238.10663139026596,-9.945519858469199,21,calibration,2,square,0.3,0,calibration
1.9704056000045966,120,381.0,265.0,20.0,True,82.46028605930327,92.26038923961627,327.0757839851705,-230.26383026972798,-12.003235803477727,21,calibration,2,square,0.3,0,calibration
1.986826000007568,121,412.0,272.0,20.0,True,81.79717956281766,109.26820600692969,331.8650982789644,-223.30597068661936,-12.818006936416875,21,calibration,2,square,0.3,0,calibration
2.0038499000074808,122,453.0,281.0,20.0,True,80.02277546562154,124.5908827242007,335.90270444793777,-217.18511262184015,-14.813448219618085,21,calibration,2,square,0.3,0,calibration
2.0206011999980547,123,482.0,291.0,20.0,True,77.12285862440717,138.17686040451244,339.6778015952591,-211.23207877453606,-15.1687772650212,21,calibration,2,square,0.3,0,calibration
2.0373655000003055,124,516.0,305.0,20.0,True,72.81759672474638,150.51168163591393,344.244352881584,-203.7052417321152,-16.254109336232446,21,calibration,2,square,0.3,0,calibration
2.0535551000066334,125,535.0,310.0,19.6468827043885,True,66.46915070840213,162.28140643778565,349.220065985609,-195.05216100573435,-18.466783241454642,21,calibration,2,square,0.3,0,calibration
2.0703399000049103,126,556.0,317.0,20.0,True,58.71916112900517,173.3025714664036,353.6063159475525,-185.30439408687363,-19.293706157074432,21,calibration,2,square,0.3,0,calibration
2.086749099995359,127,579.0,321.0,20.0,True,49.38697745807709,182.4425471121414,356.67652303722247,-175.8442960027585,-21.021444213911078,21,calibration,2,square,0.3,0,calibration
2.1036192000028677,128,591.0,323.0,12.165525060596439,True,38.94086040718651,189.3969118318599,359.06599680021185,-166.28409893578046,-13.730640234862367,21,calibration,2,square,0.3,0,calibration
2.1205260999995517,129,600.0,324.0,9.055385138137417,True,27.02988958446646,193.9270869307988,361.1731902345863,-156.76069920546306,-10.977360699010388,21,calibration,2,square,0.3,0,calibration
2.1370296999957645,130,607.0,327.0,7.615773105863909,True,14.425408453019976,198.43501509767606,362.83681503408746,-147.04056774777453,-9.718776720816164,21,calibration,2,square,0.3,0,calibration
2.1535667999996804,131,610.0,327.0,3.0,True,-0.4377787533416697,196.0535872243772,364.0522595160768,-137.32164662213307,-3.3344975836474045,21,calibration,2,square,0.3,0,calibration
2.1699286000075517,132,612.0,328.0,2.23606797749979,True,-16.847276161665313,192.65776589830736,364.60430024520565,-127.05721942169627,-3.267117215335719,21,calibration,2,square,0.3,0,calibration
2.1866076000005705,133,612.0,329.0,1.0,True,-33.987651794656415,191.13219879914826,364.8228415324874,-116.1567133698764,-1.0884529267621952,21,calibration,2,square,0.3,0,calibration
2.2039458000072045,134,612.0,329.0,0.0,False,-46.714363783450935,183.1670934944987,364.7924077937859,-104.27261780102685,0.0,21,calibration,2,square,0.3,0,calibration
2.221208300004946,135,605.0,331.0,7.280109889280518,True,-58.3075455426562,175.3850172713323,363.416508199381,-91.33213053907058,1.9684191661175146,21,calibration,2,square,0.3,0,calibration
2.2372582999960287,136,593.0,334.0,12.36931687685298,True,-68.14432596111621,166.13841337172875,359.526213105479,-76.6476045597558,0.7157426287838943,21,calibration,2,square,0.3,0,calibration
2.2539652999985265,137,557.0,343.0,20.0,True,-76.76725354845354,154.88747598703904,353.5632629270807,-61.861724874083414,-3.802770106519948,21,calibration,2,square,0.3,0,calibration
2.2703470999986166,138,531.0,349.0,20.0,True,-84.61100888038551,141.59882743646529,347.1963031155114,-47.926103529801544,-6.155836335355933,21,calibration,2,square,0.3,0,calibration
2.2867394000058994,139,498.0,356.0,20.0,True,-91.61491353154825,126.56101859617338,342.09608700962224,-36.145047967741185,-7.0830184176006945,21,calibration,2,square,0.3,0,calibration
2.3041664000047604,140,462.0,364.0,20.0,True,-97.58099536945633,110.85743929539244,337.4968834248442,-25.489485502005284,-8.84227345298261,21,calibration,2,square,0.3,0,calibration
2.320698600000469,141,399.0,371.0,20.0,True,-102.15979251134338,95.19076438922316,331.40473573226797,-15.078147443157452,-8.48893772061581,21,calibration,2,square,0.3,0,calibration
2.336996600002749,142,348.0,373.0,20.0,True,-105.79937823049917,78.02516931258677,322.88855756458065,-4.72234829135536,-9.920440193093336,21,calibration,2,square,0.3,0,calibration
2.353675200007274,143,290.0,369.0,20.0,True,-108.12068288408497,59.774439286482405,312.69571434045855,5.39602297871887,-9.308294327013831,21,calibration,2,square,0.3,0,calibration
2.3699093000032008,144,223.0,366.0,20.0,True,-109.19293844492539,40.87053598633284,302.75828482956194,14.491787871996422,-12.109632881272498,21,calibration,2,square,0.3,0,calibration
2.386718399997335,145,166.0,362.0,20.0,True,-108.79723875524479,23.026899765556703,293.8626195845618,21.80986465741489,-13.560459367469717,21,calibration,2,square,0.3,0,calibration
2.403925100006745,146,95.0,355.0,20.0,True,-107.05957019203596,5.979042609407244,286.30596589555125,27.54986385588193,-14.72862055876174,21,calibration,2,square,0.3,0,calibration
2.4200086000055308,147,41.0,345.0,20.0,True,-104.48403862993928,-10.114453394604467,279.3008564680546,31.986415570738615,-14.177018291653091,21,calibration,2,square,0.3,0,calibration
2.4372774999937974,148,-13.0,329.0,20.0,True,-101.52974675576394,-25.271286775446203,271.7214454057993,36.82443396170321,-11.19853886781021,21,calibration,2,square,0.3,0,calibration
2.4536893000040436,149,-102.0,298.0,20.0,True,-99.06480333442603,-40.32585828716552,263.00364017644876,42.422454731049655,-8.897599524201015,21,calibration,2,square,0.3,0,calibration
2.4703924000059487,150,-148.0,275.0,20.0,True,-97.03165637759709,-56.33483498984602,253.02798769562412,47.73844256717386,-4.961239250205046,21,calibration,2,square,0.3,0,calibration
2.4871206999960123,151,-191.0,250.0,20.0,True,-95.33297566723765,-74.39984159179922,243.1121383921901,52.1741805495345,-3.288523627068729,21,calibration,2,square,0.3,0,calibration
2.5038880000065546,152,-238.0,221.0,20.0,True,-93.39126195663364,-94.68196288904171,233.42921873959165,55.585580439313446,-3.731490492894455,21,calibration,2,square,0.3,0,calibration
2.520836399999098,153,-267.0,204.0,20.0,True,-91.4129702298349,-115.58584189757866,224.54215574653998,59.27913203760809,-3.607174614635702,21,calibration,2,square,0.3,0,calibration
2.5367967000056524,154,-299.0,176.0,20.0,True,-89.11844332778713,-134.27910550191814,215.85253164934568,62.975593550732185,2.543112664981969,21,calibration,2,square,0.3,0,calibration
2.55359419999877,155,-315.0,161.0,20.0,True,-87.55722053634646,-148.79612765306956,206.7678345960349,67.54981366275588,5.159846466400487,21,calibration,2,square,0.3,0,calibration
2.570382799996878,156,-330.0,151.0,18.027756377319946,True,-87.15859592053314,-158.94435691676657,196.66810652447793,73.39051747980842,1.4247094816586305,21,calibration,2,square,0.3,0,calibration
2.5870659000065643,157,-342.0,138.0,17.69180601295413,True,-87.28122441607236,-165.8108464216619,184.91788054313926,81.09821878504579,10.308645629453904,21,calibration,2,square,0.3,0,calibration
2.6036731000058353,158,-346.0,134.0,5.656854249492381,True,-87.93411142140978,-170.2890615194444,172.4429214783653,89.96809204076766,3.5931368502243415,21,calibration,2,square,0.3,0,calibration
2.6200495999946725,159,-350.0,131.0,5.0,True,-89.30594795285337,-173.3561541452588,159.7968826670542,99.1224928537481,2.8907308046911906,21,calibration,2,square,0.3,0,calibration
2.6366138000012143,160,-353.0,127.0,5.0,True,-91.65233464526297,-175.69608976483372,147.66742428932525,107.34413442567998,4.7097918743663705,21,calibration,2,square,0.3,0,calibration
2.6535541000048397,161,-355.0,126.0,2.23606797749979,True,-95.86934037971197,-177.30913120163376,134.04224320164508,115.14483008169438,0.9864548328044173,21,calibration,2,square,0.3,0,calibration
2.66983959999925,162,-356.0,124.0,2.23606797749979,True,-101.86224438128002,-179.5317740825926,119.55825399314094,122.21935565249038,1.6122822788109366,21,calibration,2,square,0.3,0,calibration
2.6870253999950364,163,-357.0,122.0,2.23606797749979,True,-109.28290686614272,-181.78696021301252,104.59463231221265,129.59588546453517,1.5257200575428507,21,calibration,2,square,0.3,0,calibration
2.703648199996678,164,-357.0,120.0,2.0,True,-117.74358475425986,-184.3725895948565,91.10715827492061,136.62940653689483,1.5093027203215614,21,calibration,2,square,0.3,0,calibration
2.7205949000053806,165,-353.0,117.0,5.0,True,-127.2451390911308,-185.05091388172795,79.3610484800376,143.7890982925426,1.200713942271026,21,calibration,2,square,0.3,0,calibration
2.736706600000616,166,-332.0,117.0,20.0,True,-136.53342781521243,-179.38796969052103,69.4772560444321,150.14628577043723,-0.25545362179343556,21,calibration,2,square,0.3,0,calibration
2.7533597000001464,167,-297.0,122.0,20.0,True,-143.87984503442345,-171.1850607813331,61.615728616134994,155.6053095650677,3.5475501693600076,21,calibration,2,square,0.3,0,calibration
2.770399400003953,168,-229.0,146.0,20.0,True,-148.57316776161795,-160.68547071892797,54.96006191804304,160.0665756550084,10.340320292030228,21,calibration,2,square,0.3,0,calibration
2.7866455000039423,169,-112.0,205.0,20.0,True,-150.0708389010979,-149.3642642039422,48.49009428404989,163.7059806781958,17.734982833920256,21,calibration,2,square,0.3,0,calibration
2.8032640000019455,170,-32.0,253.0,20.0,True,-149.14389848641974,-136.02302788924942,41.36591931019217,166.40326217566007,23.84919560317064,21,calibration,2,square,0.3,0,calibration
2.819911900005536,171,77.0,307.0,20.0,True,-145.35901218344287,-121.46100230405769,32.973022599582364,168.19195162597947,28.778225554448156,21,calibration,2,square,0.3,0,calibration
2.836598800000502,172,153.0,348.0,20.0,True,-138.75479061076044,-106.02581592606224,23.48016906487972,169.43487550150246,31.874610266881824,21,calibration,2,square,0.3,0,calibration
2.8534411000000546,173,224.0,389.0,20.0,True,-129.35257314658767,-90.79292067534793,13.695126989833508,170.21725256285265,34.07515400603962,21,calibration,2,square,0.3,0,calibration
2.8700936999957776,174,335.0,436.0,20.0,True,-117.3209681602108,-77.08327974622053,5.170241343294245,170.89652106231094,35.748751394127005,21,calibration,2,square,0.3,0,calibration
2.8868692999967607,175,395.0,460.0,20.0,True,-102.84378157314875,-65.16108697987367,-1.5212191130678328,171.99927251239063,36.17092972012095,21,calibration,2,square,0.3,0,calibration
2.903548000002047,176,486.0,499.0,20.0,True,-85.92515578733112,-54.05277425857831,-7.29250666482788,174.0140887586491,34.44965355939591,21,calibration,2,square,0.3,0,calibration
2.920079599993187,177,543.0,522.0,20.0,True,-65.98651576880378,-44.08370358375851,-13.917913434711153,177.06083981459972,33.65977926944282,21,calibration,2,square,0.3,0,calibration
2.9367876000032993,178,589.0,536.0,20.0,True,-41.55355959403326,-35.81305578624636,-22.309372430226098,180.38733328881355,35.63136433840172,21,calibration,2,square,0.3,0,calibration
2.9537802999984706,179,646.0,558.0,20.0,True,-14.791722255282075,-28.958275870417587,-32.73225776124437,183.34749527372395,35.843033854379705,21,calibration,2,square,0.3,0,calibration
2.97026729999925,180,680.0,572.0,20.0,True,12.94055021085832,-23.307798490537568,-44.37278111233011,185.63863858756932,36.31638606385529,21,calibration,2,square,0.3,0,calibration
2.9869719999987865,181,709.0,583.0,20.0,True,38.64965677592884,-19.016776965252042,-57.21273710497239,187.58746483658004,37.036352831687715,21,calibration,2,square,0.3,0,calibration
0.0026292999973520637,1,75.0,72.0,20.0,True,-297.61059783650734,5.079907851653082,301.1223817737309,4.7078397527243245,-1.855347525383697,22,calibration,2,dot,0.3,0,calibration
0.009937399998307228,2,75.0,72.0,0.0,False,-291.96707010275617,16.047360912253612,301.1618076158467,15.745336632738926,0.0,22,calibration,2,dot,0.3,0,calibration
0.028418200003216043,3,117.0,103.0,20.0,True,-285.4718918000184,25.971103946707167,303.3064547485697,27.468365811614248,-4.171097631916208,22,calibration,2,dot,0.3,0,calibration
0.04242109999177046,4,240.0,174.0,20.0,True,-277.7029826740763,34.10514690201376,305.35819703114674,39.32305946419154,-6.388114543201784,22,calibration,2,dot,0.3,0,calibration
0.0590066000004299,5,322.0,213.0,20.0,True,-269.1783469351809,40.52438311548,306.1597247455245,50.72988018839952,-9.760413588600027,22,calibration,2,dot,0.3,0,calibration
0.07546690000162926,6,439.0,269.0,20.0,True,-258.49057951646597,45.4370134263545,304.411696896698,62.54819517910768,-14.09550245204602,22,calibration,2,dot,0.3,0,calibration
0.09231419999559876,7,470.0,285.0,20.0,True,-245.40329833653732,49.18188616265247,300.59822990942115,74.19040696727282,-16.42524217398728,22,calibration,2,dot,0.3,0,calibration
0.1092134999926202,8,560.0,331.0,20.0,True,-229.5406410052489,51.471633045955,294.9965180006203,85.48865423017338,-18.68218537825381,22,calibration,2,dot,0.3,0,calibration
0.12566199999128003,9,600.0,349.0,20.0,True,-211.9751221539376,52.69843314027048,288.1600879109716,95.88994765269727,-21.924904793850096,22,calibration,2,dot,0.3,0,calibration
0.1425009999948088,10,642.0,361.0,20.0,True,-192.97856459708913,53.21289091031282,279.1051479837347,106.58469515705288,-27.60508553657061,22,calibration,2,dot,0.3,0,calibration
0.15922619999037124,11,665.0,366.0,20.0,True,-172.16623405839704,53.40996667723402,267.29538489262677,117.99731241254386,-30.684122865645165,22,calibration,2,dot,0.3,0,calibration
0.17575729999225587,12,677.0,367.0,12.041594578792296,True,-148.50396768873907,53.48234630513772,252.27515805124042,128.86623110446294,-21.138471105837002,22,calibration,2,dot,0.3,0,calibration
0.19272120000096038,13,687.0,371.0,10.770329614269007,True,-124.20487212091868,53.39356959678029,236.96601969323993,140.17658871289896,-15.65148734764079,22,calibration,2,dot,0.3,0,calibration
0.20908679999411106,14,691.0,372.0,4.123105625617661,True,-100.67333760243636,52.07698363301075,221.6493422107193,148.91789068676522,-6.916281505308134,22,calibration,2,dot,0.3,0,calibration
0.22609019999799784,15,694.0,373.0,3.1622776601683795,True,-80.01913390538081,48.9484815221031,207.87432606190075,155.06025777488864,-5.149096848034668,22,calibration,2,dot,0.3,0,calibration
0.24248139999690466,16,696.0,373.0,2.0,True,-61.812054486816066,44.105840778008535,195.1730950858232,155.90435685019992,-3.928399867328327,22,calibration,2,dot,0.3,0,calibration
0.25915539999550674,17,696.0,374.0,1.0,True,-46.47133326422097,38.67683831600078,183.1714320826437,158.01971518544804,0.507199302358173,22,calibration,2,dot,0.3,0,calibration
0.27628799999365583,18,696.0,374.0,0.0,False,-33.22455155003467,32.70095601340394,170.63263948088817,153.22983142905395,0.0,22,calibration,2,dot,0.3,0,calibration
0.2922740999929374,19,696.0,375.0,1.0,True,-21.15837189179532,25.891384118637156,152.62973391079456,149.28940735333214,0.2776705453461946,22,calibration,2,dot,0.3,0,calibration
0.3090152999939164,20,696.0,375.0,0.0,False,-9.824527998778038,18.20240373693825,134.83365556251115,135.9269774341555,0.0,22,calibration,2,dot,0.3,0,calibration
0.32528150000143796,21,689.0,376.0,7.0710678118654755,True,0.9595929672434167,9.514155958778725,113.6797009013266,122.59259205453286,11.466853417770448,22,calibration,2,dot,0.3,0,calibration
0.3426936000032583,22,671.0,376.0,18.0,True,11.607420027002679,-0.5804518935086822,93.30889376112286,107.8521045025773,27.645367299995343,22,calibration,2,dot,0.3,0,calibration
0.3590533999959007,23,641.0,372.0,20.0,True,22.907507243327263,-12.067350268934005,74.21590332560724,91.81611614085422,28.898946180150745,22,calibration,2,dot,0.3,0,calibration
0.3758720999903744,24,562.0,357.0,20.0,True,35.49419971936092,-25.94341622719582,55.75068150374703,75.39042345529926,27.598575536461997,22,calibration,2,dot,0.3,0,calibration
0.3925691000040388,25,505.0,341.0,20.0,True,49.20202767735489,-41.38043461945797,37.99426394197541,58.076601972807296,26.303988884418047,22,calibration,2,dot,0.3,0,calibration
0.4091056000033859,26,413.0,308.0,20.0,True,63.55120798226732,-58.31226651976156,20.976727008151457,40.13849674703756,24.875192010992553,22,calibration,2,dot,0.3,0,calibration
0.4259015999996336,27,362.0,291.0,20.0,True,77.37112119410794,-74.57949677886825,4.322724476882591,21.584963851004456,24.84524835706069,22,calibration,2,dot,0.3,0,calibration
0.4431004999933066,28,298.0,276.0,20.0,True,90.5106722404148,-90.0321885896938,-11.939121010923959,3.567672884629694,25.571782238580454,22,calibration,2,dot,0.3,0,calibration
0.459469800000079,29,210.0,258.0,20.0,True,103.19828259217324,-104.27987496870875,-28.084259081928092,-14.379368855797871,26.12210160153434,22,calibration,2,dot,0.3,0,calibration
0.4756435000017518,30,156.0,239.0,20.0,True,116.25890191361717,-117.69224565156757,-43.415659722951204,-32.24089068249072,25.73119456784812,22,calibration,2,dot,0.3,0,calibration
0.49268159999337513,31,98.0,221.0,20.0,True,130.13026301710644,-130.49996268172734,-59.715223926206555,-50.450052394218105,27.16923402942931,22,calibration,2,dot,0.3,0,calibration
0.5094733000005363,32,39.0,198.0,20.0,True,145.11016267296245,-142.57443150155362,-75.61400636614364,-67.69827562275741,27.919943243575098,22,calibration,2,dot,0.3,0,calibration
0.5257329000014579,33,7.0,184.0,20.0,True,159.72468500771726,-153.36961796122569,-91.26931538716507,-83.80401561924756,28.495068225142166,22,calibration,2,dot,0.3,0,calibration
0.5425702999928035,34,-22.0,171.0,20.0,True,173.48670111710072,-161.7906734972367,-105.6307650676633,-97.88130986766022,30.056925447069595,22,calibration,2,dot,0.3,0,calibration
0.5595683999999892,35,-47.0,152.0,20.0,True,185.3131426147476,-167.61802439020522,-118.60064576595286,-111.61668977235357,28.665581642816015,22,calibration,2,dot,0.3,0,calibration
0.5756912999931956,36,-60.0,142.0,16.401219466856727,True,196.13469351171523,-171.15191509397692,-130.20565333360292,-124.5812117448894,25.37490276117777,22,calibration,2,dot,0.3,0,calibration
0.592710500000976,37,-74.0,130.0,18.439088914585774,True,205.39114280093114,-173.14680121862344,-140.4615170823202,-136.49949844114505,29.38526655161052,22,calibration,2,dot,0.3,0,calibration
0.6092115999927046,38,-79.0,124.0,7.810249675906654,True,213.74233834791121,-174.22619663795498,-149.4169983739688,-148.4203218974571,11.989963606676627,22,calibration,2,dot,0.3,0,calibration
0.625769099991885,39,-85.0,118.0,8.48528137423857,True,221.1312504491043,-174.56543188984207,-158.14359795733841,-159.60891915462514,14.139683254722557,22,calibration,2,dot,0.3,0,calibration
0.6424850999901537,40,-89.0,114.0,5.656854249492381,True,228.05427441707099,-173.87292219888695,-166.93792529203955,-170.32762055950988,10.0078141395166,22,calibration,2,dot,0.3,0,calibration
0.6591318999999203,41,-91.0,111.0,3.605551275463989,True,234.90320995298833,-171.86123260094996,-175.14833059473017,-180.26828876875723,6.351069318129749,22,calibration,2,dot,0.3,0,calibration
0.6759840000013355,42,-92.0,107.0,4.123105625617661,True,241.62921882058438,-168.27789460001208,-183.35624494035895,-191.48229746015923,6.581737899053844,22,calibration,2,dot,0.3,0,calibration
0.6922006999957375,43,-92.0,101.0,6.0,True,248.29280421084707,-163.2337513707926,-191.44965756559526,-203.7802647865214,8.633316303867955,22,calibration,2,dot,0.3,0,calibration
0.7089297999918927,44,-92.0,96.0,5.0,True,254.81587135533914,-157.03701985414844,-199.7083274441543,-216.43571084215458,7.630972042374644,22,calibration,2,dot,0.3,0,calibration
0.7258364000008442,45,-88.0,90.0,7.211102550927978,True,260.9216525080106,-150.07904074536046,-206.40152854475105,-228.84253996313856,5.252923685845861,22,calibration,2,dot,0.3,0,calibration
0.7424046999949496,46,-72.0,79.0,19.4164878389476,True,266.92255284240474,-142.55347624097314,-212.59666811032898,-240.7123761137621,0.9737474353057283,22,calibration,2,dot,0.3,0,calibration
0.7588696000020718,47,-53.0,73.0,19.924858845171276,True,272.78018854615374,-134.08028590033643,-220.52789694019137,-251.71729638555917,-12.110327644084665,22,calibration,2,dot,0.3,0,calibration
0.775782500000787,48,-2.0,77.0,20.0,True,278.6811605603474,-125.12563232745453,-232.31484471026516,-258.88505784584714,-30.12575086500993,22,calibration,2,dot,0.3,0,calibration
0.7923890999954892,49,64.0,97.0,20.0,True,283.92725486931084,-116.08729798539518,-247.3644350521568,-260.3903384698884,-34.24751358579334,22,calibration,2,dot,0.3,0,calibration
0.8090830000001006,50,119.0,117.0,20.0,True,288.35097209858674,-107.95496324670518,-264.1672395734975,-258.08664887643374,-32.67883013028825,22,calibration,2,dot,0.3,0,calibration
0.8263684999983525,51,198.0,152.0,20.0,True,291.4499017732408,-100.32678594371075,-282.27269458963576,-252.66241708699087,-29.579465954856012,22,calibration,2,dot,0.3,0,calibration
0.8425828000035835,52,255.0,177.0,20.0,True,293.64818428839106,-92.68289485807308,-300.52146246172936,-245.18062944700637,-26.681909524873543,22,calibration,2,dot,0.3,0,calibration
0.8589937999931863,53,304.0,199.0,20.0,True,294.86989499453784,-84.30632897136311,-318.40549880143874,-236.69790702463075,-23.713624875503672,22,calibration,2,dot,0.3,0,calibration
0.8758652999968035,54,373.0,233.0,20.0,True,295.61753650689803,-75.06873110876852,-330.51004106532065,-225.3067081890818,-22.665755684888346,22,calibration,2,dot,0.3,0,calibration
0.8924104000034276,55,413.0,257.0,20.0,True,295.9432195892658,-65.40885289551242,-337.6082570635433,-214.52427546204743,-22.235807903729285,22,calibration,2,dot,0.3,0,calibration
0.9089736000023549,56,477.0,294.0,20.0,True,295.9552201786829,-55.23262212764453,-342.26746367541483,-207.00962129620595,-22.65882134384941,22,calibration,2,dot,0.3,0,calibration
0.9258592999976827,57,510.0,314.0,20.0,True,294.5615402868568,-44.5723766792465,-344.71294395593117,-202.9112768409757,-22.047371964163393,22,calibration,2,dot,0.3,0,calibration
0.9423526000027778,58,546.0,335.0,20.0,True,290.1208899044543,-33.56727763535975,-345.49024383954935,-201.5849483758367,-21.754240861894523,22,calibration,2,dot,0.3,0,calibration
0.9593679999961751,59,594.0,358.0,20.0,True,279.3964051851026,-21.71764894147148,-344.38584921883637,-203.46593537450178,-10.417788252747373,22,calibration,2,dot,0.3,0,calibration
0.9756128000008175,60,625.0,374.0,20.0,True,262.3297641142302,-10.116409891886416,-341.9826855879736,-207.47974059661144,0.7739666587127869,22,calibration,2,dot,0.3,0,calibration
0.9924495000013849,61,660.0,388.0,20.0,True,240.4929524533082,0.6003565777119437,-338.650590380925,-212.87502820822127,10.980564759982274,22,calibration,2,dot,0.3,0,calibration
1.0091469000035431,62,701.0,410.0,20.0,True,217.2800293126052,8.896617003079315,-334.7684794162435,-218.92936118605968,11.260829543285926,22,calibration,2,dot,0.3,0,calibration
1.0254083999898285,63,728.0,425.0,20.0,True,193.758946999346,15.005190584558932,-330.43993729066386,-225.40951143051203,14.239471774434868,22,calibration,2,dot,0.3,0,calibration
1.042206799989799,64,750.0,437.0,20.0,True,170.27949514478556,18.932069824796727,-325.78388383286244,-231.70899038174323,18.472056771263755,22,calibration,2,dot,0.3,0,calibration
1.0589204999996582,65,777.0,457.0,20.0,True,147.07409158462838,21.008623856283855,-319.96588258035945,-237.44626569996268,18.030480618017094,22,calibration,2,dot,0.3,0,calibration
1.0758279000001494,66,793.0,467.0,18.867962264113206,True,124.36087105434393,21.87584702678513,-313.0525201759395,-242.49425825868497,22.63164524244573,22,calibration,2,dot,0.3,0,calibration
1.0925009999918984,67,805.0,474.0,13.892443989449804,True,102.7026992100211,22.207460988356736,-305.0865396461748,-246.1588630031839,19.867674548268166,22,calibration,2,dot,0.3,0,calibration
1.1087327999994159,68,823.0,486.0,20.0,True,82.16430233098592,22.09956264524608,-296.7626624202199,-247.79005152550064,30.89599783492083,22,calibration,2,dot,0.3,0,calibration
1.1255222999898251,69,831.0,493.0,10.63014581273465,True,62.512298874901575,21.55784477914532,-288.271830959671,-247.38169399903575,16.51688053355717,22,calibration,2,dot,0.3,0,calibration
1.1427873999928124,70,839.0,499.0,10.0,True,42.92505695381011,20.578711636687817,-280.6426913450749,-246.41271585295752,16.981810862067537,22,calibration,2,dot,0.3,0,calibration
1.1590024000033736,71,842.0,501.0,3.605551275463989,True,23.540966737398094,18.47104585868363,-273.57429010593717,-245.3337945637749,6.466046432439724,22,calibration,2,dot,0.3,0,calibration
1.1758524999895599,72,843.0,501.0,1.0,True,3.2309648509305298,14.74019440029399,-266.68052694314144,-245.1470562414732,1.9831766741800685,22,calibration,2,dot,0.3,0,calibration
1.1931038000038825,73,843.0,503.0,2.0,True,-16.454607073195373,9.162476302000865,-259.5369399520161,-242.6524184939888,1.2045956291020476,22,calibration,2,dot,0.3,0,calibration
1.2091989999898942,74,843.0,504.0,1.0,True,-35.04318750100969,2.22344374930792,-251.41310489255923,-239.2888273078186,0.732269425465081,22,calibration,2,dot,0.3,0,calibration
1.2260986999899615,75,836.0,504.0,7.0,True,-50.891118902837064,-6.2533526886714625,-241.6880424373992,-238.61922241295952,-13.155959086005257,22,calibration,2,dot,0.3,0,calibration
1.243060199994943,76,808.0,503.0,20.0,True,-64.73453174501356,-15.824997851810313,-231.0819639892704,-238.7181244796757,-36.82587547705906,22,calibration,2,dot,0.3,0,calibration
1.2590591999905882,77,790.0,502.0,18.027756377319946,True,-77.43772441116124,-26.465117341916685,-219.8237568450359,-238.95630232856107,-32.41595613750686,22,calibration,2,dot,0.3,0,calibration
1.2758810999948764,78,771.0,501.0,19.026297590440446,True,-88.73579067950882,-37.04230730099417,-207.34240358729173,-239.18859496785402,-33.531773148148716,22,calibration,2,dot,0.3,0,calibration
1.2921372999990126,79,745.0,499.0,20.0,True,-98.76690184128852,-47.85446341517795,-194.79345167194006,-239.57436882773317,-34.57163193163299,22,calibration,2,dot,0.3,0,calibration
1.3091428999905474,80,726.0,499.0,19.0,True,-106.59248374202228,-58.45588538178231,-182.29235682993317,-239.24439716018696,-30.277252956337776,22,calibration,2,dot,0.3,0,calibration
1.325952999992296,81,692.0,500.0,20.0,True,-112.03101920642081,-69.38411673644043,-171.06247899525243,-238.1986793538626,-28.231200801161197,22,calibration,2,dot,0.3,0,calibration
1.3425067999924067,82,664.0,501.0,20.0,True,-115.16316417890847,-80.62163484487866,-160.70680031056185,-236.21933465731675,-24.17657845798451,22,calibration,2,dot,0.3,0,calibration
1.3591806000040378,83,634.0,503.0,20.0,True,-116.61993663128877,-92.23596441077211,-151.1331731166085,-232.30313046423967,-19.12995921150508,22,calibration,2,dot,0.3,0,calibration
1.3757341000018641,84,595.0,502.0,20.0,True,-116.39837993188395,-104.38026080556125,-141.71821321133123,-227.62397080915449,-18.280189824430508,22,calibration,2,dot,0.3,0,calibration
1.391956699997536,85,567.0,498.0,20.0,True,-114.91185747532501,-116.2157111541213,-131.78912814434432,-222.11725642700355,-19.02525259306146,22,calibration,2,dot,0.3,0,calibration
1.40919199999189,86,540.0,493.0,20.0,True,-111.58439469273654,-127.72940829921266,-121.97323372153113,-216.48714269835125,-16.909393724467424,22,calibration,2,dot,0.3,0,calibration
1.4259736999956658,87,495.0,477.0,20.0,True,-106.75901133373274,-138.6285996055524,-111.43188024103142,-211.17914730550342,-18.342215635822175,22,calibration,2,dot,0.3,0,calibration
1.4423201000026893,88,466.0,465.0,20.0,True,-100.43510608038282,-148.75317462474166,-101.49563983941808,-206.553917264452,-16.676890856913836,22,calibration,2,dot,0.3,0,calibration
1.4592371999897296,89,436.0,452.0,20.0,True,-93.27707802547155,-158.60951629473078,-92.22116921595676,-201.91253514623787,-15.620480297699093,22,calibration,2,dot,0.3,0,calibration
1.4755717999942135,90,390.0,431.0,20.0,True,-86.10954956236579,-167.68381156264047,-83.85518171898289,-195.4330119213957,-14.710651033912372,22,calibration,2,dot,0.3,0,calibration
1.4923029999918072,91,355.0,410.0,20.0,True,-79.22476487090222,-176.69112824391044,-75.5819526021384,-188.3434073362794,-17.478732141649655,22,calibration,2,dot,0.3,0,calibration
1.5090798000019277,92,294.0,370.0,20.0,True,-73.07010528251537,-185.14239895057423,-67.0661478003431,-178.127578570004,-18.152701102818213,22,calibration,2,dot,0.3,0,calibration
1.5258160999946995,93,257.0,347.0,20.0,True,-66.83806163672584,-193.40732307228942,-59.922804213127904,-164.78131295075246,-15.52870811138562,22,calibration,2,dot,0.3,0,calibration
1.5423058000014862,94,227.0,329.0,20.0,True,-59.93839700204963,-201.95305039056515,-53.81471124413457,-147.32558319080783,-12.609542551731579,22,calibration,2,dot,0.3,0,calibration
1.5589983999961987,95,188.0,301.0,20.0,True,-50.381153707104474,-212.2733265281753,-49.429998183709564,-127.70520811670619,-12.44587970892068,22,calibration,2,dot,0.3,0,calibration
1.5756118999997852,96,164.0,284.0,20.0,True,-38.37586381805373,-224.58306009283982,-46.70297183930924,-106.66112803939177,-10.443023980997383,22,calibration,2,dot,0.3,0,calibration
1.5923316999978852,97,149.0,267.0,20.0,True,-24.75101800838381,-237.97756702505083,-43.60506539700056,-85.17887131898149,-17.809253176574078,22,calibration,2,dot,0.3,0,calibration
1.6090725999965798,98,132.0,247.0,20.0,True,-11.554681704160517,-250.79632548933884,-41.548415171187074,-65.60069517709196,-17.83548490118012,22,calibration,2,dot,0.3,0,calibration
1.6259472999954596,99,125.0,240.0,9.899494936611665,True,1.2926054576238428,-263.222488160541,-42.60311318353545,-48.58668049971866,-6.388561009826305,22,calibration,2,dot,0.3,0,calibration
1.642978799995035,100,121.0,234.0,7.211102550927978,True,14.32228185650794,-275.4730255383005,-45.81774627587025,-33.9362598877843,-6.198995583822816,22,calibration,2,dot,0.3,0,calibration
1.6586673999991035,101,119.0,232.0,2.8284271247461903,True,27.821076375827516,-287.7692409102025,-52.61815365245329,-20.395838285552458,-0.7579229062650125,22,calibration,2,dot,0.3,0,calibration
1.6761532999953488,102,118.0,231.0,1.4142135623730951,True,41.56511861478968,-299.87329254938396,-63.367182710921156,-6.137685302658042,-0.10697566448303757,22,calibration,2,dot,0.3,0,calibration
1.6922888999979477,103,118.0,230.0,1.0,True,54.7224676310049,-311.75366647595916,-74.5724355844556,9.658902394345485,-1.485806371826798,22,calibration,2,dot,0.3,0,calibration
1.7089702999946894,104,118.0,229.0,1.0,True,66.85122683421454,-322.72093772175157,-86.9135600411923,23.652237132164593,-1.4206948144701907,22,calibration,2,dot,0.3,0,calibration
1.7257658000016818,105,118.0,229.0,0.0,False,77.65179876572351,-332.16854813281606,-95.44787081524728,35.736616850222916,0.0,22,calibration,2,dot,0.3,0,calibration
1.7429432999924757,106,127.0,233.0,9.848857801796104,True,88.13823958476752,-340.61468187239507,-99.3408305385769,47.04144780264612,-3.6484590440372204,22,calibration,2,dot,0.3,0,calibration
1.758744699996896,107,149.0,249.0,20.0,True,98.43009120095482,-348.3867993010481,-103.14784750303136,58.55845115927264,0.27397948326006616,22,calibration,2,dot,0.3,0,calibration
1.7758565999974962,108,246.0,327.0,20.0,True,108.9812785335034,-355.9731013257158,-108.16729232117422,72.40499795902437,1.1328624875789306,22,calibration,2,dot,0.3,0,calibration
1.7924205000017537,109,320.0,379.0,20.0,True,118.88519035411082,-363.3895958199364,-114.47869770421678,89.52141931984369,-1.0782517619506549,22,calibration,2,dot,0.3,0,calibration
1.8089801000023726,110,385.0,421.0,20.0,True,127.95578634292545,-370.84049345071,-122.28880454530612,108.65143475126023,-2.3911029685186937,22,calibration,2,dot,0.3,0,calibration
1.8258866999967722,111,441.0,455.0,20.0,True,135.01004673775265,-376.5266089931359,-130.6177406013715,127.55955538964884,-2.3224812917014166,22,calibration,2,dot,0.3,0,calibration
1.8422393999935593,112,515.0,496.0,20.0,True,138.27877906124755,-375.3384862511845,-138.48579530134884,144.2831338296099,-2.7206307688496087,22,calibration,2,dot,0.3,0,calibration
1.858966200001305,113,572.0,521.0,20.0,True,140.35016068052605,-374.56886202266,-144.84162269222645,158.52014368693244,-4.02682933616831,22,calibration,2,dot,0.3,0,calibration
1.8756859999994049,114,637.0,544.0,20.0,True,141.3075664827606,-374.2087273898355,-150.2055291771204,171.95785433610166,-3.6964387134632366,22,calibration,2,dot,0.3,0,calibration
1.8921163999912096,115,680.0,561.0,20.0,True,141.07073998882643,-374.2980714871571,-155.76899333460523,186.15243876025337,1.0182064645956448,22,calibration,2,dot,0.3,0,calibration
1.909394100002828,116,721.0,575.0,20.0,True,139.82237081377886,-374.7661999433969,-162.46825048341853,202.2831698151281,1.3854777069032187,22,calibration,2,dot,0.3,0,calibration
1.925338400003966,117,774.0,593.0,20.0,True,137.6979678060804,-375.55195334610573,-170.94620114607312,219.83557758352111,2.6187607197919505,22,calibration,2,dot,0.3,0,calibration
1.9422288999921875,118,805.0,600.0,20.0,True,135.2202070161482,-376.4511862307117,-181.71359921091278,239.57348051263133,-1.3005198681397978,22,calibration,2,dot,0.3,0,calibration
1.9587765999895055,119,833.0,600.0,20.0,True,131.87832759276654,-377.6348854533105,-194.99496640269442,259.32804182888464,-9.930361230466977,22,calibration,2,dot,0.3,0,calibration
1.9756263000017498,120,876.0,600.0,20.0,True,127.35371952932589,-379.18469130760775,-208.35173585337236,278.5835136674305,-8.67869073947492,22,calibration,2,dot,0.3,0,calibration
1.992447099997662,121,902.0,600.0,20.0,True,121.13149969277501,-381.21799509228214,-219.79335171030496,295.5847745738521,-6.521562512098188,22,calibration,2,dot,0.3,0,calibration
2.009093699991354,122,923.0,600.0,20.0,True,113.41219676424973,-383.58528859317204,-229.33789778716607,310.3989835451251,-3.735709235492867,22,calibration,2,dot,0.3,0,calibration
2.025618799991207,123,949.0,600.0,20.0,True,104.11841670142134,-386.21154216774676,-237.15023202886886,322.117629832106,-2.123822941064529,22,calibration,2,dot,0.3,0,calibration
2.0420709000027273,124,959.0,600.0,10.0,True,93.98062421108504,-388.8028321307534,-237.88580777100714,321.5747851762253,-1.1409151817889385,22,calibration,2,dot,0.3,0,calibration
2.05896739999298,125,959.0,600.0,0.0,False,83.30751775965734,-391.22865115520926,-242.28535544448252,318.27316339449794,0.0,22,calibration,2,dot,0.3,0,calibration
2.0760504999925615,126,959.0,600.0,0.0,False,73.28318648562274,-393.22967153880114,-248.25441882834465,313.63951207110506,0.0,22,calibration,2,dot,0.3,0,calibration
2.092458999992232,127,959.0,600.0,0.0,False,63.41654420876327,-394.94093472393814,-254.28022372112193,308.77429916418913,0.0,22,calibration,2,dot,0.3,0,calibration
2.1087618000019575,128,959.0,600.0,0.0,False,53.953743738890196,-396.34453892611936,-260.2733094135799,303.7396984374991,0.0,22,calibration,2,dot,0.3,0,calibration
2.125468899990665,129,959.0,600.0,0.0,False,44.57212704258262,-397.5088998889206,-265.08682452612425,299.547951858556,0.0,22,calibration,2,dot,0.3,0,calibration
2.1427158000005875,130,959.0,600.0,0.0,False,35.79098186932594,-398.3955391527742,-269.38986990382773,295.6841186015894,0.0,22,calibration,2,dot,0.3,0,calibration
2.158934799997951,131,959.0,600.0,0.0,False,26.619897282153563,-399.1132434143067,-273.8322706024767,291.5748404384232,0.0,22,calibration,2,dot,0.3,0,calibration
2.1754072999901837,132,959.0,600.0,0.0,False,17.02598973113975,-399.6374803164427,-278.7447055780613,286.4571228135479,0.0,22,calibration,2,dot,0.3,0,calibration
2.1928324999898905,133,957.0,600.0,2.0,True,6.555541344228589,-399.94627748946994,-284.6091322351439,280.5573841852245,-0.5573758261256865,22,calibration,2,dot,0.3,0,calibration
2.2093794999964302,134,950.0,600.0,7.0,True,-4.256406440150678,-399.97735311416847,-290.45127011431214,273.276924604654,-2.5988381633577626,22,calibration,2,dot,0.3,0,calibration
2.226114899996901,135,942.0,597.0,8.54400374531753,True,-16.58599157809964,-399.6559831697396,-295.6209278664857,264.15971119263355,-1.4097762039010115,22,calibration,2,dot,0.3,0,calibration
2.2424557999911485,136,919.0,592.0,20.0,True,-31.452819626042416,-397.6846472957472,-300.92055135156846,254.1139605952018,-5.938713547965559,22,calibration,2,dot,0.3,0,calibration
2.2589721999975154,137,904.0,589.0,15.297058540778355,True,-50.13020732757333,-393.2813045005505,-306.33993860642863,243.08825303139724,-4.602241306021094,22,calibration,2,dot,0.3,0,calibration
2.275797299997066,138,885.0,586.0,19.235384061671343,True,-71.98901460225628,-386.4058514735729,-312.39824486104453,230.52764143391008,-6.268089061021122,22,calibration,2,dot,0.3,0,calibration
2.2925863999989815,139,848.0,582.0,20.0,True,-95.79002426650155,-377.6522371034802,-319.82098691556394,214.32521945462128,-7.683967991801506,22,calibration,2,dot,0.3,0,calibration
2.3091741999960504,140,814.0,580.0,20.0,True,-119.74780467476567,-367.46473071079924,-328.61672307420446,194.90223619434084,-8.607675222728385,22,calibration,2,dot,0.3,0,calibration
2.325674399995478,141,778.0,580.0,20.0,True,-144.11501562505072,-355.58694319953275,-338.3482598112133,173.07957905210506,-9.832351198195708,22,calibration,2,dot,0.3,0,calibration
2.342353300002287,142,723.0,580.0,20.0,True,-168.35206882130592,-341.9615519144658,-347.49819640685115,151.54378233391768,-9.613151783996278,22,calibration,2,dot,0.3,0,calibration
2.3589744999917457,143,687.0,582.0,20.0,True,-191.91492411480348,-326.3453962319098,-356.29030150407107,129.6308352159204,-10.851936103011667,22,calibration,2,dot,0.3,0,calibration
2.375449799990747,144,651.0,584.0,20.0,True,-214.6569208044865,-307.2312679944614,-364.06168101459707,107.70261640996497,-10.37581597647857,22,calibration,2,dot,0.3,0,calibration
2.392156799993245,145,605.0,587.0,20.0,True,-236.0763175151048,-285.7586573595466,-370.7459783139399,85.62725576019086,-10.478137407418178,22,calibration,2,dot,0.3,0,calibration
2.4089603000029456,146,574.0,589.0,20.0,True,-256.0222129393647,-261.62667668458823,-376.1693978101601,64.0383027826,-10.093897762489842,22,calibration,2,dot,0.3,0,calibration
2.4257476999919163,147,545.0,589.0,20.0,True,-273.5284116543624,-237.23024805560814,-379.69689527559643,42.6353196398438,-8.407707969943294,22,calibration,2,dot,0.3,0,calibration
2.4423570999933872,148,502.0,590.0,20.0,True,-289.22197126921117,-212.64494855467927,-382.18564197248173,21.141128881041055,-9.312298639125693,22,calibration,2,dot,0.3,0,calibration
2.4588514999923063,149,472.0,588.0,20.0,True,-303.05624634844656,-189.46655403121974,-383.7600134585589,1.5321826578543885,-6.161987904925981,22,calibration,2,dot,0.3,0,calibration
2.475715399996261,150,427.0,577.0,20.0,True,-315.4208486700052,-168.9118214067243,-385.5040480835557,-15.932353456956967,0.7110500924416507,22,calibration,2,dot,0.3,0,calibration
2.49236029999156,151,390.0,565.0,20.0,True,-325.8445886921149,-151.19389207849594,-387.99289541096186,-32.55976113562333,4.5896475604318745,22,calibration,2,dot,0.3,0,calibration
2.5088583000033395,152,357.0,550.0,20.0,True,-334.5002001424252,-136.0004502304867,-391.2760237516469,-49.655577866202414,9.739709719613856,22,calibration,2,dot,0.3,0,calibration
2.525514099994325,153,319.0,533.0,20.0,True,-341.8600404391274,-121.4229492657594,-394.4303883063332,-66.51818383355918,11.358481784031378,22,calibration,2,dot,0.3,0,calibration
2.5422222999914084,154,298.0,525.0,20.0,True,-348.4013952013311,-106.77792126318187,-391.8604296029388,-80.28327167847779,11.094170554903986,22,calibration,2,dot,0.3,0,calibration
2.5588408000039635,155,278.0,518.0,20.0,True,-354.4684967002933,-90.9047355277573,-389.1731498315111,-92.43516349431194,11.985477263381314,22,calibration,2,dot,0.3,0,calibration
2.575489299997571,156,258.0,511.0,20.0,True,-359.5285214917477,-72.17977613153684,-386.48517817051123,-103.09804583263548,15.053809839839044,22,calibration,2,dot,0.3,0,calibration
2.591872199991485,157,252.0,508.0,6.708203932499369,True,-363.4939008223999,-51.053990663018205,-383.98541774212384,-112.04998420975619,7.286391171529769,22,calibration,2,dot,0.3,0,calibration
2.6087372999900253,158,245.0,506.0,7.280109889280518,True,-366.1241891189966,-29.381326011091144,-381.8193412918273,-119.22244174430894,6.957623416838248,22,calibration,2,dot,0.3,0,calibration
2.6255727999960072,159,240.0,504.0,5.385164807134504,True,-367.5228515290191,-9.182998433629926,-379.92547112244597,-125.12648157919033,6.51031345083457,22,calibration,2,dot,0.3,0,calibration
2.64214820000052,160,238.0,503.0,2.23606797749979,True,-368.45236627382957,9.821791609976607,-378.1580094517602,-130.37070179868803,3.0297225988533762,22,calibration,2,dot,0.3,0,calibration
2.659274399993592,161,237.0,502.0,1.4142135623730951,True,-369.2100636148337,28.27333960517562,-376.4368571998779,-135.2600921982486,2.372341716258467,22,calibration,2,dot,0.3,0,calibration
2.6754363999934867,162,235.0,501.0,2.23606797749979,True,-369.90610172030915,46.04499130104047,-375.2191001563992,-138.60240574327,3.123743268628271,22,calibration,2,dot,0.3,0,calibration
2.6922575999924447,163,235.0,500.0,1.0,True,-370.69504466453026,62.90747597556019,-373.41173715039224,-143.40039943572808,1.712644897067537,22,calibration,2,dot,0.3,0,calibration
2.709102399996482,164,237.0,499.0,2.23606797749979,True,-372.2281426166683,78.3991899291337,-371.6640282628842,-147.87105901901853,0.4768390412586161,22,calibration,2,dot,0.3,0,calibration
2.725531999996747,165,240.0,499.0,3.0,True,-374.3936028844884,91.59355887740134,-371.65812681525654,-147.88589105176555,-2.2999151944684106,22,calibration,2,dot,0.3,0,calibration
2.742399099995964,166,250.0,499.0,10.0,True,-377.5435127754993,103.27597142315705,-373.3269511515455,-143.62098573638727,-7.386701312008544,22,calibration,2,dot,0.3,0,calibration
2.758718500001123,167,289.0,508.0,20.0,True,-380.9610241971275,113.1397200977029,-376.42337431058337,-135.2976100034087,-12.757070154382088,22,calibration,2,dot,0.3,0,calibration
2.7757923000026494,168,331.0,524.0,20.0,True,-381.23697522043284,121.07175031680624,-380.32808976514275,-123.89731286673467,-4.5545527001215795,22,calibration,2,dot,0.3,0,calibration
2.7922468000033405,169,402.0,554.0,20.0,True,-379.3531681503858,126.85099059236835,-383.96159134416143,-112.13160291576682,2.2715224800681164,22,calibration,2,dot,0.3,0,calibration
2.8090207999921404,170,448.0,575.0,20.0,True,-377.61036748144846,131.94851408987304,-387.06831062226644,-100.88668352178422,8.529075559337635,22,calibration,2,dot,0.3,0,calibration
2.8254754999943543,171,496.0,597.0,20.0,True,-376.25434862662047,135.76695157348695,-387.24588098505393,-90.5188051982856,15.496541834803567,22,calibration,2,dot,0.3,0,calibration
2.8421783999947365,172,564.0,600.0,20.0,True,-375.37515402818656,138.17920877728028,-385.03382041306685,-80.22143098613152,20.594689679949703,22,calibration,2,dot,0.3,0,calibration
2.858965499995975,173,608.0,600.0,20.0,True,-375.0270965923078,139.12108690469543,-381.56205206698934,-69.90510624122275,24.219881824624103,22,calibration,2,dot,0.3,0,calibration
2.8756119000026956,174,647.0,600.0,20.0,True,-374.95451953184124,139.31657576414264,-377.1470647977358,-58.94653942106733,26.03261097314549,22,calibration,2,dot,0.3,0,calibration
2.8921523000026355,175,710.0,600.0,20.0,True,-375.0318199455331,139.10835355341254,-371.51338911117637,-47.55693380868226,27.81760783604927,22,calibration,2,dot,0.3,0,calibration
2.908817100003944,176,747.0,600.0,20.0,True,-375.12957426161455,138.84452641101782,-364.49136144745694,-35.857675550982194,29.315718384365077,22,calibration,2,dot,0.3,0,calibration
2.925511199995526,177,783.0,600.0,20.0,True,-375.3372496532474,138.28213558784742,-356.0054522761762,-24.43050835881494,31.2438163097502,22,calibration,2,dot,0.3,0,calibration
2.942147699999623,178,834.0,600.0,20.0,True,-375.7532218803728,137.14778979815668,-345.4236469670749,-12.926076205090437,33.22533594376817,22,calibration,2,dot,0.3,0,calibration
2.9596209000010276,179,863.0,600.0,20.0,True,-376.4413779283984,135.24751008195577,-332.72158898065703,-1.6809215761137342,34.88136224778885,22,calibration,2,dot,0.3,0,calibration
2.975552699994296,180,902.0,600.0,20.0,True,-377.50569999893145,132.24767093721064,-319.1484065608562,8.083038484589188,36.2356344011043,22,calibration,2,dot,0.3,0,calibration
2.9922713999985717,181,919.0,600.0,17.0,True,-378.81684848560985,128.44374373020472,-306.16419035236186,15.759459813512334,31.548711468897412,22,calibration,2,dot,0.3,0,calibration
0.0009877000120468438,1,-158.0,-13.0,20.0,True,298.1805634608078,-0.5412819708973852,-301.0782089883764,-1.832001112993471,8.049190485759354,23,calibration,2,square,0.3,0,calibration
0.009495100006461143,2,-158.0,-13.0,0.0,False,293.8101314701305,-2.0909828556591092,-304.00872625788054,-6.203248696188581,0.0,23,calibration,2,square,0.3,0,calibration
0.02627260000735987,3,-240.0,-25.0,20.0,True,287.970827050943,-3.3687740680235443,-309.2123571955044,-10.960029629548341,3.390747796791762,23,calibration,2,square,0.3,0,calibration
0.04291630000807345,4,-310.0,-33.0,20.0,True,280.7248865467999,-4.319823190721625,-316.61516291461606,-15.535381883844373,1.9004580825747919,23,calibration,2,square,0.3,0,calibration
0.05969540000660345,5,-363.0,-41.0,20.0,True,271.84800733364915,-5.014590089723482,-325.49984634425795,-19.336786723923304,0.5927124312626386,23,calibration,2,square,0.3,0,calibration
0.07631519999995362,6,-424.0,-54.0,20.0,True,262.8971124024552,-5.665144425559071,-334.0748588206566,-21.970183803126687,-0.11118317208671957,23,calibration,2,square,0.3,0,calibration
0.09344580001197755,7,-456.0,-61.0,20.0,True,255.30188315167413,-6.190993628956233,-342.80727037051463,-23.583903395363368,-0.20282118282367811,23,calibration,2,square,0.3,0,calibration
0.11000359999889042,8,-478.0,-68.0,20.0,True,250.46085967973576,-6.4960899578698195,-352.51082745246305,-24.28711137554931,-0.04477624702535765,23,calibration,2,square,0.3,0,calibration
0.1267504999996163,9,-485.0,-71.0,7.615773105863909,True,247.30084385693934,-6.19528189283572,-364.24757002310025,-24.56091539319501,-0.38385535135454213,23,calibration,2,square,0.3,0,calibration
0.1428965000086464,10,-488.0,-72.0,3.1622776601683795,True,244.59704343096234,-4.218497457764193,-377.4660339627503,-24.662283044287133,-1.176001469767276,23,calibration,2,square,0.3,0,calibration
0.15973050000320654,11,-491.0,-74.0,3.605551275463989,True,241.40783641678632,0.9897870753404909,-390.7099473649287,-24.914593739892773,-3.176559848602456,23,calibration,2,square,0.3,0,calibration
0.1761467000033008,12,-492.0,-75.0,1.4142135623730951,True,237.99099507997863,11.057674209144496,-399.20047757029226,-25.2780281598583,-1.6727124053954685,23,calibration,2,square,0.3,0,calibration
0.1926934000075562,13,-492.0,-75.0,0.0,False,239.61685353417485,26.265896112780617,-399.19536472317947,-25.358643172057125,0.0,23,calibration,2,square,0.3,0,calibration
0.20964220000314526,14,-492.0,-76.0,1.0,True,246.34008664199197,44.166286634605115,-399.19672597831067,-25.33720521678633,-0.9972101931827551,23,calibration,2,square,0.3,0,calibration
0.22633450001012534,15,-492.0,-78.0,2.0,True,255.72708093729676,61.76069805084936,-399.2228661667027,-24.921940727860225,-1.8130947037468623,23,calibration,2,square,0.3,0,calibration
0.24264140000741463,16,-492.0,-82.0,4.0,True,266.02151054658486,76.53734160952453,-399.2640698277544,-24.252887345182348,-3.3150847162044115,23,calibration,2,square,0.3,0,calibration
0.26059730000270065,17,-485.0,-90.0,10.63014581273465,True,277.33860405525445,86.136396608908,-399.3097743714599,-23.488382051852856,7.140464349445093,23,calibration,2,square,0.3,0,calibration
0.27638110000407323,18,-465.0,-97.0,20.0,True,287.0239126097574,92.92926737065676,-399.34869970031707,-22.817012242315947,30.530386723944453,23,calibration,2,square,0.3,0,calibration
0.2930512000020826,19,-429.0,-97.0,20.0,True,294.94308500998113,98.14806561466689,-399.38262896993706,-22.215212739508793,36.6984988254719,23,calibration,2,square,0.3,0,calibration
0.309563300004811,20,-365.0,-77.0,20.0,True,300.81454810385685,102.09524924809641,-399.4388050671064,-21.181147432615838,37.47425292913823,23,calibration,2,square,0.3,0,calibration
0.3261689000064507,21,-284.0,-40.0,20.0,True,305.09738025962884,105.18123520325949,-399.5393966309868,-19.190376227344256,33.397571692472205,23,calibration,2,square,0.3,0,calibration
0.34326530000544153,22,-183.0,7.0,20.0,True,308.3134978461776,107.4814833952214,-399.6943350817807,-15.63452920727722,27.593800085342618,23,calibration,2,square,0.3,0,calibration
0.35951600001135375,23,-66.0,66.0,20.0,True,310.867187716583,109.28285341086448,-399.8720345303666,-10.117114240003922,23.29184790157764,23,calibration,2,square,0.3,0,calibration
0.3761847999994643,24,-26.0,86.0,20.0,True,313.6768725887307,111.03925546810261,-399.9893198093624,-2.9230187210513554,21.30630943028768,23,calibration,2,square,0.3,0,calibration
0.39278950000880286,25,89.0,136.0,20.0,True,316.6975849569298,112.76858801402217,-399.9737450158105,4.582935525115033,21.385494899384,23,calibration,2,square,0.3,0,calibration
0.40986830000474583,26,157.0,163.0,20.0,True,320.7991416620298,114.93250772384106,-399.83487465199283,11.492302294367596,20.10161675905738,23,calibration,2,square,0.3,0,calibration
0.4265207999997074,27,253.0,196.0,20.0,True,326.6186976042266,117.98902047984238,-399.57648216965805,18.402035129869112,17.123553303772006,23,calibration,2,square,0.3,0,calibration
0.44280540000181645,28,294.0,208.0,20.0,True,336.8201058829894,122.7118276039935,-399.1641254039059,25.8457151291053,13.417074574604237,23,calibration,2,square,0.3,0,calibration
0.459337600012077,29,331.0,220.0,20.0,True,349.7535077181139,128.62329478966356,-397.71942469509776,33.66166256007979,10.34244845822487,23,calibration,2,square,0.3,0,calibration
0.47651829999813344,30,358.0,228.0,20.0,True,363.96696615771566,134.3643623962032,-395.5429724483813,41.214007779600514,9.138595187868662,23,calibration,2,square,0.3,0,calibration
0.49281450000125915,31,386.0,238.0,20.0,True,375.31547222038813,138.34123142428314,-392.9369793811226,48.919451936231994,7.593480431456698,23,calibration,2,square,0.3,0,calibration
0.5092474999983096,32,396.0,243.0,11.180339887498949,True,375.6987417133007,137.29696090971046,-389.60664954836886,57.05113981618641,2.559857745039084,23,calibration,2,square,0.3,0,calibration
0.5265955000068061,33,404.0,247.0,8.94427190999916,True,376.45842376171794,135.200056134762,-385.15296566144013,65.51440720274077,1.3771599851199219,23,calibration,2,square,0.3,0,calibration
0.5429785000014817,34,410.0,250.0,6.708203932499369,True,377.42812938468205,132.46889125066198,-378.5142048527485,74.02234387292242,0.37877070913741473,23,calibration,2,square,0.3,0,calibration
0.5600230999989435,35,412.0,251.0,2.23606797749979,True,378.56988761623256,129.16981145079154,-369.5658002928086,82.3159133148969,-0.008922225440393198,23,calibration,2,square,0.3,0,calibration
0.5759582000027876,36,413.0,251.0,1.0,True,380.57012451390216,123.15185880640624,-358.8528727479851,90.05700439402318,0.18803091580920372,23,calibration,2,square,0.3,0,calibration
0.5933369000122184,37,413.0,252.0,1.0,True,380.1098514257619,124.56524735689808,-347.76258216154326,97.50923807955745,-0.19468932274852907,23,calibration,2,square,0.3,0,calibration
0.6102473000064492,38,407.0,252.0,6.0,True,381.27051076384464,120.96610112703898,-335.9410842049327,104.51768653090524,-0.7550745911762218,23,calibration,2,square,0.3,0,calibration
0.6260565999982646,39,391.0,252.0,16.0,True,382.61780172132217,116.63454808050234,-323.0966633014221,111.51799788974205,-1.8135245538019724,23,calibration,2,square,0.3,0,calibration
0.6430532000085805,40,359.0,250.0,20.0,True,384.19558378308847,111.32723566841959,-306.93639729940605,118.652761198461,-1.2350397252636247,23,calibration,2,square,0.3,0,calibration
0.6599897999985842,41,300.0,242.0,20.0,True,386.0557568922608,104.69456800781826,-289.02402109949503,126.18562982920113,-0.4432926700962003,23,calibration,2,square,0.3,0,calibration
0.6762461000034818,42,264.0,235.0,20.0,True,387.78235902556264,98.10627925148124,-269.7329191414166,133.92804475056118,0.3658592145477968,23,calibration,2,square,0.3,0,calibration
0.6931456000020262,43,214.0,226.0,20.0,True,389.1802931021673,92.40508352310054,-251.31623911137993,141.54211799048053,0.13090499988288373,23,calibration,2,square,0.3,0,calibration
0.7101345000119181,44,135.0,211.0,20.0,True,390.18329801745875,88.07379830698217,-232.07479094802687,149.17879744963415,-0.022603361815225487,23,calibration,2,square,0.3,0,calibration
0.725951400003396,45,81.0,201.0,20.0,True,390.6531392372285,85.96583509801177,-211.99492362327658,156.62116947832732,-0.24443532821422975,23,calibration,2,square,0.3,0,calibration
0.7428218999993987,46,14.0,194.0,20.0,True,390.04148127027815,88.6997344330141,-190.86448522286943,164.06295236929094,0.10464789876196257,23,calibration,2,square,0.3,0,calibration
0.7599645000009332,47,-27.0,192.0,20.0,True,388.4737664312788,95.33169879266939,-168.89133491903857,171.84159990774577,1.9520151771688754,23,calibration,2,square,0.3,0,calibration
0.7766529000073206,48,-72.0,187.0,20.0,True,386.2414760174945,104.00731803016191,-146.85182019673093,179.6977018575918,3.1335314889451205,23,calibration,2,square,0.3,0,calibration
0.7926903000043239,49,-132.0,174.0,20.0,True,383.6851760669562,113.07380627921228,-124.7269324931306,187.78854797711872,2.7272918204508256,23,calibration,2,square,0.3,0,calibration
0.8095339999999851,50,-181.0,161.0,20.0,True,380.65546681063057,122.88781708200737,-103.63835900281356,195.35590727495224,3.1581433565331496,23,calibration,2,square,0.3,0,calibration
0.826855000006617,51,-225.0,144.0,20.0,True,376.953178056225,133.81442954073356,-81.29207390420132,203.2660910351973,2.585930385707089,23,calibration,2,square,0.3,0,calibration
0.843351800009259,52,-280.0,124.0,20.0,True,372.36699934078837,146.091812918922,-57.534331119876384,210.86216040543675,4.086441166620853,23,calibration,2,square,0.3,0,calibration
0.8598146000003908,53,-313.0,109.0,20.0,True,367.5236299421983,157.88090902357416,-32.11756496165934,218.04574438006415,3.3352795548585745,23,calibration,2,square,0.3,0,calibration
0.8763669000036316,54,-339.0,98.0,20.0,True,362.3991108396482,169.31297783286536,-7.5050737513528425,223.94582555070446,4.632450566511257,23,calibration,2,square,0.3,0,calibration
0.893230500005302,55,-373.0,84.0,20.0,True,356.8749327381911,180.66621815688606,15.362448373359431,228.84526700373445,5.939596155400368,23,calibration,2,square,0.3,0,calibration
0.9095609000069089,56,-393.0,72.0,20.0,True,351.1211289112568,191.60885374137746,37.11081197860849,233.60778896146812,3.4562920325132995,23,calibration,2,square,0.3,0,calibration
0.9262833000102546,57,-409.0,60.0,20.0,True,345.4252148561422,201.6963582754732,59.44441007784523,238.90436189887194,1.6085153719263778,23,calibration,2,square,0.3,0,calibration
0.942909100005636,58,-428.0,45.0,20.0,True,339.83603866280254,210.97740833078356,82.93326493572825,244.82783439287536,1.4334931399451745,23,calibration,2,square,0.3,0,calibration
0.9596739000116941,59,-441.0,33.0,17.69180601295413,True,334.0178790141193,220.07284361980973,107.66371890250805,251.2744428431718,0.9980244300400171,23,calibration,2,square,0.3,0,calibration
0.9760819000075571,60,-455.0,20.0,19.1049731745428,True,328.03443796054853,228.89606268327788,132.7804596373357,257.9648931004675,3.2106466246429997,23,calibration,2,square,0.3,0,calibration
0.9929919999995036,61,-463.0,12.0,11.313708498984761,True,322.0759125603066,237.20688554181075,157.37557185074635,264.7528368346723,3.2324511595584675,23,calibration,2,square,0.3,0,calibration
1.009596200005035,62,-468.0,6.0,7.810249675906654,True,316.55040931296725,244.53187596669864,181.0095739973938,272.11664497653754,2.3530904675889954,23,calibration,2,square,0.3,0,calibration
1.0262641000008443,63,-476.0,-1.0,10.63014581273465,True,311.05775665012163,251.48175287243748,205.4458282162617,281.839739302264,8.91107096250181,23,calibration,2,square,0.3,0,calibration
1.0430531000019982,64,-480.0,-5.0,5.656854249492381,True,300.6592506739749,257.14635127525884,229.41983732019355,293.4673048267984,6.94370486064457,23,calibration,2,square,0.3,0,calibration
1.0595539000059944,65,-483.0,-8.0,4.242640687119285,True,284.77105120457975,261.5305186747325,250.92620627845338,305.97717947780694,6.195544129384866,23,calibration,2,square,0.3,0,calibration
1.0768181000021286,66,-490.0,-13.0,8.602325267042627,True,265.02351686767804,265.16755589993846,257.14706594083873,306.39090469205826,14.58032619624417,23,calibration,2,square,0.3,0,calibration
1.0935500000050524,67,-492.0,-17.0,4.47213595499958,True,245.54937714768013,265.5607257659275,257.7571545565338,305.87783390582445,6.203420216932687,23,calibration,2,square,0.3,0,calibration
1.1098634000081802,68,-495.0,-20.0,4.242640687119285,True,227.2916834597948,265.0149925031181,255.78389155143648,307.5298372886816,7.137225148940812,23,calibration,2,square,0.3,0,calibration
1.1264811000000918,69,-499.0,-27.0,8.06225774829855,True,210.71134184978627,262.711627336879,252.07228897508872,310.57939585693595,12.757120971670101,23,calibration,2,square,0.3,0,calibration
1.142944899998838,70,-500.0,-32.0,5.0990195135927845,True,196.0787334139935,259.03183062380776,247.61261963417036,314.14644769263856,7.286151094732254,23,calibration,2,square,0.3,0,calibration
1.1598249000089709,71,-502.0,-46.0,14.142135623730951,True,183.61955270570152,255.25396005694247,243.39190368245337,317.4277574848037,20.11724596885202,23,calibration,2,square,0.3,0,calibration
1.176594100004877,72,-501.0,-59.0,13.038404810405298,True,172.71779437010446,251.1496082166699,239.82098695397858,320.1341815808172,16.31231060271877,23,calibration,2,square,0.3,0,calibration
1.193092900008196,73,-496.0,-76.0,17.72004514666935,True,163.1998105311045,246.37837031640453,236.6209339313394,322.5066412114031,19.212109720821,23,calibration,2,square,0.3,0,calibration
1.2093317000108073,74,-488.0,-100.0,20.0,True,155.09325797903256,240.71363581725024,233.28291998606306,324.9293450009957,23.944066503830715,23,calibration,2,square,0.3,0,calibration
1.2262569000013173,75,-479.0,-120.0,20.0,True,148.50099288342358,233.7557869689591,229.30338720683335,327.74983846750104,25.80223773474049,23,calibration,2,square,0.3,0,calibration
1.2429917999979807,76,-468.0,-137.0,20.0,True,143.5659187002315,225.44610711226036,222.97054531235398,332.0905537998808,26.984131311678258,23,calibration,2,square,0.3,0,calibration
1.260176700001466,77,-453.0,-161.0,20.0,True,139.41745373755268,215.27861299813463,214.32492945099847,337.73484365079145,30.6521134252214,23,calibration,2,square,0.3,0,calibration
1.276246200010064,78,-441.0,-173.0,16.97056274847714,True,136.40391653535292,203.91023467006428,204.58526613080903,343.72208087666706,23.35940799524276,23,calibration,2,square,0.3,0,calibration
1.2929354000079911,79,-429.0,-186.0,17.69180601295413,True,133.74099953976167,192.0685169373137,195.86875602435038,348.76271362270575,26.261726240863574,23,calibration,2,square,0.3,0,calibration
1.3108478000067407,80,-408.0,-206.0,20.0,True,132.0176545073959,180.86252386011503,188.58306786895545,352.7554769427867,29.787728213562193,23,calibration,2,square,0.3,0,calibration
1.3265895000076853,81,-394.0,-220.0,19.79898987322333,True,131.32237833504664,169.9174608249773,181.1257634909277,356.6419181753997,32.297036547621204,23,calibration,2,square,0.3,0,calibration
1.3432132000016281,82,-370.0,-240.0,20.0,True,131.89509543469026,158.36123118070668,172.81284577585143,360.74328868996554,33.12417399653428,23,calibration,2,square,0.3,0,calibration
1.3599691999988863,83,-355.0,-253.0,19.849433241279208,True,133.56524047115713,145.37505016157291,163.26456440740242,365.16391115341776,34.620486705868636,23,calibration,2,square,0.3,0,calibration
1.3760619000095176,84,-343.0,-265.0,16.97056274847714,True,135.87747877301004,131.28097017766999,153.04096214624468,369.56523633230404,30.742443734626338,23,calibration,2,square,0.3,0,calibration
1.3931312000058824,85,-332.0,-272.0,13.038404810405298,True,139.37487541254413,116.63068002888136,142.71974783733586,373.67241479302066,22.176978344040663,23,calibration,2,square,0.3,0,calibration
1.4093545000068843,86,-315.0,-286.0,20.0,True,142.88203956581546,101.61285155348237,132.46590304026697,377.4291781668802,35.779031492753774,23,calibration,2,square,0.3,0,calibration
1.4263413000007858,87,-304.0,-294.0,13.601470508735444,True,146.6850912133195,85.85318724838062,121.6160478167848,381.0636914131619,23.894710857014147,23,calibration,2,square,0.3,0,calibration
1.4433229999995092,88,-280.0,-305.0,20.0,True,151.32786813539983,68.10751328735614,110.80530980827453,384.34643658851877,32.15222767026644,23,calibration,2,square,0.3,0,calibration
1.459524700010661,89,-264.0,-311.0,17.08800749063506,True,156.06511572115195,48.82897157994503,100.29657139625502,387.22163907270976,26.41514600522662,23,calibration,2,square,0.3,0,calibration
1.4761254000040935,90,-250.0,-312.0,14.035668847618199,True,161.59761712032258,28.268403471493308,91.19027002556226,389.46673112432217,17.650061066148517,23,calibration,2,square,0.3,0,calibration
1.4926947000058135,91,-217.0,-309.0,20.0,True,167.65385925490546,7.864416184832706,82.55411427776244,391.38832151178724,22.023774834304753,23,calibration,2,square,0.3,0,calibration
1.5093900000065332,92,-190.0,-302.0,20.0,True,173.35033694521164,-12.472891037150621,74.57566502185436,392.98660306243033,17.877988380200158,23,calibration,2,square,0.3,0,calibration
1.5263745000120252,93,-165.0,-293.0,20.0,True,178.1795323936021,-32.261953877104304,67.01301608319328,394.3466186940541,14.939498087235563,23,calibration,2,square,0.3,0,calibration
1.5427448000118602,94,-123.0,-275.0,20.0,True,181.48513774369349,-51.75757487606933,59.54131735833059,395.2745293437218,12.577353714369382,23,calibration,2,square,0.3,0,calibration
1.5592981000081636,95,-94.0,-262.0,20.0,True,183.8368459200539,-72.06255744825833,51.536598225849076,395.7839332887445,11.666659630179343,23,calibration,2,square,0.3,0,calibration
1.5764525999984471,96,-68.0,-248.0,20.0,True,185.27862304284258,-94.06891511047333,42.803214317070754,395.8912893286603,9.181068188216722,23,calibration,2,square,0.3,0,calibration
1.5926027000095928,97,-29.0,-218.0,20.0,True,184.57840717585395,-116.73434192499607,33.92210097860264,395.59108972135203,3.577478755543755,23,calibration,2,square,0.3,0,calibration
1.6096147000062047,98,-3.0,-197.0,20.0,True,182.48383120637885,-138.5747123257905,25.226467756886123,394.98701547705804,2.397630109141078,23,calibration,2,square,0.3,0,calibration
1.6262664000096265,99,34.0,-166.0,20.0,True,177.70546677211175,-157.87103983326787,14.593804356429628,393.05785284965674,1.224361795720852,23,calibration,2,square,0.3,0,calibration
1.64272560000245,100,60.0,-147.0,20.0,True,170.24930609990457,-175.92588558146528,1.156992599572094,389.0189518393242,1.7906225735942605,23,calibration,2,square,0.3,0,calibration
1.6593479000002844,101,89.0,-122.0,20.0,True,159.2482522328674,-191.179703035131,-14.549407715754842,382.72596467712594,-0.5341210372210381,23,calibration,2,square,0.3,0,calibration
1.6760190000059083,102,124.0,-90.0,20.0,True,146.27600115548753,-203.77021842167744,-28.611231744039785,375.23304943383675,-0.6181539353753607,23,calibration,2,square,0.3,0,calibration
1.6928171000035945,103,149.0,-65.0,20.0,True,132.35762090999611,-211.60326658601943,-39.560282312327054,367.56154692968835,0.4367506585637937,23,calibration,2,square,0.3,0,calibration
1.7093247000011615,104,171.0,-41.0,20.0,True,117.60961418589466,-214.2859771500815,-47.83380397400774,359.22864209152317,4.0492810615643915,23,calibration,2,square,0.3,0,calibration
1.726346100011142,105,203.0,6.0,20.0,True,101.86875586549208,-211.84530154651486,-54.961541263624675,350.00515515605866,11.373980302046238,23,calibration,2,square,0.3,0,calibration
1.7428794000006747,106,219.0,35.0,20.0,True,85.16777108822569,-206.09834555124664,-61.538521787698954,339.5831095398699,16.527634234706518,23,calibration,2,square,0.3,0,calibration
1.7606912000046577,107,238.0,85.0,20.0,True,68.14051341993098,-198.85440964139943,-67.46134145928887,328.2406102429836,20.642304590016423,23,calibration,2,square,0.3,0,calibration
1.776435500010848,108,249.0,120.0,20.0,True,51.849754722129966,-191.4875320448578,-72.20002656063969,316.26003576062413,22.345825000449988,23,calibration,2,square,0.3,0,calibration
1.7929646999982651,109,255.0,143.0,20.0,True,37.43196498746592,-184.8683797671587,-75.36246744870213,304.2086764526435,23.486280137743655,23,calibration,2,square,0.3,0,calibration
1.8095447000087006,110,261.0,172.0,20.0,True,25.15171657805164,-178.8428305031879,-76.98582674878209,292.59450029103465,24.947072491679076,23,calibration,2,square,0.3,0,calibration
1.8256475000089267,111,267.0,187.0,16.15549442140351,True,14.741809576059019,-171.66304885714078,-77.54944111729161,280.7942802602434,18.84643807156765,23,calibration,2,square,0.3,0,calibration
1.8425763999985065,112,267.0,200.0,13.0,True,6.017469741190858,-163.74416001783624,-77.63793148459617,268.7532708967857,21.736944638318928,23,calibration,2,square,0.3,0,calibration
1.8593304000096396,113,268.0,213.0,13.038404810405298,True,-0.6655746244320211,-154.35711999421505,-77.32356102770774,256.9164376243144,22.979147189027326,23,calibration,2,square,0.3,0,calibration
1.8760227000020677,114,268.0,227.0,14.0,True,-4.782074587617106,-143.18870381378522,-75.95797672263683,244.88516930206217,27.046790638364143,23,calibration,2,square,0.3,0,calibration
1.8927010000043083,115,264.0,250.0,20.0,True,-7.928821177602254,-127.70199548628123,-73.07166359942826,232.62480699169126,39.957187908215815,23,calibration,2,square,0.3,0,calibration
1.9094826000073226,116,255.0,293.0,20.0,True,-10.425822983471088,-106.42583134842545,-68.45177313628601,219.71274151948927,39.73179565354906,23,calibration,2,square,0.3,0,calibration
1.926037199998973,117,247.0,324.0,20.0,True,-12.984172997477845,-80.65892799829194,-62.76914138470969,207.10545019366907,39.47314999394696,23,calibration,2,square,0.3,0,calibration
1.9425787000072887,118,236.0,367.0,20.0,True,-15.332411036023807,-53.04458977278834,-55.65259087895921,195.03499102279721,38.934802089431706,23,calibration,2,square,0.3,0,calibration
1.9594990000041435,119,233.0,389.0,20.0,True,-16.697974826200756,-26.77246751803997,-47.498189795493076,184.10135442186098,37.430882238207744,23,calibration,2,square,0.3,0,calibration
1.9761262000101851,120,228.0,412.0,20.0,True,-18.06391329603515,-3.00974723750873,-38.76548282270541,174.6182910585036,37.009577632537145,23,calibration,2,square,0.3,0,calibration
1.9931024000106845,121,227.0,434.0,20.0,True,-18.41141024939133,17.89390985012331,-30.218806688711364,166.50063970213964,34.40945546301627,23,calibration,2,square,0.3,0,calibration
2.0094088000041666,122,225.0,459.0,20.0,True,-18.55371297417661,36.668641317690884,-21.707066543936257,158.4931129011411,34.76992343522435,23,calibration,2,square,0.3,0,calibration
2.0264787000051,123,225.0,471.0,12.0,True,-17.977962394263425,53.83612542560404,-11.907170422074936,149.37195192140314,20.168896509265803,23,calibration,2,square,0.3,0,calibration
2.0428735000023153,124,227.0,493.0,20.0,True,-15.557619922853366,71.85212676920997,-0.9648934560904774,139.09127150263248,32.300350889230074,23,calibration,2,square,0.3,0,calibration
2.059597200001008,125,232.0,510.0,17.72004514666935,True,-10.240704615258986,91.34166484855919,9.976210133915167,128.79012170675603,25.729586756054776,23,calibration,2,square,0.3,0,calibration
2.076199400005862,126,244.0,536.0,20.0,True,-1.98397940281966,111.83199966564496,19.54235309560284,119.42177918916437,26.693337249300786,23,calibration,2,square,0.3,0,calibration
2.0927421000087634,127,253.0,554.0,20.0,True,6.734893190360328,131.09907500239564,27.70517554181356,110.56791353102679,27.074257160249413,23,calibration,2,square,0.3,0,calibration
2.1093992000096478,128,262.0,572.0,20.0,True,14.642965468787908,148.48858236289882,35.19241894849432,102.03957602047906,27.528450428103834,23,calibration,2,square,0.3,0,calibration
2.1261536000092747,129,273.0,593.0,20.0,True,21.287219551794887,163.81870887084372,41.97487678203659,93.33067845783368,28.22160231353132,23,calibration,2,square,0.3,0,calibration
2.1427579000010155,130,278.0,600.0,8.602325267042627,True,27.722588063802863,177.28038724132097,47.66195639252913,84.7154106649435,11.559366089219345,23,calibration,2,square,0.3,0,calibration
2.159223100010422,131,284.0,600.0,6.0,True,36.548040333279445,188.12914682496637,51.93301389550338,75.73282891158519,1.2098826894340031,23,calibration,2,square,0.3,0,calibration
2.1762716000084765,132,289.0,600.0,5.0,True,46.322599508524725,197.78068473771236,54.639036639995396,66.43380801171648,2.1607985989082747,23,calibration,2,square,0.3,0,calibration
2.192361500012339,133,291.0,600.0,2.0,True,56.85027075921795,206.40505641903684,56.044099892997934,56.23142086790915,1.2742721612112229,23,calibration,2,square,0.3,0,calibration
2.2090944000083255,134,293.0,600.0,2.0,True,68.01818081032881,213.3159759437277,56.62746309003492,45.55433303019135,1.591592862986391,23,calibration,2,square,0.3,0,calibration
2.2259498000057647,135,295.0,600.0,2.0,True,80.01675175166214,218.67880373242383,56.20278411447452,33.169322066717285,1.894456639970681,23,calibration,2,square,0.3,0,calibration
2.242809000003035,136,296.0,600.0,1.0,True,93.52351878084296,222.37050952049435,54.31043948857243,19.231008126430467,1.0991493519939468,23,calibration,2,square,0.3,0,calibration
2.2592276000068523,137,299.0,598.0,3.605551275463989,True,107.80596041467518,222.7998956960256,51.24999216958383,3.9107578614790537,1.5649776616246989,23,calibration,2,square,0.3,0,calibration
2.2760281000082614,138,299.0,589.0,9.0,True,120.66378797731181,219.7438659202311,47.54196258055152,-11.413651867440473,-6.666430533307791,23,calibration,2,square,0.3,0,calibration
2.292577300002449,139,299.0,571.0,18.0,True,131.00606250566997,216.34949800491367,43.559529931511236,-25.888577068225317,-11.742061133123768,23,calibration,2,square,0.3,0,calibration
2.3097877000109293,140,294.0,548.0,20.0,True,139.78227030336976,212.95049966345292,38.71646966777896,-39.78813223168826,-16.75680843893502,23,calibration,2,square,0.3,0,calibration
2.3259487000032095,141,277.0,517.0,20.0,True,147.89051516885425,208.86493456642077,32.44851097083594,-52.567798716632865,-20.67623471221061,23,calibration,2,square,0.3,0,calibration
2.3428261000080965,142,259.0,493.0,20.0,True,155.73175931457058,203.445539356895,24.702065378064827,-64.87966471537503,-20.70769979607606,23,calibration,2,square,0.3,0,calibration
2.3596490000054473,143,231.0,463.0,20.0,True,162.65102468241054,196.1497332118657,15.48715819232237,-76.90477026983204,-18.68756060470715,23,calibration,2,square,0.3,0,calibration
2.3760482000070624,144,211.0,445.0,20.0,True,167.88557436091034,187.3128317765357,5.352366444413491,-88.48131646085612,-15.923880876364734,23,calibration,2,square,0.3,0,calibration
2.392324500004179,145,190.0,427.0,20.0,True,171.09595937953165,175.34948804152242,-5.077707116808796,-99.61550346435189,-11.245062003254374,23,calibration,2,square,0.3,0,calibration
2.409294500001124,146,153.0,400.0,20.0,True,172.49874100276287,162.4166860060531,-14.742894681041212,-109.78275537955678,-9.697293176946628,23,calibration,2,square,0.3,0,calibration
2.426018900005147,147,133.0,381.0,20.0,True,173.0023879709526,147.83410794025485,-24.613899526217736,-120.09633244554918,-6.711101729313798,23,calibration,2,square,0.3,0,calibration
2.443264300003648,148,107.0,360.0,20.0,True,172.86446975226622,132.11591641747216,-35.29882020192328,-130.12662426317473,-7.241908562573793,23,calibration,2,square,0.3,0,calibration
2.4594331000116654,149,69.0,329.0,20.0,True,172.50766000971137,115.81207539655125,-47.603473602824685,-139.1279673586827,-6.993634068805914,23,calibration,2,square,0.3,0,calibration
2.475987800004077,150,48.0,305.0,20.0,True,172.43724775249768,97.64958204590484,-60.52628112570663,-145.53383332138003,-3.382270768049014,23,calibration,2,square,0.3,0,calibration
2.4928062000108184,151,22.0,264.0,20.0,True,172.5636418019585,79.64890362929542,-73.56782974054407,-149.07413989039853,2.0528857672293555,23,calibration,2,square,0.3,0,calibration
2.5092252000031294,152,6.0,236.0,20.0,True,172.70918082987046,60.47295991712018,-86.6314151674184,-150.68076027033996,5.320835399942139,23,calibration,2,square,0.3,0,calibration
2.5257551000104286,153,-10.0,207.0,20.0,True,172.66773982926,42.914845649439286,-99.59094658010602,-150.9929928663662,7.4537826581025985,23,calibration,2,square,0.3,0,calibration
2.543052000008174,154,-39.0,161.0,20.0,True,172.4662739465572,27.022169184990297,-112.06025617066804,-149.86577113951378,7.952866445248263,23,calibration,2,square,0.3,0,calibration
2.5595744000020204,155,-55.0,133.0,20.0,True,172.38167214210753,12.51491186893897,-123.08074131198308,-146.8509704518812,12.433359766334329,23,calibration,2,square,0.3,0,calibration
2.576047100010328,156,-68.0,104.0,20.0,True,173.01332054662464,-1.0476102632364146,-132.79937661191067,-142.25158883220053,18.261858738959848,23,calibration,2,square,0.3,0,calibration
2.592739400002756,157,-90.0,67.0,20.0,True,173.8649692125054,-13.319532203781188,-141.47196267304207,-136.69709345840783,17.105860005955172,23,calibration,2,square,0.3,0,calibration
2.609423300003982,158,-104.0,43.0,20.0,True,175.48169312093611,-24.268432879138032,-150.4153878323233,-130.18889426324648,17.634880438298552,23,calibration,2,square,0.3,0,calibration
2.6259486000053585,159,-126.0,17.0,20.0,True,177.66720675658502,-33.99633296836568,-161.0910713234839,-119.55569486053724,13.685762799147444,23,calibration,2,square,0.3,0,calibration
2.642404099999112,160,-154.0,-16.0,20.0,True,180.3073825415047,-42.926480101736665,-174.10274915711878,-104.77898169251091,13.849981382894708,23,calibration,2,square,0.3,0,calibration
2.6594932000007248,161,-177.0,-39.0,20.0,True,183.76785419099647,-52.41583410833823,-188.60155294899323,-86.93346212438767,10.499624730339033,23,calibration,2,square,0.3,0,calibration
2.6759359999996377,162,-223.0,-78.0,20.0,True,187.5963010102871,-62.2970001321257,-201.92109587963475,-70.3867046090355,7.058109017804619,23,calibration,2,square,0.3,0,calibration
2.6925560000090627,163,-256.0,-101.0,20.0,True,192.14314025476236,-72.87522677691383,-212.33069883211968,-56.60274320500565,3.2645719093099816,23,calibration,2,square,0.3,0,calibration
2.709765799998422,164,-289.0,-116.0,20.0,True,196.9046499876695,-83.14578800548365,-219.2808601382432,-45.4338925465801,-2.742653621734299,23,calibration,2,square,0.3,0,calibration
2.72620440000901,165,-329.0,-129.0,20.0,True,202.57636460967217,-92.93192440880324,-223.56126287800816,-35.40209468607423,-5.968212787207866,23,calibration,2,square,0.3,0,calibration
2.7424280000122963,166,-349.0,-130.0,20.0,True,209.95957693642637,-100.82446974230238,-226.07614739967076,-24.41040711542075,-16.39814291176237,23,calibration,2,square,0.3,0,calibration
2.7597755000024335,167,-372.0,-132.0,20.0,True,218.5472222405463,-106.43148938315656,-227.80688000102214,-12.27187458648129,-16.83356736368697,23,calibration,2,square,0.3,0,calibration
2.7755272000067635,168,-406.0,-132.0,20.0,True,227.9830026967955,-109.15652905008709,-228.7984657839892,2.156028539726524,-20.586050669083555,23,calibration,2,square,0.3,0,calibration
2.7920851000089897,169,-421.0,-132.0,15.0,True,237.916146226365,-110.12672905670345,-229.43841145126666,19.165017344163026,-15.492918294759075,23,calibration,2,square,0.3,0,calibration
2.8093999000120675,170,-438.0,-127.0,17.72004514666935,True,248.60414046941813,-108.27466246569374,-230.04455771657183,38.51197117351738,-21.426573960454878,23,calibration,2,square,0.3,0,calibration
2.825923700002022,171,-452.0,-120.0,15.652475842498529,True,259.160907113032,-103.76231024039232,-230.65672911889052,60.04275361280141,-17.51711241786582,23,calibration,2,square,0.3,0,calibration
2.842464600005769,172,-460.0,-113.0,10.63014581273465,True,269.13865010401827,-94.9118841507397,-231.2745803047047,81.53236039210164,-8.566789523502536,23,calibration,2,square,0.3,0,calibration
2.8589150000043446,173,-466.0,-102.0,12.529964086141668,True,278.5061334039004,-82.37715979351351,-231.5715464587402,103.49362686193624,-5.860569178802087,23,calibration,2,square,0.3,0,calibration
2.876518400007626,174,-472.0,-88.0,15.231546211727817,True,288.0311878018666,-66.38548842857585,-231.69162826045272,125.60932607339353,-5.074701197474453,23,calibration,2,square,0.3,0,calibration
2.892683700003545,175,-475.0,-77.0,11.40175425099138,True,297.71906537237817,-49.20321556683251,-231.73688562061213,150.5813691080281,-2.8969603470696494,23,calibration,2,square,0.3,0,calibration
2.9090628000121797,176,-474.0,-58.0,19.026297590440446,True,308.1629713023924,-32.12455284929848,-231.53764667383976,177.8686276440873,-2.2756711938585914,23,calibration,2,square,0.3,0,calibration
2.9260885000112467,177,-470.0,-41.0,17.46424919657298,True,318.7123081007657,-15.860395252007713,-231.20917246916363,205.582136332087,-0.6070076324808723,23,calibration,2,square,0.3,0,calibration
2.9427307000005385,178,-461.0,-21.0,20.0,True,329.0101878003831,-0.6203818927734464,-230.82673361412566,230.88718267804236,1.3466165827242205,23,calibration,2,square,0.3,0,calibration
2.958979900009581,179,-436.0,23.0,20.0,True,338.69545579799666,13.665884374154174,-230.74724782255217,252.35690238472543,2.511916296890353,23,calibration,2,square,0.3,0,calibration
2.9757384000113234,180,-405.0,62.0,20.0,True,348.0694889638153,27.529768309404545,-231.16175089451977,270.59143619131083,4.571033407882412,23,calibration,2,square,0.3,0,calibration
2.9924437000008766,181,-357.0,109.0,20.0,True,357.37881620661625,41.727577735612996,-232.25819066447278,286.02074200515057,6.592770685273641,23,calibration,2,square,0.3,0,calibration
0.0010902000067289919,1,-18.0,25.0,20.0,True,302.1565651532678,-7.195762285763353,-303.51206495068516,-7.741126264098996,8.949900247452069,24,calibration,2,dot,0.35,0,calibration
0.010651600008714013,2,-18.0,25.0,0.0,False,306.7220036818245,-23.066244644724527,-303.4654904268839,-24.547092223518682,0.0,24,calibration,2,dot,0.35,0,calibration
0.026512299999012612,3,-36.0,55.0,20.0,True,311.084219589449,-42.06496483806002,-309.91438841171004,-37.66736548846864,8.165533300531227,24,calibration,2,dot,0.35,0,calibration
0.043191200005821884,4,-46.0,80.0,20.0,True,314.6893313769936,-61.795617001340005,-317.59381242072953,-45.699726702722884,11.31295687664371,24,calibration,2,dot,0.35,0,calibration
0.06046710000373423,5,-51.0,99.0,19.6468827043885,True,317.3202088312033,-81.13780244892698,-325.39759987307116,-49.158095324778785,16.37367872145529,24,calibration,2,dot,0.35,0,calibration
0.07700820000900421,6,-53.0,120.0,20.0,True,319.18222836510614,-97.54551692812392,-333.9485637563802,-49.10878316133976,22.007708297313094,24,calibration,2,dot,0.35,0,calibration
0.09360520000336692,7,-53.0,129.0,9.0,True,320.40354612079557,-110.84099130945476,-342.80450843429617,-46.68601787413605,11.33717250742367,24,calibration,2,dot,0.35,0,calibration
0.11102280000341125,8,-45.0,146.0,18.788294228055936,True,320.84958741059216,-121.48604130323395,-352.55947182795325,-42.15014211080461,16.563748715693006,24,calibration,2,dot,0.35,0,calibration
0.1270183000015095,9,-35.0,160.0,17.204650534085253,True,319.96065468402884,-130.50984625687278,-362.0862473716202,-36.795097732356325,13.05567704157104,24,calibration,2,dot,0.35,0,calibration
0.14444960000400897,10,-23.0,178.0,20.0,True,317.3429924080268,-138.064759277888,-371.3453435370202,-30.856917919132776,19.001129551791912,24,calibration,2,dot,0.35,0,calibration
0.1598874000046635,11,11.0,208.0,20.0,True,312.34250332562857,-144.06718991263563,-380.3694194864618,-24.166008747986304,15.600188226662425,24,calibration,2,dot,0.35,0,calibration
0.17676480000955053,12,44.0,228.0,20.0,True,305.0083652666605,-148.55584080254465,-390.1077014093432,-15.081863440865998,14.563611601190885,24,calibration,2,dot,0.35,0,calibration
0.19354300000122748,13,91.0,253.0,20.0,True,295.22272862859546,-151.65319184061548,-399.9916231958117,-2.5887010603314584,14.642133694987724,24,calibration,2,dot,0.35,0,calibration
0.21014920000743587,14,122.0,266.0,20.0,True,283.1080178988743,-153.42389778309834,-399.7859528902065,13.084031170459276,13.069814593865484,24,calibration,2,dot,0.35,0,calibration
0.22692210000241175,15,153.0,276.0,20.0,True,268.83515812622596,-154.18097147879897,-398.81129586756515,30.81477386633561,11.53743426555292,24,calibration,2,dot,0.35,0,calibration
0.2438116999983322,16,178.0,284.0,20.0,True,252.20356204795215,-154.47341259546047,-396.8712524260295,49.932043797493556,11.870609908207276,24,calibration,2,dot,0.35,0,calibration
0.2602967999991961,17,219.0,292.0,20.0,True,233.85367878383295,-154.5812600509253,-393.7626737639095,70.36303539712462,11.181988279460139,24,calibration,2,dot,0.35,0,calibration
0.2772075000102632,18,243.0,296.0,20.0,True,214.34248067505504,-154.6201052732646,-389.58397999801707,90.68805064011806,12.359312922042891,24,calibration,2,dot,0.35,0,calibration
0.2938830000057351,19,274.0,298.0,20.0,True,194.5988658301022,-154.44323660674993,-384.80295625148057,109.20936251128414,12.378161617991285,24,calibration,2,dot,0.35,0,calibration
0.3102587000030326,20,292.0,296.0,18.110770276274835,True,174.42734538554168,-153.9618712407656,-380.3772424235594,123.74632700104165,9.503260778909176,24,calibration,2,dot,0.35,0,calibration
0.3269663000100991,21,308.0,290.0,17.08800749063506,True,155.84824609345748,-153.13744844537393,-376.6523031911752,134.65898596374137,5.281484884409746,24,calibration,2,dot,0.35,0,calibration
0.3433376000029966,22,320.0,285.0,13.0,True,139.60506345409854,-151.76429039893358,-373.3645766754128,143.52314407087735,5.104460851926593,24,calibration,2,dot,0.35,0,calibration
0.36020429999916814,23,325.0,281.0,6.4031242374328485,True,127.1094024214685,-149.92265776755622,-370.39191317092,151.02923775741465,1.2523901894532048,24,calibration,2,dot,0.35,0,calibration
0.37670490000164136,24,327.0,276.0,5.385164807134504,True,117.369443082983,-147.57574925665875,-367.6689354437781,157.54222897254854,-2.00309375804497,24,calibration,2,dot,0.35,0,calibration
0.39348579999932554,25,329.0,266.0,10.198039027185569,True,110.21758268223734,-144.69770590759268,-364.5654021073312,164.59668157748476,-4.40433356718274,24,calibration,2,dot,0.35,0,calibration
0.4105264000099851,26,327.0,255.0,11.180339887498949,True,105.05901444633355,-140.8001708414252,-361.4264034493566,171.37956380403958,-5.283719755484933,24,calibration,2,dot,0.35,0,calibration
0.426670800006832,27,308.0,226.0,20.0,True,101.57832684312606,-135.13964735955182,-358.6777529663326,177.0600732153426,-1.139784126788661,24,calibration,2,dot,0.35,0,calibration
0.44329400001151953,28,289.0,206.0,20.0,True,99.35765367865956,-127.24605515080584,-355.9638763669678,182.4547032054863,5.487374430597702,24,calibration,2,dot,0.35,0,calibration
0.4601800000091316,29,267.0,187.0,20.0,True,98.28458946196808,-116.43618427065115,-352.95534109752657,188.20873303523584,8.880687806377779,24,calibration,2,dot,0.35,0,calibration
0.4773264000104973,30,224.0,159.0,20.0,True,97.94519337275982,-102.93922752213074,-348.82238430885167,195.76246883682225,10.058557427646464,24,calibration,2,dot,0.35,0,calibration
0.4933572000009008,31,187.0,134.0,20.0,True,97.92898212732307,-87.78714461917025,-343.55352560896523,204.86818943323055,10.237693749682341,24,calibration,2,dot,0.35,0,calibration
0.5104038999998011,32,142.0,112.0,20.0,True,98.42053421087435,-71.24544358283765,-337.3645212460263,214.90737494194903,11.233600155174532,24,calibration,2,dot,0.35,0,calibration
0.5268801000056555,33,80.0,87.0,20.0,True,99.83612794552074,-54.24599562087997,-331.168394786109,224.33790204687182,12.49101095076684,24,calibration,2,dot,0.35,0,calibration
0.5441579000034835,34,43.0,73.0,20.0,True,102.77316434829343,-37.47342855300205,-325.3482436046429,232.698346327115,14.304576931762728,24,calibration,2,dot,0.35,0,calibration
0.5605529000022216,35,-22.0,56.0,20.0,True,107.14970606217467,-22.66918832239004,-319.96594955304516,240.0453938875274,16.39173474004241,24,calibration,2,dot,0.35,0,calibration
0.576550199999474,36,-61.0,46.0,20.0,True,112.59284314423428,-10.552462033498205,-315.4222525891228,245.98537064549916,18.975218489903426,24,calibration,2,dot,0.35,0,calibration
0.5932436000002781,37,-101.0,35.0,20.0,True,118.23581598163625,-0.8248487269970735,-312.1175906635378,250.16516463806124,21.598323865135832,24,calibration,2,dot,0.35,0,calibration
0.6104277000122238,38,-146.0,27.0,20.0,True,123.91403680870404,6.632773113596992,-310.0268127266183,252.75160808701958,25.108995157014267,24,calibration,2,dot,0.35,0,calibration
0.6266910000122152,39,-173.0,24.0,20.0,True,129.50231341875465,12.437084905953224,-308.9222734953584,254.10043081124235,27.97720086330063,24,calibration,2,dot,0.35,0,calibration
0.6437160000059521,40,-195.0,25.0,20.0,True,135.3246796755474,17.014265032095224,-308.17021016100335,255.01200279461955,30.295328285557854,24,calibration,2,dot,0.35,0,calibration
0.6610389999987092,41,-224.0,29.0,20.0,True,141.56811765861767,20.936912336736665,-307.71690859756706,255.55880764152226,31.843065975871742,24,calibration,2,dot,0.35,0,calibration
0.6769387000094866,42,-243.0,32.0,19.235384061671343,True,149.0755220089218,24.871492131565944,-307.64507050403273,255.64528275438357,31.896965234080223,24,calibration,2,dot,0.35,0,calibration
0.693554800003767,43,-264.0,37.0,20.0,True,158.9647907926341,29.335162635800486,-307.8911105626935,255.34890647204907,33.98472771289694,24,calibration,2,dot,0.35,0,calibration
0.7104127000056906,44,-289.0,42.0,20.0,True,173.79394959893037,35.42378727432614,-308.7163761823917,254.35054369277853,35.10457012712466,24,calibration,2,dot,0.35,0,calibration
0.7268971000012243,45,-302.0,45.0,13.341664064126334,True,192.7941332511188,42.55978455397229,-310.0047573874835,252.77865890364933,23.95007099066195,24,calibration,2,dot,0.35,0,calibration
0.7435889000043971,46,-310.0,47.0,8.246211251235321,True,213.74258826696703,50.15808999683435,-311.6826160409904,250.7068943165396,14.994185924523288,24,calibration,2,dot,0.35,0,calibration
0.7601474000111921,47,-321.0,50.0,11.40175425099138,True,233.46843651596868,56.98392775999289,-313.63079145902714,248.26543587214115,20.815598047660586,24,calibration,2,dot,0.35,0,calibration
0.7769409000029555,48,-329.0,53.0,8.54400374531753,True,251.43205096315467,63.44788883634877,-315.98208861621634,245.26581431934943,14.91836752536925,24,calibration,2,dot,0.35,0,calibration
0.7936908999981824,49,-340.0,57.0,11.704699910719626,True,267.65394031688686,69.67154836408304,-318.928224804007,241.42242527024035,20.005356892383233,24,calibration,2,dot,0.35,0,calibration
0.8100196000013966,50,-347.0,61.0,8.06225774829855,True,281.3250792830777,75.59768919123285,-322.46677070097513,236.67526654402383,11.663800854400284,24,calibration,2,dot,0.35,0,calibration
0.8269551999983378,51,-351.0,64.0,5.0,True,291.80838412347487,80.70962108224903,-326.5175245597621,231.05476873539132,5.734975081852833,24,calibration,2,dot,0.35,0,calibration
0.8432919000042602,52,-356.0,68.0,6.4031242374328485,True,300.04953796259775,85.10853804205449,-330.6549044751161,225.0940562221754,6.412988293385287,24,calibration,2,dot,0.35,0,calibration
0.859911400009878,53,-357.0,71.0,3.1622776601683795,True,306.9946308144472,88.88626508984525,-334.81843217953593,218.85295856542015,-0.5034267434081442,24,calibration,2,dot,0.35,0,calibration
0.8769021000043722,54,-357.0,81.0,10.0,True,313.8605512356823,92.46759083967207,-340.15204884018215,210.4675359047717,-9.598989635362209,24,calibration,2,dot,0.35,0,calibration
0.8934430000081193,55,-336.0,119.0,20.0,True,320.58296687226994,96.1750633863785,-345.1065068128129,198.46709658071603,-36.796244926298606,24,calibration,2,dot,0.35,0,calibration
0.9100887000095099,56,-293.0,164.0,20.0,True,327.8040495982008,100.91908584682004,-343.84326340923343,183.9473732858063,-32.69533648349592,24,calibration,2,dot,0.35,0,calibration
0.9270270999986678,57,-237.0,214.0,20.0,True,335.6908129920332,107.17780156862813,-338.8997344461821,170.08283847552613,-27.502486745038624,24,calibration,2,dot,0.35,0,calibration
0.9431516000040574,58,-141.0,271.0,20.0,True,344.29016249079507,114.6737506325233,-331.93012280658235,156.93514319589184,-20.639872622906324,24,calibration,2,dot,0.35,0,calibration
0.9603477000055136,59,-60.0,305.0,20.0,True,353.61620513435247,123.1255179401082,-323.6905306468185,143.63259694966138,-15.732847830123792,24,calibration,2,dot,0.35,0,calibration
0.9772094000072684,60,45.0,341.0,20.0,True,363.10136376328364,132.11172105623578,-313.9979369351214,130.32658373830702,-12.298899883852012,24,calibration,2,dot,0.35,0,calibration
0.9935345999983838,61,114.0,359.0,20.0,True,372.62316766403467,141.6109829153817,-302.952585941651,117.57324147748469,-8.412602000735985,24,calibration,2,dot,0.35,0,calibration
1.0101685000117868,62,180.0,370.0,20.0,True,371.7106104955144,147.75392395822163,-290.9759129720162,106.0350749050541,-3.37344993683945,24,calibration,2,dot,0.35,0,calibration
1.0274124999996275,63,265.0,384.0,20.0,True,369.28941874485906,153.70531937146527,-278.06580578560846,95.66601810190703,-0.9010503436778872,24,calibration,2,dot,0.35,0,calibration
1.0432242000097176,64,315.0,392.0,20.0,True,366.51055568272085,160.21863990542164,-263.7224450382227,86.17313531861271,1.9360917629268526,24,calibration,2,dot,0.35,0,calibration
1.0602413000015076,65,353.0,398.0,20.0,True,363.3008501201561,167.36932903603304,-247.52382902509845,76.68094491742771,3.7981093845710467,24,calibration,2,dot,0.35,0,calibration
1.0769708000007086,66,414.0,405.0,20.0,True,359.53024647400935,175.32256520578886,-226.6026396075415,65.00750754467478,7.032433500059552,24,calibration,2,dot,0.35,0,calibration
1.093772500011255,67,446.0,408.0,20.0,True,355.27557981611767,183.79135558105398,-202.86739890860295,51.50348735870074,9.605075153492786,24,calibration,2,dot,0.35,0,calibration
1.1105660000030184,68,490.0,408.0,20.0,True,350.6839119518924,192.40788418907718,-178.58850344516887,36.82472438182647,14.168458933079897,24,calibration,2,dot,0.35,0,calibration
1.1268348000012338,69,510.0,408.0,20.0,True,346.1423920350451,200.46307499451646,-157.50414062572207,23.264194568161734,15.116162659566427,24,calibration,2,dot,0.35,0,calibration
1.1436730999994325,70,523.0,409.0,13.038404810405298,True,341.9780602633686,207.48736418997618,-139.03004407968243,11.101757216429792,8.533177890753562,24,calibration,2,dot,0.35,0,calibration
1.1602209999982733,71,540.0,411.0,17.11724276862369,True,338.2399198646997,213.52694586379857,-122.42203761539412,-0.179397551273361,10.993640806783706,24,calibration,2,dot,0.35,0,calibration
1.1770372000028146,72,548.0,411.0,8.0,True,334.6288367504366,219.14274255619242,-108.08811559624701,-10.364455819102304,7.396367420466278,24,calibration,2,dot,0.35,0,calibration
1.19340670001111,73,555.0,411.0,7.0,True,330.7673397008611,224.92880426307147,-95.51018386778645,-19.236473502246433,7.804663694861238,24,calibration,2,dot,0.35,0,calibration
1.210319600009825,74,566.0,411.0,11.0,True,326.4782371637058,231.11027813249473,-84.07252106076773,-27.50714360352015,14.00936248337514,24,calibration,2,dot,0.35,0,calibration
1.227037400007248,75,571.0,412.0,5.0990195135927845,True,321.7618778695307,237.63268704004764,-73.63486675148,-35.06184276973668,5.462017011637775,24,calibration,2,dot,0.35,0,calibration
1.2433595000038622,76,574.0,412.0,3.0,True,316.0745325430062,244.63125406232803,-64.40689265624545,-43.5823377336538,4.096108943928942,24,calibration,2,dot,0.35,0,calibration
1.2605211000045529,77,576.0,412.0,2.0,True,308.78374918343144,251.8288599126864,-55.021645417159775,-54.69607867946628,2.713665747600091,24,calibration,2,dot,0.35,0,calibration
1.2770652000035625,78,577.0,412.0,1.0,True,299.35606389249966,259.1113277771992,-45.36912402221428,-67.87252075010353,1.3823464165809967,24,calibration,2,dot,0.35,0,calibration
1.2937888000014937,79,569.0,408.0,8.94427190999916,True,286.00505994785357,266.9032475738284,-47.539933943565046,-84.02760824899276,0.13663595986012045,24,calibration,2,dot,0.35,0,calibration
1.3099619999993593,80,549.0,402.0,20.0,True,269.8830770111845,274.77874137521206,-52.40774982135848,-98.42383365911009,-3.109837792774157,24,calibration,2,dot,0.35,0,calibration
1.3268485000007786,81,506.0,385.0,20.0,True,251.65360895852842,282.5691971355031,-57.457525293397424,-110.73673827300156,-0.35258675951864715,24,calibration,2,dot,0.35,0,calibration
1.3436727000080282,82,466.0,370.0,20.0,True,233.69844003149302,288.68621594905085,-62.49679539781967,-120.33798336492157,-0.540580345911037,24,calibration,2,dot,0.35,0,calibration
1.3604680999997072,83,433.0,355.0,20.0,True,216.518370123965,292.7446918032538,-67.50755404326996,-127.33914411471645,1.5097647273440007,24,calibration,2,dot,0.35,0,calibration
1.3770648000063375,84,395.0,338.0,20.0,True,200.22211428066953,294.83468853149515,-73.17802081631322,-132.92820259398192,1.6663576997488194,24,calibration,2,dot,0.35,0,calibration
1.3933707000105642,85,341.0,316.0,20.0,True,185.02509400055212,295.70009342223375,-79.52773298722262,-137.79690653680893,1.2270576143735412,24,calibration,2,dot,0.35,0,calibration
1.410250000000815,86,307.0,301.0,20.0,True,170.27544418722695,295.64839790732555,-86.15837827629855,-141.95943912663054,1.4632972920181797,24,calibration,2,dot,0.35,0,calibration
1.4269118000083836,87,272.0,288.0,20.0,True,156.171612183512,294.51062383872113,-92.81438233898098,-144.9456097772123,0.7085889431666059,24,calibration,2,dot,0.35,0,calibration
1.4437074000015855,88,228.0,261.0,20.0,True,143.24974301854164,291.69559829246646,-99.40791988445514,-147.1959128544594,0.6290514184052576,24,calibration,2,dot,0.35,0,calibration
1.4601223000063328,89,195.0,243.0,20.0,True,131.69548303588314,287.17603095612844,-107.7329915004299,-149.09450814099688,-0.5924008195155483,24,calibration,2,dot,0.35,0,calibration
1.476969299998018,90,165.0,225.0,20.0,True,121.47806546399977,280.97829426254566,-117.87887766348256,-150.82352343655074,-1.3650016982448476,24,calibration,2,dot,0.35,0,calibration
1.4934103000123287,91,126.0,199.0,20.0,True,112.186204900659,273.78619813086533,-130.73743200903922,-152.2329097765203,-2.1993639097797457,24,calibration,2,dot,0.35,0,calibration
1.5100148000055924,92,96.0,177.0,20.0,True,103.21447961480303,264.35317610251013,-145.54848082257752,-152.8500172424468,-3.078549397839603,24,calibration,2,dot,0.35,0,calibration
1.5270253000053344,93,59.0,141.0,20.0,True,94.64006606634386,252.51780258167872,-161.67174263827033,-152.65008343594397,-5.543951950673129,24,calibration,2,dot,0.35,0,calibration
1.543613700006972,94,38.0,122.0,20.0,True,86.54779082940716,238.08786892586184,-177.4845765457077,-150.92857764951907,-5.666361146846848,24,calibration,2,dot,0.35,0,calibration
1.5601749000052223,95,19.0,102.0,20.0,True,79.74164303524326,222.9711444510326,-193.18247293505098,-147.5731343313461,-8.437167751257245,24,calibration,2,dot,0.35,0,calibration
1.5775571000122,96,-11.0,70.0,20.0,True,74.27651041201347,207.18159369289856,-209.13612410334963,-142.32856539889855,-9.82427184558257,24,calibration,2,dot,0.35,0,calibration
1.5932441000040853,97,-30.0,52.0,20.0,True,70.60301251331597,190.5933532939809,-225.9362790850672,-135.06238031181374,-8.702964510788902,24,calibration,2,dot,0.35,0,calibration
1.6103234000038356,98,-43.0,35.0,20.0,True,68.5837795188209,172.56416823941038,-243.06649858891836,-126.30240095944197,-13.557309838971214,24,calibration,2,dot,0.35,0,calibration
1.6266900000046007,99,-64.0,6.0,20.0,True,68.11171465859496,154.3704245498419,-258.8199300528546,-116.63463222454297,-14.972811365317614,24,calibration,2,dot,0.35,0,calibration
1.6443307000008645,100,-80.0,-18.0,20.0,True,69.51889903043549,136.0916976284609,-272.06869981982754,-106.0233970860153,-17.484153355318522,24,calibration,2,dot,0.35,0,calibration
1.659913100011181,101,-101.0,-49.0,20.0,True,73.47218455432323,117.87309114249224,-283.14267062686844,-92.87669212130129,-19.240977636790713,24,calibration,2,dot,0.35,0,calibration
1.6772230000060517,102,-109.0,-63.0,16.1245154965971,True,80.41043621786115,99.21678917993029,-290.9462411010174,-77.05557577570981,-19.350268088074095,24,calibration,2,dot,0.35,0,calibration
1.6938374000019394,103,-119.0,-77.0,17.204650534085253,True,89.0028763944822,81.4596515762758,-295.2711367311174,-59.58386214381881,-19.433415941768843,24,calibration,2,dot,0.35,0,calibration
1.710481800007983,104,-138.0,-110.0,20.0,True,98.9635673827391,64.79974570413823,-291.871776674947,-44.14223651289009,-28.827980354852546,24,calibration,2,dot,0.35,0,calibration
1.726703100008308,105,-148.0,-131.0,20.0,True,108.70292414534545,50.396533731480346,-282.65220577050013,-33.06542823827462,-29.521447716664213,24,calibration,2,dot,0.35,0,calibration
1.743384800007334,106,-157.0,-147.0,18.35755975068582,True,118.12942741857012,38.01577615846453,-272.0543582731508,-25.455856043578848,-23.92071733911754,24,calibration,2,dot,0.35,0,calibration
1.7602733000094304,107,-168.0,-168.0,20.0,True,126.7319599092147,27.733505233800898,-261.1715233567527,-21.061217689161964,-22.872114861198042,24,calibration,2,dot,0.35,0,calibration
1.776889900007518,108,-173.0,-176.0,9.433981132056603,True,135.1892345390751,18.177803832377855,-250.92273563332276,-19.381722107603768,-8.904809396006701,24,calibration,2,dot,0.35,0,calibration
1.793409600009909,109,-178.0,-183.0,8.602325267042627,True,144.67305849333803,8.39811106105557,-241.87701020417597,-19.512053531283364,-6.442992149243379,24,calibration,2,dot,0.35,0,calibration
1.8100462000002153,110,-183.0,-191.0,9.433981132056603,True,155.87575792778986,-1.7463210472569024,-233.8529814456494,-21.509518645505672,-4.582991474446989,24,calibration,2,dot,0.35,0,calibration
1.826832300008391,111,-184.0,-193.0,2.23606797749979,True,170.33553313512195,-12.361706720399182,-226.86746235673866,-24.093770367784682,-0.6214201372406473,24,calibration,2,dot,0.35,0,calibration
1.8432104000094114,112,-186.0,-195.0,2.8284271247461903,True,186.75240505930313,-23.305927209067924,-219.96987287312828,-26.72528377657879,-0.600981124043799,24,calibration,2,dot,0.35,0,calibration
1.8605100999993738,113,-186.0,-196.0,1.0,True,203.73165854827153,-34.30269798827875,-212.37245857057,-29.879196296992788,-0.16020091780666762,24,calibration,2,dot,0.35,0,calibration
1.8770889000006719,114,-187.0,-197.0,1.4142135623730951,True,219.6437777177215,-45.210010881741496,-204.36129109796036,-33.62607780578499,-0.2227326308093095,24,calibration,2,dot,0.35,0,calibration
1.893402400004561,115,-187.0,-197.0,0.0,False,234.9296063019012,-56.06444341770484,-195.1694067681039,-33.9940937363223,0.0,24,calibration,2,dot,0.35,0,calibration
1.9102350000030128,116,-182.0,-188.0,10.295630140987,True,250.51772711730487,-67.46810645980219,-186.9739642485399,-31.596707850157017,8.604200435552622,24,calibration,2,dot,0.35,0,calibration
1.9269951000023866,117,-157.0,-149.0,20.0,True,265.7438963500943,-79.08220579683879,-178.22356671074888,-28.58524496596804,17.315002830097207,24,calibration,2,dot,0.35,0,calibration
1.943718100010301,118,-34.0,-10.0,20.0,True,280.3684633224227,-90.39223052682509,-167.7505215909629,-25.261434026247514,15.842179743026177,24,calibration,2,dot,0.35,0,calibration
1.959875100001227,119,33.0,57.0,20.0,True,293.3526961438492,-100.85288892307227,-154.74800833908586,-21.427962835404045,15.423737521977865,24,calibration,2,dot,0.35,0,calibration
1.9766181000013603,120,108.0,118.0,20.0,True,305.19083101513377,-110.8676810582565,-139.33252627487178,-17.42073649070622,14.496681659519055,24,calibration,2,dot,0.35,0,calibration
1.9931412000005366,121,210.0,184.0,20.0,True,316.0367248621065,-121.17341293551472,-122.91163865083071,-13.874005341314675,14.018288166314301,24,calibration,2,dot,0.35,0,calibration
2.0099457000033,122,274.0,220.0,20.0,True,326.70313932759575,-131.9563986345662,-106.09029523693069,-10.71219157805839,13.654965984301505,24,calibration,2,dot,0.35,0,calibration
2.026454000006197,123,321.0,248.0,20.0,True,337.43563911343034,-143.17219237057756,-89.48671056511076,-7.57810550766734,14.298991856954311,24,calibration,2,dot,0.35,0,calibration
2.0435109000100056,124,396.0,288.0,20.0,True,347.45431251448366,-154.21125432555382,-70.05806069424258,-4.0149954633051355,14.164977560710978,24,calibration,2,dot,0.35,0,calibration
2.0597076999983983,125,437.0,308.0,20.0,True,355.45493958767355,-164.74144880453602,-47.65315057794916,-0.020377185616184512,15.342654406007266,24,calibration,2,dot,0.35,0,calibration
2.076759800009313,126,484.0,331.0,20.0,True,360.08096397426516,-174.18868902246203,-21.91958816762091,5.171965897929881,18.714226657370652,24,calibration,2,dot,0.35,0,calibration
2.093151699998998,127,534.0,357.0,20.0,True,357.24585653678184,-179.93164809810716,4.927546018758324,12.04126484753402,23.02256726382518,24,calibration,2,dot,0.35,0,calibration
2.109971099998802,128,569.0,372.0,20.0,True,354.23083137985486,-185.79698086873432,32.217519560266815,20.212452606339216,26.942234581254276,24,calibration,2,dot,0.35,0,calibration
2.126681900001131,129,598.0,389.0,20.0,True,351.05293380815647,-191.7337676693547,58.47287980184234,30.6100097508316,33.399860074625025,24,calibration,2,dot,0.35,0,calibration
2.143070100006298,130,639.0,411.0,20.0,True,347.46653091954073,-198.1590520030308,82.45883080052086,41.56935291034399,36.38265765160145,24,calibration,2,dot,0.35,0,calibration
2.1596393000072567,131,664.0,426.0,20.0,True,342.0167492745541,-204.34174160521547,103.64551656738816,52.88916268234302,39.03472247040504,24,calibration,2,dot,0.35,0,calibration
2.1763718000001973,132,690.0,447.0,20.0,True,334.48624295888027,-209.8569534068688,121.26656205985883,64.62273474548003,39.89315242176512,24,calibration,2,dot,0.35,0,calibration
2.1930412000074284,133,705.0,462.0,20.0,True,325.2914490182239,-214.2690316863535,135.4927871986933,75.89610118709977,38.73560561193254,24,calibration,2,dot,0.35,0,calibration
2.210116400005063,134,716.0,474.0,16.278820596099706,True,315.80365815307215,-217.26303099854815,147.07038365756645,87.07273224999031,30.3497868046541,24,calibration,2,dot,0.35,0,calibration
2.22642080001242,135,728.0,490.0,20.0,True,306.3665612216561,-218.9822535745288,157.0677787029757,99.19164481647064,34.65192774346797,24,calibration,2,dot,0.35,0,calibration
2.2431284000049345,136,732.0,498.0,8.94427190999916,True,296.7871715215906,-219.90893025638334,165.55949719475637,112.69785730826712,13.653392181672498,24,calibration,2,dot,0.35,0,calibration
2.2598824000015156,137,736.0,506.0,8.94427190999916,True,286.5539195726501,-220.2982568510847,173.2689620278893,127.1352130254397,13.242304444606326,24,calibration,2,dot,0.35,0,calibration
2.276752800011309,138,738.0,520.0,14.142135623730951,True,275.01758279604,-220.35217700198123,178.04403876587293,141.53694249188015,15.98345014108035,24,calibration,2,dot,0.35,0,calibration
2.29350460000569,139,737.0,529.0,9.055385138137417,True,261.76155652857966,-219.78252757258895,180.08425243863365,155.78867402550588,7.381985028844223,24,calibration,2,dot,0.35,0,calibration
2.3101763000013307,140,727.0,541.0,15.620499351813308,True,245.83941691836026,-217.84463013205092,178.61262485667444,168.65496895799654,1.6820666067783638,24,calibration,2,dot,0.35,0,calibration
2.3264543000113918,141,711.0,549.0,17.88854381999832,True,229.33403010165796,-214.33976717986852,174.95845873102868,180.43811139936344,-4.932520487996798,24,calibration,2,dot,0.35,0,calibration
2.343141800010926,142,684.0,557.0,20.0,True,214.4106432076521,-209.8781663401431,170.34533106084126,191.20032942028527,-7.222886592324733,24,calibration,2,dot,0.35,0,calibration
2.3597658000071533,143,636.0,561.0,20.0,True,203.0677626124458,-205.09538935654356,165.00505148389607,200.3702124813663,-7.544882007902622,24,calibration,2,dot,0.35,0,calibration
2.3764846999984,144,604.0,561.0,20.0,True,193.86944681236866,-199.91691082056315,159.2307634168092,207.63774019141098,-4.986298564200959,24,calibration,2,dot,0.35,0,calibration
2.393185500011896,145,572.0,560.0,20.0,True,184.83726934102154,-193.68519978470994,152.7081750553315,213.465408053694,-1.6084274918006347,24,calibration,2,dot,0.35,0,calibration
2.4102822999993805,146,526.0,554.0,20.0,True,174.60224311330427,-186.04383100645893,144.85372910182886,218.65771263218184,0.7733229040354139,24,calibration,2,dot,0.35,0,calibration
2.426874600001611,147,487.0,548.0,20.0,True,163.50333616965355,-177.2241662025833,135.3089586066472,223.94925195599214,2.2297048637364503,24,calibration,2,dot,0.35,0,calibration
2.443205500007025,148,430.0,532.0,20.0,True,152.20417846210412,-167.09237775890688,124.63564743023994,228.61021071871892,4.755577995860467,24,calibration,2,dot,0.35,0,calibration
2.4602206999988994,149,391.0,518.0,20.0,True,141.90411767757897,-156.51208625205257,113.3029502832293,232.35076112626146,7.46851594433402,24,calibration,2,dot,0.35,0,calibration
2.476844400007394,150,356.0,506.0,20.0,True,132.83497251340572,-145.01422984756138,99.52115274695151,235.37186088223518,10.467531863067931,24,calibration,2,dot,0.35,0,calibration
2.4935989000077825,151,312.0,490.0,20.0,True,125.04028891503003,-132.8524237468736,83.23619377362645,237.76702163827574,13.213418208181732,24,calibration,2,dot,0.35,0,calibration
2.5098454000108177,152,278.0,479.0,20.0,True,118.2417635182559,-118.48283268692464,65.6701482335517,239.4232727540714,15.793887478344924,24,calibration,2,dot,0.35,0,calibration
2.5264001000032295,153,248.0,466.0,20.0,True,112.56930758197247,-102.75475216119698,49.15476901744164,239.4088047471095,19.612647234345832,24,calibration,2,dot,0.35,0,calibration
2.5432925000059186,154,200.0,436.0,20.0,True,108.20919564252186,-86.24336315952058,34.47353401948651,237.71418829165813,23.98209314998804,24,calibration,2,dot,0.35,0,calibration
2.560061600001063,155,168.0,412.0,20.0,True,104.87341647293252,-69.9683014094332,20.673858616588955,235.11228152997631,26.48936547162995,24,calibration,2,dot,0.35,0,calibration
2.5772211000003153,156,140.0,387.0,20.0,True,102.00915624698857,-53.592024915658,8.140848142455567,231.92874000343792,28.28976134157344,24,calibration,2,dot,0.35,0,calibration
2.5938587999989977,157,95.0,351.0,20.0,True,99.7138965799968,-36.28545842910886,-3.77378672300555,228.43901662880958,28.831775522159845,24,calibration,2,dot,0.35,0,calibration
2.6104975000052946,158,70.0,321.0,20.0,True,98.1752914366705,-17.616238502457726,-14.16127301017998,223.81777172254544,32.20437229485615,24,calibration,2,dot,0.35,0,calibration
2.627219000001787,159,35.0,276.0,20.0,True,97.29904256761168,2.0233468421334635,-23.3955987973136,218.00980008241524,34.023044222178854,24,calibration,2,dot,0.35,0,calibration
2.6435793999989983,160,11.0,246.0,20.0,True,96.44809750736525,22.387273751162695,-31.57640888611976,210.780966536743,34.785799033852776,24,calibration,2,dot,0.35,0,calibration
2.6602838000108022,161,-5.0,212.0,20.0,True,95.27867827738875,42.50961029062075,-38.912547493121224,200.24380108273624,37.28910593734583,24,calibration,2,dot,0.35,0,calibration
2.6772732000099495,162,-26.0,174.0,20.0,True,93.93232698744387,62.16234189192586,-45.71181362263679,187.53913208400104,36.800914929060355,24,calibration,2,dot,0.35,0,calibration
2.693982500000857,163,-35.0,149.0,20.0,True,92.79698258177562,80.33425469314483,-50.88211459411238,173.31903202934595,38.358600560367506,24,calibration,2,dot,0.35,0,calibration
2.7102648000000045,164,-43.0,124.0,20.0,True,92.07610353203546,98.10595793382467,-54.31603524060936,159.5626159204915,38.743442428870544,24,calibration,2,dot,0.35,0,calibration
2.7269787000113865,165,-53.0,86.0,20.0,True,91.75909416307515,115.95188744913276,-56.35323195962528,146.52889714724995,39.143526367370995,24,calibration,2,dot,0.35,0,calibration
2.7434116000076756,166,-56.0,62.0,20.0,True,91.15849000133186,134.9154192777774,-57.282948433398936,134.06816949045535,39.732207339845964,24,calibration,2,dot,0.35,0,calibration
2.7601702000101795,167,-57.0,40.0,20.0,True,90.37363782590336,153.4396733464799,-56.722108940635444,122.55516851106424,39.834539493481245,24,calibration,2,dot,0.35,0,calibration
2.776631800006726,168,-57.0,7.0,20.0,True,88.83990611922711,171.26272405144317,-54.094927281414975,110.13131602909033,39.49365119107438,24,calibration,2,dot,0.35,0,calibration
2.79335120000178,169,-54.0,-8.0,15.297058540778355,True,86.52581959748504,187.20538861419567,-48.42747987852452,96.44563087544921,30.2818674047004,24,calibration,2,dot,0.35,0,calibration
2.8101393000106327,170,-51.0,-23.0,15.297058540778355,True,82.6908541931315,202.0675829257346,-40.50331748338775,80.93028235868903,29.996924069091715,24,calibration,2,dot,0.35,0,calibration
2.8265786999982083,171,-41.0,-47.0,20.0,True,77.12060915580246,215.9904350867639,-30.159678684032627,65.06952671341674,39.66367260080263,24,calibration,2,dot,0.35,0,calibration
2.8434611999982735,172,-33.0,-63.0,17.88854381999832,True,70.13036919136337,229.09091354876037,-18.228524276321902,48.992533612852256,35.49822157733554,24,calibration,2,dot,0.35,0,calibration
2.8604644000006374,173,-16.0,-79.0,20.0,True,61.908548940565765,241.04210355914935,-4.228546901559289,34.029668865188114,39.50726012508983,24,calibration,2,dot,0.35,0,calibration
2.8768944000039482,174,-4.0,-87.0,14.422205101855956,True,53.01341706870931,251.8466984293302,12.451386424702365,19.08044427950204,28.07883867852624,24,calibration,2,dot,0.35,0,calibration
2.893263800011482,175,8.0,-94.0,13.892443989449804,True,43.54814809993739,261.81508983863097,30.834807720628483,4.075234099832256,27.061714582852954,24,calibration,2,dot,0.35,0,calibration
2.9100426000077277,176,28.0,-104.0,20.0,True,32.481646022904755,271.40383100426226,50.60924060250444,-10.640705555597942,39.06722507485646,24,calibration,2,dot,0.35,0,calibration
2.926469400001224,177,45.0,-108.0,17.46424919657298,True,20.47903322465339,279.602851368165,70.14679491585878,-22.595713847487474,32.882171032165,24,calibration,2,dot,0.35,0,calibration
2.9436499000003096,178,66.0,-108.0,20.0,True,7.501593196553717,286.2060218320394,88.78972185008864,-31.48351891252272,35.87858678716571,24,calibration,2,dot,0.35,0,calibration
2.959832600012305,179,109.0,-99.0,20.0,True,-5.183737189802185,290.3125973547504,105.641550379855,-37.933833936141106,34.179943249823445,24,calibration,2,dot,0.35,0,calibration
2.9767482000024756,180,152.0,-81.0,20.0,True,-17.830853584028397,292.96707093590464,120.50294485190206,-42.68697500608146,31.6884379861248,24,calibration,2,dot,0.35,0,calibration
2.993573900006595,181,214.0,-38.0,20.0,True,-30.096031523667797,294.4255974443279,134.56267695779513,-46.26164928535328,28.092381367106597,24,calibration,2,dot,0.35,0,calibration
0.0019274000078439713,1,88.0,93.0,20.0,True,294.7186381548742,5.3749618039243705,-289.7356402104784,0.08038557518611884,-13.131719864925113,25,calibration,2,square,0.39999999999999997,0,calibration
0.012968800001544878,2,88.0,93.0,0.0,False,277.98354348805,8.023008989661175,-267.8324286221078,0.23571887782517825,0.0,25,calibration,2,square,0.39999999999999997,0,calibration
0.029184700004407205,3,143.0,137.0,20.0,True,264.9023076713823,21.83449371518811,-245.96622648500195,0.3155252040136328,-17.331125846787128,25,calibration,2,square,0.39999999999999997,0,calibration
0.046145300002535805,4,203.0,173.0,20.0,True,253.83742875016154,37.841575545193166,-226.25234179060726,0.08509682851333683,-18.315712091076744,25,calibration,2,square,0.39999999999999997,0,calibration
0.06281110001145862,5,274.0,208.0,20.0,True,245.105266686878,53.059645098322534,-209.21251599585736,-1.1010193157218673,-18.53930449415031,25,calibration,2,square,0.39999999999999997,0,calibration
0.07953350000025239,6,368.0,247.0,20.0,True,238.71265718897624,66.15560059227928,-194.72218681894526,-3.8448413985199092,-17.940550748744243,25,calibration,2,square,0.39999999999999997,0,calibration
0.09666060000017751,7,415.0,264.0,20.0,True,234.25104344165038,78.12503341261836,-182.14942605545343,-8.256665349446777,-15.68889594444552,25,calibration,2,square,0.39999999999999997,0,calibration
0.112786400000914,8,481.0,288.0,20.0,True,231.34354834171964,89.77110492774688,-170.89194402895947,-13.828115610437383,-11.735420899451716,25,calibration,2,square,0.39999999999999997,0,calibration
0.1292771000007633,9,512.0,301.0,20.0,True,230.12622922474736,105.29532107902905,-160.4870840425941,-20.09623256034017,-5.53839257356104,25,calibration,2,square,0.39999999999999997,0,calibration
0.14600620001147036,10,541.0,313.0,20.0,True,230.30580666701735,124.84292876693144,-150.37128049213655,-26.929790871159412,-3.21650970807943,25,calibration,2,square,0.39999999999999997,0,calibration
0.16252330000861548,11,573.0,325.0,20.0,True,231.40676194025826,147.5365158780206,-139.56442886746166,-34.64028848427034,-3.243900360862335,25,calibration,2,square,0.39999999999999997,0,calibration
0.1794823000091128,12,590.0,329.0,17.46424919657298,True,233.17508127441852,169.06753081097602,-126.16186248712692,-43.93513208782747,-6.31178786763512,25,calibration,2,square,0.39999999999999997,0,calibration
0.19645560000208206,13,602.0,333.0,12.649110640673518,True,234.66089688778024,189.15524827748177,-110.58968078521681,-54.39124493326187,-2.8584119950901097,25,calibration,2,square,0.39999999999999997,0,calibration
0.2128291000117315,14,615.0,334.0,13.038404810405298,True,237.82655106879477,207.90018888445857,-93.30338129275191,-64.76043842038604,-7.482912321602908,25,calibration,2,square,0.39999999999999997,0,calibration
0.22928020000108518,15,622.0,335.0,7.0710678118654755,True,242.88125603793256,226.41494492754595,-76.27998418286897,-73.94674331863132,-2.8771090187446946,25,calibration,2,square,0.39999999999999997,0,calibration
0.2458803000045009,16,626.0,335.0,4.0,True,251.01109967233117,244.68845918559694,-59.69680397789109,-81.17130122947889,-2.0411715632503604,25,calibration,2,square,0.39999999999999997,0,calibration
0.2625860000116518,17,629.0,335.0,3.0,True,261.1078312603882,262.716092355375,-43.95205312584174,-86.87280345104078,-1.354801676750591,25,calibration,2,square,0.39999999999999997,0,calibration
0.2792394999996759,18,630.0,334.0,1.4142135623730951,True,272.83080343395153,277.9456359826647,-29.076704107425087,-90.9957855868827,-1.413222165983361,25,calibration,2,square,0.39999999999999997,0,calibration
0.29609240000718273,19,630.0,333.0,1.0,True,273.1108485751167,292.2506875793104,-14.972100741093792,-94.09374705010941,-1.2078385570510384,25,calibration,2,square,0.39999999999999997,0,calibration
0.3136586000036914,20,625.0,328.0,7.0710678118654755,True,263.5906620391096,300.8653567391632,-1.2305493550549826,-96.29936267653281,2.603116204211446,25,calibration,2,square,0.39999999999999997,0,calibration
0.3296537999995053,21,600.0,313.0,20.0,True,252.36185275378864,310.3441561793538,12.277459462895678,-97.64685866693209,19.78510444600698,25,calibration,2,square,0.39999999999999997,0,calibration
0.345795300003374,22,573.0,300.0,20.0,True,239.75536043136668,320.1833336456247,25.682433507018487,-98.4092207169482,23.411314994454166,25,calibration,2,square,0.39999999999999997,0,calibration
0.3627122000034433,23,533.0,284.0,20.0,True,226.43693269793872,329.73673667086166,40.715593722190434,-98.7341951251291,25.254847340855036,25,calibration,2,square,0.39999999999999997,0,calibration
0.3794737999996869,24,493.0,268.0,20.0,True,214.71308372370981,337.48820968717587,57.52963051133801,-98.7717495315544,24.7597519552654,25,calibration,2,square,0.39999999999999997,0,calibration
0.3958810000040103,25,421.0,244.0,20.0,True,204.86217360415796,343.5571129029056,76.70205135194104,-98.41839154822338,25.373865944289502,25,calibration,2,square,0.39999999999999997,0,calibration
0.412725500005763,26,377.0,225.0,20.0,True,196.60036631597234,348.35082311432177,95.554047092924,-97.87015115064926,21.668046921145997,25,calibration,2,square,0.39999999999999997,0,calibration
0.4293227000016486,27,324.0,203.0,20.0,True,189.55493918437588,352.23419060450044,113.2743765743564,-96.97864076880516,19.99528938211032,25,calibration,2,square,0.39999999999999997,0,calibration
0.44613770001160447,28,243.0,161.0,20.0,True,183.84545311869581,355.24758882725916,128.9896605768403,-95.5607089663173,14.442800032952178,25,calibration,2,square,0.39999999999999997,0,calibration
0.462473300009151,29,193.0,129.0,20.0,True,179.78530426366152,357.3195269934497,143.3301215057788,-92.82348018649746,8.551868879157647,25,calibration,2,square,0.39999999999999997,0,calibration
0.4795912999979919,30,144.0,89.0,20.0,True,181.55196548091456,356.42514477799796,156.61570205492836,-88.95840669572469,-1.206427625334352,25,calibration,2,square,0.39999999999999997,0,calibration
0.49610910000046715,31,106.0,53.0,20.0,True,188.4592437306887,352.8216453853943,169.59296835948834,-83.68720765661038,3.0823669557423194,25,calibration,2,square,0.39999999999999997,0,calibration
0.5127853000012692,32,80.0,28.0,20.0,True,196.4836553155401,348.416666067862,182.5623196306823,-77.28250782280955,10.230996632566544,25,calibration,2,square,0.39999999999999997,0,calibration
0.5298154000047361,33,53.0,-7.0,20.0,True,203.19494282813884,343.68618542254006,195.28545110692696,-70.00154664202276,17.606320652882566,25,calibration,2,square,0.39999999999999997,0,calibration
0.546404300010181,34,37.0,-34.0,20.0,True,207.72952774197398,338.657768226819,207.25900252627378,-62.581435299740974,23.679449535101924,25,calibration,2,square,0.39999999999999997,0,calibration
0.5622914999985369,35,27.0,-65.0,20.0,True,211.2457995505323,333.0057453111935,218.0471747288155,-55.05831348835287,28.842323357605686,25,calibration,2,square,0.39999999999999997,0,calibration
0.5796708999987459,36,16.0,-105.0,20.0,True,214.13505509813422,325.6879056531416,228.14804279152418,-47.049195557395606,32.125837478698784,25,calibration,2,square,0.39999999999999997,0,calibration
0.5960955000045942,37,13.0,-133.0,20.0,True,217.51173726994753,315.8377104184527,237.4269730750626,-38.95562284265887,32.798114772913706,25,calibration,2,square,0.39999999999999997,0,calibration
0.6127471000072546,38,13.0,-157.0,20.0,True,221.99495116363335,303.0682138462498,245.5994194732613,-31.200884423505556,32.63726691560366,25,calibration,2,square,0.39999999999999997,0,calibration
0.6291082000097958,39,18.0,-190.0,20.0,True,227.74688427861074,288.7190016698591,252.3426736333342,-24.60439462209147,31.15547948909463,25,calibration,2,square,0.39999999999999997,0,calibration
0.6461793000053149,40,20.0,-207.0,17.11724276862369,True,233.25104714573993,274.55117427331675,258.0260612361194,-18.621223159743113,27.518647230305948,25,calibration,2,square,0.39999999999999997,0,calibration
0.6626752000011038,41,29.0,-237.0,20.0,True,238.52374227014397,262.29268334225725,262.7874848161998,-13.33338025350452,30.258674322663932,25,calibration,2,square,0.39999999999999997,0,calibration
0.679403000001912,42,36.0,-252.0,16.55294535724685,True,243.80280968655424,251.6059150734826,266.85257031908355,-8.209403420245554,23.94936843022181,25,calibration,2,square,0.39999999999999997,0,calibration
0.6957631000113906,43,45.0,-265.0,15.811388300841896,True,249.63007914208103,242.0328466319198,270.16012648823323,-3.214696102770769,21.653865501271962,25,calibration,2,square,0.39999999999999997,0,calibration
0.7130158000072697,44,62.0,-288.0,20.0,True,255.80200549546115,232.8079576444595,273.01196901465966,1.8960159552774307,28.23018343070899,25,calibration,2,square,0.39999999999999997,0,calibration
0.7294541000010213,45,75.0,-301.0,18.384776310850235,True,262.54361790256957,223.69781533022424,275.49056374180367,7.079579486745902,24.3031111964158,25,calibration,2,square,0.39999999999999997,0,calibration
0.7464984000107506,46,89.0,-311.0,17.204650534085253,True,269.4282197403806,215.00149555955235,277.6201397851868,11.943826298463101,20.076150184117676,25,calibration,2,square,0.39999999999999997,0,calibration
0.7629636000056053,47,112.0,-321.0,20.0,True,276.58024928707306,206.9216445607699,279.408250549305,16.276084612885395,18.501699434433597,25,calibration,2,square,0.39999999999999997,0,calibration
0.7794039000000339,48,123.0,-324.0,11.40175425099138,True,284.04169607241676,199.3846525169907,280.6817220193986,20.513733773324226,9.578158391418722,25,calibration,2,square,0.39999999999999997,0,calibration
0.7960959000047296,49,138.0,-326.0,15.132745950421556,True,292.6141708539559,191.66292128219314,280.9056988761695,25.000035617602006,13.733333487764098,25,calibration,2,square,0.39999999999999997,0,calibration
0.8128301000106148,50,162.0,-326.0,20.0,True,302.3125488474036,183.66593113226375,279.3590520021716,29.805351427916193,21.558379376703005,25,calibration,2,square,0.39999999999999997,0,calibration
0.8290878000116209,51,178.0,-326.0,16.0,True,312.22127663089134,175.4301714037577,276.121681128026,34.59308688253554,21.26697624976548,25,calibration,2,square,0.39999999999999997,0,calibration
0.8461106000031577,52,206.0,-321.0,20.0,True,322.5692983470292,167.59082874451045,271.3758263183683,39.173189814754025,25.296223342013345,25,calibration,2,square,0.39999999999999997,0,calibration
0.8626406000112183,53,231.0,-310.0,20.0,True,333.51699556096764,160.41416769057062,265.56739132589695,43.64032548455069,20.494584608587374,25,calibration,2,square,0.39999999999999997,0,calibration
0.8791897000046447,54,261.0,-293.0,20.0,True,344.65195315643103,153.54920273519954,257.5238076169026,48.323311960302604,19.713473215367564,25,calibration,2,square,0.39999999999999997,0,calibration
0.8954090000042925,55,307.0,-263.0,20.0,True,355.7135474858076,147.05454930746203,247.27147863174056,53.48418878599173,18.965500823655365,25,calibration,2,square,0.39999999999999997,0,calibration
0.9125007999973604,56,341.0,-245.0,20.0,True,366.67425833315286,140.5225981863607,235.08263840911238,58.71716339858332,22.94390840993106,25,calibration,2,square,0.39999999999999997,0,calibration
0.9292482000018936,57,364.0,-232.0,20.0,True,377.12654727702414,133.32504392990276,222.33459387350175,63.25381007289107,23.54479379924421,25,calibration,2,square,0.39999999999999997,0,calibration
0.9456343000056222,58,386.0,-224.0,20.0,True,380.486996175752,123.40845084982347,209.8536236252388,66.52426779032885,29.151812329654028,25,calibration,2,square,0.39999999999999997,0,calibration
0.962353399998392,59,396.0,-222.0,10.198039027185569,True,383.64554944763466,113.20818163464374,197.7343208860719,68.5323513151565,16.853330091686125,25,calibration,2,square,0.39999999999999997,0,calibration
0.9791846000007354,60,405.0,-222.0,9.0,True,386.34136374878574,103.63566305441593,184.91707833106287,69.14441668987186,16.23467840643801,25,calibration,2,square,0.39999999999999997,0,calibration
0.9961295000102837,61,419.0,-222.0,14.0,True,388.5378706125752,95.07009571808447,171.86628450085007,68.28669270435051,25.278898188904122,25,calibration,2,square,0.39999999999999997,0,calibration
1.012696000005235,62,426.0,-222.0,7.0,True,390.3339195328374,87.4038400880214,159.61405500211487,66.01577644462229,12.693028546777505,25,calibration,2,square,0.39999999999999997,0,calibration
1.0294576000014786,63,431.0,-222.0,5.0,True,391.8566027718309,80.30194807175913,149.573707966418,62.45577646728535,9.024162373297775,25,calibration,2,square,0.39999999999999997,0,calibration
1.0459401000116486,64,431.0,-222.0,0.0,False,393.4896981563073,71.87389960798124,140.78181295676188,57.58317450787352,0.0,25,calibration,2,square,0.39999999999999997,0,calibration
1.0626059000060195,65,431.0,-222.0,0.0,False,394.84440442388893,64.014813091537,132.1704700907231,51.11289939824934,0.0,25,calibration,2,square,0.39999999999999997,0,calibration
1.0796840000111843,66,431.0,-222.0,0.0,False,395.93172909091794,56.90400600200254,123.13195838898575,42.27509505243834,0.0,25,calibration,2,square,0.39999999999999997,0,calibration
1.0960484000097495,67,431.0,-222.0,0.0,False,396.8896844073052,49.78532324962506,113.14333578097639,30.402847081204957,0.0,25,calibration,2,square,0.39999999999999997,0,calibration
1.1127751000021817,68,431.0,-222.0,0.0,False,397.7278531603769,42.57410974333615,100.99354667612786,13.60255135417258,0.0,25,calibration,2,square,0.39999999999999997,0,calibration
1.1294467000116128,69,431.0,-222.0,0.0,False,398.537175024835,34.17777235608064,88.33633698346851,-5.256678711904325,0.0,25,calibration,2,square,0.39999999999999997,0,calibration
1.1463503999984823,70,431.0,-222.0,0.0,False,399.1896451057633,25.448521378161562,74.93661440028038,-25.78152106728049,0.0,25,calibration,2,square,0.39999999999999997,0,calibration
1.162832800007891,71,431.0,-222.0,0.0,False,399.66494026599764,16.36873612031577,62.481271787044186,-46.02453068316129,0.0,25,calibration,2,square,0.39999999999999997,0,calibration
1.1793039000040153,72,431.0,-222.0,0.0,False,399.91354631318444,8.315977105095836,49.19225526644956,-70.21111581157608,0.0,25,calibration,2,square,0.39999999999999997,0,calibration
1.1965606000012485,73,431.0,-222.0,0.0,False,399.9984655522946,1.1079511766229666,36.34458941921487,-96.58639576364926,0.0,25,calibration,2,square,0.39999999999999997,0,calibration
1.2125468000012916,74,431.0,-222.0,0.0,False,399.9677315676199,-5.080718910972367,23.622391266697083,-124.15285610657637,0.0,25,calibration,2,square,0.39999999999999997,0,calibration
1.2292097000026843,75,431.0,-222.0,0.0,False,399.88433347670923,-9.6187234021966,10.762673449992276,-150.3771173607826,0.0,25,calibration,2,square,0.39999999999999997,0,calibration
1.246339999997872,76,431.0,-222.0,0.0,False,399.8137697030103,-12.204489168672637,-1.9180143969263614,-176.30668353627095,0.0,25,calibration,2,square,0.39999999999999997,0,calibration
1.2624379000044428,77,415.0,-245.0,20.0,True,399.33131636825686,-23.119251017174555,-14.578425558542566,-202.9584669258326,-18.657035818134425,25,calibration,2,square,0.39999999999999997,0,calibration
1.2795206000009784,78,363.0,-309.0,20.0,True,398.465172864641,-35.007228024391914,-26.7133195936891,-230.11591461321785,-18.396548759515746,25,calibration,2,square,0.39999999999999997,0,calibration
1.2969461000029696,79,296.0,-373.0,20.0,True,397.3892690062724,-45.62640549791807,-38.99967945011372,-256.6227607136903,-19.925301995744636,25,calibration,2,square,0.39999999999999997,0,calibration
1.3129936000041198,80,211.0,-443.0,20.0,True,396.3213941336797,-54.12349353041153,-51.05486700880199,-281.15568829819773,-21.748622678431673,25,calibration,2,square,0.39999999999999997,0,calibration
1.329179300009855,81,149.0,-487.0,20.0,True,395.3466775795522,-60.835881902127184,-62.62104249795352,-303.15562784226614,-25.289246928577032,25,calibration,2,square,0.39999999999999997,0,calibration
1.3465088000084506,82,69.0,-547.0,20.0,True,394.64515246345536,-65.23192191784699,-72.88064931482447,-323.02243651447986,-27.96641951804428,25,calibration,2,square,0.39999999999999997,0,calibration
1.3627793000050588,83,16.0,-581.0,20.0,True,394.69645414928846,-64.92079082989214,-81.48989628650494,-341.71770002085816,-31.912622208489285,25,calibration,2,square,0.39999999999999997,0,calibration
1.3792286000098102,84,-24.0,-599.0,20.0,True,395.9365843266307,-56.87021357231598,-88.58037575380573,-361.9377048622374,-33.608907797902724,25,calibration,2,square,0.39999999999999997,0,calibration
1.3962291000061668,85,-90.0,-599.0,20.0,True,397.8716259538844,-41.2088493022107,-94.51197740999565,-383.0783255994757,-16.574315859138075,25,calibration,2,square,0.39999999999999997,0,calibration
1.4131534000043757,86,-121.0,-599.0,20.0,True,399.1884994131582,-25.466486531734677,-95.84957664824532,-388.34631278840817,-12.684095353904004,25,calibration,2,square,0.39999999999999997,0,calibration
1.4294217999995453,87,-170.0,-599.0,20.0,True,399.8604071222127,-10.566684250905297,-95.60765441701857,-388.40594281869056,-9.500500876331891,25,calibration,2,square,0.39999999999999997,0,calibration
1.4459408999973675,88,-194.0,-598.0,20.0,True,399.9690144057153,4.978706189435892,-95.83917283675638,-388.34888045411736,-4.863870370429787,25,calibration,2,square,0.39999999999999997,0,calibration
1.4628458000079263,89,-217.0,-592.0,20.0,True,398.7719597633633,22.895930852506083,-97.19615904718606,-388.01147749322325,4.561593542720653,25,calibration,2,square,0.39999999999999997,0,calibration
1.479107400009525,90,-239.0,-580.0,20.0,True,396.65924204319776,43.34099805682968,-100.16465128594335,-387.25578450523545,11.515438248570435,25,calibration,2,square,0.39999999999999997,0,calibration
1.4959844000113662,91,-266.0,-560.0,20.0,True,394.4341271408229,63.77271615352263,-104.50974892933561,-386.1058305422585,13.385573507071946,25,calibration,2,square,0.39999999999999997,0,calibration
1.5125004000001354,92,-279.0,-550.0,16.401219466856727,True,391.1306789901264,83.7662936551611,-110.02529502522529,-384.57045447435524,8.493082512035564,25,calibration,2,square,0.39999999999999997,0,calibration
1.5294150999980047,93,-291.0,-534.0,20.0,True,386.67839902384134,102.37097112149966,-116.53724075370815,-382.64745068732947,14.107969351193928,25,calibration,2,square,0.39999999999999997,0,calibration
1.545990200000233,94,-300.0,-517.0,19.235384061671343,True,381.3491349423567,120.71800726783138,-123.60329081735637,-380.42374597167304,13.639661676246844,25,calibration,2,square,0.39999999999999997,0,calibration
1.5628498000005493,95,-306.0,-490.0,20.0,True,375.57923642496604,137.6235342026918,-130.68160283771698,-378.0506826865483,17.750593646484568,25,calibration,2,square,0.39999999999999997,0,calibration
1.5793414000072517,96,-303.0,-419.0,20.0,True,369.43097590426373,153.36477445105618,-138.95197955596635,-375.0897857546621,20.97518811874165,25,calibration,2,square,0.39999999999999997,0,calibration
1.595734700007597,97,-291.0,-359.0,20.0,True,363.0728149698894,167.86342969759806,-147.9994468449395,-371.61292191417664,22.75690137570262,25,calibration,2,square,0.39999999999999997,0,calibration
1.612493300010101,98,-271.0,-312.0,20.0,True,356.9904044191726,180.43794266349744,-157.7787179841574,-367.5675123719121,24.94547342115649,25,calibration,2,square,0.39999999999999997,0,calibration
1.6291044000099646,99,-228.0,-243.0,20.0,True,351.21307579191443,191.44026586061497,-166.43111835609412,-363.73160825358553,26.211121439655475,25,calibration,2,square,0.39999999999999997,0,calibration
1.6457064999995055,100,-192.0,-209.0,20.0,True,345.7943287516596,201.0628812167705,-174.72162856483607,-359.8226681459236,27.831494181495255,25,calibration,2,square,0.39999999999999997,0,calibration
1.6626135999977123,101,-140.0,-165.0,20.0,True,339.8290313960843,210.98869500615226,-182.94214219897827,-355.71361037729326,26.00631014697622,25,calibration,2,square,0.39999999999999997,0,calibration
1.6790596000064397,102,-50.0,-105.0,20.0,True,333.4145213230411,220.98587504844605,-192.08071140755592,-350.8632216479339,23.510939895680355,25,calibration,2,square,0.39999999999999997,0,calibration
1.6959046999982093,103,24.0,-66.0,20.0,True,326.93160273406926,230.46849488321115,-202.0028905563987,-343.7859586574882,20.19892182768232,25,calibration,2,square,0.39999999999999997,0,calibration
1.7131847999989986,104,113.0,-23.0,20.0,True,320.62412844525863,239.16556662429122,-213.31098474263948,-333.8959762327513,17.307228517818395,25,calibration,2,square,0.39999999999999997,0,calibration
1.7295542000065325,105,164.0,-5.0,20.0,True,314.07813790472153,247.6992597693879,-226.3002588433639,-320.52154154946237,15.117925000221103,25,calibration,2,square,0.39999999999999997,0,calibration
1.746538999999757,106,211.0,4.0,20.0,True,306.2902275891912,257.2669751121614,-240.29280019358265,-304.11030586577414,11.362973248117124,25,calibration,2,square,0.39999999999999997,0,calibration
1.7628469000046607,107,271.0,7.0,20.0,True,296.1044882065884,268.9277450615952,-254.71945593700943,-284.25296927478433,5.3461444593748775,25,calibration,2,square,0.39999999999999997,0,calibration
1.779435000004014,108,305.0,5.0,20.0,True,283.80423376427865,281.8779113330285,-267.2948738740554,-263.6788311751104,-2.2665046414725776,25,calibration,2,square,0.39999999999999997,0,calibration
1.7960075000009965,109,340.0,-3.0,20.0,True,267.5689045270121,287.28520252319095,-277.4166642168982,-243.39076018203673,-7.21453732792561,25,calibration,2,square,0.39999999999999997,0,calibration
1.813390299997991,110,376.0,-19.0,20.0,True,252.83832458554528,283.635759015517,-284.7378548870606,-224.45181247265091,-1.620430730513549,25,calibration,2,square,0.39999999999999997,0,calibration
1.8292731000110507,111,392.0,-31.0,20.0,True,241.74514415331626,276.00956901880505,-291.0417343671354,-204.56635055494309,9.887240406796113,25,calibration,2,square,0.39999999999999997,0,calibration
1.8456333000067389,112,404.0,-40.0,15.0,True,232.71418735847,266.6993491710887,-297.06995084432265,-182.30954370133858,9.92914516121649,25,calibration,2,square,0.39999999999999997,0,calibration
1.862732000008691,113,421.0,-59.0,20.0,True,224.46688294932,255.15978543782154,-303.193396802374,-157.67314285812347,22.05341144112981,25,calibration,2,square,0.39999999999999997,0,calibration
1.8792298000043957,114,428.0,-72.0,14.7648230602334,True,215.72267256145213,241.33721464285154,-309.2128830359566,-131.36706241869695,21.477865552671865,25,calibration,2,square,0.39999999999999997,0,calibration
1.8963560999982292,115,434.0,-90.0,18.973665961010276,True,206.15923076875038,225.80754523066332,-314.7294444845556,-104.66049447891918,31.02230436625879,25,calibration,2,square,0.39999999999999997,0,calibration
1.9123206000076607,116,438.0,-121.0,20.0,True,196.10498998296197,210.27076660562588,-319.0106965618226,-79.07996242970597,35.248262022893144,25,calibration,2,square,0.39999999999999997,0,calibration
1.929398400010541,117,438.0,-141.0,20.0,True,185.77952731823564,193.96081210955262,-322.12083617236743,-55.903107736789295,36.72065874997756,25,calibration,2,square,0.39999999999999997,0,calibration
1.9458754000079352,118,436.0,-181.0,20.0,True,176.19660985050191,177.34551997319005,-324.8489679313545,-35.111063346946125,37.477716567617456,25,calibration,2,square,0.39999999999999997,0,calibration
1.9626984000060475,119,431.0,-212.0,20.0,True,166.98037778700882,160.272004498579,-328.15150264123986,-15.550223383425685,37.82690545129979,25,calibration,2,square,0.39999999999999997,0,calibration
1.9793981000111671,120,425.0,-238.0,20.0,True,158.22011084294834,143.23695424911682,-333.64083918976286,5.783611405732248,37.1396258805086,25,calibration,2,square,0.39999999999999997,0,calibration
1.995991600007983,121,414.0,-285.0,20.0,True,149.50320718041345,125.38413570375852,-341.17087028870435,28.003145309687238,36.47955064739372,25,calibration,2,square,0.39999999999999997,0,calibration
2.012191800007713,122,401.0,-315.0,20.0,True,139.68083961099524,106.69186660149806,-350.10928813453677,49.7075423432553,33.884256848310045,25,calibration,2,square,0.39999999999999997,0,calibration
2.0290726000093855,123,385.0,-352.0,20.0,True,129.8926209307116,87.02872094528449,-358.3622274540338,67.8174167008711,33.38363384187715,25,calibration,2,square,0.39999999999999997,0,calibration
2.046178400007193,124,358.0,-406.0,20.0,True,120.20771447669256,66.91253620947063,-365.17358859146026,82.49348819989808,32.458518492953594,25,calibration,2,square,0.39999999999999997,0,calibration
2.0623060000070836,125,324.0,-462.0,20.0,True,110.04779945812254,46.78270347998595,-371.0644328764452,94.56660679371406,30.751584068167077,25,calibration,2,square,0.39999999999999997,0,calibration
2.07924649999768,126,278.0,-521.0,20.0,True,99.14696154646576,27.76249863053085,-376.90116806362454,104.92157044232678,27.50109637260081,25,calibration,2,square,0.39999999999999997,0,calibration
2.096027100007632,127,214.0,-596.0,20.0,True,87.67842941417027,10.16319139030941,-383.41980090684183,113.97041841003208,24.528792378430026,25,calibration,2,square,0.39999999999999997,0,calibration
2.112775400004466,128,169.0,-599.0,20.0,True,73.73385600250309,-1.6557701570127819,-381.82221601513487,119.21323482437552,3.81450343861373,25,calibration,2,square,0.39999999999999997,0,calibration
2.1292210000101477,129,109.0,-599.0,20.0,True,59.171719412018035,-10.61135609972334,-380.41268918032125,123.63731601177824,2.6883719886945356,25,calibration,2,square,0.39999999999999997,0,calibration
2.145377599998028,130,67.0,-599.0,20.0,True,45.09830540912218,-17.481009691922058,-379.2755337322974,127.08292376271861,2.641862082913875,25,calibration,2,square,0.39999999999999997,0,calibration
2.162749499999336,131,32.0,-599.0,20.0,True,31.04763405945984,-22.701394231996552,-378.4130438710808,129.62857797655377,2.299548610726496,25,calibration,2,square,0.39999999999999997,0,calibration
2.1790807000070345,132,-20.0,-599.0,20.0,True,17.520063433382045,-25.907706710935678,-378.05401169030193,130.6719719177339,1.4122034452763255,25,calibration,2,square,0.39999999999999997,0,calibration
2.195767400000477,133,-54.0,-597.0,20.0,True,4.154575300963469,-27.152141814810168,-378.0808896467484,130.5941839590235,0.47272052356939653,25,calibration,2,square,0.39999999999999997,0,calibration
2.2122907000011764,134,-84.0,-591.0,20.0,True,-10.347536876957344,-26.03056445638852,-378.4457167448124,129.5331597603688,-0.1398250983702387,25,calibration,2,square,0.39999999999999997,0,calibration
2.229236500003026,135,-130.0,-578.0,20.0,True,-26.45537015691508,-22.76772296059232,-379.0692394510461,127.69695259482705,0.14841494600994265,25,calibration,2,square,0.39999999999999997,0,calibration
2.2459684000059497,136,-153.0,-567.0,20.0,True,-44.657741104235996,-16.44021977652893,-379.9630373035587,125.0123605210879,1.7083347718232123,25,calibration,2,square,0.39999999999999997,0,calibration
2.262875200001872,137,-179.0,-547.0,20.0,True,-63.68605381280107,-6.504250986725642,-381.2265589809726,121.10454461962607,6.130080200466925,25,calibration,2,square,0.39999999999999997,0,calibration
2.279432600000291,138,-193.0,-534.0,19.1049731745428,True,-82.9673416735043,6.564477378850722,-382.8952417369562,115.72049885477438,11.63790729229114,25,calibration,2,square,0.39999999999999997,0,calibration
2.29627820001042,139,-203.0,-518.0,18.867962264113206,True,-99.96577663098398,22.416693079251793,-384.94832899024,108.6958325218678,19.929810412821187,25,calibration,2,square,0.39999999999999997,0,calibration
2.3133330999989994,140,-212.0,-498.0,20.0,True,-114.27356402333069,38.7663474316131,-387.27752918370487,100.08054450973295,26.477342566669435,25,calibration,2,square,0.39999999999999997,0,calibration
2.329323800004204,141,-217.0,-446.0,20.0,True,-125.01586345643395,55.9605955907698,-389.6716200907353,90.31073300478549,32.47942543273809,25,calibration,2,square,0.39999999999999997,0,calibration
2.3463206000014907,142,-211.0,-404.0,20.0,True,-132.68560057114064,73.27008924170349,-391.9038379244996,80.07110477599008,35.2340330545624,25,calibration,2,square,0.39999999999999997,0,calibration
2.362385300002643,143,-172.0,-323.0,20.0,True,-137.0448264993578,90.73791256674035,-393.91518448102073,69.5041540865252,35.37154027844095,25,calibration,2,square,0.39999999999999997,0,calibration
2.379280100009055,144,-140.0,-283.0,20.0,True,-138.69431108254773,106.88478752541158,-395.99202565577093,56.48287897265218,32.254979992607815,25,calibration,2,square,0.39999999999999997,0,calibration
2.39650280000933,145,-90.0,-235.0,20.0,True,-138.71303694768062,122.67491496627595,-397.63519970183114,40.52452593535759,29.08906915394999,25,calibration,2,square,0.39999999999999997,0,calibration
2.412269500011462,146,10.0,-162.0,20.0,True,-137.1114076143094,139.00849596057887,-398.42257285395067,21.93695929709722,25.77770374755783,25,calibration,2,square,0.39999999999999997,0,calibration
2.4289963000046555,147,94.0,-108.0,20.0,True,-133.6015405805347,157.0998587663571,-398.21370885695376,3.258919330199916,24.447709031896068,25,calibration,2,square,0.39999999999999997,0,calibration
2.4461060000030557,148,178.0,-62.0,20.0,True,-128.21435570432914,176.11698531939163,-396.1117616973495,-15.723916888245448,21.64109022378816,25,calibration,2,square,0.39999999999999997,0,calibration
2.4627894000004744,149,297.0,-11.0,20.0,True,-121.06729870055896,195.29226797469858,-391.8089289547264,-34.95587408661075,17.477202272332406,25,calibration,2,square,0.39999999999999997,0,calibration
2.4788009000039892,150,379.0,13.0,20.0,True,-113.02782952773957,212.6901731295814,-385.1986985188025,-54.742592959189,12.397956282211817,25,calibration,2,square,0.39999999999999997,0,calibration
2.496252099997946,151,447.0,31.0,20.0,True,-105.11947922443139,228.06067596284987,-377.2978289932282,-74.55354376027071,10.987965553007395,25,calibration,2,square,0.39999999999999997,0,calibration
2.5125325999979395,152,557.0,61.0,20.0,True,-96.28091484077322,242.31425756861466,-368.5851772831582,-94.16335645568836,11.615473446470975,25,calibration,2,square,0.39999999999999997,0,calibration
2.528987400000915,153,621.0,76.0,20.0,True,-85.67256640344198,255.4220113421087,-359.4285739333179,-113.04613373598396,11.407876253465917,25,calibration,2,square,0.39999999999999997,0,calibration
2.5457382000022335,154,687.0,85.0,20.0,True,-72.75945410804569,267.3685671730444,-350.17243810909173,-130.22587858676295,9.360952085797061,25,calibration,2,square,0.39999999999999997,0,calibration
2.5625614000018686,155,723.0,88.0,20.0,True,-59.68144297281548,276.806178697589,-341.1560845624565,-144.85134076347794,8.088552999741482,25,calibration,2,square,0.39999999999999997,0,calibration
2.5793286000116495,156,745.0,88.0,20.0,True,-46.41618410491014,283.8673655866034,-331.8394976688379,-157.66426269208543,5.8927150871747935,25,calibration,2,square,0.39999999999999997,0,calibration
2.5956156000029296,157,768.0,87.0,20.0,True,-32.70746060597571,289.32067754820895,-322.5166300240933,-168.86874170026073,4.797038461130214,25,calibration,2,square,0.39999999999999997,0,calibration
2.612395900010597,158,777.0,88.0,9.055385138137417,True,-18.637639059717777,294.1844824245896,-313.21132430051813,-179.4032710941389,3.624049847515003,25,calibration,2,square,0.39999999999999997,0,calibration
2.6291121000103885,159,786.0,89.0,9.055385138137417,True,-4.484428875333769,298.22696932476276,-304.96991138104187,-188.80375745885308,3.7474489565527014,25,calibration,2,square,0.39999999999999997,0,calibration
2.645568500010995,160,795.0,90.0,9.055385138137417,True,9.46988206778255,301.26217591266465,-297.4880425184843,-197.80304897967412,4.022173558811908,25,calibration,2,square,0.39999999999999997,0,calibration
2.6631707000051392,161,799.0,90.0,4.0,True,22.769854937569164,303.15654499432407,-290.8763474383835,-206.57325017382232,1.55210445302802,25,calibration,2,square,0.39999999999999997,0,calibration
2.679591000007349,162,801.0,90.0,2.0,True,34.6861575103044,304.29884727922735,-284.9535283783688,-215.24553532737298,0.8629135940686357,25,calibration,2,square,0.39999999999999997,0,calibration
2.695638400007738,163,801.0,90.0,0.0,False,45.42538350772159,305.14573055268,-279.4364951392026,-224.40690002890054,0.0,25,calibration,2,square,0.39999999999999997,0,calibration
2.7132526000059443,164,801.0,87.0,3.0,True,55.283598877571045,299.99334771335185,-273.9187904309508,-234.10756112837635,-1.2180821895156733,25,calibration,2,square,0.39999999999999997,0,calibration
2.7294286000105785,165,792.0,75.0,15.0,True,64.19959635714417,290.65143733162574,-268.37231140724265,-244.07059967836537,-3.6400232627349416,25,calibration,2,square,0.39999999999999997,0,calibration
2.7460711000021547,166,775.0,62.0,20.0,True,72.4133436371111,277.5214317206445,-262.81005351286944,-254.14019507828027,-1.0787176095374122,25,calibration,2,square,0.39999999999999997,0,calibration
2.762037100008456,167,753.0,42.0,20.0,True,79.56899878457183,262.026382476485,-256.9776829179932,-264.7769273715569,1.3281173668733015,25,calibration,2,square,0.39999999999999997,0,calibration
2.7792278999986593,168,710.0,11.0,20.0,True,85.20810103313993,244.63921751712405,-250.64659016049455,-277.4744494681491,2.892623591135271,25,calibration,2,square,0.39999999999999997,0,calibration
2.796157700009644,169,675.0,-15.0,20.0,True,89.85023912211607,226.01770280001708,-244.49918897545416,-291.4413387231757,3.2406013523284423,25,calibration,2,square,0.39999999999999997,0,calibration
2.8128640000068117,170,626.0,-52.0,20.0,True,93.68346291492585,206.42392976348773,-239.19025810323393,-305.0839628833784,3.3200520397475977,25,calibration,2,square,0.39999999999999997,0,calibration
2.8295862000086345,171,596.0,-77.0,20.0,True,97.483149176303,186.1820687417306,-235.38342158786958,-316.35179735058387,2.5369649416451026,25,calibration,2,square,0.39999999999999997,0,calibration
2.8458822000102373,172,567.0,-104.0,20.0,True,101.6662802213968,165.34002968829358,-232.95875726889003,-325.1067695992555,1.2542966298900926,25,calibration,2,square,0.39999999999999997,0,calibration
2.9729597000114154,173,200.0,-389.0,20.0,True,105.73447380091362,143.70568690578034,-228.71860557529305,-328.15819274199686,0.20158588770798236,25,calibration,2,square,0.39999999999999997,0,calibration
2.979057800010196,174,200.0,-389.0,0.0,False,119.52294107618022,127.02710755445635,-225.35344258606,-330.4781776677719,0.0,25,calibration,2,square,0.39999999999999997,0,calibration
2.9955600000103004,175,184.0,-395.0,17.08800749063506,True,123.79407297833082,106.22489509601667,-222.79146055742305,-332.2107239429368,-2.8646960550694063,25,calibration,2,square,0.39999999999999997,0,calibration
0.0007473000005120412,1,79.0,62.0,20.0,True,-295.53081395746386,2.718207148174849,302.65101942306774,5.932331991166585,-2.1663580437811603,26,calibration,2,dot,0.39999999999999997,0,calibration
0.01268040000286419,2,122.0,85.0,20.0,True,-286.5387678243317,9.135076517324308,309.2672661438488,18.175623502647056,-3.1515751598719244,26,calibration,2,dot,0.39999999999999997,0,calibration
0.02921819999755826,3,158.0,104.0,20.0,True,-275.2131602976416,18.454902668084078,316.64404262314616,29.86532437768437,-2.2555081601054283,26,calibration,2,dot,0.39999999999999997,0,calibration
0.0457064999936847,4,262.0,152.0,20.0,True,-264.7719011745338,28.542846550585132,324.56268888109287,40.317499240064805,-1.2367456504494512,26,calibration,2,dot,0.39999999999999997,0,calibration
0.062479899992467836,5,321.0,174.0,20.0,True,-254.55318136393822,40.55885463885967,333.2623073947666,49.629445537544946,0.4358209554838477,26,calibration,2,dot,0.39999999999999997,0,calibration
0.07944220000354107,6,402.0,193.0,20.0,True,-246.24616075067115,53.15432819208062,342.8396894760015,57.573597593958766,3.369646421595034,26,calibration,2,dot,0.39999999999999997,0,calibration
0.09615739999571815,7,442.0,198.0,20.0,True,-238.69019587272086,67.78475022031552,353.0230072537291,64.28653417789818,6.623965153266365,26,calibration,2,dot,0.39999999999999997,0,calibration
0.11254519999783952,8,476.0,198.0,20.0,True,-232.8374980620722,81.92742543490236,364.7451323370683,70.16331253540824,10.23128890263218,26,calibration,2,dot,0.39999999999999997,0,calibration
0.12928549999196548,9,512.0,196.0,20.0,True,-228.43862537964344,95.3745924373937,377.7773061272026,75.45239247962783,12.93198591646271,26,calibration,2,dot,0.39999999999999997,0,calibration
0.14599059999454767,10,533.0,193.0,20.0,True,-225.0049288943626,108.47337220018788,391.1007313535691,79.79435081772527,15.663731770305533,26,calibration,2,dot,0.39999999999999997,0,calibration
0.16275200000382029,11,550.0,189.0,17.46424919657298,True,-222.00031155853773,122.14122723434055,391.8046148079487,80.55522214726311,15.754756584712197,26,calibration,2,dot,0.39999999999999997,0,calibration
0.17924359999597073,12,564.0,185.0,14.560219778561036,True,-219.44892649245136,137.42806559554052,391.8461228592522,80.35307088202545,14.65770980561433,26,calibration,2,dot,0.39999999999999997,0,calibration
0.1960906000022078,13,571.0,182.0,7.615773105863909,True,-217.68638577693542,154.27751219596666,392.18406471727013,78.68709793759122,8.987446016485535,26,calibration,2,dot,0.39999999999999997,0,calibration
0.21260050000273623,14,577.0,177.0,7.810249675906654,True,-216.61078426668962,172.72746770908813,392.9439324211043,74.80017361904041,11.008680849148954,26,calibration,2,dot,0.39999999999999997,0,calibration
0.2294625999929849,15,579.0,170.0,7.280109889280518,True,-216.9969845001548,192.09072108311526,394.13642509363,68.23839399057834,11.052375264642738,26,calibration,2,dot,0.39999999999999997,0,calibration
0.24593520000053104,16,579.0,161.0,9.0,True,-219.4206947693135,211.70185212108277,395.22161087564655,61.64315287896147,12.592374290821748,26,calibration,2,dot,0.39999999999999997,0,calibration
0.2634029000037117,17,568.0,132.0,20.0,True,-224.42911532840336,231.81258663096122,396.1213630372749,55.56856796329659,19.293993658288663,26,calibration,2,dot,0.39999999999999997,0,calibration
0.27956139999150764,18,547.0,102.0,20.0,True,-230.7165008444568,250.8991467928935,396.8361652280491,50.21013809079322,11.257899341795206,26,calibration,2,dot,0.39999999999999997,0,calibration
0.29659509999328293,19,524.0,76.0,20.0,True,-237.24158629520693,267.67863239239307,397.44597333274356,45.12979372419202,7.658660360328902,26,calibration,2,dot,0.39999999999999997,0,calibration
0.31277570000384003,20,474.0,41.0,20.0,True,-243.66547862738375,281.4097122232134,397.9782214997175,40.16634426882506,-2.3036662362567375,26,calibration,2,dot,0.39999999999999997,0,calibration
0.32929259999946225,21,434.0,18.0,20.0,True,-251.725882176945,293.91046517196844,398.45616963758897,35.10955536233578,-8.614251667023607,26,calibration,2,dot,0.39999999999999997,0,calibration
0.34605330000340473,22,395.0,-3.0,20.0,True,-259.97836539385025,303.99218662186314,398.88883761948426,29.794214582310047,-12.156909864469569,26,calibration,2,dot,0.39999999999999997,0,calibration
0.3630161000037333,23,317.0,-44.0,20.0,True,-260.514130993908,303.5331737265121,399.30639839721937,23.545704471116167,-13.692546768741295,26,calibration,2,dot,0.39999999999999997,0,calibration
0.37940140000137035,24,268.0,-66.0,20.0,True,-261.50523695846505,302.67971693408373,399.6572453156781,16.555550932660385,-17.106644033127708,26,calibration,2,dot,0.39999999999999997,0,calibration
0.3963946000003489,25,188.0,-94.0,20.0,True,-262.8281813728525,301.53166844668067,399.88500366252384,9.590820914984327,-22.062024745555874,26,calibration,2,dot,0.39999999999999997,0,calibration
0.4134314999973867,26,141.0,-111.0,20.0,True,-264.84040970087966,299.7658375957311,399.9919162344336,2.5430192893259687,-22.854968573145783,26,calibration,2,dot,0.39999999999999997,0,calibration
0.42972820000431966,27,69.0,-138.0,20.0,True,-267.2826025662728,297.59033983884603,399.97750566690974,-4.242046732081246,-23.46167144651246,26,calibration,2,dot,0.39999999999999997,0,calibration
0.4464173000014853,28,19.0,-157.0,20.0,True,-269.85528693373715,295.25941833226995,399.85023351494596,-10.94489643821193,-23.918952901609654,26,calibration,2,dot,0.39999999999999997,0,calibration
0.4638695000030566,29,-18.0,-174.0,20.0,True,-272.981647391992,292.371373747763,399.571149480652,-18.51746480246158,-21.75371571363648,26,calibration,2,dot,0.39999999999999997,0,calibration
0.47920249999151565,30,-65.0,-200.0,20.0,True,-276.0959279687987,289.432269381021,399.11630138747097,-26.574009234314257,-19.000371765595176,26,calibration,2,dot,0.39999999999999997,0,calibration
0.4967726000031689,31,-94.0,-217.0,20.0,True,-279.61724222774933,286.0318126519289,398.57310249036715,-33.75621381617451,-19.457620547795226,26,calibration,2,dot,0.39999999999999997,0,calibration
0.5128286999970442,32,-118.0,-234.0,20.0,True,-283.16755104869503,282.5175004014525,398.0959109169791,-38.98263345620217,-18.824700532457477,26,calibration,2,dot,0.39999999999999997,0,calibration
0.5300047999917297,33,-142.0,-250.0,20.0,True,-287.25918933833907,278.35617137164445,397.8582419805118,-41.33786748462607,-24.456069368202495,26,calibration,2,dot,0.39999999999999997,0,calibration
0.546208799991291,34,-177.0,-269.0,20.0,True,-291.12458870652455,274.3109072757715,397.9603458598574,-40.34306784445991,-31.930398615007878,26,calibration,2,dot,0.39999999999999997,0,calibration
0.5627731999993557,35,-198.0,-275.0,20.0,True,-294.48821492794553,270.69667760900234,398.40903348050176,-35.64045511960263,-37.899768777962805,26,calibration,2,dot,0.39999999999999997,0,calibration
0.5795908000000054,36,-215.0,-278.0,17.26267650163207,True,-297.3795770187799,267.51707828124086,398.9260466319476,-29.291796097289513,-30.193872512311767,26,calibration,2,dot,0.39999999999999997,0,calibration
0.5963118999934522,37,-238.0,-281.0,20.0,True,-300.33129484923825,264.1990032800652,399.34406691220903,-22.897952354242033,-30.5749592531305,26,calibration,2,dot,0.39999999999999997,0,calibration
0.6131397999997716,38,-252.0,-281.0,14.0,True,-303.523537677734,260.52535783603327,399.672191287013,-16.190723017743295,-16.27869930770471,26,calibration,2,dot,0.39999999999999997,0,calibration
0.6305063000036171,39,-267.0,-281.0,15.0,True,-307.18312243124086,256.20017426495497,399.30661826317885,-9.508730827104305,-14.162312436301702,26,calibration,2,dot,0.39999999999999997,0,calibration
0.6463994999940041,40,-272.0,-281.0,5.0,True,-311.2676047378581,251.22197005985868,397.80531327346824,-2.879926424509219,-3.8738081741509625,26,calibration,2,dot,0.39999999999999997,0,calibration
0.6630512999981875,41,-276.0,-281.0,4.0,True,-315.8582058949227,245.4253323698282,395.5728098254025,3.2785052305005102,-2.5914657178673597,26,calibration,2,dot,0.39999999999999997,0,calibration
0.6797369999985676,42,-279.0,-281.0,3.0,True,-320.3582035496167,239.52165125195333,392.93461581187887,8.71718860556719,-1.6342331295677828,26,calibration,2,dot,0.39999999999999997,0,calibration
0.6961234999907902,43,-280.0,-280.0,1.4142135623730951,True,-324.30988988460723,234.14332218330273,390.99870713747856,14.362605796744614,0.07733921315544733,26,calibration,2,dot,0.39999999999999997,0,calibration
0.7129942000028677,44,-281.0,-280.0,1.0,True,-327.80208830203884,229.22868691510308,387.39842926193984,19.665576707911097,-0.42173783633178885,26,calibration,2,dot,0.39999999999999997,0,calibration
0.7297225999936927,45,-283.0,-279.0,2.23606797749979,True,-331.2533534089769,224.2124346580882,383.45750920699766,25.55721657884881,-0.16335341822398075,26,calibration,2,dot,0.39999999999999997,0,calibration
0.7464104999962728,46,-283.0,-277.0,2.0,True,-335.14494098036664,218.35262429214487,381.0276260723461,33.19888234506577,1.7686871548295569,26,calibration,2,dot,0.39999999999999997,0,calibration
0.7630830999987666,47,-278.0,-270.0,8.602325267042627,True,-339.59330707250973,211.36789205448432,379.61952508188,42.523237489442195,10.872460521408433,26,calibration,2,dot,0.39999999999999997,0,calibration
0.7794473999965703,48,-262.0,-253.0,20.0,True,-344.3527504424398,203.5219478649091,377.9340274288032,53.73719351101123,25.59976765187561,26,calibration,2,dot,0.39999999999999997,0,calibration
0.7966387999913422,49,-221.0,-219.0,20.0,True,-349.02885310992303,195.39411377206775,375.6731108065094,66.70252518990979,25.141050562015657,26,calibration,2,dot,0.39999999999999997,0,calibration
0.8131119000026956,50,-104.0,-144.0,20.0,True,-353.1075576626068,187.92299678737783,372.4873471078123,81.84820246079589,23.86645382718372,26,calibration,2,dot,0.39999999999999997,0,calibration
0.829606999992393,51,-38.0,-113.0,20.0,True,-356.57575192844814,181.25598786429606,368.10023936554535,99.09786924730645,22.006676343339034,26,calibration,2,dot,0.39999999999999997,0,calibration
0.8460136999929091,52,35.0,-82.0,20.0,True,-359.9931060673263,174.37019121397643,362.11267857530106,117.95551967603035,20.956405744897424,26,calibration,2,dot,0.39999999999999997,0,calibration
0.8631127999979071,53,139.0,-46.0,20.0,True,-363.70360943018767,166.49229557986612,354.6401415759222,137.13346516397067,19.145835975129263,26,calibration,2,dot,0.39999999999999997,0,calibration
0.8793476999999257,54,208.0,-16.0,20.0,True,-367.719471177924,157.42423738620403,345.9428260487448,156.17889909831698,19.620940761612744,26,calibration,2,dot,0.39999999999999997,0,calibration
0.8965317999973195,55,281.0,17.0,20.0,True,-371.6744624479115,147.84483069778275,336.0306429042393,174.92562549826138,18.754555679351597,26,calibration,2,dot,0.39999999999999997,0,calibration
0.9129544000024907,56,368.0,44.0,20.0,True,-375.2228655150292,138.59221188324526,324.2246284336446,192.92462395823082,14.085422959055894,26,calibration,2,dot,0.39999999999999997,0,calibration
0.9290890999982366,57,417.0,57.0,20.0,True,-378.37768113666164,129.73176333359075,310.4420600165603,209.3209128635672,10.71957857867453,26,calibration,2,dot,0.39999999999999997,0,calibration
0.946360599991749,58,501.0,84.0,20.0,True,-381.13342680818766,121.39732686285898,296.0999723097927,224.5406001999526,10.719330417921316,26,calibration,2,dot,0.39999999999999997,0,calibration
0.9626877999980934,59,553.0,106.0,20.0,True,-383.73640016019266,112.89984584620338,281.9780010565917,239.35078660984135,12.50196473287341,26,calibration,2,dot,0.39999999999999997,0,calibration
0.9793264000036288,60,600.0,123.0,20.0,True,-386.13247436411376,104.41126491642089,267.5699858583,253.08056489196886,10.585276697652684,26,calibration,2,dot,0.39999999999999997,0,calibration
0.996085699996911,61,637.0,138.0,20.0,True,-388.3122435397205,95.9875070889372,253.89274359972586,265.3308412070306,10.96260427183883,26,calibration,2,dot,0.39999999999999997,0,calibration
1.0130614999943646,62,677.0,155.0,20.0,True,-390.3377462107721,87.38674889875952,240.69837234521833,275.9507231139128,10.367278620678967,26,calibration,2,dot,0.39999999999999997,0,calibration
1.0291727000003448,63,723.0,170.0,20.0,True,-392.1666648911713,78.77377068628739,227.01525630854218,284.3726700937555,6.334379627067728,26,calibration,2,dot,0.39999999999999997,0,calibration
1.0459043000009842,64,754.0,181.0,20.0,True,-393.80114940645046,70.14737861216541,212.68502285842962,291.4449490219861,5.217723767046547,26,calibration,2,dot,0.39999999999999997,0,calibration
1.0625897999998415,65,784.0,191.0,20.0,True,-395.2263986827331,61.61244828991397,197.76109732417808,295.2760662522274,2.3601022234944846,26,calibration,2,dot,0.39999999999999997,0,calibration
1.0793693000014173,66,813.0,199.0,20.0,True,-396.5363851681262,52.525186699292156,183.26061011036234,293.3938883700539,-1.1372215365524596,26,calibration,2,dot,0.39999999999999997,0,calibration
1.0958525000023656,67,842.0,213.0,20.0,True,-397.6598305966339,43.20485076766782,168.37448481190927,291.1140937979367,0.22914539481098561,26,calibration,2,dot,0.39999999999999997,0,calibration
1.1128772999945795,68,858.0,221.0,17.88854381999832,True,-398.50537306524586,34.54660096346949,153.94739024459878,286.09640277928236,-0.8073396568088477,26,calibration,2,dot,0.39999999999999997,0,calibration
1.1301074999937555,69,874.0,232.0,19.4164878389476,True,-399.10128734810235,26.79855289166694,139.77523859030683,280.7816359272872,-0.30850001434056173,26,calibration,2,dot,0.39999999999999997,0,calibration
1.1458713000029093,70,895.0,249.0,20.0,True,-399.5373857505722,19.2321966399702,126.96890848440097,274.6625110129315,-0.34696772319140035,26,calibration,2,dot,0.39999999999999997,0,calibration
1.1628141999972286,71,909.0,259.0,17.204650534085253,True,-399.835596461701,11.467161903269584,117.95061698408328,265.7898173915368,-1.5289515287015973,26,calibration,2,dot,0.39999999999999997,0,calibration
1.1795064000034472,72,925.0,272.0,20.0,True,-399.98370509923734,3.6104923606513832,111.57328211417861,256.80346806821086,-1.2799237316876644,26,calibration,2,dot,0.39999999999999997,0,calibration
1.195846899994649,73,934.0,281.0,12.727922061357855,True,-399.982980940043,-3.6898452972018245,107.35105423395876,248.9421609920791,-0.45009894197515976,26,calibration,2,dot,0.39999999999999997,0,calibration
1.2126209999987623,74,942.0,289.0,11.313708498984761,True,-399.8615327500622,-10.524002412149214,106.22490926990163,241.98142263728639,1.002621566265993,26,calibration,2,dot,0.39999999999999997,0,calibration
1.2302477000048384,75,952.0,308.0,20.0,True,-399.6445507930196,-16.859211768215957,105.46477137556052,235.46790359982927,0.8182336611164942,26,calibration,2,dot,0.39999999999999997,0,calibration
1.247432000003755,76,952.0,308.0,0.0,False,-399.3486083942362,-22.81861024661659,103.64255267547678,228.48002463987376,0.0,26,calibration,2,dot,0.39999999999999997,0,calibration
1.262212300003739,77,952.0,308.0,0.0,False,-398.9130493715723,-29.468271769371768,101.67830139563759,220.83935074626967,0.0,26,calibration,2,dot,0.39999999999999997,0,calibration
1.279165899992222,78,952.0,308.0,0.0,False,-398.3027481069397,-36.80924952317936,100.14116113885254,212.89499904140948,0.0,26,calibration,2,dot,0.39999999999999997,0,calibration
1.2959497999981977,79,952.0,308.0,0.0,False,-397.4572363414593,-45.03049277777646,99.23031188791953,204.71854914733552,0.0,26,calibration,2,dot,0.39999999999999997,0,calibration
1.312536800003727,80,952.0,308.0,0.0,False,-396.44056997430556,-53.24353931180469,98.83694461788133,196.35254414832986,0.0,26,calibration,2,dot,0.39999999999999997,0,calibration
1.3298840999923414,81,952.0,308.0,0.0,False,-395.1814078123875,-61.90036283754307,98.68435206692563,187.7922547331084,0.0,26,calibration,2,dot,0.39999999999999997,0,calibration
1.345986799991806,82,952.0,308.0,0.0,False,-393.61718731692406,-71.17239527171705,98.62796187280267,179.06228285907963,0.0,26,calibration,2,dot,0.39999999999999997,0,calibration
1.3625524999952177,83,952.0,308.0,0.0,False,-391.60651826938897,-81.51278948071092,98.64840532974408,170.0072838800421,0.0,26,calibration,2,dot,0.39999999999999997,0,calibration
1.379722199999378,84,952.0,308.0,0.0,False,-389.0500590758764,-92.95187751227547,98.75959811124493,160.5182629713643,0.0,26,calibration,2,dot,0.39999999999999997,0,calibration
1.3962062999926275,85,952.0,308.0,0.0,False,-385.74039164258073,-105.85060347219765,98.91532466567897,150.47326297223478,0.0,26,calibration,2,dot,0.39999999999999997,0,calibration
1.4133227999991504,86,952.0,308.0,0.0,False,-381.718917174488,-119.54358314496183,99.35921681577112,139.47634998564055,0.0,26,calibration,2,dot,0.39999999999999997,0,calibration
1.4304818999953568,87,952.0,308.0,0.0,False,-377.082119521042,-133.45064682315547,100.43688513497446,127.25954055781972,0.0,26,calibration,2,dot,0.39999999999999997,0,calibration
1.4464063000050373,88,952.0,308.0,0.0,False,-371.63056136113727,-147.9551481443143,102.14637507800718,114.43842199644679,0.0,26,calibration,2,dot,0.39999999999999997,0,calibration
1.4626145999936853,89,952.0,308.0,0.0,False,-365.2332148168841,-163.10946874575916,104.28807492267943,101.6830536737536,0.0,26,calibration,2,dot,0.39999999999999997,0,calibration
1.480788400003803,90,952.0,308.0,0.0,False,-358.2639238544466,-177.89592705965836,106.39850986809329,89.31630852914195,0.0,26,calibration,2,dot,0.39999999999999997,0,calibration
1.4964242999994894,91,952.0,308.0,0.0,False,-351.2812877483224,-190.93286545438502,108.52699382240652,76.77726595317819,0.0,26,calibration,2,dot,0.39999999999999997,0,calibration
1.5130911000014748,92,952.0,308.0,0.0,False,-343.9000832659167,-201.88919550420735,110.89523578531661,63.771742184375086,0.0,26,calibration,2,dot,0.39999999999999997,0,calibration
1.529384099994786,93,952.0,308.0,0.0,False,-335.91478872228186,-212.27141116373338,113.8214326776405,50.41319106964166,0.0,26,calibration,2,dot,0.39999999999999997,0,calibration
1.5469926999940071,94,952.0,308.0,0.0,False,-326.48594014595847,-223.480310242423,117.661892441141,36.78043110692577,0.0,26,calibration,2,dot,0.39999999999999997,0,calibration
1.5635863999923458,95,952.0,308.0,0.0,False,-315.3086194062591,-235.61127481598052,122.40601333750702,22.552476925163322,0.0,26,calibration,2,dot,0.39999999999999997,0,calibration
1.5793842999992194,96,952.0,308.0,0.0,False,-301.84668240230064,-248.1915075723739,127.96458711855608,7.398290255680855,0.0,26,calibration,2,dot,0.39999999999999997,0,calibration
1.5968265999981668,97,928.0,591.0,20.0,True,-288.3898037897884,-260.3846911020101,139.7233645495946,-5.151876809389211,-1.064653088499623,26,calibration,2,dot,0.39999999999999997,0,calibration
1.6127337999932934,98,911.0,594.0,17.26267650163207,True,-275.9500336450839,-271.6215461057861,137.13209081289824,-20.6673168785437,14.46763526078757,26,calibration,2,dot,0.39999999999999997,0,calibration
1.6292823999974644,99,871.0,599.0,20.0,True,-265.35092389129386,-281.0779090451906,131.86266376946418,-35.99145517267917,20.56741800290974,26,calibration,2,dot,0.39999999999999997,0,calibration
1.6459842000040226,100,837.0,597.0,20.0,True,-255.55057922409122,-288.48274006064867,126.796185831374,-49.98959247831994,23.12096646388153,26,calibration,2,dot,0.39999999999999997,0,calibration
1.6639570999977877,101,788.0,580.0,20.0,True,-245.06390537746424,-294.4566613554351,122.5367945333279,-63.44799453986038,25.124390635328886,26,calibration,2,dot,0.39999999999999997,0,calibration
1.6794498999952339,102,703.0,549.0,20.0,True,-234.14383692609283,-299.6447890028593,118.48468100623764,-76.2902038433848,26.219602039520336,26,calibration,2,dot,0.39999999999999997,0,calibration
1.6961219999939203,103,636.0,514.0,20.0,True,-223.17584502034077,-303.646490610667,114.87154236109319,-88.54271533200054,27.375421387896047,26,calibration,2,dot,0.39999999999999997,0,calibration
1.7130111000005854,104,558.0,462.0,20.0,True,-213.35103712236372,-306.48106130932484,111.751598462093,-99.88060359664581,28.025088515166555,26,calibration,2,dot,0.39999999999999997,0,calibration
1.7302226000028895,105,444.0,368.0,20.0,True,-204.7279372131458,-308.3295582237163,108.81377896974445,-110.48036565665672,28.803905503126195,26,calibration,2,dot,0.39999999999999997,0,calibration
1.7459794000023976,106,366.0,292.0,20.0,True,-196.5433532815321,-309.85981425607076,105.89632278303029,-120.56425147232213,28.904011653951933,26,calibration,2,dot,0.39999999999999997,0,calibration
1.7628670999984024,107,292.0,220.0,20.0,True,-188.65823411405663,-310.8568613611964,102.59181575310664,-130.7136125400966,30.171364714207787,26,calibration,2,dot,0.39999999999999997,0,calibration
1.7792995999916457,108,161.0,78.0,20.0,True,-180.0527212344106,-311.72532095375783,98.86494333831752,-140.98654492741184,30.460421810929184,26,calibration,2,dot,0.39999999999999997,0,calibration
1.79623459999857,109,131.0,40.0,20.0,True,-170.4604271369049,-312.4179815036459,94.74988673734843,-150.9935226447528,30.461420820802523,26,calibration,2,dot,0.39999999999999997,0,calibration
1.8124042999988887,110,72.0,-43.0,20.0,True,-159.9486293224212,-313.30775477728116,90.06068687969952,-160.27673084109048,29.94613524099718,26,calibration,2,dot,0.39999999999999997,0,calibration
1.829410899998038,111,-1.0,-163.0,20.0,True,-149.00017914884984,-314.0334449106265,84.829121862467,-168.93371743540686,29.24150684108048,26,calibration,2,dot,0.39999999999999997,0,calibration
1.845574699997087,112,-46.0,-243.0,20.0,True,-137.87593543796868,-314.65509142615,78.87785053996386,-177.70218579676657,28.74699634301537,26,calibration,2,dot,0.39999999999999997,0,calibration
1.8627723999961745,113,-79.0,-316.0,20.0,True,-124.9767645186748,-314.9461987003538,72.76365346369835,-186.6458957348699,27.519347544812632,26,calibration,2,dot,0.39999999999999997,0,calibration
1.879235400003381,114,-108.0,-400.0,20.0,True,-109.97448489701318,-315.06279244507925,66.67966223984357,-195.8504161469745,25.749798264176214,26,calibration,2,dot,0.39999999999999997,0,calibration
1.8961466000037035,115,-118.0,-444.0,20.0,True,-92.80053610828593,-315.10654149548395,60.807824360992385,-205.22650434631493,23.264177297184737,26,calibration,2,dot,0.39999999999999997,0,calibration
1.9127708000014536,116,-120.0,-508.0,20.0,True,-74.72178742250729,-315.1224419110758,55.12224486234723,-215.52621420591558,18.409877123488798,26,calibration,2,dot,0.39999999999999997,0,calibration
1.9290325000038138,117,-119.0,-549.0,20.0,True,-56.724617242052176,-315.12812470612295,48.62606539625079,-227.3871693055641,16.807924654929064,26,calibration,2,dot,0.39999999999999997,0,calibration
1.945932599992375,118,-113.0,-586.0,20.0,True,-39.12045230365663,-315.4149382856455,42.08270479404747,-239.82923138713406,12.460354991365639,26,calibration,2,dot,0.39999999999999997,0,calibration
1.9623897999990731,119,-98.0,-599.0,19.849433241279208,True,-22.581132967035476,-316.4266911727439,36.89856990779418,-254.45485584580072,-8.524070382562936,26,calibration,2,dot,0.39999999999999997,0,calibration
1.978936400002567,120,-88.0,-599.0,10.0,True,-6.172766737438966,-318.1022825954338,29.730063646591624,-271.05028338014216,-13.913695709630316,26,calibration,2,dot,0.39999999999999997,0,calibration
1.9963739999948302,121,-79.0,-599.0,9.0,True,9.953313404080138,-320.5194410681758,19.111884697854556,-288.8871337611268,-13.504245931355548,26,calibration,2,dot,0.39999999999999997,0,calibration
2.012410199997248,122,-65.0,-599.0,14.0,True,26.50290505732455,-323.58279379229316,6.21851700035716,-304.58949838482323,-22.65044773686297,26,calibration,2,dot,0.39999999999999997,0,calibration
2.0291728000011062,123,-59.0,-599.0,6.0,True,42.308384318499996,-327.5192458038395,-8.831917102764496,-314.95780922033464,-10.763155394410227,26,calibration,2,dot,0.39999999999999997,0,calibration
2.0461664000031305,124,-51.0,-599.0,8.0,True,56.96295327987157,-331.89066882587554,-24.974251098131642,-320.4485275699126,-15.240042345637217,26,calibration,2,dot,0.39999999999999997,0,calibration
2.0621441999974195,125,-50.0,-599.0,1.0,True,68.61580033742204,-336.29780841789176,-42.04282748361223,-322.6834158165926,-1.9268771697372122,26,calibration,2,dot,0.39999999999999997,0,calibration
2.079256199998781,126,-50.0,-599.0,0.0,False,77.98626139051201,-340.97894522400094,-58.43057847115451,-323.0186514282279,0.0,26,calibration,2,dot,0.39999999999999997,0,calibration
2.0958580000005895,127,-53.0,-599.0,3.0,True,85.31472692473288,-345.80828033796263,-74.45440117069332,-322.64131555170246,5.504167219678094,26,calibration,2,dot,0.39999999999999997,0,calibration
2.112545500000124,128,-59.0,-599.0,6.0,True,92.39186462223317,-351.554347930271,-90.25738522508092,-321.4022532848592,10.639648286579346,26,calibration,2,dot,0.39999999999999997,0,calibration
2.1288806999946246,129,-67.0,-599.0,8.0,True,99.1889106245199,-357.9366450397893,-105.62652515708137,-319.02464425714464,13.737942258355844,26,calibration,2,dot,0.39999999999999997,0,calibration
2.145863300000201,130,-86.0,-595.0,19.4164878389476,True,105.70709860734057,-365.6015008599722,-120.03803534333308,-314.2627527372097,34.651462607055144,26,calibration,2,dot,0.39999999999999997,0,calibration
2.162581099997624,131,-106.0,-579.0,20.0,True,110.95231681276752,-374.21202897615393,-133.1715019126387,-305.61351203066226,38.709555064767926,26,calibration,2,dot,0.39999999999999997,0,calibration
2.1790856000006897,132,-131.0,-553.0,20.0,True,114.83467437645095,-383.161842516781,-144.3179161596396,-295.7615677179908,38.64462890924959,26,calibration,2,dot,0.39999999999999997,0,calibration
2.1958694999921136,133,-174.0,-471.0,20.0,True,115.00505443050983,-383.1107378493005,-152.68400071681165,-284.4307152873395,39.47084794900584,26,calibration,2,dot,0.39999999999999997,0,calibration
2.2125764999946114,134,-193.0,-413.0,20.0,True,114.84186934675654,-383.1596860904635,-157.9371230715837,-272.4858716300746,39.883862751118485,26,calibration,2,dot,0.39999999999999997,0,calibration
2.229266700000153,135,-206.0,-317.0,20.0,True,114.10276405894854,-383.3804366867302,-160.9440504101501,-257.69218062013704,39.91845380499272,26,calibration,2,dot,0.39999999999999997,0,calibration
2.2456439999950817,136,-205.0,-254.0,20.0,True,112.63691056892267,-383.813661009465,-161.9857200482634,-240.68332325214843,39.77253813650303,26,calibration,2,dot,0.39999999999999997,0,calibration
2.262318299995968,137,-191.0,-180.0,20.0,True,110.66980289080372,-384.3854767393152,-160.8619750671713,-222.03514088858475,39.221712768129954,26,calibration,2,dot,0.39999999999999997,0,calibration
2.2789632999920286,138,-147.0,-69.0,20.0,True,107.94778052646905,-385.15876814556515,-157.36499361149913,-202.84631886223397,38.562504394948725,26,calibration,2,dot,0.39999999999999997,0,calibration
2.2959364999987883,139,-111.0,-9.0,20.0,True,104.09917062971547,-386.2167301842391,-151.49381650866638,-184.06854560856175,38.59065562834062,26,calibration,2,dot,0.39999999999999997,0,calibration
2.3125238999928115,140,-71.0,42.0,20.0,True,98.79040768391037,-387.6086368357222,-143.41642019481299,-165.93459733776328,39.31280502720848,26,calibration,2,dot,0.39999999999999997,0,calibration
2.329097699999693,141,6.0,112.0,20.0,True,92.248766046378,-389.2173752068638,-132.90708737786517,-148.89840137136517,39.19447076914099,26,calibration,2,dot,0.39999999999999997,0,calibration
2.345569199998863,142,64.0,152.0,20.0,True,84.5124896509442,-390.97012557610975,-119.91251740720945,-132.5401489441047,38.65919974218333,26,calibration,2,dot,0.39999999999999997,0,calibration
2.362987999993493,143,123.0,188.0,20.0,True,75.1191616379112,-392.44656620560664,-105.16690248996137,-116.66938620940313,37.73572159024401,26,calibration,2,dot,0.39999999999999997,0,calibration
2.379232699997374,144,213.0,222.0,20.0,True,63.78220130503501,-392.6192251134026,-88.2866649572595,-102.24446003311053,37.63016098846663,26,calibration,2,dot,0.39999999999999997,0,calibration
2.39657489999081,145,266.0,236.0,20.0,True,51.51158090642038,-391.61403291894226,-70.2243859869828,-89.61344990294766,37.628830832877796,26,calibration,2,dot,0.39999999999999997,0,calibration
2.412886399994022,146,341.0,245.0,20.0,True,39.575504412383864,-389.909886803091,-51.38537762582026,-79.22255833484012,37.8602652960205,26,calibration,2,dot,0.39999999999999997,0,calibration
2.4302120999927865,147,377.0,245.0,20.0,True,29.027987555819344,-388.1885666789708,-29.813257159498786,-70.05643925545773,38.14611537604142,26,calibration,2,dot,0.39999999999999997,0,calibration
2.445932799993898,148,411.0,244.0,20.0,True,18.081556141191612,-386.93392923180716,-6.3514330613292,-61.5026987588488,38.50891542676531,26,calibration,2,dot,0.39999999999999997,0,calibration
2.4627400000026682,149,452.0,241.0,20.0,True,5.252116652646583,-385.2251667592032,18.493899906529695,-53.61333857631792,38.53427241168154,26,calibration,2,dot,0.39999999999999997,0,calibration
2.478892500002985,150,471.0,235.0,19.924858845171276,True,-11.148262899531327,-382.52196505687493,42.070027810783344,-48.98482092429181,37.211072509128286,26,calibration,2,dot,0.39999999999999997,0,calibration
2.4959044999995967,151,487.0,225.0,18.867962264113206,True,-30.235252135547334,-379.16120999431007,64.45232730451778,-47.80338999722291,32.94233163926858,26,calibration,2,dot,0.39999999999999997,0,calibration
2.512505099992268,152,503.0,209.0,20.0,True,-50.83471196455809,-376.50521507937907,85.32320690591911,-49.56046958024741,31.11316424397816,26,calibration,2,dot,0.39999999999999997,0,calibration
2.5296093999932054,153,514.0,192.0,20.0,True,-70.51156204948781,-374.99486965920846,104.21476832643444,-53.618999865882,26.267777647825923,26,calibration,2,dot,0.39999999999999997,0,calibration
2.5457927999959793,154,516.0,166.0,20.0,True,-87.86629740563481,-374.3500993221598,120.78311396964382,-60.9706478768381,11.763084704136668,26,calibration,2,dot,0.39999999999999997,0,calibration
2.5624268999963533,155,512.0,133.0,20.0,True,-103.58125073602986,-374.101199816195,136.0136985565072,-70.40083909066328,6.313923564001865,26,calibration,2,dot,0.39999999999999997,0,calibration
2.579277299999376,156,499.0,94.0,20.0,True,-119.55367573295942,-374.00943901150777,151.07990648022212,-81.67978948891123,0.09240352672240992,26,calibration,2,dot,0.39999999999999997,0,calibration
2.5959082000044873,157,461.0,20.0,20.0,True,-138.48810506599744,-373.5491919273402,165.9731532782005,-93.9732574970524,-4.421191562174651,26,calibration,2,dot,0.39999999999999997,0,calibration
2.612486199999694,158,429.0,-26.0,20.0,True,-158.3486180386503,-367.3223586514298,182.01520298330973,-107.9402626697541,-8.752191137842363,26,calibration,2,dot,0.39999999999999997,0,calibration
2.6292351000010967,159,374.0,-81.0,20.0,True,-178.61582624335554,-357.9055554408221,198.23377403211833,-122.32155038729792,-14.720569494476855,26,calibration,2,dot,0.39999999999999997,0,calibration
2.6466144000005443,160,268.0,-163.0,20.0,True,-197.7071816743565,-347.72384202752477,214.82201938135125,-136.7077159136429,-19.33502960837744,26,calibration,2,dot,0.39999999999999997,0,calibration
2.662668399992981,161,194.0,-202.0,20.0,True,-215.73195811450896,-336.8378278164134,230.86101200525025,-149.22133893580778,-25.53291808874505,26,calibration,2,dot,0.39999999999999997,0,calibration
2.679459199993289,162,121.0,-235.0,20.0,True,-232.85206327818094,-325.2382459476346,246.96181395735292,-160.743305897641,-27.725718483531097,26,calibration,2,dot,0.39999999999999997,0,calibration
2.6961371999932453,163,11.0,-265.0,20.0,True,-250.1576824018512,-312.1235875984616,264.3566697266418,-170.01546356675925,-33.137397422096996,26,calibration,2,dot,0.39999999999999997,0,calibration
2.7122800999932224,164,-51.0,-276.0,20.0,True,-268.03602884419854,-296.91191832163287,283.06762365174876,-177.03275199520326,-36.12931850627918,26,calibration,2,dot,0.39999999999999997,0,calibration
2.729308599999058,165,-99.0,-278.0,20.0,True,-286.2419420319302,-279.40213066794803,303.4672624988585,-179.82066949189,-39.08636657677306,26,calibration,2,dot,0.39999999999999997,0,calibration
2.7455639999971027,166,-153.0,-271.0,20.0,True,-303.5429519788609,-260.50273761317544,324.2799586291859,-176.14633267488472,-38.9474764089437,26,calibration,2,dot,0.39999999999999997,0,calibration
2.7624112000048626,167,-182.0,-259.0,20.0,True,-318.697173049349,-241.72735031508805,343.09609752175794,-165.86310850734588,-32.43782863037399,26,calibration,2,dot,0.39999999999999997,0,calibration
2.7795838000020012,168,-206.0,-247.0,20.0,True,-332.1371275468934,-222.90116308556725,360.7092570825808,-153.8284271162575,-29.462602821867677,26,calibration,2,dot,0.39999999999999997,0,calibration
2.79574249999132,169,-226.0,-228.0,20.0,True,-343.6836278222248,-204.64985699226483,375.3497858996867,-138.24810387509598,-20.318342696906676,26,calibration,2,dot,0.39999999999999997,0,calibration
2.8124605999910273,170,-235.0,-210.0,20.0,True,-353.9716640753803,-186.29026016328953,381.8116645119159,-119.24702446031978,-10.101598672100815,26,calibration,2,dot,0.39999999999999997,0,calibration
2.829901199991582,171,-241.0,-180.0,20.0,True,-363.6210054272659,-166.6726264629685,387.13334160126874,-100.63685120588472,-3.515906930012523,26,calibration,2,dot,0.39999999999999997,0,calibration
2.8458012999908533,172,-228.0,-76.0,20.0,True,-371.7924518799217,-147.5478658778775,390.8719571453978,-84.96536422170098,4.469149131134182,26,calibration,2,dot,0.39999999999999997,0,calibration
2.8630400999973062,173,-198.0,11.0,20.0,True,-378.9271254393549,-128.11804559181894,393.4441413851469,-72.122864680381,8.702415268279822,26,calibration,2,dot,0.39999999999999997,0,calibration
2.879386999993585,174,-131.0,134.0,20.0,True,-384.413065837116,-110.57393369917315,395.23767188095445,-61.54009039742302,12.002999490132344,26,calibration,2,dot,0.39999999999999997,0,calibration
2.896153299996513,175,-74.0,206.0,20.0,True,-389.0134219316202,-93.10508878171613,396.4656422396089,-53.05652196982419,15.164590123965718,26,calibration,2,dot,0.39999999999999997,0,calibration
2.9126265999948373,176,-15.0,274.0,20.0,True,-392.5679034883843,-76.74920944696818,397.36606083087236,-45.82808854573176,14.49012389308268,26,calibration,2,dot,0.39999999999999997,0,calibration
2.929220499994699,177,85.0,351.0,20.0,True,-395.306047108187,-61.099338128165506,397.9762098480857,-40.18627122479069,17.581901040976785,26,calibration,2,dot,0.39999999999999997,0,calibration
2.9460957999981474,178,147.0,382.0,20.0,True,-397.31622441685397,-46.25816484833933,398.416980029207,-35.55151226609686,21.12850343228211,26,calibration,2,dot,0.39999999999999997,0,calibration
2.9625625999906333,179,236.0,405.0,20.0,True,-398.6787009746085,-32.4852795770436,398.7711986263181,-31.32939747472899,25.005611225986296,26,calibration,2,dot,0.39999999999999997,0,calibration
2.979198799992446,180,278.0,405.0,20.0,True,-399.52483710808224,-19.491139878425983,399.0748802831674,-27.18896700824915,28.183840381715008,26,calibration,2,dot,0.39999999999999997,0,calibration
2.9962603000021772,181,318.0,401.0,20.0,True,-399.9657339066488,-5.23561844635465,399.3651517371472,-22.527218602512637,27.616975923513863,26,calibration,2,dot,0.39999999999999997,0,calibration
0.0007846999942557886,1,49.0,-36.0,20.0,True,304.7095039416438,-5.147902109281573,-304.406290282131,7.15374623660367,-38.151434776819414,27,calibration,2,dot,0.39999999999999997,0,calibration
0.011466399999335408,2,49.0,-36.0,0.0,False,314.37244214578675,-15.767896911116676,-316.61706746592176,20.851012023998372,0.0,27,calibration,2,dot,0.39999999999999997,0,calibration
0.028399799994076602,3,53.0,-43.0,8.06225774829855,True,323.3143908079839,-26.084871702717315,-329.85620367705206,36.812931539266,-15.851020652744845,27,calibration,2,dot,0.39999999999999997,0,calibration
0.045119100002921186,4,60.0,-70.0,20.0,True,330.1940555151247,-34.86288951875186,-343.07136803685063,52.86086673216589,-36.469395939690216,27,calibration,2,dot,0.39999999999999997,0,calibration
0.061782999997376464,5,61.0,-95.0,20.0,True,336.0998499239717,-43.475192053247056,-354.74863399884794,68.09261782162848,-33.279273573858106,27,calibration,2,dot,0.39999999999999997,0,calibration
0.07873199999448843,6,50.0,-129.0,20.0,True,341.614375545611,-51.884244953083375,-365.252533737028,82.36996935259931,-24.215720074911886,27,calibration,2,dot,0.39999999999999997,0,calibration
0.09515589999500662,7,16.0,-188.0,20.0,True,346.43229120991197,-60.19311062356507,-373.06901923997873,96.08158977585977,-20.09034075426228,27,calibration,2,dot,0.39999999999999997,0,calibration
0.11155220000364352,8,-14.0,-216.0,20.0,True,349.4655442951193,-67.36193470181851,-379.42632523571126,109.3432907718813,-12.85547422241359,27,calibration,2,dot,0.39999999999999997,0,calibration
0.12859890000254381,9,-76.0,-261.0,20.0,True,350.90649600453315,-73.80083240135029,-381.16274161174596,121.30525300669149,-14.367309209430534,27,calibration,2,dot,0.39999999999999997,0,calibration
0.14520990000164602,10,-117.0,-281.0,20.0,True,351.2668585106444,-79.91807350404116,-377.50992684655245,132.2356046316975,-12.934072828189716,27,calibration,2,dot,0.39999999999999997,0,calibration
0.16158379999978933,11,-162.0,-292.0,20.0,True,349.9352753516845,-86.01941493403095,-372.7197376597974,145.1895215186407,-12.076496624773892,27,calibration,2,dot,0.39999999999999997,0,calibration
0.17831760000262875,12,-216.0,-299.0,20.0,True,346.20993079445356,-92.13452750581403,-366.53841546676875,160.15489373450444,-15.091345936942133,27,calibration,2,dot,0.39999999999999997,0,calibration
0.1951530000078492,13,-247.0,-293.0,20.0,True,339.30795470181175,-98.47816040077436,-358.89644741753744,176.61636399572603,-10.163144155550679,27,calibration,2,dot,0.39999999999999997,0,calibration
0.2119306999957189,14,-269.0,-282.0,20.0,True,329.50739525396176,-105.05643210260759,-350.10167344683475,193.46528952172758,-5.5644944665980915,27,calibration,2,dot,0.39999999999999997,0,calibration
0.22839010000461712,15,-290.0,-253.0,20.0,True,318.11514595012414,-111.08825907129288,-339.77832586853896,211.07034199520535,6.384110193736294,27,calibration,2,dot,0.39999999999999997,0,calibration
0.24565549999533687,16,-298.0,-228.0,20.0,True,306.2702012784598,-116.25353367501104,-327.5697018500379,227.55213747748098,13.705117010183825,27,calibration,2,dot,0.39999999999999997,0,calibration
0.26199719999567606,17,-299.0,-178.0,20.0,True,294.7273588806136,-120.10112273691021,-314.6802567392762,240.89802525376967,20.049159066384917,27,calibration,2,dot,0.39999999999999997,0,calibration
0.27840650000143796,18,-289.0,-141.0,20.0,True,282.173278709555,-122.84497698015285,-301.801231048674,251.09123672344174,25.29421802429112,27,calibration,2,dot,0.39999999999999997,0,calibration
0.29551399999763817,19,-264.0,-96.0,20.0,True,268.7121207769095,-123.97484897055244,-288.67612451940613,258.7919081233553,28.365802463445036,27,calibration,2,dot,0.39999999999999997,0,calibration
0.31154629999946337,20,-213.0,-42.0,20.0,True,255.04268993761795,-123.3050426777359,-274.30503899986854,264.68356631683963,31.22604273987684,27,calibration,2,dot,0.39999999999999997,0,calibration
0.3282997000060277,21,-172.0,-16.0,20.0,True,242.8610369696952,-120.98897582349298,-260.20577808351675,268.5757910338405,33.723732394228364,27,calibration,2,dot,0.39999999999999997,0,calibration
0.3453219000075478,22,-111.0,10.0,20.0,True,232.28165719784704,-117.0141102678832,-246.0789620279063,271.2377547219908,33.99723768947588,27,calibration,2,dot,0.39999999999999997,0,calibration
0.36177699999825563,23,-46.0,35.0,20.0,True,223.46863271430252,-111.36281079341404,-231.4447650667907,273.5301967490077,31.391348864627435,27,calibration,2,dot,0.39999999999999997,0,calibration
0.37805650000518654,24,-6.0,42.0,20.0,True,216.72402721516,-104.02625570026046,-215.8523381091353,274.87346966966396,30.718798576759262,27,calibration,2,dot,0.39999999999999997,0,calibration
0.3947885999950813,25,27.0,43.0,20.0,True,213.08182285922507,-94.01157803728472,-199.5203737440387,275.3044075329552,26.2631048930034,27,calibration,2,dot,0.39999999999999997,0,calibration
0.4117943000019295,26,68.0,35.0,20.0,True,212.64989893891016,-81.76256798180724,-182.56151935704676,274.3346327915801,24.336048343385492,27,calibration,2,dot,0.39999999999999997,0,calibration
0.42874489999667276,27,89.0,24.0,20.0,True,214.975543877722,-68.80189351749416,-164.76592573630023,271.33963177627777,25.01629618320582,27,calibration,2,dot,0.39999999999999997,0,calibration
0.4450795000011567,28,104.0,11.0,19.849433241279208,True,219.91213136717136,-56.15578994105129,-144.0969820806159,265.8807073550774,24.477754939442658,27,calibration,2,dot,0.39999999999999997,0,calibration
0.46169389999704435,29,118.0,-23.0,20.0,True,227.41070674794364,-43.512683643453656,-122.58222335561805,256.58822247181064,26.345419348488566,27,calibration,2,dot,0.39999999999999997,0,calibration
0.478213099995628,30,122.0,-53.0,20.0,True,237.12485897185732,-28.321123878898536,-101.34370620793338,245.10991432011852,27.028942739817925,27,calibration,2,dot,0.39999999999999997,0,calibration
0.49473419999412727,31,117.0,-112.0,20.0,True,247.32865626185148,-12.167371334201363,-82.29010717955079,233.23968895910167,26.85487008600086,27,calibration,2,dot,0.39999999999999997,0,calibration
0.511608900007559,32,106.0,-160.0,20.0,True,256.87725169581347,3.0181961882757236,-64.04619716561348,220.96494721270767,26.05707406364186,27,calibration,2,dot,0.39999999999999997,0,calibration
0.5281191999965813,33,90.0,-197.0,20.0,True,265.26179469097565,14.965909836699431,-46.27743499982117,208.10082273023738,23.92128274227844,27,calibration,2,dot,0.39999999999999997,0,calibration
0.5451761000003899,34,61.0,-254.0,20.0,True,273.71147262902576,24.760910369745453,-28.06444600078007,195.5519673651646,22.066860911544328,27,calibration,2,dot,0.39999999999999997,0,calibration
0.5616603999951622,35,37.0,-286.0,20.0,True,283.9272075921442,34.14815150577215,-9.039992383266323,184.08379740158824,17.645002291259786,27,calibration,2,dot,0.39999999999999997,0,calibration
0.5787146999937249,36,14.0,-314.0,20.0,True,297.19813004501583,45.000647418227715,11.145628515826289,174.92446532074825,14.436195179120897,27,calibration,2,dot,0.39999999999999997,0,calibration
0.5950823000021046,37,-36.0,-354.0,20.0,True,314.4439470246174,57.566909487917975,31.46231659759398,170.9396584618452,7.059004665256367,27,calibration,2,dot,0.39999999999999997,0,calibration
0.6112910999945598,38,-65.0,-372.0,20.0,True,334.1017593058415,72.18225780929757,50.0110028750167,173.89546936355137,1.4888928112261568,27,calibration,2,dot,0.39999999999999997,0,calibration
0.6286034999939147,39,-102.0,-387.0,20.0,True,355.0277596041887,86.70547384759053,63.7610992010995,183.80672270401107,0.08156256409934892,27,calibration,2,dot,0.39999999999999997,0,calibration
0.6452257000055397,40,-156.0,-404.0,20.0,True,374.06425824171953,99.82549839300731,73.07195843459682,198.46967002300067,3.8196810598405673,27,calibration,2,dot,0.39999999999999997,0,calibration
0.6618468999949982,41,-190.0,-412.0,20.0,True,384.9913658979251,108.54330096348622,79.20052855668888,214.34570540953737,7.68795659951274,27,calibration,2,dot,0.39999999999999997,0,calibration
0.6781058000051416,42,-237.0,-414.0,20.0,True,384.1465840699948,111.4961970084829,82.49319833258991,229.99797527573403,13.279568359387401,27,calibration,2,dot,0.39999999999999997,0,calibration
0.6947886999987531,43,-261.0,-413.0,20.0,True,383.96741058944303,112.11167470534916,84.26333367609698,243.45359012980887,16.89405330764877,27,calibration,2,dot,0.39999999999999997,0,calibration
0.7120891999948071,44,-278.0,-410.0,17.26267650163207,True,384.44033972517565,110.47907128497918,84.90524064557158,256.0386167065078,18.321462119668258,27,calibration,2,dot,0.39999999999999997,0,calibration
0.728091900004074,45,-305.0,-401.0,20.0,True,385.1816267876585,107.86618740464007,85.0613054357463,269.04437054430696,24.10465251554679,27,calibration,2,dot,0.39999999999999997,0,calibration
0.7446964999980992,46,-319.0,-393.0,16.1245154965971,True,386.05751180267873,104.68809665250649,84.95190832398252,282.94666388103406,21.18293118492603,27,calibration,2,dot,0.39999999999999997,0,calibration
0.7618249000079231,47,-338.0,-373.0,20.0,True,386.89574138295546,101.54646867190046,85.2747654693834,297.46837963293126,26.417881244033264,27,calibration,2,dot,0.39999999999999997,0,calibration
0.7782153000007384,48,-350.0,-357.0,20.0,True,387.68424108486846,98.49329527663079,85.30723198249434,312.15179019135974,26.484999749510393,27,calibration,2,dot,0.39999999999999997,0,calibration
0.7957718999969075,49,-360.0,-341.0,18.867962264113206,True,388.415952344078,95.56698156080346,84.90442050225106,327.1911676688871,25.092510940717215,27,calibration,2,dot,0.39999999999999997,0,calibration
0.8116277999943122,50,-371.0,-316.0,20.0,True,389.0810587371985,92.82203257815847,84.30613514898802,341.7935769788028,25.52998549064953,27,calibration,2,dot,0.39999999999999997,0,calibration
0.8280909000022803,51,-376.0,-297.0,19.6468827043885,True,389.73547769443405,90.034756768102,83.82406043079915,355.42256293740485,23.326761564303478,27,calibration,2,dot,0.39999999999999997,0,calibration
0.8451929000002565,52,-376.0,-277.0,20.0,True,390.22734024159445,87.8784554254959,83.93408263425226,367.4440458213505,18.55199633169347,27,calibration,2,dot,0.39999999999999997,0,calibration
0.8615061000018613,53,-366.0,-244.0,20.0,True,390.40477562980976,87.08680247567882,84.94210268291533,378.0168858455904,10.749830070201831,27,calibration,2,dot,0.39999999999999997,0,calibration
0.8783981000015046,54,-349.0,-209.0,20.0,True,390.10993466736755,88.39818365680493,86.29923672297618,388.43276405394073,5.09655088270854,27,calibration,2,dot,0.39999999999999997,0,calibration
0.8949475999979768,55,-313.0,-165.0,20.0,True,389.3847514301571,91.53969277682077,86.03054242590406,390.6388943383707,-0.9434455446669654,27,calibration,2,dot,0.39999999999999997,0,calibration
0.9114837999950396,56,-240.0,-107.0,20.0,True,388.3720032742601,95.74542846913417,85.00934754509848,390.86239372694405,-5.5874144917608515,27,calibration,2,dot,0.39999999999999997,0,calibration
0.9284875000012107,57,-187.0,-73.0,20.0,True,386.9957018903514,101.16484922340487,83.14391546446628,391.26345257541965,-8.42114046321873,27,calibration,2,dot,0.39999999999999997,0,calibration
0.945464999997057,58,-134.0,-48.0,20.0,True,385.2875986441989,107.48705192248357,80.32217618720809,391.8524569433642,-11.49641856552252,27,calibration,2,dot,0.39999999999999997,0,calibration
0.9616124000021955,59,-70.0,-31.0,20.0,True,383.09632967334835,115.05304077167709,76.38447928548449,392.6390343869104,-14.73584271715418,27,calibration,2,dot,0.39999999999999997,0,calibration
0.9790422999940347,60,-29.0,-23.0,20.0,True,380.4924846906651,123.39152764239519,70.57764627187892,393.72426372617866,-17.225734614942375,27,calibration,2,dot,0.39999999999999997,0,calibration
0.9955753999965964,61,34.0,-14.0,20.0,True,377.5610617405147,132.08953273206498,62.940525090822334,395.0170759616495,-19.358728556424573,27,calibration,2,dot,0.39999999999999997,0,calibration
1.0120863000047393,62,68.0,-14.0,20.0,True,374.4825374572149,140.5803298459839,52.16572715746802,396.5838333948228,-24.220239915240896,27,calibration,2,dot,0.39999999999999997,0,calibration
1.028695200002403,63,98.0,-18.0,20.0,True,371.5246262730644,148.22095692802634,37.15552851204352,398.2705948234073,-29.36470056551069,27,calibration,2,dot,0.39999999999999997,0,calibration
1.044922500004759,64,136.0,-35.0,20.0,True,368.6636582802473,155.2002160546983,19.695328099811285,396.4730717918726,-23.562959505756645,27,calibration,2,dot,0.39999999999999997,0,calibration
1.0618354000034742,65,160.0,-60.0,20.0,True,365.85391620190273,161.7124361319536,3.376152027022325,387.2330870757897,-2.9596671018163923,27,calibration,2,dot,0.39999999999999997,0,calibration
1.078453599999193,66,166.0,-69.0,10.816653826391969,True,362.4635719204726,169.17493617747397,-14.034483922299163,374.7238717168139,3.961139850019441,27,calibration,2,dot,0.39999999999999997,0,calibration
1.0950783000007505,67,176.0,-93.0,20.0,True,358.09616485942274,178.23337710140916,-32.119460049538816,361.1153680657302,16.263358967535254,27,calibration,2,dot,0.39999999999999997,0,calibration
1.1122907999961171,68,181.0,-119.0,20.0,True,352.63003418172303,188.8175282991407,-50.72363951601036,347.8587529321148,24.02486938098173,27,calibration,2,dot,0.39999999999999997,0,calibration
1.1290433999965899,69,181.0,-167.0,20.0,True,346.75110021326594,199.4083110125794,-67.60507136168862,336.3708627740526,29.774667236409126,27,calibration,2,dot,0.39999999999999997,0,calibration
1.1457904999988386,70,177.0,-200.0,20.0,True,340.9449910881626,209.18057522602982,-81.96560650566731,326.66128159730226,32.74518642368823,27,calibration,2,dot,0.39999999999999997,0,calibration
1.162052700005006,71,172.0,-238.0,20.0,True,335.80072830637516,217.34274975003885,-93.25018443964727,317.86685289487286,34.01982527254309,27,calibration,2,dot,0.39999999999999997,0,calibration
1.1791421999951126,72,161.0,-285.0,20.0,True,331.1521565892196,224.36187106170468,-101.90431272667425,309.5215385212237,36.79837824048688,27,calibration,2,dot,0.39999999999999997,0,calibration
1.195624100000714,73,150.0,-316.0,20.0,True,326.7135865639554,230.77745200629286,-109.59363553568024,300.6773423458846,38.2142616456637,27,calibration,2,dot,0.39999999999999997,0,calibration
1.2123182000068482,74,135.0,-347.0,20.0,True,322.146855442696,237.1105301929518,-117.06845163758683,291.04604931204915,38.070524370197056,27,calibration,2,dot,0.39999999999999997,0,calibration
1.2284126000013202,75,107.0,-393.0,20.0,True,317.1095631600939,243.80632672761882,-124.71252984889551,280.797925506624,37.121377519450704,27,calibration,2,dot,0.39999999999999997,0,calibration
1.245126399997389,76,83.0,-427.0,20.0,True,311.7341318268512,250.64283563301655,-132.5312634542663,269.047120407099,36.24585370366746,27,calibration,2,dot,0.39999999999999997,0,calibration
1.2620205999992322,77,53.0,-454.0,20.0,True,305.8563713457782,257.7826218099146,-140.82165295833704,257.1384794400602,31.747127471551018,27,calibration,2,dot,0.39999999999999997,0,calibration
1.2784575999976369,78,10.0,-484.0,20.0,True,298.29484262958346,266.49612916624517,-148.9048283483967,245.50376406896743,25.441408063234682,27,calibration,2,dot,0.39999999999999997,0,calibration
1.2957771999936085,79,-14.0,-498.0,20.0,True,288.6032013926741,276.9624381498321,-155.7426857315161,235.2162142116943,18.495144717148552,27,calibration,2,dot,0.39999999999999997,0,calibration
1.3126136000064434,80,-54.0,-514.0,20.0,True,276.73641632866565,288.8199367730134,-162.05176575503475,225.36207870745963,10.080339267174041,27,calibration,2,dot,0.39999999999999997,0,calibration
1.3284509000077378,81,-99.0,-525.0,20.0,True,264.58350065831013,299.98821924378774,-168.26116618421648,215.24961868618078,3.1214797993635535,27,calibration,2,dot,0.39999999999999997,0,calibration
1.3451109000016004,82,-113.0,-525.0,14.0,True,251.73125721837204,309.5101948965214,-175.24559201567124,204.84316076299862,-3.4471012776516625,27,calibration,2,dot,0.39999999999999997,0,calibration
1.3621165000076871,83,-153.0,-528.0,20.0,True,238.58848105312222,317.37291661314975,-182.07984348178073,193.5030015764871,-4.77145243586868,27,calibration,2,dot,0.39999999999999997,0,calibration
1.379154499998549,84,-177.0,-530.0,20.0,True,224.56544856946513,323.5589572697754,-188.39105502853968,181.05538354321206,-7.070605460060884,27,calibration,2,dot,0.39999999999999997,0,calibration
1.3957649000076344,85,-199.0,-530.0,20.0,True,209.96869579240507,327.61997181031575,-194.19106625224936,167.17420461176962,-11.557551785975127,27,calibration,2,dot,0.39999999999999997,0,calibration
1.4124469999951543,86,-238.0,-529.0,20.0,True,194.56843175100715,329.8601733978529,-199.38254043368778,152.43695126747622,-13.699581388978059,27,calibration,2,dot,0.39999999999999997,0,calibration
1.4286399999982677,87,-266.0,-526.0,20.0,True,178.65648032571065,330.1485135988549,-204.37597065723978,137.78244997788076,-15.524352694870377,27,calibration,2,dot,0.39999999999999997,0,calibration
1.4447937000077218,88,-294.0,-525.0,20.0,True,163.06892967302824,328.8312872896672,-208.8706299456494,124.425127124382,-14.158331157794631,27,calibration,2,dot,0.39999999999999997,0,calibration
1.462040700003854,89,-331.0,-520.0,20.0,True,148.13528399836022,326.218046651678,-213.24256552864682,112.91282678975713,-14.528888578517368,27,calibration,2,dot,0.39999999999999997,0,calibration
1.4784218999993755,90,-344.0,-519.0,13.038404810405298,True,134.85757731612833,323.11430439761205,-217.667069248769,101.69941760469636,-8.589892344466016,27,calibration,2,dot,0.39999999999999997,0,calibration
1.495397899998352,91,-358.0,-519.0,14.0,True,123.54402982178466,320.0513404758221,-222.2953055573161,90.4036590980915,-8.20553117003719,27,calibration,2,dot,0.39999999999999997,0,calibration
1.5119663000077708,92,-364.0,-519.0,6.0,True,114.62377006897104,317.15505635896005,-227.40461307342264,77.90345998112865,-3.4366124406029743,27,calibration,2,dot,0.39999999999999997,0,calibration
1.528387099999236,93,-368.0,-519.0,4.0,True,107.32199386705052,313.9079252153454,-233.089713503442,64.04104997239588,-2.137134886633238,27,calibration,2,dot,0.39999999999999997,0,calibration
1.5454339999996591,94,-370.0,-519.0,2.0,True,100.8527700852651,309.90657757541715,-239.5681830111908,48.30814046313674,-0.9394104352221634,27,calibration,2,dot,0.39999999999999997,0,calibration
1.5621836000063922,95,-372.0,-517.0,2.8284271247461903,True,95.6074891583989,305.2951369362872,-247.2871348191,31.596313544921134,-1.1585512015414796,27,calibration,2,dot,0.39999999999999997,0,calibration
1.5783441999956267,96,-372.0,-517.0,0.0,False,91.3068479594816,300.0711904751856,-245.91348088617764,13.617241930575968,0.0,27,calibration,2,dot,0.39999999999999997,0,calibration
1.5950786000030348,97,-372.0,-517.0,0.0,False,88.20949887444839,294.3332391038417,-243.3526372716992,-4.378139955034285,0.0,27,calibration,2,dot,0.39999999999999997,0,calibration
1.6117836000048555,98,-372.0,-517.0,0.0,False,86.0375854982478,287.4761275669952,-241.0283231991865,-21.956450074493283,0.0,27,calibration,2,dot,0.39999999999999997,0,calibration
1.6284372999944026,99,-372.0,-517.0,0.0,False,84.94993096823886,279.3799586285336,-239.25453893908204,-39.21989518192599,0.0,27,calibration,2,dot,0.39999999999999997,0,calibration
1.6451088000030722,100,-372.0,-517.0,0.0,False,84.72358813116988,270.2409828945651,-238.01999047282789,-56.086358091411334,0.0,27,calibration,2,dot,0.39999999999999997,0,calibration
1.6617327999992995,101,-372.0,-517.0,0.0,False,85.6644848693409,260.5052808321299,-237.29648607128647,-72.75652134286747,0.0,27,calibration,2,dot,0.39999999999999997,0,calibration
1.6787370999954874,102,-372.0,-517.0,0.0,False,89.60523695450875,249.08545984706154,-237.49097997300345,-87.82849974648276,0.0,27,calibration,2,dot,0.39999999999999997,0,calibration
1.6952340999996522,103,-372.0,-517.0,0.0,False,96.65303523697108,236.45139447038474,-239.25093953849128,-101.1075454216481,0.0,27,calibration,2,dot,0.39999999999999997,0,calibration
1.711955399994622,104,-372.0,-517.0,0.0,False,106.40880175321584,222.71779995765294,-243.3256541276061,-112.41601135400624,0.0,27,calibration,2,dot,0.39999999999999997,0,calibration
1.728246400001808,105,-372.0,-517.0,0.0,False,117.10670773707749,209.78346083611459,-249.6602410647603,-122.93483136212093,0.0,27,calibration,2,dot,0.39999999999999997,0,calibration
1.745396800004528,106,-372.0,-517.0,0.0,False,128.46298247891656,197.03592939210378,-257.58172787160936,-133.07295287224372,0.0,27,calibration,2,dot,0.39999999999999997,0,calibration
1.7616796999936923,107,-372.0,-517.0,0.0,False,140.44516010206272,184.55502751145147,-266.3864861857368,-142.88829777985902,0.0,27,calibration,2,dot,0.39999999999999997,0,calibration
1.7785639000067022,108,-372.0,-517.0,0.0,False,152.6155818878185,171.8779455260665,-274.97562408640727,-151.62509241275507,0.0,27,calibration,2,dot,0.39999999999999997,0,calibration
1.7950793000054546,109,-372.0,-517.0,0.0,False,165.0655579794199,159.40405024079635,-283.46867557582135,-159.28527582680402,0.0,27,calibration,2,dot,0.39999999999999997,0,calibration
1.811698499994236,110,-372.0,-517.0,0.0,False,177.10652880259912,147.1655568569715,-291.6709715030229,-165.16381426489986,0.0,27,calibration,2,dot,0.39999999999999997,0,calibration
1.828194200003054,111,-438.0,-599.0,20.0,True,188.57322809958407,135.37206127708643,-300.96245195025494,-171.3235149085321,16.63207792583474,27,calibration,2,dot,0.39999999999999997,0,calibration
1.845268400007626,112,-513.0,-599.0,20.0,True,199.42295859879894,123.80683635626698,-311.3248017097773,-173.65772803574444,33.19485552372215,27,calibration,2,dot,0.39999999999999997,0,calibration
1.8616233000066131,113,-605.0,-599.0,20.0,True,211.402471183736,110.68726131589392,-322.51952795457737,-174.7114426380973,33.3978474857054,27,calibration,2,dot,0.39999999999999997,0,calibration
1.8783156999998027,114,-663.0,-599.0,20.0,True,225.0358012131226,95.92739850027515,-334.51975802183915,-175.07672092493385,33.5610939544018,27,calibration,2,dot,0.39999999999999997,0,calibration
1.8948012000037124,115,-712.0,-599.0,20.0,True,239.9393125271596,80.04443208948727,-348.6892433593586,-174.90022029819755,33.683735710397066,27,calibration,2,dot,0.39999999999999997,0,calibration
1.9127115000010235,116,-770.0,-599.0,20.0,True,254.3264902361335,64.64782832708197,-361.2917551985223,-171.66323900466003,33.556732795384086,27,calibration,2,dot,0.39999999999999997,0,calibration
1.928631899994798,117,-807.0,-599.0,20.0,True,267.7911887271425,50.037007709152604,-365.77552193717116,-161.88967710014762,33.041307502516936,27,calibration,2,dot,0.39999999999999997,0,calibration
1.9449861000030069,118,-835.0,-599.0,20.0,True,280.1251673463197,35.824322435298285,-370.9660875749884,-149.6133746337739,31.94798031122586,27,calibration,2,dot,0.39999999999999997,0,calibration
1.9616081999993185,119,-885.0,-599.0,20.0,True,291.35224053599217,21.885523389622815,-376.4499957954678,-135.2235211255507,30.62042374006328,27,calibration,2,dot,0.39999999999999997,0,calibration
1.978502900004969,120,-920.0,-599.0,20.0,True,301.3901664761598,7.080242813902066,-381.99762909110666,-118.64995309216661,28.36909111933179,27,calibration,2,dot,0.39999999999999997,0,calibration
1.9953502999997,121,-954.0,-599.0,20.0,True,310.4118783729613,-9.759607166029125,-387.3237786044071,-99.9014040321966,25.61779418845483,27,calibration,2,dot,0.39999999999999997,0,calibration
2.011750200006645,122,-960.0,-599.0,6.0,True,319.1777460714787,-29.41648235598786,-391.9197292093172,-79.9932863213877,7.063930040373627,27,calibration,2,dot,0.39999999999999997,0,calibration
2.0287105000024894,123,-960.0,-599.0,0.0,False,327.7641178349244,-50.700134771268836,-395.98035465099946,-56.56464205198034,0.0,27,calibration,2,dot,0.39999999999999997,0,calibration
2.045265399996424,124,-960.0,-599.0,0.0,False,336.2696759279606,-73.56065576818261,-398.5482245826698,-34.048681061119254,0.0,27,calibration,2,dot,0.39999999999999997,0,calibration
2.0623780000023544,125,-960.0,-599.0,0.0,False,343.86401834531927,-96.73491364301813,-399.77881483274984,-13.300346270753767,0.0,27,calibration,2,dot,0.39999999999999997,0,calibration
2.0789464999979828,126,-960.0,-599.0,0.0,False,350.63309927083094,-119.6415961728435,-399.9384640823484,7.016049276629982,0.0,27,calibration,2,dot,0.39999999999999997,0,calibration
2.0952795000048354,127,-960.0,-599.0,0.0,False,356.57240503692066,-141.3899012000004,-399.0580084738423,27.435485650718743,0.0,27,calibration,2,dot,0.39999999999999997,0,calibration
2.1119634000060614,128,-960.0,-598.0,1.0,True,361.7833529426047,-162.0801624386366,-397.1309032758597,47.82306622645398,1.9695008905479476,27,calibration,2,dot,0.39999999999999997,0,calibration
2.128516099997796,129,-960.0,-593.0,5.0,True,358.0116847516265,-178.4030088908312,-394.51164292286376,66.03456366406039,9.885522402569187,27,calibration,2,dot,0.39999999999999997,0,calibration
2.14598470000783,130,-960.0,-588.0,5.0,True,350.90294360700494,-192.0081356816401,-391.3052635300968,82.94691515446168,9.930961358820781,27,calibration,2,dot,0.39999999999999997,0,calibration
2.1615222999971593,131,-960.0,-557.0,20.0,True,344.09010881063324,-203.96567607979185,-387.5917928243464,98.85647239917562,39.846605473458254,27,calibration,2,dot,0.39999999999999997,0,calibration
2.178705500002252,132,-959.0,-532.0,20.0,True,337.5758770424935,-214.57522512860447,-383.18192818616774,114.76763442508792,39.88165134517183,27,calibration,2,dot,0.39999999999999997,0,calibration
2.195324600004824,133,-918.0,-390.0,20.0,True,331.1129864463194,-224.41967428592247,-378.14705447452246,130.4024738731691,38.85872151451681,27,calibration,2,dot,0.39999999999999997,0,calibration
2.2119021999969846,134,-873.0,-310.0,20.0,True,324.5881529415531,-233.75741906940826,-372.6303162563144,145.41886881254115,37.22394547095477,27,calibration,2,dot,0.39999999999999997,0,calibration
2.2287263000034727,135,-787.0,-204.0,20.0,True,318.04255443856147,-242.58799138909302,-366.96619596569576,159.1722683713045,35.617043725808784,27,calibration,2,dot,0.39999999999999997,0,calibration
2.2451503000047524,136,-715.0,-144.0,20.0,True,310.81594495057305,-251.78055596984123,-361.2066537682852,171.84223367239545,33.922718639448846,27,calibration,2,dot,0.39999999999999997,0,calibration
2.261810500000138,137,-632.0,-85.0,20.0,True,298.12224936261543,-261.76725882502,-354.95681107560836,184.40624249475636,33.551437177818045,27,calibration,2,dot,0.39999999999999997,0,calibration
2.27857049999875,138,-505.0,-14.0,20.0,True,278.20828052672306,-272.0892317038748,-348.8277842642677,195.75284653174657,32.30192315659694,27,calibration,2,dot,0.39999999999999997,0,calibration
2.295634299996891,139,-416.0,24.0,20.0,True,252.5359978729067,-281.35399534036884,-342.79696396013037,206.1316120824679,30.650908405295397,27,calibration,2,dot,0.39999999999999997,0,calibration
2.312108400001307,140,-290.0,76.0,20.0,True,225.9607274914027,-288.1452426380412,-337.79019155130135,214.23768690810488,29.685997156386602,27,calibration,2,dot,0.39999999999999997,0,calibration
2.3284640000056243,141,-215.0,100.0,20.0,True,201.49022800794373,-292.3310612877158,-333.19130264369915,221.322289529534,27.358762902213243,27,calibration,2,dot,0.39999999999999997,0,calibration
2.3450479000021005,142,-153.0,110.0,20.0,True,179.99922740416264,-294.2677908432507,-329.26842707690804,227.11737698885764,22.675254161181513,27,calibration,2,dot,0.39999999999999997,0,calibration
2.361858799995389,143,-109.0,112.0,20.0,True,159.88970061229026,-293.7209854847065,-326.0789469080993,231.67330528851394,17.479742532615894,27,calibration,2,dot,0.39999999999999997,0,calibration
2.378184400004102,144,-60.0,102.0,20.0,True,139.5620032320338,-290.64667285139734,-324.5382424869683,233.82670754956496,6.181020422962731,27,calibration,2,dot,0.39999999999999997,0,calibration
2.3948572000081185,145,-37.0,94.0,20.0,True,118.13827598892495,-285.1469959613928,-324.9028996075207,233.31975018550258,0.2500205318804194,27,calibration,2,dot,0.39999999999999997,0,calibration
2.412055099994177,146,-14.0,80.0,20.0,True,97.11625374389253,-277.9407111941846,-326.6871783713469,230.81483376890617,3.611114605968575,27,calibration,2,dot,0.39999999999999997,0,calibration
2.428277099999832,147,-7.0,73.0,9.899494936611665,True,76.94147438345655,-267.98706862956635,-329.0396692604877,227.4486668524325,6.5068207222826135,27,calibration,2,dot,0.39999999999999997,0,calibration
2.445099599994137,148,-1.0,64.0,10.816653826391969,True,60.282224313109324,-256.312092000624,-331.7099419703966,223.53638271654154,10.74251127417258,27,calibration,2,dot,0.39999999999999997,0,calibration
2.4614059000014095,149,2.0,46.0,18.24828759089466,True,45.49720835038916,-238.93644927483007,-334.3821369201998,219.51898894783736,24.035190284392712,27,calibration,2,dot,0.39999999999999997,0,calibration
2.4781102999986615,150,2.0,22.0,20.0,True,32.15643375086327,-216.8971844445065,-337.33751971101645,214.9497564437317,30.146208452716785,27,calibration,2,dot,0.39999999999999997,0,calibration
2.4949677999975393,151,-3.0,-10.0,20.0,True,19.258962295458474,-191.59280799296192,-340.52227587508486,209.86800526248058,31.90800540318228,27,calibration,2,dot,0.39999999999999997,0,calibration
2.5116935999976704,152,-16.0,-57.0,20.0,True,9.14220929111903,-169.9851543224567,-344.21470978590577,203.75532770213556,32.724866578898094,27,calibration,2,dot,0.39999999999999997,0,calibration
2.5281961000000592,153,-30.0,-97.0,20.0,True,3.271735441050458,-154.37642070274032,-347.819724316883,197.5384503739146,34.05925110768065,27,calibration,2,dot,0.39999999999999997,0,calibration
2.5452575999952387,154,-55.0,-140.0,20.0,True,1.3007305790711263,-143.45707165204902,-351.4280745571652,191.0453046087329,35.00826842989282,27,calibration,2,dot,0.39999999999999997,0,calibration
2.561577100001159,155,-101.0,-203.0,20.0,True,2.2763602102513136,-133.9275434474098,-355.07629259235443,184.17607455603098,37.269279033328154,27,calibration,2,dot,0.39999999999999997,0,calibration
2.5782629000023007,156,-142.0,-241.0,20.0,True,6.358341728317861,-122.96557743440155,-358.8177162919506,176.77626106191195,37.50423573857506,27,calibration,2,dot,0.39999999999999997,0,calibration
2.595296100000269,157,-233.0,-294.0,20.0,True,13.59130150541478,-108.15073472319155,-362.94691063846875,168.13548125839287,34.73965713293911,27,calibration,2,dot,0.39999999999999997,0,calibration
2.6116802000033204,158,-290.0,-320.0,20.0,True,23.548937392456573,-89.22866490258868,-367.3813155710657,158.21178517820042,32.575023796234476,27,calibration,2,dot,0.39999999999999997,0,calibration
2.6284747000026982,159,-350.0,-341.0,20.0,True,34.23499361658132,-67.98757171354106,-372.0349429941353,146.93536399162213,29.910036904505688,27,calibration,2,dot,0.39999999999999997,0,calibration
2.644815000006929,160,-445.0,-362.0,20.0,True,43.81195438979431,-47.627103923372175,-376.69061383447155,134.55177980617367,26.301650726100327,27,calibration,2,dot,0.39999999999999997,0,calibration
2.66193740000017,161,-491.0,-369.0,20.0,True,51.40892393279882,-29.891810701294535,-381.0474111246397,121.66704761442124,23.87114785744768,27,calibration,2,dot,0.39999999999999997,0,calibration
2.67889660000219,162,-535.0,-369.0,20.0,True,56.895368890243184,-14.418052586153024,-385.5756525529372,106.44912474218224,17.38981038533819,27,calibration,2,dot,0.39999999999999997,0,calibration
2.6961953999998514,163,-589.0,-364.0,20.0,True,60.91995827554037,0.2154566580418944,-389.668656363651,90.32351990343854,12.2102730684987,27,calibration,2,dot,0.39999999999999997,0,calibration
2.711650600002031,164,-622.0,-357.0,20.0,True,64.2882638171457,16.413718834567543,-393.34090595526374,72.68377881131637,5.80052496209729,27,calibration,2,dot,0.39999999999999997,0,calibration
2.729275699995924,165,-647.0,-349.0,20.0,True,68.93677566148399,35.50991150775815,-396.1548369275209,55.32942416950793,1.2847603956059155,27,calibration,2,dot,0.39999999999999997,0,calibration
2.7449979999946663,166,-679.0,-339.0,20.0,True,74.3353408413838,57.40943255746251,-398.26405283356866,37.22558556396941,-0.1911288926101523,27,calibration,2,dot,0.39999999999999997,0,calibration
2.761727200006135,167,-692.0,-332.0,14.7648230602334,True,79.83698769654926,79.87851281612635,-399.59128541512405,18.077738251476276,-7.663704121536597,27,calibration,2,dot,0.39999999999999997,0,calibration
2.7788154000008944,168,-706.0,-321.0,17.804493814764857,True,83.58415999480658,100.48611869044515,-399.99763335711475,-1.3759755474626287,-18.828452870726416,27,calibration,2,dot,0.39999999999999997,0,calibration
2.7949346999957925,169,-712.0,-312.0,10.816653826391969,True,85.80957252424122,117.94162893677935,-392.68244060867846,-19.092980341876732,-18.77757498068087,27,calibration,2,dot,0.39999999999999997,0,calibration
2.8115883999998914,170,-717.0,-295.0,17.72004514666935,True,86.99108057265408,132.36487387696394,-378.6331373404936,-30.714256841381086,-31.223251842761293,27,calibration,2,dot,0.39999999999999997,0,calibration
2.828147499996703,171,-710.0,-233.0,20.0,True,87.70496434032265,145.6707694198781,-361.20758642003466,-37.80411423931327,-25.376780154939258,27,calibration,2,dot,0.39999999999999997,0,calibration
2.8452512999938335,172,-682.0,-157.0,20.0,True,88.01489484915142,159.8933806743351,-341.94085921739025,-43.75718745201225,-17.847271964471904,27,calibration,2,dot,0.39999999999999997,0,calibration
2.8615063000033842,173,-644.0,-86.0,20.0,True,87.69571832906676,175.797566118459,-319.4266636819459,-50.62351050192517,-13.557176600713607,27,calibration,2,dot,0.39999999999999997,0,calibration
2.8778538000042317,174,-567.0,4.0,20.0,True,87.05880967119845,194.4310296209575,-295.9748361042149,-58.92187857834182,-7.556251503074752,27,calibration,2,dot,0.39999999999999997,0,calibration
2.8946107999945525,175,-506.0,58.0,20.0,True,86.51101904767492,213.34871977177593,-273.95545171756737,-68.04631257599229,-4.058178887544026,27,calibration,2,dot,0.39999999999999997,0,calibration
2.9114161000034073,176,-436.0,109.0,20.0,True,85.48490154743124,232.0118518969824,-256.45343194210955,-76.46909264552754,-1.4132881707095946,27,calibration,2,dot,0.39999999999999997,0,calibration
2.928126400001929,177,-331.0,176.0,20.0,True,82.65063347587426,248.20683245265013,-242.49214052209877,-84.29824006588373,1.7527708981038193,27,calibration,2,dot,0.39999999999999997,0,calibration
2.9449013999983435,178,-263.0,213.0,20.0,True,77.53636616285418,262.73239887971175,-231.22277367881338,-91.69038240596359,6.264552471235543,27,calibration,2,dot,0.39999999999999997,0,calibration
2.962030299997423,179,-167.0,257.0,20.0,True,70.63517015271574,275.6332252735002,-221.679530499315,-99.12898835076452,10.444965321673873,27,calibration,2,dot,0.39999999999999997,0,calibration
2.9783544999954756,180,-115.0,280.0,20.0,True,62.80084669701367,287.2077205927363,-213.67464324049118,-106.33751921910552,11.730977834797852,27,calibration,2,dot,0.39999999999999997,0,calibration
2.995033600003808,181,-61.0,296.0,20.0,True,54.358554936948096,297.28713275089,-207.50488923508007,-113.02092625627166,16.789541395582958,27,calibration,2,dot,0.39999999999999997,0,calibration
0.0011895000061485916,1,143.0,155.0,20.0,True,301.04034046400227,3.9769396838330624,-304.0790692785866,-8.718276531198402,36.714991466252876,28,calibration,2,square,0.35,0,calibration
0.009215900005074218,2,143.0,155.0,0.0,False,301.2484085568027,12.881850212158446,-312.76640270396183,-26.68108825467531,0.0,28,calibration,2,square,0.35,0,calibration
0.025644900000770576,3,165.0,164.0,20.0,True,304.4548464954579,23.225187172338824,-323.4926948203103,-46.88208032234679,28.08347602703277,28,calibration,2,square,0.35,0,calibration
0.043038500007241964,4,225.0,179.0,20.0,True,308.2583029981719,35.2851260283113,-334.2950770502573,-66.04074709450236,24.21698855734972,28,calibration,2,square,0.35,0,calibration
0.05975580000085756,5,307.0,184.0,20.0,True,311.1857373488179,49.706797987400606,-344.9965817343154,-84.19842782646998,16.348886272796413,28,calibration,2,square,0.35,0,calibration
0.07622660000924952,6,354.0,178.0,20.0,True,311.88227997292284,66.25930008640316,-355.7276222947029,-101.78818417250015,6.47389704234758,28,calibration,2,square,0.35,0,calibration
0.09271870000520721,7,407.0,161.0,20.0,True,309.0590815302262,83.82065660133559,-366.120589677203,-118.32254761839619,-4.090837380066451,28,calibration,2,square,0.35,0,calibration
0.10923640000692103,8,429.0,147.0,20.0,True,301.43567562084024,100.46807914943855,-376.0545147969614,-134.31619967623405,-17.006348336515714,28,calibration,2,square,0.35,0,calibration
0.12618010000733193,9,443.0,137.0,17.204650534085253,True,290.0524710974759,115.20086652757385,-372.80237921796754,-144.97719147997984,-17.50979764439862,28,calibration,2,square,0.35,0,calibration
0.14250660000834614,10,455.0,120.0,20.0,True,271.2403919380232,123.92357847920447,-368.70855472745535,-155.093525560518,-24.842752783880265,28,calibration,2,square,0.35,0,calibration
0.15933019999647513,11,458.0,105.0,15.297058540778355,True,246.5191699793184,126.23480963966558,-364.52299549928324,-164.69057578449818,-15.098967205809275,28,calibration,2,square,0.35,0,calibration
0.1761458999972092,12,456.0,79.0,20.0,True,218.32749972094192,125.50137266291463,-360.5796114340683,-173.15410424837268,-14.965435213806327,28,calibration,2,square,0.35,0,calibration
0.19257860000652727,13,434.0,15.0,20.0,True,191.22874213249412,123.80592435259373,-357.2245457479271,-179.97395343545443,-11.18024459447858,28,calibration,2,square,0.35,0,calibration
0.20919980001053773,14,415.0,-23.0,20.0,True,167.18200704702716,122.12301914474946,-354.9343882418769,-184.4493969720818,-8.83541577511902,28,calibration,2,square,0.35,0,calibration
0.22586150000279304,15,375.0,-77.0,20.0,True,144.92921392063323,120.48713369069552,-353.8801274549151,-186.46408606617265,-6.1484708147393725,28,calibration,2,square,0.35,0,calibration
0.2422082999983104,16,345.0,-106.0,20.0,True,123.35656283244401,119.49110190073215,-354.0334627519715,-186.1727886986936,-4.02622757449655,28,calibration,2,square,0.35,0,calibration
0.25933320001058746,17,298.0,-135.0,20.0,True,101.4010237478696,118.78835721756872,-354.9722760646294,-184.37647145310194,-1.8100071233584214,28,calibration,2,square,0.35,0,calibration
0.27603649999946356,18,232.0,-164.0,20.0,True,80.5360764778672,118.24301317821877,-356.43129394558184,-181.53989285079538,-0.4036733968820516,28,calibration,2,square,0.35,0,calibration
0.2925783999962732,19,182.0,-180.0,20.0,True,60.8893933132649,117.54663077365834,-358.38623746149796,-177.64938727220752,0.8600472464892861,28,calibration,2,square,0.35,0,calibration
0.30977819999679923,20,139.0,-187.0,20.0,True,44.16149912028388,117.22307600506213,-361.09064540813563,-172.0858675160051,1.9487673718918397,28,calibration,2,square,0.35,0,calibration
0.3257930999970995,21,78.0,-195.0,20.0,True,30.683354022895223,116.88406983739438,-364.5998822070478,-164.52029022162242,3.8515759418356366,28,calibration,2,square,0.35,0,calibration
0.342532000009669,22,49.0,-195.0,20.0,True,19.148837871883472,116.88200434439514,-368.83068404743767,-154.80286336208124,4.027611053525151,28,calibration,2,square,0.35,0,calibration
0.35940190000110306,23,22.0,-194.0,20.0,True,8.70196916445083,116.93005880337515,-373.3235737964049,-143.6297644914877,4.8500502876740175,28,calibration,2,square,0.35,0,calibration
0.37576589999662247,24,-7.0,-187.0,20.0,True,-0.8939683503903826,116.73256962945807,-377.94609049827204,-130.98378784060242,2.584354458240694,28,calibration,2,square,0.35,0,calibration
0.39267230000405107,25,-21.0,-180.0,15.652475842498529,True,-9.49082197304637,115.68674173610758,-382.34224513002357,-117.53470801824011,-1.3021831872333842,28,calibration,2,square,0.35,0,calibration
0.4093431000073906,26,-33.0,-172.0,14.422205101855956,True,-17.25477529710833,113.03653335138911,-386.8311766798091,-101.79214482716363,-4.647622610117713,28,calibration,2,square,0.35,0,calibration
0.4256438000011258,27,-37.0,-168.0,5.656854249492381,True,-25.60069842299211,108.72568848149415,-391.0039329984893,-84.35593861556477,-3.7300574175049737,28,calibration,2,square,0.35,0,calibration
0.44251410001015756,28,-40.0,-164.0,5.0,True,-34.51756800228417,103.95997705731286,-394.6242508468894,-65.35824847355757,-4.100882604072378,28,calibration,2,square,0.35,0,calibration
0.45899179999832995,29,-42.0,-156.0,8.246211251235321,True,-44.56225956401818,99.72542177983686,-397.26696284937776,-46.67933406156425,-9.495907542679507,28,calibration,2,square,0.35,0,calibration
0.47565010000835173,30,-41.0,-141.0,15.033296378372908,True,-54.728366818120094,95.94596211463183,-398.980271739412,-28.543699177663928,-20.69243384499541,28,calibration,2,square,0.35,0,calibration
0.49222710001049563,31,-28.0,-101.0,20.0,True,-65.17908432433178,91.00203990468947,-399.84755025039055,-11.04248879380722,-32.006045344955005,28,calibration,2,square,0.35,0,calibration
0.5094361000083154,32,54.0,25.0,20.0,True,-74.12035341670243,82.89252035771102,-399.9642791419513,5.345597296776815,-35.84385437106953,28,calibration,2,square,0.35,0,calibration
0.5257637000031536,33,113.0,84.0,20.0,True,-81.30224124447042,72.51694109551003,-399.41734909800454,19.552233509439795,-34.35282813288584,28,calibration,2,square,0.35,0,calibration
0.5430404000071576,34,189.0,128.0,20.0,True,-85.55910230552107,60.28705916521405,-397.7343906636666,31.097087153602267,-27.56628869380203,28,calibration,2,square,0.35,0,calibration
0.558850600005826,35,291.0,179.0,20.0,True,-88.46313831490286,46.10632726746936,-395.13049677197336,40.33712000737343,-25.812361473854317,28,calibration,2,square,0.35,0,calibration
0.5760051000106614,36,357.0,201.0,20.0,True,-90.33935053429836,29.87708112608202,-390.83478268277946,47.86341236458306,-23.359795129929225,28,calibration,2,square,0.35,0,calibration
0.5929155000048922,37,431.0,222.0,20.0,True,-91.72844552042089,11.852636448682215,-384.7695846217731,53.70503655880933,-24.567968228751987,28,calibration,2,square,0.35,0,calibration
0.6094137000036426,38,538.0,256.0,20.0,True,-93.45317818389503,-6.5659464147428395,-377.57856328653446,57.565572249391586,-27.466061416357412,28,calibration,2,square,0.35,0,calibration
0.6258675999997649,39,599.0,273.0,20.0,True,-94.98881488379378,-26.30469102663222,-370.61496170465637,59.91236702725733,-26.818956364130507,28,calibration,2,square,0.35,0,calibration
0.64266480000515,40,650.0,283.0,20.0,True,-96.8072071196633,-46.34800386218423,-364.57800729248436,61.2039011603033,-25.602886501027818,28,calibration,2,square,0.35,0,calibration
0.6592128000047524,41,678.0,286.0,20.0,True,-99.10776448691834,-66.29219538334036,-358.85409977187516,62.11134863710875,-24.36989450831874,28,calibration,2,square,0.35,0,calibration
0.6759380000003148,42,704.0,286.0,20.0,True,-101.87614879748176,-84.76493576408342,-353.05681307070563,62.700727029078905,-22.86160072674582,28,calibration,2,square,0.35,0,calibration
0.6929099999979371,43,729.0,284.0,20.0,True,-104.48337664325511,-102.5211855423575,-346.74553036521763,63.14205349032649,-21.094782362465686,28,calibration,2,square,0.35,0,calibration
0.7093099000048824,44,741.0,282.0,12.165525060596439,True,-106.93103292180835,-120.53058195117072,-339.9759967309533,63.34352655657475,-11.56947354001883,28,calibration,2,square,0.35,0,calibration
0.7261013000097591,45,749.0,278.0,8.94427190999916,True,-109.56871079544253,-139.252100559731,-332.1773012954825,63.42344389072396,-5.113809149586395,28,calibration,2,square,0.35,0,calibration
0.74273379999795,46,759.0,273.0,11.180339887498949,True,-112.36802187198171,-159.48788130995007,-323.5736099308019,63.45329530986865,-6.400055243431351,28,calibration,2,square,0.35,0,calibration
0.7593340000021271,47,763.0,268.0,6.4031242374328485,True,-116.56081996275765,-179.86515669923912,-313.8764534549789,63.46411937700778,0.09684225171844556,28,calibration,2,square,0.35,0,calibration
0.775955500008422,48,766.0,259.0,9.486832980505138,True,-122.63653420809557,-199.86100364145767,-302.91148220691076,63.46798301459418,4.742258639299917,28,calibration,2,square,0.35,0,calibration
0.7928386999992654,49,766.0,246.0,13.0,True,-130.17722112676702,-218.59656501229918,-289.97058287408487,63.46935033056696,12.061230152596645,28,calibration,2,square,0.35,0,calibration
0.8097311000019545,50,763.0,222.0,20.0,True,-138.25321783599335,-236.88213696291874,-273.2309802585735,63.46983189972094,21.63730520891871,28,calibration,2,square,0.35,0,calibration
0.8257698000088567,51,751.0,179.0,20.0,True,-146.23589372629036,-254.51475840015004,-253.99833679639693,63.47000105063753,25.14260846598688,28,calibration,2,square,0.35,0,calibration
0.8424506000010297,52,740.0,149.0,20.0,True,-153.25511285601334,-270.4234174230685,-233.389395594782,63.47006037380088,26.844093788310044,28,calibration,2,square,0.35,0,calibration
0.8598165000003064,53,725.0,122.0,20.0,True,-159.45280626637572,-283.9685562151675,-213.73386568258573,63.470081160976555,29.652104203617185,28,calibration,2,square,0.35,0,calibration
0.8762872000079369,54,698.0,83.0,20.0,True,-164.48694416225086,-294.51185650504954,-194.69905282133044,63.47008844130175,31.12849409436201,28,calibration,2,square,0.35,0,calibration
0.8930887000024086,55,671.0,57.0,20.0,True,-169.60924011606383,-303.2806318635719,-175.84855071331316,63.74112549393888,33.849718185985566,28,calibration,2,square,0.35,0,calibration
0.9092311999993399,56,605.0,8.0,20.0,True,-175.0785880997089,-311.31234673495413,-157.59803833313208,64.34191953586749,35.33441841488984,28,calibration,2,square,0.35,0,calibration
0.9256397999997716,57,536.0,-22.0,20.0,True,-181.76630316305915,-319.4987246187046,-139.93565305409481,65.55683201044553,36.62495344705647,28,calibration,2,square,0.35,0,calibration
0.9424703999975463,58,466.0,-44.0,20.0,True,-188.98561287658308,-327.7601844561006,-123.09680740685927,67.26711630277075,36.658423168838105,28,calibration,2,square,0.35,0,calibration
0.9595743999961996,59,365.0,-60.0,20.0,True,-196.1097102531674,-335.3589998799347,-107.21180866715574,69.477901308132,35.78992001463712,28,calibration,2,square,0.35,0,calibration
0.9757642000040505,60,318.0,-63.0,20.0,True,-203.02043118790297,-342.5684605710567,-92.60688146305041,71.8389408439006,34.638327311163934,28,calibration,2,square,0.35,0,calibration
0.9927616000059061,61,277.0,-63.0,20.0,True,-206.18656488362933,-342.76391359285316,-77.91646564383534,74.87999916312205,33.97677435444371,28,calibration,2,square,0.35,0,calibration
1.0088580000010552,62,228.0,-56.0,20.0,True,-209.15500054380195,-340.96068064737636,-62.99908124429783,78.46523966515443,31.96434254152253,28,calibration,2,square,0.35,0,calibration
1.0258119000063743,63,199.0,-48.0,20.0,True,-213.61135287011746,-338.18661996743475,-47.601468990559894,82.93459289453246,30.0616024737024,28,calibration,2,square,0.35,0,calibration
1.0424910000001546,64,176.0,-36.0,20.0,True,-219.49880053320936,-334.39538956822116,-33.13010206639679,87.85211537115383,24.928795153884053,28,calibration,2,square,0.35,0,calibration
1.0592334999964805,65,150.0,-19.0,20.0,True,-226.9201180278975,-329.4044019654338,-19.743855030415,93.58665688448617,21.39497736570935,28,calibration,2,square,0.35,0,calibration
1.0762977999984287,66,141.0,-9.0,13.45362404707371,True,-235.05029297852627,-323.6531473208765,-7.702690270544425,99.9198766897429,7.757400804830481,28,calibration,2,square,0.35,0,calibration
1.092497600009665,67,138.0,1.0,10.44030650891055,True,-243.01846920928466,-317.7137447816445,2.680844449915579,106.52517822298827,-3.642727768137676,28,calibration,2,square,0.35,0,calibration
1.1090121000015642,68,137.0,20.0,19.026297590440446,True,-249.60153255852504,-312.56851240077845,11.795114235426606,113.32856206071288,-17.02850747025868,28,calibration,2,square,0.35,0,calibration
1.1257901000062702,69,143.0,45.0,20.0,True,-253.82243720705242,-309.1507243566994,20.056287905913855,120.22184544494186,-29.834012012416395,28,calibration,2,square,0.35,0,calibration
1.1427449000038905,70,184.0,124.0,20.0,True,-254.92491837592414,-308.2422521184084,27.48538308598351,127.06036298391452,-37.82935242397841,28,calibration,2,square,0.35,0,calibration
1.1591522000089753,71,230.0,177.0,20.0,True,-252.41304113537808,-310.3025244254226,34.0648276517742,133.7721215052207,-39.17575720272757,28,calibration,2,square,0.35,0,calibration
1.1759974000015063,72,304.0,249.0,20.0,True,-247.84372230561087,-313.96415291191965,39.693140866919535,140.68903067953883,-36.4144272962477,28,calibration,2,square,0.35,0,calibration
1.1927802999998676,73,364.0,284.0,20.0,True,-242.01192330562435,-318.4811281346394,44.496428044128685,148.17937001685115,-29.55850928673243,28,calibration,2,square,0.35,0,calibration
1.2093046000081813,74,423.0,317.0,20.0,True,-236.49319435233124,-322.6003239691964,48.912530095018134,156.87418374330133,-29.391019589755814,28,calibration,2,square,0.35,0,calibration
1.2257838000077754,75,486.0,348.0,20.0,True,-232.42817730145654,-325.5413067435877,52.812052811006524,166.73338727948888,-29.37108211057457,28,calibration,2,square,0.35,0,calibration
1.2423588000092423,76,580.0,385.0,20.0,True,-230.06391642361402,-327.21643351125925,56.0931805135609,177.05834716927217,-27.733397413359096,28,calibration,2,square,0.35,0,calibration
1.259189200005494,77,635.0,406.0,20.0,True,-230.8418400147428,-326.6680959301167,58.16690316696777,186.92555192521013,-27.85257573412503,28,calibration,2,square,0.35,0,calibration
1.27642380000907,78,689.0,422.0,20.0,True,-233.31911026196025,-324.903359149405,59.16811652168292,196.14700907470072,-24.897117796160984,28,calibration,2,square,0.35,0,calibration
1.2925938999978825,79,750.0,439.0,20.0,True,-236.8902083637781,-322.30890335416706,58.94120943939646,205.4067272380952,-22.58507188363256,28,calibration,2,square,0.35,0,calibration
1.309273500010022,80,783.0,449.0,20.0,True,-241.24553623355,-319.0620492120411,56.84908408438484,215.09407062966886,-20.082661924199865,28,calibration,2,square,0.35,0,calibration
1.3258797000016784,81,830.0,459.0,20.0,True,-245.1831622625947,-316.0462259589792,52.55222942668184,224.92358479124763,-13.822723130580055,28,calibration,2,square,0.35,0,calibration
1.3424196999985725,82,852.0,462.0,20.0,True,-249.01958425664756,-313.03234123113606,45.99885608282684,234.71101427583648,-8.680672821313086,28,calibration,2,square,0.35,0,calibration
1.3593865000002552,83,873.0,463.0,20.0,True,-252.7880685851816,-309.997084471731,38.08769400921607,244.01362106157953,-4.794019447138698,28,calibration,2,square,0.35,0,calibration
1.376021000003675,84,900.0,468.0,20.0,True,-259.05984664093137,-304.7753202908285,29.31666993870968,252.87183162130637,-8.53005604807034,28,calibration,2,square,0.35,0,calibration
1.3927502000005916,85,911.0,469.0,11.045361017187261,True,-265.28661703831295,-299.37102535209965,18.812594463190795,261.3388721766031,-2.935723081591045,28,calibration,2,square,0.35,0,calibration
1.409549900010461,86,917.0,469.0,6.0,True,-270.85611735967876,-294.3415765549269,6.331393040455417,268.80877345460266,-0.6316631272985849,28,calibration,2,square,0.35,0,calibration
1.4257839000056265,87,923.0,469.0,6.0,True,-275.35373053108174,-290.13845502210904,-8.290396903660648,274.854181685197,-0.056557880640456304,28,calibration,2,square,0.35,0,calibration
1.442593300002045,88,926.0,469.0,3.0,True,-279.4108790541836,-286.2334024291511,-23.409042711109798,278.9210908058465,0.14189813473088553,28,calibration,2,square,0.35,0,calibration
1.4590434999990975,89,928.0,468.0,2.23606797749979,True,-280.8785745213948,-284.7933046523905,-38.4704283778551,281.3671260877035,1.1625524169788277,28,calibration,2,square,0.35,0,calibration
1.4756618000101298,90,928.0,466.0,2.0,True,-282.72656419175144,-282.95881308121056,-52.83312721513864,282.8794860268804,1.3539125283621214,28,calibration,2,square,0.35,0,calibration
1.4925730999966618,91,927.0,462.0,4.123105625617661,True,-285.5784867560722,-280.08021690599975,-66.45417716798671,283.8110960272582,2.0868385721877565,28,calibration,2,square,0.35,0,calibration
1.509553900003084,92,909.0,445.0,20.0,True,-290.352233148389,-275.1282986276467,-79.7162283124576,284.4886508352842,4.277845866198906,28,calibration,2,square,0.35,0,calibration
1.5263961000018753,93,881.0,422.0,20.0,True,-295.73768162033105,-269.3310670342946,-93.46515937587286,284.79609327967205,2.9972553803914015,28,calibration,2,square,0.35,0,calibration
1.542692500006524,94,855.0,399.0,20.0,True,-300.77040781174964,-263.6989984523146,-108.04907331841507,284.91775778752356,2.9396800102896092,28,calibration,2,square,0.35,0,calibration
1.5590458000078797,95,814.0,366.0,20.0,True,-305.44740293530606,-258.26707889329754,-123.14849108467118,284.7824626266943,2.4040312145583997,28,calibration,2,square,0.35,0,calibration
1.575703499998781,96,787.0,343.0,20.0,True,-309.54010520148665,-253.3474358896347,-137.47919397270897,284.5188441036483,2.4275170972306315,28,calibration,2,square,0.35,0,calibration
1.5924690999963786,97,763.0,319.0,20.0,True,-313.07115685811993,-248.97078291140605,-150.62825973390517,284.0219452391502,2.6103357096427926,28,calibration,2,square,0.35,0,calibration
1.6090659000037704,98,723.0,277.0,20.0,True,-316.2245414887657,-244.95313706956253,-163.72330412393492,283.40572482220875,2.640770192776545,28,calibration,2,square,0.35,0,calibration
1.6257176000071922,99,698.0,247.0,20.0,True,-319.3548693589968,-240.85777425007092,-177.59411003486358,282.01744849916355,2.108824371331053,28,calibration,2,square,0.35,0,calibration
1.6425192000024254,100,676.0,217.0,20.0,True,-322.6171780621129,-236.4702019689562,-192.34709045086922,279.12875592219,0.28657714246011157,28,calibration,2,square,0.35,0,calibration
1.6592164000030607,101,646.0,170.0,20.0,True,-326.2744992922811,-231.3978200233772,-206.53717035848217,274.38474030474083,-2.9741057265502358,28,calibration,2,square,0.35,0,calibration
1.675908100005472,102,626.0,139.0,20.0,True,-330.7430187149827,-224.96456514593717,-219.72348892948244,268.18325714568397,-7.99320501694854,28,calibration,2,square,0.35,0,calibration
1.692758799996227,103,595.0,85.0,20.0,True,-336.35731206290546,-216.4803885385861,-232.12610729737264,260.85831527897517,-12.386766646237387,28,calibration,2,square,0.35,0,calibration
1.7088462999963667,104,575.0,49.0,20.0,True,-342.8496649005712,-206.04394501553793,-243.9872641780748,252.6561145128896,-15.699462026337422,28,calibration,2,square,0.35,0,calibration
1.726131900009932,105,556.0,17.0,20.0,True,-349.9064083548302,-193.81822770890983,-255.60547625504128,243.59833928908145,-17.497605446106938,28,calibration,2,square,0.35,0,calibration
1.7421235000074375,106,535.0,-30.0,20.0,True,-356.66029817997924,-181.08956817599488,-266.8569364904957,233.86037173292172,-21.518501916638094,28,calibration,2,square,0.35,0,calibration
1.7587905999971554,107,522.0,-63.0,20.0,True,-363.3249709704579,-167.3169610927592,-277.29127550773865,223.35646443340823,-24.57044437785706,28,calibration,2,square,0.35,0,calibration
1.7758068999974057,108,504.0,-107.0,20.0,True,-369.3043783940668,-153.6693726770949,-286.75980147675,211.84648989667346,-27.167565217172704,28,calibration,2,square,0.35,0,calibration
1.792129000008572,109,479.0,-168.0,20.0,True,-374.65436290013264,-140.12176262057113,-295.21225974738763,198.84300098177962,-29.60684761044627,28,calibration,2,square,0.35,0,calibration
1.8093022000102792,110,467.0,-205.0,20.0,True,-378.9840449847016,-127.94957462623194,-303.17348769729597,183.28160717510002,-33.57351926324962,28,calibration,2,square,0.35,0,calibration
1.8259506000031251,111,453.0,-251.0,20.0,True,-382.7209361862288,-116.29567921783071,-310.30324986804794,165.8758426772882,-35.45092729084548,28,calibration,2,square,0.35,0,calibration
1.8426257000101032,112,447.0,-272.0,20.0,True,-385.83641465360824,-105.5000527357634,-315.8356091339525,148.17679664889982,-36.403407791060964,28,calibration,2,square,0.35,0,calibration
1.8592934000043897,113,442.0,-291.0,19.6468827043885,True,-388.52782427295415,-95.1111442772319,-319.73449589605025,131.4393449067957,-36.37103905881721,28,calibration,2,square,0.35,0,calibration
1.875890099996468,114,439.0,-309.0,18.24828759089466,True,-390.5678524171095,-85.66091393132791,-322.30472197727244,116.24509290901035,-35.209913183915994,28,calibration,2,square,0.35,0,calibration
1.8929289000079734,115,437.0,-327.0,18.110770276274835,True,-391.2202116597023,-75.71616793083413,-324.0778380902391,102.3743581776816,-35.938790396872406,28,calibration,2,square,0.35,0,calibration
1.9093277000065427,116,437.0,-336.0,9.0,True,-390.27692865884444,-64.18781972290473,-325.05382579572563,89.6656029679228,-17.94360015469743,28,calibration,2,square,0.35,0,calibration
1.9255649999977322,117,437.0,-345.0,9.0,True,-388.91480084474966,-50.94538241225554,-325.4665009058355,76.96122127925436,-17.948018579756923,28,calibration,2,square,0.35,0,calibration
1.9424919000011869,118,437.0,-349.0,4.0,True,-388.23052135046606,-36.08800423465996,-325.62515307701193,63.90687195711516,-7.995468956244885,28,calibration,2,square,0.35,0,calibration
1.9593617000064114,119,437.0,-353.0,4.0,True,-387.94947748694403,-20.4729367685,-325.4124900098907,51.02111362817148,-7.998807645995576,28,calibration,2,square,0.35,0,calibration
1.9754642000043532,120,439.0,-358.0,5.385164807134504,True,-382.9222271413177,-5.027838127197063,-324.56166099483016,38.97533675598981,-9.26395383483819,28,calibration,2,square,0.35,0,calibration
1.9928957000083756,121,443.0,-361.0,5.0,True,-374.4570691846766,9.76761642511775,-322.3920395953617,27.831472488104502,-4.326616421627596,28,calibration,2,square,0.35,0,calibration
2.009194900005241,122,463.0,-360.0,20.0,True,-366.2256307389936,25.206852201488722,-317.82520214494104,16.492447608967517,3.7427548640629293,28,calibration,2,square,0.35,0,calibration
2.0255873999994947,123,498.0,-345.0,20.0,True,-357.8077418707107,44.41713217683169,-311.39979749176393,4.621571173260623,12.772028758419276,28,calibration,2,square,0.35,0,calibration
2.0422624000057112,124,555.0,-307.0,20.0,True,-349.17541833084755,67.70015478257294,-303.6682618280364,-7.708852044812529,16.74586923426118,28,calibration,2,square,0.35,0,calibration
2.0591509000078076,125,613.0,-255.0,20.0,True,-340.54965762910257,95.17821135554122,-296.3422469924213,-19.44169287354546,20.63564994448361,28,calibration,2,square,0.35,0,calibration
2.0758239999995567,126,656.0,-205.0,20.0,True,-333.34795028972366,122.74875140988993,-288.96931844492565,-30.63300544433526,23.455576060736725,28,calibration,2,square,0.35,0,calibration
2.092759200008004,127,678.0,-173.0,20.0,True,-327.52635737750416,149.43670581630244,-281.5422008979279,-41.56830824051018,25.78451811829888,28,calibration,2,square,0.35,0,calibration
2.108722300006775,128,716.0,-119.0,20.0,True,-322.29039177113447,173.85079090238497,-273.45614951939433,-51.948988466101966,24.23643850540417,28,calibration,2,square,0.35,0,calibration
2.125666599997203,129,745.0,-81.0,20.0,True,-317.3164910000486,195.94936542008531,-264.8307880944408,-62.04254696209608,22.379758857493457,28,calibration,2,square,0.35,0,calibration
2.142708900006255,130,779.0,-28.0,20.0,True,-313.15728758478775,216.20549164629216,-255.77424184312338,-71.7459775831917,23.59999540327236,28,calibration,2,square,0.35,0,calibration
2.1587886000052094,131,825.0,52.0,20.0,True,-309.1913174009033,236.94069336563712,-246.69898530959566,-81.52597089772557,24.830334748779475,28,calibration,2,square,0.35,0,calibration
2.175970199998119,132,846.0,97.0,20.0,True,-304.33886327794824,259.5724490362687,-237.6436210586977,-90.83331363777224,26.541513327518878,28,calibration,2,square,0.35,0,calibration
2.192789000007906,133,862.0,152.0,20.0,True,-290.32739573127714,275.15450802757056,-228.41981761396048,-99.78499433879006,29.31391350274769,28,calibration,2,square,0.35,0,calibration
2.2093641000101343,134,872.0,183.0,20.0,True,-274.5999018141614,290.8520137864837,-216.6626696207824,-107.94173261691479,25.788885599927028,28,calibration,2,square,0.35,0,calibration
2.225682100004633,135,880.0,208.0,20.0,True,-258.04047770559185,305.63885856590605,-202.34949002076814,-114.60201089093805,22.507871190887833,28,calibration,2,square,0.35,0,calibration
2.242716799999471,136,888.0,232.0,20.0,True,-239.09344841006543,320.67791150527245,-185.00093046498102,-118.95901994546483,18.46646678015623,28,calibration,2,square,0.35,0,calibration
2.2590040000068257,137,891.0,244.0,12.36931687685298,True,-219.94124428387485,334.10454810262746,-166.0714893114772,-121.34087961887388,10.73627840324253,28,calibration,2,square,0.35,0,calibration
2.276322000005166,138,892.0,253.0,9.055385138137417,True,-201.87364510574176,345.32163472872804,-145.31055702737078,-122.43625663995216,8.137333642209938,28,calibration,2,square,0.35,0,calibration
2.2925657000014326,139,895.0,267.0,14.317821063276353,True,-186.9971749604827,353.5987225044777,-124.10469050587406,-122.05888031372484,10.615323785071084,28,calibration,2,square,0.35,0,calibration
2.3089290000061737,140,895.0,275.0,8.0,True,-175.8498207367041,359.2726548832642,-103.50507320911639,-119.33533641077922,6.2538711512624054,28,calibration,2,square,0.35,0,calibration
2.325830500005395,141,895.0,282.0,7.0,True,-167.27811711496707,363.3428567269093,-83.72176255518346,-113.88863088810666,4.552056209321199,28,calibration,2,square,0.35,0,calibration
2.342780999999377,142,892.0,292.0,10.44030650891055,True,-160.64831258103825,366.32242582848386,-64.88705211619356,-106.47600436331321,7.407867479250797,28,calibration,2,square,0.35,0,calibration
2.3590734000026714,143,891.0,297.0,5.0990195135927845,True,-154.7406231197349,368.8568008814751,-48.052792517267825,-97.99205293169379,2.7943906040953177,28,calibration,2,square,0.35,0,calibration
2.375909299997147,144,889.0,303.0,6.324555320336759,True,-149.8526528536488,370.8694951498759,-34.33031005929576,-88.78545276790798,2.977573815098615,28,calibration,2,square,0.35,0,calibration
2.392721399999573,145,884.0,308.0,7.0710678118654755,True,-145.63909491547557,372.5442980803774,-24.07651499496773,-78.9853540413479,2.6754574854268984,28,calibration,2,square,0.35,0,calibration
2.409676000010222,146,876.0,310.0,8.246211251235321,True,-140.9123469844178,374.3577306098314,-16.145087438918495,-67.0121749915896,-0.40179786803956863,28,calibration,2,square,0.35,0,calibration
2.426587299996754,147,848.0,310.0,20.0,True,-133.00292700170215,376.1062044337536,-10.693671247190569,-52.98189831826459,-12.285144457492914,28,calibration,2,square,0.35,0,calibration
2.4425826000078814,148,825.0,305.0,20.0,True,-122.62381101901133,373.83892607604,-7.166454256421368,-36.165436884197916,-10.01655099530852,28,calibration,2,square,0.35,0,calibration
2.4593290000048,149,804.0,300.0,20.0,True,-110.2180264217592,369.29526469809076,-5.337049541358688,-18.683329341534552,-10.044017450959647,28,calibration,2,square,0.35,0,calibration
2.4758654000033857,150,769.0,290.0,20.0,True,-97.14725504267066,363.4909712854413,-4.6681269719482446,-1.6625632140362576,-9.100218841891643,28,calibration,2,square,0.35,0,calibration
2.493094400007976,151,745.0,280.0,20.0,True,-82.1159669927502,355.16774480687354,-4.699312392387462,12.889593879034905,-4.771777709934501,28,calibration,2,square,0.35,0,calibration
2.5097378000064055,152,715.0,263.0,20.0,True,-64.60369276489064,344.20168691906935,-5.757082133209853,24.309413211828886,-1.301184289368953,28,calibration,2,square,0.35,0,calibration
2.526091899999301,153,691.0,249.0,20.0,True,-45.87135550376537,332.18456844404733,-7.511155359993895,32.64338722203708,-2.796018245382532,28,calibration,2,square,0.35,0,calibration
2.5424697999987984,154,665.0,230.0,20.0,True,-28.380696430047266,318.8845571641856,-10.028058774230992,38.68630643736078,-1.0265655945313368,28,calibration,2,square,0.35,0,calibration
2.5597512000094866,155,642.0,209.0,20.0,True,-13.173108323088623,305.3960428050405,-13.548191389191278,43.7754995225992,0.5875479709484335,28,calibration,2,square,0.35,0,calibration
2.576040500003728,156,610.0,173.0,20.0,True,0.34786255461857074,292.20616900737485,-18.379805462109324,49.49431025165472,3.770209548769744,28,calibration,2,square,0.35,0,calibration
2.5927824000100372,157,587.0,145.0,20.0,True,11.32253121734065,280.9637577346084,-25.669404983257323,57.433068204319426,4.988528701521072,28,calibration,2,square,0.35,0,calibration
2.6099867000011727,158,552.0,96.0,20.0,True,19.889797638157816,271.7156804428779,-35.03219630955647,66.91010323298276,7.446475663238973,28,calibration,2,square,0.35,0,calibration
2.62561149999965,159,533.0,65.0,20.0,True,26.82481860620408,262.94727418191746,-45.543873816353035,76.44538050615137,10.607027888692958,28,calibration,2,square,0.35,0,calibration
2.6427581000025384,160,518.0,30.0,20.0,True,33.25866118037095,253.83612270254196,-55.81955661990108,84.00777009355396,15.02277413191543,28,calibration,2,square,0.35,0,calibration
2.659398700008751,161,499.0,-12.0,20.0,True,38.60519674913989,244.3729556758547,-64.9815719588257,89.75823582050835,14.515168764211122,28,calibration,2,square,0.35,0,calibration
2.6757425000105286,162,491.0,-39.0,20.0,True,43.056754828109746,235.74680786282605,-73.54758982143484,94.37921105865927,18.538823363818516,28,calibration,2,square,0.35,0,calibration
2.692654099999345,163,486.0,-68.0,20.0,True,46.90323407304952,228.17708668195547,-81.59273129103354,98.50580119819966,22.00303440070458,28,calibration,2,square,0.35,0,calibration
2.708740100002615,164,485.0,-106.0,20.0,True,51.04017422984265,221.12670828528903,-90.0255244094599,102.07816452963975,24.291739074509515,28,calibration,2,square,0.35,0,calibration
2.7258272000035504,165,487.0,-129.0,20.0,True,55.461560679150814,213.95452591978488,-99.52109079293393,105.47065490804759,26.205321847886015,28,calibration,2,square,0.35,0,calibration
2.742424800002482,166,497.0,-157.0,20.0,True,60.43569950233864,207.17356723905442,-109.93542619484701,109.25473521145568,31.920218231569073,28,calibration,2,square,0.35,0,calibration
2.7588133000099333,167,504.0,-170.0,14.7648230602334,True,65.4730857120534,200.2156879040043,-121.23241460094917,113.98953975648769,26.115975871940492,28,calibration,2,square,0.35,0,calibration
2.7754746999999043,168,510.0,-180.0,11.661903789690601,True,70.0802971487214,193.00338126990604,-132.9505483280646,119.67155551226378,21.419157774700945,28,calibration,2,square,0.35,0,calibration
2.792668900001445,169,523.0,-193.0,18.384776310850235,True,74.9788683149191,184.72304187558632,-145.6516297821258,125.89833157155563,35.20313450084493,28,calibration,2,square,0.35,0,calibration
2.8089256000093883,170,537.0,-200.0,15.652475842498529,True,80.54900442735605,176.07055410100088,-160.67074900394007,132.35842101302907,29.090620097221002,28,calibration,2,square,0.35,0,calibration
2.826323200002662,171,554.0,-204.0,17.46424919657298,True,87.5583293829752,166.33260599285404,-177.43805166425346,138.09559608277456,30.55721666607486,28,calibration,2,square,0.35,0,calibration
2.8423481000063475,172,583.0,-198.0,20.0,True,96.32981621350194,156.1376002486515,-195.4563167445996,142.78642246967564,27.634362732788116,28,calibration,2,square,0.35,0,calibration
2.8588368000055198,173,609.0,-185.0,20.0,True,106.29633512583418,145.18242614203675,-213.2271348045871,146.31994724539192,21.222653469274494,28,calibration,2,square,0.35,0,calibration
2.8758235999994213,174,643.0,-159.0,20.0,True,115.73050648195499,134.04771062604974,-230.95497930301545,149.01916603919508,14.87828193981163,28,calibration,2,square,0.35,0,calibration
2.8922445000062,175,692.0,-104.0,20.0,True,123.87833394152307,123.12810483473058,-248.67650963401138,151.1598379866886,7.40499416618968,28,calibration,2,square,0.35,0,calibration
2.9089340000064112,176,716.0,-74.0,20.0,True,130.64204448138716,112.77167187885517,-266.2168856531882,153.23240025648607,4.330969884831806,28,calibration,2,square,0.35,0,calibration
2.9255924000026425,177,735.0,-46.0,20.0,True,136.55229200254269,102.61102632337042,-283.1159997854637,155.8486694899136,-0.09305755436789132,28,calibration,2,square,0.35,0,calibration
2.942488800006686,178,755.0,-6.0,20.0,True,141.74255196662295,92.07250488598497,-298.3199281639679,159.0397797343369,-7.016994883630695,28,calibration,2,square,0.35,0,calibration
2.9590145999973174,179,763.0,23.0,20.0,True,145.60200946158156,80.56484350936954,-312.09432370285987,162.68968271639417,-16.385180752207795,28,calibration,2,square,0.35,0,calibration
2.9757420000096317,180,765.0,69.0,20.0,True,146.86725113563696,68.68719073961432,-324.74941501012813,166.6420276679006,-24.90406452801939,28,calibration,2,square,0.35,0,calibration
2.992076399998041,181,764.0,97.0,20.0,True,146.74329783436332,57.1787470356432,-339.6896461589021,171.9934278942524,-27.390299418666167,28,calibration,2,square,0.35,0,calibration
0.001196400000480935,1,89.0,123.0,20.0,True,295.97153306173567,7.731088730882746,-300.6506296599298,-4.826439794178204,26.575828547271293,29,calibration,2,square,0.39999999999999997,0,calibration
0.009424799995031208,2,89.0,123.0,0.0,False,280.08892604839616,16.416425548342396,-302.68426392069716,-14.561762181909266,0.0,29,calibration,2,square,0.39999999999999997,0,calibration
0.026453200000105426,3,102.0,134.0,17.029386365926403,True,271.1042411992368,30.615780593113527,-306.8805510637633,-25.1197348602512,17.36805212154363,29,calibration,2,square,0.39999999999999997,0,calibration
0.043038200004957616,4,146.0,156.0,20.0,True,264.39428115875575,44.090260884448156,-312.97550822831613,-34.17450090031828,17.44131958754632,29,calibration,2,square,0.39999999999999997,0,calibration
0.059750999993411824,5,173.0,160.0,20.0,True,258.3023544613068,55.280427803706246,-321.2731327476325,-42.042659797136025,9.487483839975132,29,calibration,2,square,0.39999999999999997,0,calibration
0.07634470000630245,6,208.0,158.0,20.0,True,250.84376264225887,63.2160802249156,-331.45533866884574,-48.75889328613509,1.5333794372273024,29,calibration,2,square,0.39999999999999997,0,calibration
0.09299200000532437,7,225.0,151.0,18.384776310850235,True,241.76049691106763,64.44784858366565,-343.5274042191202,-54.42086701443565,-5.367635450827413,29,calibration,2,square,0.39999999999999997,0,calibration
0.10999040000024252,8,240.0,138.0,19.849433241279208,True,233.10565533039664,60.88357724881921,-357.01073515367125,-58.475353422762886,1.7015261498752379,29,calibration,2,square,0.39999999999999997,0,calibration
0.12651469999400433,9,249.0,117.0,20.0,True,224.32721538435595,55.298955599673675,-371.5409825046806,-60.81274607278749,8.078759842044036,29,calibration,2,square,0.39999999999999997,0,calibration
0.14303259999724105,10,250.0,93.0,20.0,True,214.6650052101262,49.13674210958053,-387.8580298525494,-61.612992667147864,9.89576362168377,29,calibration,2,square,0.39999999999999997,0,calibration
0.15951729999505915,11,242.0,54.0,20.0,True,204.12852316149142,42.544231353062614,-395.5805356445265,-59.29620408752603,10.707805873040808,29,calibration,2,square,0.39999999999999997,0,calibration
0.17654210000182502,12,202.0,-21.0,20.0,True,192.60679121905622,35.77931387092908,-396.3202298556952,-54.132018317525535,10.524120458349264,29,calibration,2,square,0.39999999999999997,0,calibration
0.19267990000662394,13,164.0,-71.0,20.0,True,181.75354580951188,29.032189869421643,-397.3306728480342,-46.13389658514002,12.289484396782107,29,calibration,2,square,0.39999999999999997,0,calibration
0.2096097000030568,14,127.0,-105.0,20.0,True,171.97549424159968,22.253762172456398,-398.33658204471686,-36.44128709215061,12.06782688953803,29,calibration,2,square,0.39999999999999997,0,calibration
0.22618369999690913,15,52.0,-143.0,20.0,True,163.24593751348698,15.770124995813319,-399.1491219649541,-26.076396119981336,7.729309239320356,29,calibration,2,square,0.39999999999999997,0,calibration
0.24275180000404362,16,34.0,-147.0,18.439088914585774,True,153.75997522606536,8.2558981005876,-399.6210381963156,-17.407637142899546,1.7828445295102697,29,calibration,2,square,0.39999999999999997,0,calibration
0.2591284999944037,17,-16.0,-149.0,20.0,True,143.5541522278405,-0.7138591525665028,-399.87360867794837,-10.054704514554572,-2.650989185109731,29,calibration,2,square,0.39999999999999997,0,calibration
0.2758713999937754,18,-45.0,-143.0,20.0,True,132.14988049647388,-10.834485460586635,-399.9859866763824,-3.3482028792821046,-7.573174858221192,29,calibration,2,square,0.39999999999999997,0,calibration
0.29327399999601766,19,-72.0,-130.0,20.0,True,120.9632759582154,-20.94090136766623,-399.9819554741874,3.7993808765627115,-12.387187022901871,29,calibration,2,square,0.39999999999999997,0,calibration
0.3093836000043666,20,-102.0,-103.0,20.0,True,110.33513868934004,-30.672457264315177,-399.82083479607536,11.970800431442894,-18.064870233158654,29,calibration,2,square,0.39999999999999997,0,calibration
0.3261978999944404,21,-116.0,-80.0,20.0,True,100.64154514347001,-41.129847565158244,-399.471782421347,20.54981871238833,-25.221311377844483,29,calibration,2,square,0.39999999999999997,0,calibration
0.34331169999495614,22,-126.0,-53.0,20.0,True,93.35947937807894,-53.944260348648264,-398.95325702585336,28.91882965238073,-32.553169766402696,29,calibration,2,square,0.39999999999999997,0,calibration
0.35966269999335054,23,-125.0,9.0,20.0,True,97.03221374539409,-68.53876028078642,-398.35055455400953,36.28823068865537,-37.548572012718445,29,calibration,2,square,0.39999999999999997,0,calibration
0.3764329999976326,24,-109.0,62.0,20.0,True,109.86270857026376,-79.63607881387733,-397.70957998297376,42.744473207265365,-24.60913224335218,29,calibration,2,square,0.39999999999999997,0,calibration
0.3936792000022251,25,-53.0,165.0,20.0,True,126.5323997033702,-89.13407967449882,-396.9014692727296,49.69128383477809,-14.698205037132134,29,calibration,2,square,0.39999999999999997,0,calibration
0.40942660000291653,26,-15.0,216.0,20.0,True,144.7099791214934,-97.89606837288,-395.7923847282822,57.86525893054883,-9.622906783815175,29,calibration,2,square,0.39999999999999997,0,calibration
0.4260208000050625,27,26.0,261.0,20.0,True,163.81152175929833,-107.0727657203755,-394.1601198919251,68.10139416181755,-7.1963816728449705,29,calibration,2,square,0.39999999999999997,0,calibration
0.44274299999233335,28,102.0,315.0,20.0,True,185.08623266532445,-117.98361655872579,-391.94514440906835,79.86866578423943,-2.038079518646745,29,calibration,2,square,0.39999999999999997,0,calibration
0.45965330000035465,29,160.0,345.0,20.0,True,206.752239611647,-129.4915235768274,-389.1387477760575,92.57988431231631,0.90643156913919,29,calibration,2,square,0.39999999999999997,0,calibration
0.4771710000059102,30,230.0,378.0,20.0,True,226.82868407871922,-140.11069313147365,-385.91965162838994,105.19516380053845,0.2126261578160804,29,calibration,2,square,0.39999999999999997,0,calibration
0.49323379999259487,31,333.0,412.0,20.0,True,243.21501471478513,-149.07312184253072,-382.1128266003225,116.16233571544664,1.5038291578636453,29,calibration,2,square,0.39999999999999997,0,calibration
0.5102765000046929,32,397.0,424.0,20.0,True,257.59629757909744,-158.2791041415308,-377.3705784504337,125.12543109505859,2.1178155408123933,29,calibration,2,square,0.39999999999999997,0,calibration
0.5269622000050731,33,480.0,434.0,20.0,True,272.6446639468251,-169.01686444059374,-371.603229372265,132.91452718206637,1.0352493632491488,29,calibration,2,square,0.39999999999999997,0,calibration
0.5432970999972895,34,533.0,438.0,20.0,True,289.7384405143701,-181.92416741149003,-365.23680174478477,141.00423027389365,1.492229432702008,29,calibration,2,square,0.39999999999999997,0,calibration
0.560118399997009,35,573.0,438.0,20.0,True,308.19083642562146,-196.22691305643843,-357.7058640645966,150.24822108442018,3.1751675851274075,29,calibration,2,square,0.39999999999999997,0,calibration
0.5766756999946665,36,623.0,431.0,20.0,True,326.0912404329556,-211.19686844026484,-348.97186541016004,160.50903827903446,6.246031797434124,29,calibration,2,square,0.39999999999999997,0,calibration
0.5936344999936409,37,652.0,425.0,20.0,True,333.9528959924161,-220.17144060544837,-337.9449037497292,171.95357844558396,6.593646830790942,29,calibration,2,square,0.39999999999999997,0,calibration
0.610126700004912,38,673.0,416.0,20.0,True,331.6943369680847,-223.55953753598314,-325.5395213896286,182.9704618269604,9.842616867021485,29,calibration,2,square,0.39999999999999997,0,calibration
0.6269889999966836,39,696.0,401.0,20.0,True,329.0833477189029,-227.38546623326567,-312.63726771241437,192.86325211017507,12.344207465783095,29,calibration,2,square,0.39999999999999997,0,calibration
0.6429722000029869,40,703.0,396.0,8.602325267042627,True,326.4174659013477,-231.19610281002244,-300.666503489901,201.05944793422645,5.275182212768416,29,calibration,2,square,0.39999999999999997,0,calibration
0.6598487000010209,41,709.0,390.0,8.48528137423857,True,323.36457217562395,-235.44713517406768,-289.44434477424136,208.90496660903497,6.854176420828673,29,calibration,2,square,0.39999999999999997,0,calibration
0.6757800000050338,42,713.0,381.0,9.848857801796104,True,319.2861525803119,-240.94885924291444,-278.467962168237,217.1801377503271,12.062189038273276,29,calibration,2,square,0.39999999999999997,0,calibration
0.6925950000004377,43,712.0,370.0,11.045361017187261,True,314.132327647649,-247.63053270279514,-267.17134340792285,226.32068109234294,18.074761003833395,29,calibration,2,square,0.39999999999999997,0,calibration
0.7093794999964302,44,703.0,351.0,20.0,True,308.23268076743085,-254.93649112459966,-255.1776271486367,235.70559815753273,34.95295779866109,29,calibration,2,square,0.39999999999999997,0,calibration
0.7261352999921655,45,670.0,310.0,20.0,True,301.99911622668543,-262.29093350381163,-242.21840785200686,245.26509737370264,34.78600192639968,29,calibration,2,square,0.39999999999999997,0,calibration
0.7427960999921197,46,641.0,281.0,20.0,True,295.9144003861991,-269.1368938738728,-228.87771136705115,254.60125264043404,34.10937413375558,29,calibration,2,square,0.39999999999999997,0,calibration
0.7598407000041334,47,609.0,250.0,20.0,True,290.14148887031706,-275.35053374946574,-214.68951904013434,263.60084266983546,34.02297782868226,29,calibration,2,square,0.39999999999999997,0,calibration
0.7765531000040937,48,551.0,207.0,20.0,True,284.6114527551113,-281.06284165756426,-199.75964943146636,272.9347191815916,33.296057338482335,29,calibration,2,square,0.39999999999999997,0,calibration
0.7927199999976438,49,503.0,179.0,20.0,True,279.02097721613586,-286.613492831989,-181.96236559464418,283.68504471267767,32.915168691996335,29,calibration,2,square,0.39999999999999997,0,calibration
0.809368699992774,50,448.0,149.0,20.0,True,273.13938570236166,-292.2240167716139,-163.3451899430557,295.3925224652006,33.25888507377521,29,calibration,2,square,0.39999999999999997,0,calibration
0.8262127000052715,51,357.0,110.0,20.0,True,266.7906670512753,-298.0314412513142,-145.18306139031245,306.41900327802426,32.871200386014216,29,calibration,2,square,0.39999999999999997,0,calibration
0.8428555999998935,52,266.0,83.0,20.0,True,259.9835605174607,-303.9877436027048,-130.25042823023662,314.78737665823974,31.974446893209254,29,calibration,2,square,0.39999999999999997,0,calibration
0.8591751000058139,53,224.0,76.0,20.0,True,253.37491584655854,-309.5176118086811,-117.76743284020462,320.7339341634484,30.909179939127647,29,calibration,2,square,0.39999999999999997,0,calibration
0.8760302000009688,54,180.0,71.0,20.0,True,247.79798775198273,-314.0002504235757,-106.90943683263566,324.6277865421197,30.826450467437073,29,calibration,2,square,0.39999999999999997,0,calibration
0.8928620999940904,55,144.0,69.0,20.0,True,243.43464910102202,-317.3949773028274,-96.0684472405224,327.8644361843012,30.966161023425755,29,calibration,2,square,0.39999999999999997,0,calibration
0.9094019000040134,56,90.0,73.0,20.0,True,239.8412399687581,-320.1190085112857,-84.51854527642655,331.3870769666968,29.854347701148743,29,calibration,2,square,0.39999999999999997,0,calibration
0.9258537999994587,57,59.0,78.0,20.0,True,236.49990103890323,-322.5954072961811,-71.77152980037731,335.9190383260453,30.168679423694336,29,calibration,2,square,0.39999999999999997,0,calibration
0.9431520999933127,58,32.0,87.0,20.0,True,232.94758608046476,-324.60465255862664,-58.21422044422222,340.9861066229031,28.95990937976471,29,calibration,2,square,0.39999999999999997,0,calibration
0.9594721000030404,59,-8.0,105.0,20.0,True,228.68537333204335,-326.0860033892882,-44.49655271441592,346.47833660957446,28.41437891919277,29,calibration,2,square,0.39999999999999997,0,calibration
0.9762095000041882,60,-28.0,117.0,20.0,True,223.23790507750073,-327.0056937659429,-28.933860619576457,352.87221664101355,27.15036521918647,29,calibration,2,square,0.39999999999999997,0,calibration
0.9928751999977976,61,-44.0,131.0,20.0,True,216.91200713937653,-327.2273020328942,-12.569135524694616,359.732242878788,23.370857919685278,29,calibration,2,square,0.39999999999999997,0,calibration
1.0092715000064345,62,-65.0,154.0,20.0,True,210.29825157428562,-326.8621461384342,4.30906132922847,366.5840287123429,21.218632791628806,29,calibration,2,square,0.39999999999999997,0,calibration
1.0259838000056334,63,-77.0,171.0,20.0,True,204.215334522112,-326.30969709126356,19.29771953763349,372.69338348813767,17.47750043615295,29,calibration,2,square,0.39999999999999997,0,calibration
1.042822499992326,64,-88.0,190.0,20.0,True,198.1600066301688,-325.16415801828344,33.41269378244097,378.1934726958893,16.116082567638752,29,calibration,2,square,0.39999999999999997,0,calibration
1.0596667999925558,65,-90.0,201.0,11.180339887498949,True,191.7522150507478,-322.7526659114038,47.48166752431143,383.2089307006903,3.9364269337661124,29,calibration,2,square,0.39999999999999997,0,calibration
1.0759927000035532,66,-90.0,217.0,16.0,True,184.90897123488895,-319.0775597123681,61.48574620973323,387.59747950449093,2.785485773179019,29,calibration,2,square,0.39999999999999997,0,calibration
1.0929651000042213,67,-78.0,265.0,20.0,True,178.4905129398061,-314.8700641894795,74.95358936288822,391.6751524319479,-3.684573617167258,29,calibration,2,square,0.39999999999999997,0,calibration
1.109353399995598,68,-55.0,311.0,20.0,True,173.14523472076561,-310.7472500847181,86.38400629514027,390.56088316215335,-10.15669594609725,29,calibration,2,square,0.39999999999999997,0,calibration
1.1266200999962166,69,1.0,400.0,20.0,True,168.6754557536356,-306.8778187444531,96.89641888699528,388.0864388340257,-12.69489716629054,29,calibration,2,square,0.39999999999999997,0,calibration
1.1429702000023099,70,43.0,448.0,20.0,True,164.98159049745144,-302.72003195794446,107.44584773738303,385.29909136149683,-14.984886310575007,29,calibration,2,square,0.39999999999999997,0,calibration
1.159369400003925,71,80.0,489.0,20.0,True,161.4060986919985,-297.4052690213384,117.71817026009579,382.2857993577778,-12.837934827656618,29,calibration,2,square,0.39999999999999997,0,calibration
1.1760210000065854,72,135.0,539.0,20.0,True,158.11094927810274,-289.3830657553584,126.82532782174154,379.36174849727246,-11.858790705030087,29,calibration,2,square,0.39999999999999997,0,calibration
1.192655899998499,73,173.0,564.0,20.0,True,155.06619600226048,-277.5482272413342,135.05081469833735,376.51198845364183,-13.270759465409014,29,calibration,2,square,0.39999999999999997,0,calibration
1.209192800000892,74,209.0,590.0,20.0,True,152.4210414920445,-262.33454427752946,142.43172961935161,373.7822927823627,-11.026127203378998,29,calibration,2,square,0.39999999999999997,0,calibration
1.2260698000027332,75,268.0,600.0,20.0,True,151.30221113954093,-245.39303534281092,148.89947631813996,371.25321002273324,-16.60896849060296,29,calibration,2,square,0.39999999999999997,0,calibration
1.2429625999939162,76,304.0,600.0,20.0,True,150.8764008449419,-227.93135921227108,153.600880374191,369.3328709284803,-16.638046115889917,29,calibration,2,square,0.39999999999999997,0,calibration
1.2598200000065845,77,359.0,600.0,20.0,True,150.6292701141122,-212.08651823358719,156.5928342534691,368.0742917679331,-14.556517910556721,29,calibration,2,square,0.39999999999999997,0,calibration
1.2760225999954855,78,392.0,600.0,20.0,True,151.2493035558196,-199.1388114463801,158.52748959698005,367.24519743909434,-11.378308972207929,29,calibration,2,square,0.39999999999999997,0,calibration
1.292422800004715,79,433.0,600.0,20.0,True,153.02586739786025,-189.44516868764939,159.2113581634893,366.94923822204225,-5.870686288171415,29,calibration,2,square,0.39999999999999997,0,calibration
1.3092370999947889,80,468.0,600.0,20.0,True,155.92628298983158,-181.4088345172238,158.94004776928722,367.06683480681914,-0.5914867659431777,29,calibration,2,square,0.39999999999999997,0,calibration
1.3260165999963647,81,523.0,600.0,20.0,True,159.73128170495798,-173.60096512363222,157.43726496105975,367.7138936749345,3.9306787795522427,29,calibration,2,square,0.39999999999999997,0,calibration
1.343067499998142,82,556.0,600.0,20.0,True,164.84611919446635,-165.03967272581085,154.7395011067141,368.8572715797334,7.575460060881873,29,calibration,2,square,0.39999999999999997,0,calibration
1.3594816999975592,83,599.0,600.0,20.0,True,171.64878947537935,-155.34427670424324,151.1818326485651,370.3296551412285,10.37192449672804,29,calibration,2,square,0.39999999999999997,0,calibration
1.3761759000044549,84,626.0,600.0,20.0,True,180.10432325506233,-145.23592349650428,147.30054909841925,371.89050570739795,12.567024438003283,29,calibration,2,square,0.39999999999999997,0,calibration
1.3933799999940675,85,651.0,600.0,20.0,True,189.63124051455102,-136.2008170111786,142.5681742475547,373.73027130768907,16.592477262511043,29,calibration,2,square,0.39999999999999997,0,calibration
1.4097237999958452,86,683.0,600.0,20.0,True,199.29251049702896,-128.86892913882232,136.46692289240883,376.00103584468667,22.11976776214902,29,calibration,2,square,0.39999999999999997,0,calibration
1.42643279999902,87,700.0,600.0,17.0,True,208.17923884472958,-123.1790357395969,128.81530157584504,378.69066278418336,23.664264472728885,29,calibration,2,square,0.39999999999999997,0,calibration
1.4431474000011804,88,722.0,600.0,20.0,True,216.78971767775573,-118.18710166288983,120.13561851854828,381.5330040287024,32.778999270014786,29,calibration,2,square,0.39999999999999997,0,calibration
1.4600262000021758,89,748.0,600.0,20.0,True,225.35607127355007,-113.3798955793426,110.59664233670331,384.40653311806153,35.230569680189646,29,calibration,2,square,0.39999999999999997,0,calibration
1.4764146999950754,90,764.0,600.0,16.0,True,234.63425111168084,-108.25655209759749,100.050883607105,387.2851929643548,29.155831691073466,29,calibration,2,square,0.39999999999999997,0,calibration
1.4928968000021996,91,789.0,600.0,20.0,True,244.92338444321607,-102.74130142722521,88.69046798703937,390.04358844652216,36.99180525255827,29,calibration,2,square,0.39999999999999997,0,calibration
1.5095295000064652,92,804.0,600.0,15.0,True,255.8626368325018,-96.95848898044937,76.8420851708932,392.1104850908107,28.037951721014633,29,calibration,2,square,0.39999999999999997,0,calibration
1.5266965000046184,93,816.0,600.0,12.0,True,267.5190080309628,-90.8344529389397,64.77064236657512,393.54632630971656,22.539110930651677,29,calibration,2,square,0.39999999999999997,0,calibration
1.5428429000021424,94,832.0,600.0,16.0,True,278.4266225392357,-85.0504640126105,52.41181289779676,394.1913562150146,30.11383501332648,29,calibration,2,square,0.39999999999999997,0,calibration
1.5597670999995898,95,844.0,600.0,12.0,True,288.3399919917871,-80.0309679609102,39.20526636174133,394.44561377760505,22.703632780554074,29,calibration,2,square,0.39999999999999997,0,calibration
1.576510300001246,96,852.0,600.0,8.0,True,296.854037123895,-75.92945741384095,25.451839847910634,393.93578739994814,15.201809203214328,29,calibration,2,square,0.39999999999999997,0,calibration
1.5931157000013627,97,863.0,600.0,11.0,True,304.590474208797,-72.59773169541735,10.348690310876412,391.4210264025827,20.95357880097835,29,calibration,2,square,0.39999999999999997,0,calibration
1.6093261999922106,98,871.0,600.0,8.0,True,312.43032293753635,-69.40225906757539,-4.753256689479496,386.74875801005817,15.05085016564975,29,calibration,2,square,0.39999999999999997,0,calibration
1.6262344999995548,99,875.0,600.0,4.0,True,323.47342979177165,-65.92468100541994,-19.256298396612422,380.32493737257994,7.472593614345779,29,calibration,2,square,0.39999999999999997,0,calibration
1.6425984999950742,100,880.0,600.0,5.0,True,338.3172698536111,-62.079679908311576,-31.918736510763214,373.39104648989377,9.225779172332937,29,calibration,2,square,0.39999999999999997,0,calibration
1.6596152999991318,101,881.0,600.0,1.0,True,356.6909106522918,-58.34673210051987,-43.409260704729164,365.79546234306423,1.8141930402556126,29,calibration,2,square,0.39999999999999997,0,calibration
1.67595170000277,102,883.0,599.0,2.23606797749979,True,376.03771441258266,-58.25560413937967,-54.48482715138732,357.3678885316948,2.981344386481041,29,calibration,2,square,0.39999999999999997,0,calibration
1.6925526999984868,103,882.0,595.0,4.123105625617661,True,393.0446190157609,-66.12446129298378,-64.40667423858783,348.4282862760333,-2.6483236418820892,29,calibration,2,square,0.39999999999999997,0,calibration
1.7097312999976566,104,873.0,574.0,20.0,True,393.1458363086671,-73.7316173236335,-72.6147434902617,338.6607917088182,-15.576863698070815,29,calibration,2,square,0.39999999999999997,0,calibration
1.7262765000050422,105,848.0,513.0,20.0,True,391.60117181363745,-81.53847088452167,-78.9534687147066,328.27229304677866,-14.80853448211439,29,calibration,2,square,0.39999999999999997,0,calibration
1.742896199997631,106,839.0,489.0,20.0,True,389.89660681964347,-89.33440541319096,-84.28326651537733,317.09643130796894,-13.91072992154832,29,calibration,2,square,0.39999999999999997,0,calibration
1.7597850000020117,107,828.0,468.0,20.0,True,388.05046536846976,-97.0403850327999,-89.59201894401882,305.43023750628817,-15.760426963879857,29,calibration,2,square,0.39999999999999997,0,calibration
1.7761008999950718,108,812.0,439.0,20.0,True,386.0297231240331,-104.7905189641806,-94.75831602313815,293.9524871145426,-15.918823263764779,29,calibration,2,square,0.39999999999999997,0,calibration
1.7926045000058366,109,798.0,417.0,20.0,True,383.8250077455737,-112.59823901425044,-99.44472520692179,281.6051772698112,-16.60378707368954,29,calibration,2,square,0.39999999999999997,0,calibration
1.8097497999988263,110,776.0,389.0,20.0,True,381.5239046554419,-120.16451296645472,-102.76888869260091,268.96792400181226,-17.379999994954613,29,calibration,2,square,0.39999999999999997,0,calibration
1.8262830000021495,111,747.0,352.0,20.0,True,379.238182820149,-127.19434221407505,-104.77289325328523,255.82906038358473,-16.51347163043708,29,calibration,2,square,0.39999999999999997,0,calibration
1.8427609000063967,112,734.0,335.0,20.0,True,376.73337302949244,-134.4320112392182,-105.64240431766407,242.63611242693045,-15.52426338212607,29,calibration,2,square,0.39999999999999997,0,calibration
1.859494899996207,113,717.0,308.0,20.0,True,374.04444227203487,-141.74186116106404,-105.98035508382453,229.14627283680213,-14.187328182345604,29,calibration,2,square,0.39999999999999997,0,calibration
1.875813599996036,114,705.0,292.0,20.0,True,371.11978179190197,-149.2317243843649,-105.903856916136,214.6909074936718,-14.360454469849607,29,calibration,2,square,0.39999999999999997,0,calibration
1.8926015000033658,115,695.0,276.0,18.867962264113206,True,368.44452462975136,-155.71972344682806,-105.6366210557058,200.43055400172955,-13.044038382450674,29,calibration,2,square,0.39999999999999997,0,calibration
1.909471000006306,116,676.0,249.0,20.0,True,365.87240257435496,-161.67060658780596,-104.78972760321146,185.94203320151027,-13.886659073340082,29,calibration,2,square,0.39999999999999997,0,calibration
1.9261547999922186,117,659.0,230.0,20.0,True,363.39902212310784,-167.15606695531258,-103.1336108271481,171.51587486672582,-13.858376204176947,29,calibration,2,square,0.39999999999999997,0,calibration
1.9430384000006597,118,642.0,212.0,20.0,True,361.00890403969663,-172.25728200589126,-100.16622333900006,156.63622431308417,-12.619717458300697,29,calibration,2,square,0.39999999999999997,0,calibration
1.9593060000042897,119,621.0,186.0,20.0,True,358.84555068782817,-176.71975201303718,-96.13127196271473,142.00655095291634,-11.327688433659628,29,calibration,2,square,0.39999999999999997,0,calibration
1.9759412999992492,120,607.0,172.0,19.79898987322333,True,356.9509911537739,-180.51589933947218,-91.09718611137419,126.9415935607683,-10.825277486136855,29,calibration,2,square,0.39999999999999997,0,calibration
1.9927808000065852,121,595.0,161.0,16.278820596099706,True,355.3329357782906,-183.68044193974825,-84.4800265407864,109.70543105907045,-8.578007565834513,29,calibration,2,square,0.39999999999999997,0,calibration
2.0096247000037692,122,575.0,142.0,20.0,True,353.9413183713188,-186.34790889508986,-76.4575998941557,89.99579108465213,-10.526372444209809,29,calibration,2,square,0.39999999999999997,0,calibration
2.027162900005351,123,558.0,127.0,20.0,True,353.2577699437225,-187.6404753095345,-67.87384417333385,68.17094894233975,-12.239376536747233,29,calibration,2,square,0.39999999999999997,0,calibration
2.0428790000005392,124,521.0,100.0,20.0,True,354.07710232824985,-186.08977835128417,-59.58348944345551,46.16191028905722,-16.075674623851132,29,calibration,2,square,0.39999999999999997,0,calibration
2.059315399994375,125,495.0,80.0,20.0,True,355.9722071861481,-182.4384491027645,-52.0983142375003,24.904896307489576,-19.824097560476698,29,calibration,2,square,0.39999999999999997,0,calibration
2.076187900005607,126,469.0,64.0,20.0,True,359.43748403467197,-175.51266356256153,-44.934697043051635,5.585679510410028,-22.822572307423414,29,calibration,2,square,0.39999999999999997,0,calibration
2.0931730000011157,127,429.0,40.0,20.0,True,363.1569258478466,-167.68138599362078,-38.395337474682584,-11.712863989369762,-23.543185376182542,29,calibration,2,square,0.39999999999999997,0,calibration
2.109626699995715,128,399.0,25.0,20.0,True,367.30316405415647,-158.39313645422087,-32.68057382627757,-27.934930321263742,-21.0862747651152,29,calibration,2,square,0.39999999999999997,0,calibration
2.126740499996231,129,372.0,10.0,20.0,True,371.55506420384694,-148.14463967513367,-28.282413815593372,-43.504876027061215,-22.150938916808364,29,calibration,2,square,0.39999999999999997,0,calibration
2.143085499992594,130,330.0,-6.0,20.0,True,376.10260540351345,-136.18674755162138,-25.558190664109475,-58.287745503831964,-17.34243154820242,29,calibration,2,square,0.39999999999999997,0,calibration
2.1595153999951435,131,303.0,-17.0,20.0,True,380.30032371533906,-123.25523289976891,-23.86397584511556,-71.97810289746884,-18.109957801880352,29,calibration,2,square,0.39999999999999997,0,calibration
2.176001899992116,132,284.0,-23.0,19.924858845171276,True,383.5652427160565,-109.63961613596094,-22.921348000702512,-84.51815803770316,-14.823975427218679,29,calibration,2,square,0.39999999999999997,0,calibration
2.1927352000057,133,246.0,-34.0,20.0,True,385.9207698983587,-95.83782766931736,-22.42074506631978,-97.20729138538137,-13.51343859397324,29,calibration,2,square,0.39999999999999997,0,calibration
2.2093927999958396,134,216.0,-38.0,20.0,True,387.88772491972776,-80.93015319645038,-22.513655373373567,-109.7566809330365,-8.00375843419162,29,calibration,2,square,0.39999999999999997,0,calibration
2.226445299995248,135,186.0,-42.0,20.0,True,389.7834357129098,-64.63225244987963,-23.10356153408564,-121.71501262973221,-8.532873289260793,29,calibration,2,square,0.39999999999999997,0,calibration
2.2428094999922905,136,141.0,-43.0,20.0,True,390.8525154100726,-44.84038915472095,-24.026022144694295,-131.84675471512486,-3.777659561952148,29,calibration,2,square,0.39999999999999997,0,calibration
2.2594354000029853,137,111.0,-45.0,20.0,True,390.61996161522904,-22.858412743334902,-25.398855964845414,-140.30997796287204,-5.627698940815462,29,calibration,2,square,0.39999999999999997,0,calibration
2.2762905999989016,138,77.0,-48.0,20.0,True,389.09546968232144,0.4407329444341812,-27.298374210607523,-147.3788611789946,-7.321100754785258,29,calibration,2,square,0.39999999999999997,0,calibration
2.292971500006388,139,56.0,-49.0,20.0,True,386.5524096170093,21.92031520267923,-30.161311366783636,-152.79012712350752,-8.779217862234212,29,calibration,2,square,0.39999999999999997,0,calibration
2.309397599994554,140,37.0,-54.0,19.6468827043885,True,383.54713591173913,41.25547764193554,-33.92027164303519,-156.6820387698529,-18.818536363941902,29,calibration,2,square,0.39999999999999997,0,calibration
2.326053900003899,141,18.0,-59.0,19.6468827043885,True,380.2121145930783,57.75872306969475,-38.4068632834547,-159.24982281750803,-20.111313733575432,29,calibration,2,square,0.39999999999999997,0,calibration
2.3425085000053514,142,6.0,-61.0,12.165525060596439,True,376.40192266045665,71.28707202991674,-43.43243587033153,-161.0949388294701,-10.626001950070743,29,calibration,2,square,0.39999999999999997,0,calibration
2.3595248000056017,143,-4.0,-62.0,10.04987562112089,True,371.9727547373049,82.17980975013452,-49.61028769783435,-162.83678166827957,-7.055784873228335,29,calibration,2,square,0.39999999999999997,0,calibration
2.3759091999963857,144,-16.0,-65.0,12.36931687685298,True,366.7914396403022,91.09627343181879,-57.391691014280774,-164.67316368163878,-8.932976602822004,29,calibration,2,square,0.39999999999999997,0,calibration
2.392920600002981,145,-21.0,-66.0,5.0990195135927845,True,361.3992865045669,98.93248631960294,-67.38492530479424,-166.36726604855073,-3.086272566005466,29,calibration,2,square,0.39999999999999997,0,calibration
2.409308600006625,146,-27.0,-66.0,6.0,True,356.37746492905126,106.082053737906,-78.68392334138876,-167.37198092398742,-2.5277568777948263,29,calibration,2,square,0.39999999999999997,0,calibration
2.4261873999930685,147,-33.0,-68.0,6.324555320336759,True,350.55900801894165,112.17899375764831,-91.05002655656887,-167.80598693979377,-3.3709770652976982,29,calibration,2,square,0.39999999999999997,0,calibration
2.4427072999969823,148,-36.0,-70.0,3.605551275463989,True,342.73052857235876,117.53576496143326,-103.60937618588997,-167.6721022353513,-1.6320854513258904,29,calibration,2,square,0.39999999999999997,0,calibration
2.459012099992833,149,-40.0,-71.0,4.123105625617661,True,333.6560550053101,123.4905034789358,-116.50257195234302,-166.0567953675245,-1.0490358928639625,29,calibration,2,square,0.39999999999999997,0,calibration
2.4771848999953363,150,-44.0,-76.0,6.4031242374328485,True,322.5169873206867,127.7810039143021,-129.56585584522875,-162.25592145826187,-0.5083561785968932,29,calibration,2,square,0.39999999999999997,0,calibration
2.4927642999973614,151,-46.0,-79.0,3.605551275463989,True,310.31532154071266,130.5927573073803,-142.90082429262353,-155.7446427110843,0.7943803290346997,29,calibration,2,square,0.39999999999999997,0,calibration
2.509458300002734,152,-48.0,-86.0,7.280109889280518,True,297.17870346185816,131.08926032323572,-156.87707636257363,-146.5858464512473,3.898131480408395,29,calibration,2,square,0.39999999999999997,0,calibration
2.5260794999921927,153,-48.0,-90.0,4.0,True,283.0639027716367,129.05006328630307,-170.68325321968788,-135.75763326896114,3.0404879263340208,29,calibration,2,square,0.39999999999999997,0,calibration
2.542860400004429,154,-45.0,-95.0,5.830951894845301,True,268.7810519886703,125.25140159044558,-183.74648291245273,-124.29731966249922,3.938478487447732,29,calibration,2,square,0.39999999999999997,0,calibration
2.5597521000017878,155,-31.0,-104.0,16.64331697709324,True,253.57543753045655,123.4811919167175,-195.20396504230231,-113.0092206364526,3.4239861879179005,29,calibration,2,square,0.39999999999999997,0,calibration
2.576843699993333,156,-12.0,-111.0,20.0,True,238.80412756469374,123.39301430393837,-205.62878699948268,-101.55782868747131,-0.9788928915502759,29,calibration,2,square,0.39999999999999997,0,calibration
2.592984599992633,157,30.0,-113.0,20.0,True,225.24338220650327,126.87296551920171,-216.30331679209502,-87.68725949268882,-6.649039672682653,29,calibration,2,square,0.39999999999999997,0,calibration
2.6097086999943713,158,69.0,-109.0,20.0,True,212.8657874867645,131.04968357457022,-227.69123539270743,-70.9862834580441,-8.676255889805248,29,calibration,2,square,0.39999999999999997,0,calibration
2.626179200000479,159,105.0,-102.0,20.0,True,200.4034591486115,133.5099100014339,-239.65554360380992,-50.681367608408294,-11.843659224760392,29,calibration,2,square,0.39999999999999997,0,calibration
2.6425945999944815,160,164.0,-85.0,20.0,True,187.86923856118574,131.1526276338432,-251.4839182549814,-29.096176625743432,-15.531101768829675,29,calibration,2,square,0.39999999999999997,0,calibration
2.659574599994812,161,209.0,-64.0,20.0,True,175.18437875577067,124.21021252653486,-262.29040825989034,-7.764378707957867,-19.313404895568844,29,calibration,2,square,0.39999999999999997,0,calibration
2.676525799994124,162,256.0,-47.0,20.0,True,167.38892797630717,111.26464519581762,-271.33534517112844,10.618112018133427,-13.33028828171203,29,calibration,2,square,0.39999999999999997,0,calibration
2.6929953999933787,163,319.0,-22.0,20.0,True,163.06403240063884,96.10412402456811,-278.27392791866436,26.388694730483113,-11.459495132306026,29,calibration,2,square,0.39999999999999997,0,calibration
2.709495799994329,164,359.0,-7.0,20.0,True,163.09379604925226,80.69066490255527,-283.4720559917251,40.82842688140833,-7.2508037331895006,29,calibration,2,square,0.39999999999999997,0,calibration
2.7261633000016445,165,396.0,10.0,20.0,True,164.26541709767278,65.63464515592548,-287.7596261279985,56.532572615644476,-10.183483552752302,29,calibration,2,square,0.39999999999999997,0,calibration
2.742602900005295,166,451.0,41.0,20.0,True,165.80956772443412,51.80579511778568,-290.761447310686,74.43584256199313,-14.630121437012132,29,calibration,2,square,0.39999999999999997,0,calibration
2.7593231000064407,167,491.0,65.0,20.0,True,165.8651267925576,39.81769915615895,-292.918340309906,94.46764844702331,-18.605132680841557,29,calibration,2,square,0.39999999999999997,0,calibration
2.776113899992197,168,543.0,99.0,20.0,True,165.83814071990565,29.16296577502967,-294.3982672631146,115.51621040348033,-20.731332665216,29,calibration,2,square,0.39999999999999997,0,calibration
2.7926279999956023,169,579.0,121.0,20.0,True,166.56053438529582,18.758927099940585,-295.56500786385953,137.27724865536993,-18.722225391941677,29,calibration,2,square,0.39999999999999997,0,calibration
2.8095667000015965,170,606.0,139.0,20.0,True,168.96092753215547,7.837555088643885,-296.5061309366852,157.44467545633,-17.569366394720447,29,calibration,2,square,0.39999999999999997,0,calibration
2.8261180999979842,171,655.0,164.0,20.0,True,173.46691049997085,-3.9631616309534117,-297.34508741382774,174.9729474447513,-10.363690099855216,29,calibration,2,square,0.39999999999999997,0,calibration
2.843197499998496,172,686.0,181.0,20.0,True,180.97343036053627,-18.053135607255598,-298.6474087767245,189.04543128485352,-8.201686975248627,29,calibration,2,square,0.39999999999999997,0,calibration
2.8599625999922864,173,711.0,193.0,20.0,True,190.52092818302432,-34.21744475354808,-300.0102271739137,201.60347779482822,-4.940984169298821,29,calibration,2,square,0.39999999999999997,0,calibration
2.8760849999962375,174,746.0,212.0,20.0,True,201.33299857223597,-51.67397070951382,-301.57538871253115,214.3765102018962,-6.189806492813795,29,calibration,2,square,0.39999999999999997,0,calibration
2.892655100004049,175,768.0,228.0,20.0,True,211.59007057841043,-68.686511431876,-303.1468515292486,226.97078483633388,-11.392854093518654,29,calibration,2,square,0.39999999999999997,0,calibration
2.9097105999971973,176,786.0,245.0,20.0,True,220.4411808253663,-85.21150592661107,-305.0098740008764,239.75395165488376,-16.732058748659245,29,calibration,2,square,0.39999999999999997,0,calibration
2.926217500003986,177,809.0,267.0,20.0,True,227.70695879977703,-101.39338916455539,-307.4358238223785,251.84750096049845,-17.40329223456298,29,calibration,2,square,0.39999999999999997,0,calibration
2.9430468999926234,178,820.0,282.0,18.601075237738275,True,232.41890988191935,-117.49135407265813,-305.27327317065135,258.4728780504385,-22.770786925697237,29,calibration,2,square,0.39999999999999997,0,calibration
2.9593242999981157,179,837.0,300.0,20.0,True,237.8617766757191,-133.26937287185905,-302.44971026449826,261.7712221786823,-17.275441993656116,29,calibration,2,square,0.39999999999999997,0,calibration
2.9760622000030708,180,848.0,310.0,14.866068747318506,True,244.19158357927768,-149.0760987734982,-300.5615617978624,263.9370143985677,-8.61287207748412,29,calibration,2,square,0.39999999999999997,0,calibration
2.9927028999954928,181,857.0,323.0,15.811388300841896,True,246.7252489767404,-166.06476807337563,-299.35029989729566,265.31000348912437,-16.693548378978168,29,calibration,2,square,0.39999999999999997,0,calibration
0.0020074999920325354,1,3.0,85.0,20.0,True,300.81285212300185,-6.533699785213691,-298.25777986502516,-3.8943536147397055,-1.7906469763139543,30,calibration,2,square,0.39999999999999997,0,calibration
0.010129100002814084,2,3.0,85.0,0.0,False,301.7274144557319,-20.898977359260506,-294.1825904494303,-12.420321295368485,0.0,30,calibration,2,square,0.39999999999999997,0,calibration
0.02641609999409411,3,8.0,119.0,20.0,True,309.46449227098555,-33.62749920660801,-290.2240636450051,-21.52677525668785,1.5897205454522667,30,calibration,2,square,0.39999999999999997,0,calibration
0.04343910000170581,4,18.0,174.0,20.0,True,320.5761736111808,-43.751928905547445,-286.67692192989637,-30.90415289306922,6.530612465624479,30,calibration,2,square,0.39999999999999997,0,calibration
0.059626300004310906,5,36.0,243.0,20.0,True,332.7351658428171,-51.63164150023423,-284.26743964877784,-40.205991707556755,11.180095707344183,30,calibration,2,square,0.39999999999999997,0,calibration
0.07661459999508224,6,51.0,275.0,20.0,True,345.09315338170177,-58.010933154388155,-282.822698707161,-48.98753750392426,15.727253539691059,30,calibration,2,square,0.39999999999999997,0,calibration
0.09321789999376051,7,78.0,308.0,20.0,True,356.90878542242456,-63.7960221685454,-282.38066775247967,-56.93647144726947,19.31992466486026,30,calibration,2,square,0.39999999999999997,0,calibration
0.10984809999354184,8,104.0,329.0,20.0,True,369.7078884357469,-69.49802789714231,-282.9743338074366,-63.728238168602346,22.97213307868094,30,calibration,2,square,0.39999999999999997,0,calibration
0.1268800999969244,9,127.0,342.0,20.0,True,384.16612009560924,-75.66155008219175,-284.8950511344924,-69.57402014048076,26.94169464502682,30,calibration,2,square,0.39999999999999997,0,calibration
0.14338130000396632,10,165.0,354.0,20.0,True,391.6749004044963,-81.18357218753013,-288.11684268288155,-74.70464300040564,30.172816673783096,30,calibration,2,square,0.39999999999999997,0,calibration
0.1597507999977097,11,187.0,356.0,20.0,True,390.67540139465245,-85.86460705743195,-292.23720066925154,-79.5081472812179,31.233980046668258,30,calibration,2,square,0.39999999999999997,0,calibration
0.17707639999571256,12,204.0,355.0,17.029386365926403,True,389.45534466968496,-91.2388870395562,-297.58830261690093,-84.54962308841421,27.04613164368765,30,calibration,2,square,0.39999999999999997,0,calibration
0.19328809999569785,13,226.0,349.0,20.0,True,387.94452697871196,-97.46303908284136,-304.10515250318423,-89.37705592860038,31.535515655424,30,calibration,2,square,0.39999999999999997,0,calibration
0.21051109999825712,14,236.0,344.0,11.180339887498949,True,386.0655453719087,-104.65846681798243,-311.82070649078025,-93.61032512126003,17.419648303860047,30,calibration,2,square,0.39999999999999997,0,calibration
0.22736219999205787,15,246.0,334.0,14.142135623730951,True,383.75869400342486,-112.82404343394957,-320.11394537839396,-96.52026689605792,20.226976021977002,30,calibration,2,square,0.39999999999999997,0,calibration
0.2437000999925658,16,250.0,329.0,6.4031242374328485,True,381.258296218043,-121.00459315627221,-328.8249144774551,-98.19223163576982,9.3211496532672,30,calibration,2,square,0.39999999999999997,0,calibration
0.2599722000013571,17,251.0,320.0,9.055385138137417,True,377.84966027428027,-131.2617013092965,-338.1849792586351,-99.00007272014031,8.005111153035818,30,calibration,2,square,0.39999999999999997,0,calibration
0.2771701000019675,18,237.0,280.0,20.0,True,373.74138280870784,-142.53904298905226,-347.964761951944,-98.86756577594021,7.131462058878348,30,calibration,2,square,0.39999999999999997,0,calibration
0.29350060000433587,19,207.0,239.0,20.0,True,369.07742194569636,-154.21367192930222,-357.9299527991755,-97.08292284895762,1.7033949976609797,30,calibration,2,square,0.39999999999999997,0,calibration
0.31002629999420606,20,165.0,190.0,20.0,True,364.12894362099166,-165.55999642866834,-367.5079558683913,-92.61630145814844,4.823048589695462,30,calibration,2,square,0.39999999999999997,0,calibration
0.3262886000011349,21,97.0,129.0,20.0,True,358.6118382793465,-177.19353669337906,-376.21633227657026,-84.49133138690914,7.25200672683137,30,calibration,2,square,0.39999999999999997,0,calibration
0.3431966999924043,22,45.0,97.0,20.0,True,353.1485220864248,-187.84600434444684,-382.9102583356383,-72.61092359684011,7.616690398054519,30,calibration,2,square,0.39999999999999997,0,calibration
0.3600752000056673,23,7.0,78.0,20.0,True,348.20700581487466,-196.85497479474535,-387.0858081407309,-57.17393783551347,9.676267513056596,30,calibration,2,square,0.39999999999999997,0,calibration
0.37692529999185354,24,-48.0,62.0,20.0,True,343.3712834301595,-205.1734917466803,-388.5459601023378,-38.29654319678182,6.769688848563686,30,calibration,2,square,0.39999999999999997,0,calibration
0.39356880000559613,25,-78.0,59.0,20.0,True,338.2029509816201,-213.5854956389218,-388.13719117721706,-18.87936095464317,2.2366334938011105,30,calibration,2,square,0.39999999999999997,0,calibration
0.40974620000633877,26,-113.0,62.0,20.0,True,332.4940206166262,-222.36844707419843,-386.15494239932156,-2.072859803228514,-2.7932631243625283,30,calibration,2,square,0.39999999999999997,0,calibration
0.426409199993941,27,-134.0,70.0,20.0,True,327.004727278678,-230.36472893522014,-382.7944093521172,9.949551152516293,-10.978092864142555,30,calibration,2,square,0.39999999999999997,0,calibration
0.44344059999275487,28,-147.0,79.0,15.811388300841896,True,322.264776062625,-236.95023551224034,-377.77444312707433,19.155634569934122,-13.766268506505712,30,calibration,2,square,0.39999999999999997,0,calibration
0.45995350000157487,29,-163.0,104.0,20.0,True,321.5047703696627,-237.98042488732233,-370.8347917318942,27.607406163793055,-25.507664822622083,30,calibration,2,square,0.39999999999999997,0,calibration
0.47637020000547636,30,-169.0,124.0,20.0,True,323.28236247847315,-235.56000108324233,-361.9439533961743,36.66905679826077,-22.27213890835977,30,calibration,2,square,0.39999999999999997,0,calibration
0.49338519999582786,31,-170.0,144.0,20.0,True,326.13718509307944,-231.59131352354825,-351.5626017944783,45.751117125653195,-18.549825129352087,30,calibration,2,square,0.39999999999999997,0,calibration
0.5096472000004724,32,-161.0,200.0,20.0,True,329.10112421027895,-227.35973707657774,-340.7739201876277,54.34192924248756,-16.821359405024303,30,calibration,2,square,0.39999999999999997,0,calibration
0.5267447999940487,33,-136.0,253.0,20.0,True,331.889690171438,-223.26941921791908,-330.1414122118548,61.46569294206772,-14.001118788344495,30,calibration,2,square,0.39999999999999997,0,calibration
0.5435539000027347,34,-103.0,312.0,20.0,True,334.0810806012725,-219.97688875035496,-320.2670076458891,66.71349056571941,-13.34509363043339,30,calibration,2,square,0.39999999999999997,0,calibration
0.5597908000054304,35,-45.0,385.0,20.0,True,335.6486252345327,-217.57757324266728,-310.70667139937717,70.38850542446457,-11.826351396776843,30,calibration,2,square,0.39999999999999997,0,calibration
0.5765551999938907,36,-4.0,425.0,20.0,True,336.2228040340519,-216.6892384210151,-300.6223106775246,73.23785098606132,-11.729859709120177,30,calibration,2,square,0.39999999999999997,0,calibration
0.5932479000039166,37,72.0,470.0,20.0,True,335.70892259496145,-217.4845265533393,-289.3081876942248,76.11099883482913,-11.562155615004313,30,calibration,2,square,0.39999999999999997,0,calibration
0.6094675999920582,38,119.0,487.0,20.0,True,334.45155573326554,-219.4132103306415,-276.802638769814,78.96307839057663,-11.291241861252042,30,calibration,2,square,0.39999999999999997,0,calibration
0.6266138999926625,39,160.0,496.0,20.0,True,332.804528365752,-221.90346076447145,-263.26810692726946,81.61799142153136,-11.12262589818934,30,calibration,2,square,0.39999999999999997,0,calibration
0.6431573000008939,40,207.0,501.0,20.0,True,330.76326427866763,-224.93479722737487,-249.4349470991587,83.6141992337726,-12.364083615003558,30,calibration,2,square,0.39999999999999997,0,calibration
0.6595633999968413,41,274.0,504.0,20.0,True,327.77124175119724,-229.27279184604137,-234.86587587090224,84.9860516271625,-17.63575977103091,30,calibration,2,square,0.39999999999999997,0,calibration
0.6766777000011643,42,316.0,500.0,20.0,True,323.7868261029984,-234.8661134394373,-220.28078293861452,85.78474870019969,-19.646857821741094,30,calibration,2,square,0.39999999999999997,0,calibration
0.6927629999991041,43,365.0,485.0,20.0,True,318.45822945807146,-242.0420543840064,-204.54295864417728,86.31191522636247,-18.897340908641176,30,calibration,2,square,0.39999999999999997,0,calibration
0.7098446000018157,44,397.0,471.0,20.0,True,312.12984029607503,-250.1498806650659,-187.6205152092511,86.91377362769863,-18.872209886803265,30,calibration,2,square,0.39999999999999997,0,calibration
0.7263314000010723,45,417.0,457.0,20.0,True,303.9280327160138,-260.05336169596745,-169.2076584247584,87.39180689513175,-16.53249776287784,30,calibration,2,square,0.39999999999999997,0,calibration
0.7431444999965606,46,436.0,441.0,20.0,True,293.67258114042534,-270.7619635053618,-149.78212843254389,87.79650790765605,-16.303564030317844,30,calibration,2,square,0.39999999999999997,0,calibration
0.7593666000029771,47,446.0,429.0,15.620499351813308,True,281.6818927279497,-282.0820799054263,-129.26026229819837,88.26150034111852,-8.759292129590841,30,calibration,2,square,0.39999999999999997,0,calibration
0.7765626000036718,48,452.0,413.0,17.08800749063506,True,268.12610583900124,-293.52105029170457,-105.72347556257144,89.04065551923505,0.2657250613523804,30,calibration,2,square,0.39999999999999997,0,calibration
0.7927809999964666,49,450.0,383.0,20.0,True,253.48232747735378,-303.2404749377005,-80.23740041912971,90.44816181626966,14.572744016400218,30,calibration,2,square,0.39999999999999997,0,calibration
0.8098830999952042,50,438.0,352.0,20.0,True,239.14572436875693,-310.59154495148437,-53.52243548642029,92.82296464893713,23.77755178949881,30,calibration,2,square,0.39999999999999997,0,calibration
0.8263642999954754,51,411.0,311.0,20.0,True,226.3388444151038,-315.1991106100519,-28.107159393456826,96.14557800670245,29.077205007992678,30,calibration,2,square,0.39999999999999997,0,calibration
0.8431563000049209,52,354.0,245.0,20.0,True,214.70659338236263,-317.39630432220866,-3.6766472511320387,100.65742760989576,31.25861455406579,30,calibration,2,square,0.39999999999999997,0,calibration
0.8599298000044655,53,313.0,205.0,20.0,True,201.54850047181563,-317.32279348053015,19.383658919475597,106.30874882190648,31.465940032565136,30,calibration,2,square,0.39999999999999997,0,calibration
0.8764643000031356,54,225.0,142.0,20.0,True,186.90209124864808,-314.82843504226497,41.57537247865388,113.2391840957053,33.07011703507207,30,calibration,2,square,0.39999999999999997,0,calibration
0.8931529999972554,55,162.0,109.0,20.0,True,170.39559284102586,-309.68676541310066,63.47723092133107,121.52902030498882,34.00964298609995,30,calibration,2,square,0.39999999999999997,0,calibration
0.9094343000033405,56,94.0,82.0,20.0,True,153.2300292873827,-302.4061855486314,86.01612174685108,131.48850946387668,34.21627063431388,30,calibration,2,square,0.39999999999999997,0,calibration
0.9267177000001539,57,9.0,67.0,20.0,True,135.1036011339582,-291.4434941554512,109.29349584814912,142.73093168838705,34.30154415109487,30,calibration,2,square,0.39999999999999997,0,calibration
0.9429176999983611,58,-31.0,66.0,20.0,True,115.10984366402067,-276.5276428029541,132.56461787726676,154.65404779428232,33.74870147706452,30,calibration,2,square,0.39999999999999997,0,calibration
0.9597873000020627,59,-61.0,70.0,20.0,True,93.76393823270632,-257.1588266665228,154.8610434197326,166.218045407992,32.83913995604509,30,calibration,2,square,0.39999999999999997,0,calibration
0.9761278999940259,60,-101.0,84.0,20.0,True,72.96203511996798,-234.7111628995115,177.1735619501815,179.19209451106929,30.674869705834844,30,calibration,2,square,0.39999999999999997,0,calibration
0.9929346999997506,61,-119.0,96.0,20.0,True,54.455556388963984,-208.6966970363395,198.27577075337925,192.96681022775172,26.557110871458505,30,calibration,2,square,0.39999999999999997,0,calibration
1.0093592000048375,62,-138.0,120.0,20.0,True,39.34421781902755,-180.52878462562356,217.05596746566357,207.17514537942608,20.125705806679424,30,calibration,2,square,0.39999999999999997,0,calibration
1.0263172999984818,63,-147.0,137.0,19.235384061671343,True,27.007370640730944,-152.5797724803029,231.60921795061438,220.18657853092148,14.565340169617174,30,calibration,2,square,0.39999999999999997,0,calibration
1.0434067000023788,64,-150.0,160.0,20.0,True,19.20457011508103,-128.42340808450217,242.80475563395302,232.6013186236339,6.671523467869318,30,calibration,2,square,0.39999999999999997,0,calibration
1.059592599995085,65,-143.0,214.0,20.0,True,15.077091772611514,-109.74323509407984,251.8976991017296,245.50731188814657,1.117442616937605,30,calibration,2,square,0.39999999999999997,0,calibration
1.0766953999991529,66,-126.0,251.0,20.0,True,13.739535684680504,-95.32615548444231,259.1496916294117,258.6333065094994,-2.620715073300619,30,calibration,2,square,0.39999999999999997,0,calibration
1.0933675999986008,67,-100.0,292.0,20.0,True,13.6943256920301,-83.50012155671381,265.07656072630726,271.75395775332356,-2.952795146004874,30,calibration,2,square,0.39999999999999997,0,calibration
1.109771000003093,68,-47.0,348.0,20.0,True,14.911949171601524,-72.52864829403599,269.66782728795823,283.6608368215856,-2.545649112998214,30,calibration,2,square,0.39999999999999997,0,calibration
1.126862799996161,69,-13.0,374.0,20.0,True,17.13932170025782,-62.00192627562227,272.03151781538025,293.25561088419175,-1.025303199315999,30,calibration,2,square,0.39999999999999997,0,calibration
1.1430117999989307,70,47.0,407.0,20.0,True,20.09974825835906,-51.74961305385984,268.42182775413437,296.5631844736124,1.737400826683111,30,calibration,2,square,0.39999999999999997,0,calibration
1.1599983000050997,71,83.0,418.0,20.0,True,23.457967553821096,-42.24148298574438,263.96024742902944,300.54115820833186,6.743652275523221,30,calibration,2,square,0.39999999999999997,0,calibration
1.1766822000063257,72,121.0,422.0,20.0,True,27.302195964245346,-31.77164080439372,256.9848618344738,306.52696584136993,13.333302880109814,30,calibration,2,square,0.39999999999999997,0,calibration
1.1928196999942884,73,170.0,418.0,20.0,True,31.130325835757844,-20.48030469850638,246.63885705489628,314.91153391175504,17.129667260457346,30,calibration,2,square,0.39999999999999997,0,calibration
1.2099204999976791,74,202.0,410.0,20.0,True,34.60652092170301,-6.892676679990808,232.95336675757227,325.1656945563478,16.891690765402224,30,calibration,2,square,0.39999999999999997,0,calibration
1.2264300999959232,75,227.0,402.0,20.0,True,36.94695434377733,7.322531812687076,217.47417154953237,335.71563071868513,15.52817462292331,30,calibration,2,square,0.39999999999999997,0,calibration
1.2429019999981392,76,256.0,387.0,20.0,True,37.33784566872881,21.634515327577898,202.21873338291155,345.119666013125,11.025377088549586,30,calibration,2,square,0.39999999999999997,0,calibration
1.2598197000043,77,270.0,375.0,18.439088914585774,True,33.724160225498984,34.56696076397816,188.36015660443394,352.87455476975543,2.951640263480057,30,calibration,2,square,0.39999999999999997,0,calibration
1.2768278000003193,78,280.0,366.0,13.45362404707371,True,26.97524603406123,45.98162296707839,176.44562298551617,358.9804202588953,0.24943836376459025,30,calibration,2,square,0.39999999999999997,0,calibration
1.292921500004013,79,287.0,350.0,17.46424919657298,True,14.852753855788253,50.1907611279031,165.02420277696618,364.1032829889686,1.0741085273018052,30,calibration,2,square,0.39999999999999997,0,calibration
1.310466599999927,80,291.0,336.0,14.560219778561036,True,2.747752708050017,51.6471393168563,152.66938379467805,368.403524845329,2.7361106517924725,30,calibration,2,square,0.39999999999999997,0,calibration
1.3275547999946866,81,292.0,309.0,20.0,True,-7.689763399735133,51.82194296149057,138.3057002084204,371.88135990345904,4.347956772109917,30,calibration,2,square,0.39999999999999997,0,calibration
1.342954899999313,82,278.0,274.0,20.0,True,-16.61336256631978,52.06676151056089,122.71856620061146,374.136847067839,2.223855932174714,30,calibration,2,square,0.39999999999999997,0,calibration
1.3597915999998804,83,257.0,225.0,20.0,True,-25.690865138583035,51.7213634362956,107.24284979558098,375.3178293577086,2.114873296705074,30,calibration,2,square,0.39999999999999997,0,calibration
1.376767599998857,84,218.0,154.0,20.0,True,-35.78098815859699,50.86252099865978,92.7416622174705,375.3497035068062,1.4905493931286729,30,calibration,2,square,0.39999999999999997,0,calibration
1.3933849000022747,85,189.0,113.0,20.0,True,-46.45358764699115,50.01185504809403,79.78018668138436,374.27304510910614,-0.051201991761871124,30,calibration,2,square,0.39999999999999997,0,calibration
1.409938199998578,86,164.0,83.0,20.0,True,-57.489808550169684,49.29194493576545,67.96516135758648,371.65561096110844,-2.0471372067214366,30,calibration,2,square,0.39999999999999997,0,calibration
1.4264831000036793,87,128.0,43.0,20.0,True,-68.31639499369544,48.55651081727959,57.86833703054795,367.99247822342846,-3.291111261561639,30,calibration,2,square,0.39999999999999997,0,calibration
1.443042400002014,88,101.0,17.0,20.0,True,-78.7310413878275,47.57548335539148,48.17648972804293,363.2183707515903,-3.4098635654132425,30,calibration,2,square,0.39999999999999997,0,calibration
1.4601366999995662,89,76.0,-1.0,20.0,True,-88.34811363862474,46.59164440566162,38.77101852278771,357.2627312648894,-2.628846816873247,30,calibration,2,square,0.39999999999999997,0,calibration
1.4768098000058671,90,42.0,-27.0,20.0,True,-97.48006163929188,45.25443043244782,29.40274937753779,349.263714973168,-2.4912288635608393,30,calibration,2,square,0.39999999999999997,0,calibration
1.493214000001899,91,15.0,-41.0,20.0,True,-106.43078978759404,44.094654809397895,20.31076424377766,338.38442064442955,0.34100539103227634,30,calibration,2,square,0.39999999999999997,0,calibration
1.5097934999939753,92,-25.0,-59.0,20.0,True,-115.29991438183859,42.97084045263733,11.184218368606972,325.23640215579985,1.983236823687482,30,calibration,2,square,0.39999999999999997,0,calibration
1.5266588999947999,93,-48.0,-65.0,20.0,True,-124.39412943126706,42.10497880603587,1.7434549995617434,310.85829203829155,4.901854458722772,30,calibration,2,square,0.39999999999999997,0,calibration
1.5429676000057952,94,-69.0,-72.0,20.0,True,-134.28802935749357,40.92685099304723,-7.499883132156484,296.5141806266813,3.9944850406906407,30,calibration,2,square,0.39999999999999997,0,calibration
1.5598424000054365,95,-95.0,-80.0,20.0,True,-145.21053144097687,39.63342322579304,-15.417208935831114,282.18291851557166,5.282670251186818,30,calibration,2,square,0.39999999999999997,0,calibration
1.5770995000057155,96,-112.0,-85.0,17.72004514666935,True,-156.76268775864932,38.30460072878448,-21.331658100987333,265.5574335662042,7.051347363521609,30,calibration,2,square,0.39999999999999997,0,calibration
1.5933987000025809,97,-126.0,-89.0,14.560219778561036,True,-169.17165632360414,36.841684493333084,-24.949956353214105,247.66922660475993,7.675829711009555,30,calibration,2,square,0.39999999999999997,0,calibration
1.6098384999932023,98,-144.0,-95.0,18.973665961010276,True,-181.6238319329396,35.09304782096581,-26.801878155672366,229.3390745371162,10.880518635054807,30,calibration,2,square,0.39999999999999997,0,calibration
1.626412400000845,99,-153.0,-97.0,9.219544457292887,True,-193.26890756452698,33.45387694788347,-27.56715426936852,213.06119684426363,6.770469737766144,30,calibration,2,square,0.39999999999999997,0,calibration
1.6431347000034293,100,-159.0,-101.0,7.211102550927978,True,-202.9853350632638,30.227978678277,-27.85842160572932,197.57518060792094,2.8426127450286613,30,calibration,2,square,0.39999999999999997,0,calibration
1.6601106000016443,101,-162.0,-103.0,3.605551275463989,True,-210.99300972770828,26.311798125909426,-27.965049312769032,182.10515976112885,1.5530073124810384,30,calibration,2,square,0.39999999999999997,0,calibration
1.6765386000042781,102,-163.0,-104.0,1.4142135623730951,True,-217.61612703038512,21.358816216129636,-27.819393034565966,166.22068046957466,0.4089322890535211,30,calibration,2,square,0.39999999999999997,0,calibration
1.693278000006103,103,-164.0,-104.0,1.0,True,-224.651756798257,16.972726406922003,-27.36399253500226,150.47495496319203,0.8775138186392546,30,calibration,2,square,0.39999999999999997,0,calibration
1.709880599999451,104,-163.0,-110.0,6.082762530298219,True,-227.5745165817714,8.628923580195549,-26.29611058383315,134.9265125315519,-0.7223773544086308,30,calibration,2,square,0.39999999999999997,0,calibration
1.7264022000017576,105,-161.0,-118.0,8.246211251235321,True,-228.70789880654365,-1.901601839155921,-24.45326392095226,119.75273223135255,-0.4427291348359112,30,calibration,2,square,0.39999999999999997,0,calibration
1.7434273999970173,106,-151.0,-148.0,20.0,True,-228.46577178510222,-13.713068958050597,-21.76727835941819,104.31142427938966,-0.6775342712615795,30,calibration,2,square,0.39999999999999997,0,calibration
1.760051699995529,107,-140.0,-168.0,20.0,True,-226.8353547928806,-25.975979963509314,-17.752249915796675,88.69674976975591,-0.7307317048352213,30,calibration,2,square,0.39999999999999997,0,calibration
1.7768622000003234,108,-130.0,-184.0,18.867962264113206,True,-223.89398108103632,-38.71817279698661,-11.502008779930943,72.361755776673,-0.677825034694855,30,calibration,2,square,0.39999999999999997,0,calibration
1.793060299998615,109,-117.0,-205.0,20.0,True,-218.5907459408178,-54.285101782057836,-3.471738852723391,56.10250373555403,-0.41718752320907493,30,calibration,2,square,0.39999999999999997,0,calibration
1.8097269999998389,110,-103.0,-218.0,19.1049731745428,True,-208.9729848865647,-71.69012976463237,5.564994824794724,40.39511414068073,-0.10019241340309595,30,calibration,2,square,0.39999999999999997,0,calibration
1.8264578999951482,111,-88.0,-228.0,18.027756377319946,True,-195.52897337080424,-89.71980432749051,14.478943139000856,26.54920578460686,0.45529913137992206,30,calibration,2,square,0.39999999999999997,0,calibration
1.8432060000050114,112,-58.0,-240.0,20.0,True,-180.33946731926343,-105.5781012498758,23.438819844393276,14.240220149224324,1.275295633664324,30,calibration,2,square,0.39999999999999997,0,calibration
1.86001319999923,113,-35.0,-245.0,20.0,True,-164.40837453364577,-119.35753076123048,32.616464943899636,3.197976734094931,1.8014480840474856,30,calibration,2,square,0.39999999999999997,0,calibration
1.876640699993004,114,8.0,-245.0,20.0,True,-147.6617145151775,-131.66809832942886,41.634798467491215,-7.255143050343632,3.0498398271684257,30,calibration,2,square,0.39999999999999997,0,calibration
1.8932688999921083,115,39.0,-242.0,20.0,True,-130.30406420504494,-142.87163773418476,50.73417964027118,-17.197047588025526,3.661564437619238,30,calibration,2,square,0.39999999999999997,0,calibration
1.909823599999072,116,73.0,-238.0,20.0,True,-112.23343648199247,-153.4446584225796,59.613419625124486,-26.807065992374802,4.200729660462484,30,calibration,2,square,0.39999999999999997,0,calibration
1.9264268999977503,117,131.0,-219.0,20.0,True,-93.28936821155929,-162.1180863979596,68.64177782646935,-36.270332090664105,6.074354458217529,30,calibration,2,square,0.39999999999999997,0,calibration
1.943006699992111,118,167.0,-205.0,20.0,True,-73.29266739069074,-169.1456832653099,77.3077789212154,-45.67611644995371,7.882990364802954,30,calibration,2,square,0.39999999999999997,0,calibration
1.9597792999993544,119,203.0,-189.0,20.0,True,-53.07842459863605,-174.60566195510225,85.21230692158872,-54.78468930892325,9.681959196210162,30,calibration,2,square,0.39999999999999997,0,calibration
1.9768525999970734,120,249.0,-166.0,20.0,True,-31.324690407909653,-178.82044947890495,92.26360770869506,-63.82577596621153,11.912198855147613,30,calibration,2,square,0.39999999999999997,0,calibration
1.9932789000013145,121,276.0,-151.0,20.0,True,-9.383458699414824,-181.84000212798793,98.53111103805129,-72.75859361583272,13.905157162174625,30,calibration,2,square,0.39999999999999997,0,calibration
2.009742499998538,122,308.0,-133.0,20.0,True,12.09841354262576,-183.8851015866133,103.87551325998481,-81.8205001488843,16.014394187792966,30,calibration,2,square,0.39999999999999997,0,calibration
2.026768900002935,123,347.0,-105.0,20.0,True,30.620772875048313,-183.9854075370783,107.5716424719359,-90.86902799659453,20.83753450999368,30,calibration,2,square,0.39999999999999997,0,calibration
2.0434722999925725,124,369.0,-86.0,20.0,True,46.4989361001577,-182.47811993436477,109.32236178473849,-99.71724854199722,26.189931541133493,30,calibration,2,square,0.39999999999999997,0,calibration
2.0601257999951486,125,391.0,-69.0,20.0,True,60.75226931604282,-180.20822889172678,109.19892074605997,-108.45623657910468,30.00327199431339,30,calibration,2,square,0.39999999999999997,0,calibration
2.0771672999981092,126,411.0,-40.0,20.0,True,74.2447264090781,-176.04528964368657,106.89348058230001,-117.60895025663534,34.44303634151176,30,calibration,2,square,0.39999999999999997,0,calibration
2.0931510999944294,127,419.0,-13.0,20.0,True,86.33716131922357,-170.36684176093087,102.04782969611198,-127.27272851727386,32.98226003653123,30,calibration,2,square,0.39999999999999997,0,calibration
2.109517999997479,128,426.0,43.0,20.0,True,96.5937878726028,-164.51746529797884,94.85432603016642,-137.46450070908648,29.630585336095,30,calibration,2,square,0.39999999999999997,0,calibration
2.1264688999945065,129,426.0,106.0,20.0,True,104.6935929550499,-158.95151182432352,85.90362327357055,-147.26720022987368,26.09629775475904,30,calibration,2,square,0.39999999999999997,0,calibration
2.1431859000003897,130,423.0,166.0,20.0,True,110.7397920811895,-153.3840558089044,74.86342108699272,-157.0028630099443,25.25852648829374,30,calibration,2,square,0.39999999999999997,0,calibration
2.1598481999972137,131,416.0,224.0,20.0,True,115.43257648074118,-146.94388696348483,62.06134693615178,-166.08519585723892,24.170733875879222,30,calibration,2,square,0.39999999999999997,0,calibration
2.17679749999661,132,410.0,243.0,19.924858845171276,True,119.31595875549283,-138.18627451240346,46.78129293329836,-174.16919500100323,18.51846312108449,30,calibration,2,square,0.39999999999999997,0,calibration
2.193354899995029,133,400.0,259.0,18.867962264113206,True,122.39493927947852,-127.28873970233646,30.813419459925242,-179.910715667824,8.681848029067323,30,calibration,2,square,0.39999999999999997,0,calibration
2.2097461999946972,134,395.0,266.0,8.602325267042627,True,125.4019560472565,-114.53133892852327,14.824616670936884,-183.3302797103952,2.2407610350689913,30,calibration,2,square,0.39999999999999997,0,calibration
2.226343200003612,135,390.0,271.0,7.0710678118654755,True,128.04364650326497,-100.918803389916,0.15983974600390383,-184.7171770853671,-0.5511394795432516,30,calibration,2,square,0.39999999999999997,0,calibration
2.243511099994066,136,379.0,282.0,15.556349186104045,True,130.76394022388294,-86.93512027699985,-13.49938869631124,-185.14864475685684,-1.9501241828858096,30,calibration,2,square,0.39999999999999997,0,calibration
2.2596238999976777,137,372.0,288.0,9.219544457292887,True,133.46564527882052,-72.448363354713,-27.24998569425925,-185.01299995463373,-2.443877214537291,30,calibration,2,square,0.39999999999999997,0,calibration
2.276623700003256,138,360.0,298.0,15.620499351813308,True,135.9205680872599,-58.26665065766601,-41.397092996882996,-184.44841056758267,-4.582581130707797,30,calibration,2,square,0.39999999999999997,0,calibration
2.2930631000053836,139,328.0,313.0,20.0,True,138.10567046650175,-43.57590369813931,-56.39957998053781,-183.50368672850655,-12.874808038521284,30,calibration,2,square,0.39999999999999997,0,calibration
2.31005849999201,140,302.0,323.0,20.0,True,140.2130989723802,-29.261149754140447,-71.38498805860836,-182.10404585646015,-14.869519642349943,30,calibration,2,square,0.39999999999999997,0,calibration
2.3264850999985356,141,263.0,334.0,20.0,True,142.5639284706766,-14.524052811017157,-86.30112616093533,-180.11298442086257,-17.468904389824345,30,calibration,2,square,0.39999999999999997,0,calibration
2.3430643000028795,142,233.0,337.0,20.0,True,144.76013475004007,-0.43324221550569497,-100.99644849646467,-176.63305264467732,-20.922170488485406,30,calibration,2,square,0.39999999999999997,0,calibration
2.359853200003272,143,206.0,340.0,20.0,True,146.7671158253809,13.024686058013929,-116.12690946914621,-170.99629559414524,-20.145550744327668,30,calibration,2,square,0.39999999999999997,0,calibration
2.3765323999978136,144,180.0,342.0,20.0,True,150.028698116409,26.407417403381285,-133.07541262593904,-161.70272631714883,-21.453888990450626,30,calibration,2,square,0.39999999999999997,0,calibration
2.392907899993588,145,136.0,336.0,20.0,True,156.44127352909578,38.75595145767654,-150.90142287762762,-149.35345486185884,-26.281623211282465,30,calibration,2,square,0.39999999999999997,0,calibration
2.4096730000019306,146,109.0,330.0,20.0,True,166.9041924516239,48.08979896548129,-168.62301706979704,-134.0162652343581,-29.380792068903972,30,calibration,2,square,0.39999999999999997,0,calibration
2.426414300003671,147,69.0,317.0,20.0,True,178.750226396781,51.66823380788044,-184.7544545043513,-117.06570696109235,-28.630265680378876,30,calibration,2,square,0.39999999999999997,0,calibration
2.4430704999977024,148,40.0,304.0,20.0,True,190.11030502338699,50.04942471246325,-199.55883283755944,-98.97716819588658,-22.141370618302325,30,calibration,2,square,0.39999999999999997,0,calibration
2.4595381999970414,149,14.0,290.0,20.0,True,199.91074707149144,45.634949766043526,-213.19290122747145,-81.57110918825985,-15.555666661602562,30,calibration,2,square,0.39999999999999997,0,calibration
2.476366999995662,150,-23.0,261.0,20.0,True,208.38337394109953,39.5752929587795,-224.80489085742786,-66.09137510997438,-5.202680996697601,30,calibration,2,square,0.39999999999999997,0,calibration
2.4933593000023393,151,-43.0,242.0,20.0,True,216.0422298449336,33.20656186427265,-234.28318204426168,-53.09464858803301,0.24422358572023767,30,calibration,2,square,0.39999999999999997,0,calibration
2.509836199998972,152,-66.0,223.0,20.0,True,223.8688522643856,26.304472128416865,-241.44209497586763,-42.06438469114549,-0.8496526957691932,30,calibration,2,square,0.39999999999999997,0,calibration
2.5265651999943657,153,-94.0,195.0,20.0,True,231.5483823881203,18.622739215601044,-246.27927553517432,-32.03382111085833,6.598191207065614,30,calibration,2,square,0.39999999999999997,0,calibration
2.5430038000049535,154,-111.0,176.0,20.0,True,239.29702960070793,10.189471358268188,-248.99033934816944,-22.047614713888336,12.842711477393763,30,calibration,2,square,0.39999999999999997,0,calibration
2.559757900002296,155,-128.0,156.0,20.0,True,247.2592044876826,0.8541170018764053,-249.86695260087086,-11.83191294205115,17.264369273809027,30,calibration,2,square,0.39999999999999997,0,calibration
2.576197200003662,156,-149.0,132.0,20.0,True,256.22076267639653,-11.958228308204868,-248.5041001911804,-0.6592760953215144,21.320826246497354,30,calibration,2,square,0.39999999999999997,0,calibration
2.59310299999197,157,-160.0,120.0,16.278820596099706,True,265.9641697302689,-28.641793800072172,-244.75056358168763,10.931653964593453,19.62011463443957,30,calibration,2,square,0.39999999999999997,0,calibration
2.6097507999947993,158,-170.0,102.0,20.0,True,276.34181450810274,-47.51026222735317,-238.91934924102293,22.593703434753074,30.61934487730901,30,calibration,2,square,0.39999999999999997,0,calibration
2.6262879999994766,159,-184.0,64.0,20.0,True,285.9650686004086,-65.32696020765346,-231.56102163161094,33.07015483268175,32.5576491356938,30,calibration,2,square,0.39999999999999997,0,calibration
2.642812399994,160,-192.0,39.0,20.0,True,294.1304124048118,-81.49223768354558,-223.50821916556998,42.24585411981261,32.591845531535114,30,calibration,2,square,0.39999999999999997,0,calibration
2.6595505000004778,161,-199.0,-8.0,20.0,True,302.2323160408154,-96.76217455204772,-213.98492023425288,50.05348039694237,30.913817195191005,30,calibration,2,square,0.39999999999999997,0,calibration
2.6761603000049945,162,-200.0,-34.0,20.0,True,310.38759866647496,-111.2633303730698,-203.97733069229238,56.09624234514962,28.03098551983009,30,calibration,2,square,0.39999999999999997,0,calibration
2.6936787000013283,163,-200.0,-54.0,20.0,True,318.77244769196716,-126.13710996030842,-193.43849045998806,60.252573603736685,24.75994166258569,30,calibration,2,square,0.39999999999999997,0,calibration
2.7092968999932054,164,-197.0,-81.0,20.0,True,327.4729007030444,-140.85871225221624,-183.10114469956375,62.66730087017392,20.60708833083458,30,calibration,2,square,0.39999999999999997,0,calibration
2.726295000000391,165,-193.0,-100.0,19.4164878389476,True,336.683846736708,-155.64264057838506,-172.63593924170308,63.88837048214294,16.4702923118551,30,calibration,2,square,0.39999999999999997,0,calibration
2.7433080000046175,166,-185.0,-118.0,19.697715603592208,True,346.987316295874,-170.10103875386227,-162.0863063372208,64.3909278600753,12.167000718555224,30,calibration,2,square,0.39999999999999997,0,calibration
2.7596399000030942,167,-171.0,-139.0,20.0,True,355.89024835680834,-182.59827798894838,-151.86701412297646,64.58185954510024,9.142221905882817,30,calibration,2,square,0.39999999999999997,0,calibration
2.776822200001334,168,-156.0,-154.0,20.0,True,353.1038085730503,-187.93004116214811,-141.2835807990376,64.65169295540872,5.938781329188227,30,calibration,2,square,0.39999999999999997,0,calibration
2.7932640999933938,169,-126.0,-172.0,20.0,True,351.06721165377945,-191.70762348336692,-129.83305120409642,64.86064891665625,2.658573223791627,30,calibration,2,square,0.39999999999999997,0,calibration
2.8097109999944223,170,-99.0,-178.0,20.0,True,350.04936305286697,-193.55992205588973,-117.0115445201345,65.15459916015041,-0.9978042819262467,30,calibration,2,square,0.39999999999999997,0,calibration
2.8265928000037093,171,-63.0,-178.0,20.0,True,349.81394540417926,-193.98506025145838,-103.22082797088687,65.4855576803145,-2.7933529752128905,30,calibration,2,square,0.39999999999999997,0,calibration
2.843184500001371,172,-9.0,-171.0,20.0,True,349.81840289997575,-193.9770218157558,-88.44127598137477,65.64700834936016,-3.754541744812967,30,calibration,2,square,0.39999999999999997,0,calibration
2.859736900005373,173,32.0,-161.0,20.0,True,349.87029673778824,-193.88340687282147,-73.18570919028714,65.71263912092378,-4.635485690085613,30,calibration,2,square,0.39999999999999997,0,calibration
2.8767547000024933,174,72.0,-151.0,20.0,True,349.8039962297452,-194.00300054818837,-57.737552739151525,65.7374344984506,-4.970922100189328,30,calibration,2,square,0.39999999999999997,0,calibration
2.8932422999932896,175,134.0,-134.0,20.0,True,349.55285611646025,-194.4551382217123,-42.58461861815897,65.74647780208088,-5.763494058315983,30,calibration,2,square,0.39999999999999997,0,calibration
2.909734999993816,176,171.0,-124.0,20.0,True,348.97054468818885,-195.4982325752046,-26.96384324259486,65.65775954088585,-6.933027090821369,30,calibration,2,square,0.39999999999999997,0,calibration
2.926444500000798,177,203.0,-116.0,20.0,True,347.81515949611105,-197.54648775590732,-10.697264006847096,65.51637506420965,-9.213671676485761,30,calibration,2,square,0.39999999999999997,0,calibration
2.942900299996836,178,253.0,-94.0,20.0,True,346.18744358083103,-200.38526369713148,7.087191687124172,65.35286747855659,-14.291691528260467,30,calibration,2,square,0.39999999999999997,0,calibration
2.9597003999951994,179,282.0,-78.0,20.0,True,343.67346020335384,-204.66693126114387,26.488880778788754,65.27283521981474,-21.25468133946444,30,calibration,2,square,0.39999999999999997,0,calibration
2.9766024999989895,180,314.0,-59.0,20.0,True,340.1473534593704,-210.47512426552018,49.156619734759005,65.33221941026724,-28.165155381089377,30,calibration,2,square,0.39999999999999997,0,calibration
2.9932512999948813,181,357.0,-28.0,20.0,True,334.50997849550924,-217.02086262028018,73.50747977825876,65.46243937489285,-35.735269470059436,30,calibration,2,square,0.39999999999999997,0,calibration
