timestamp,frame,mouse_x,mouse_y,mouse_speed,mouse_is_moving,stim_A_x,stim_A_y,stim_B_x,stim_B_y,evidence,trial_num,phase,n_shapes,target,prop_used,block_num,difficulty_level
0.0029872999293729663,1,21.0,1.0,20.0,True,304.7682153748473,-2.950648119388404,-294.4717893603577,0.0,-3.4901342968551474,1,calibration,2,square,0.25,0,calibration
0.009463599999435246,2,21.0,1.0,0.0,False,313.98906421481576,-11.118681407556895,-282.4399052999123,0.0,0.0,1,calibration,2,square,0.25,0,calibration
0.023219899972900748,3,22.0,1.0,1.0,True,324.8673625719255,-18.21316163231203,-269.02322275844983,0.0,-0.16238721223390873,1,calibration,2,square,0.25,0,calibration
0.03994099993724376,4,25.0,1.0,3.0,True,336.7710613878138,-25.03594244765329,-255.18960248337663,0.0,-0.3972194251299631,1,calibration,2,square,0.25,0,calibration
0.05668439995497465,5,27.0,0.0,2.23606797749979,True,348.0150546743776,-32.344065095593095,-240.89193522296597,-0.4422228340303049,0.1919240468208534,1,calibration,2,square,0.25,0,calibration
0.07348250003997236,6,30.0,-5.0,5.830951894845301,True,358.32985424725695,-40.46017722029344,-226.2576720534649,-1.3487796437924298,2.1461035551619894,1,calibration,2,square,0.25,0,calibration
0.08981699997093529,7,31.0,-14.0,9.055385138137417,True,367.12741841252154,-48.33010389170303,-211.91298725696802,-2.4797645418249346,5.0414908659606645,1,calibration,2,square,0.25,0,calibration
0.1072452999651432,8,32.0,-31.0,17.029386365926403,True,375.7679095816271,-55.44038375196796,-196.53501948567646,-3.480570093089768,9.472363342399397,1,calibration,2,square,0.25,0,calibration
0.12325169995892793,9,32.0,-61.0,20.0,True,384.21614026471536,-61.701513621231264,-181.12125413467538,-4.172955620438303,11.010963613248514,1,calibration,2,square,0.25,0,calibration
0.13999469997361302,10,31.0,-70.0,9.055385138137417,True,392.73765363995415,-67.17544995398491,-165.9812413400849,-4.704822688906612,4.706233409456717,1,calibration,2,square,0.25,0,calibration
0.16205949999857694,11,21.0,-103.0,20.0,True,393.7157310268585,-70.62523020837787,-152.54207820120592,-4.948882589649784,9.772316790676129,1,calibration,2,square,0.25,0,calibration
0.17298839997965842,12,17.0,-108.0,6.4031242374328485,True,393.2860292856422,-72.98012858808168,-140.3508868195423,-5.045884840265748,2.404620443505448,1,calibration,2,square,0.25,0,calibration
0.1895850000437349,13,10.0,-117.0,11.40175425099138,True,392.956718041848,-74.73297629413369,-129.27979897098518,-5.082151885052505,3.6550537936645986,1,calibration,2,square,0.25,0,calibration
0.20652330003213137,14,0.0,-123.0,11.661903789690601,True,392.7958793870914,-75.57378604067382,-119.62185571069216,-5.095308602142104,1.9509269259104949,1,calibration,2,square,0.25,0,calibration
0.2234661999391392,15,-10.0,-127.0,10.770329614269007,True,392.8027858281129,-75.53788086565376,-110.77329043513451,-5.100006103406311,0.9136645444487547,1,calibration,2,square,0.25,0,calibration
0.2401094000088051,16,-23.0,-128.0,13.038404810405298,True,393.2737469427519,-73.04628646008176,-102.492074347018,-5.101668758905352,-0.03658050390776121,1,calibration,2,square,0.25,0,calibration
0.2563952000346035,17,-37.0,-123.0,14.866068747318506,True,394.2435505899435,-67.61673474987299,-94.57679956157018,-5.1022543943413305,3.5247247885393436,1,calibration,2,square,0.25,0,calibration
0.2728806999512017,18,-42.0,-119.0,6.4031242374328485,True,395.5004740551067,-59.82787830255948,-87.26530088349962,-4.991904399438609,4.1736231330806435,1,calibration,2,square,0.25,0,calibration
0.29023859999142587,19,-59.0,-99.0,20.0,True,396.8104842579218,-50.412692677475114,-80.48137459031487,-4.599503782238866,17.303578472448827,1,calibration,2,square,0.25,0,calibration
0.30688139994163066,20,-64.0,-84.0,15.811388300841896,True,398.0330053889619,-39.61977563074536,-73.83479307279335,-3.7280736913767396,13.46824945657419,1,calibration,2,square,0.25,0,calibration
0.3239562000380829,21,-67.0,-51.0,20.0,True,398.984011464332,-28.491377569885625,-66.12126402986883,-2.0601423910232137,14.070639599987116,1,calibration,2,square,0.25,0,calibration
0.3409173999680206,22,-61.0,-28.0,20.0,True,399.6087843702934,-17.686702748007285,-57.59018829666105,0.45455534542452014,8.969175439024603,1,calibration,2,square,0.25,0,calibration
0.3566965999780223,23,-46.0,-5.0,20.0,True,399.9279740156342,-7.590494038611128,-48.352481085053,3.4897752455672473,4.3731840338096255,1,calibration,2,square,0.25,0,calibration
0.3741840999573469,24,-39.0,4.0,11.40175425099138,True,399.99069641406754,2.72814629175854,-39.446689079690096,6.641452976708048,1.5620723360878006,1,calibration,2,square,0.25,0,calibration
0.39033119997475296,25,-28.0,10.0,12.529964086141668,True,399.78808956577956,13.018580619415673,-30.109580390204528,10.373524505977024,-2.4464324544517524,1,calibration,2,square,0.25,0,calibration
0.4071105000330135,26,-23.0,11.0,5.0990195135927845,True,399.3102460173827,23.48036255123231,-19.627567791953737,15.52221766112239,-2.118771571514002,1,calibration,2,square,0.25,0,calibration
0.4231943000340834,27,-20.0,11.0,3.0,True,398.5500151024952,34.0277160826415,-7.993271669232822,22.846649355229292,-1.4881759600020017,1,calibration,2,square,0.25,0,calibration
0.4403070999542251,28,-18.0,9.0,2.8284271247461903,True,397.51446844449504,44.5224367851823,3.973525701317987,31.71079656598399,-1.808705721421802,1,calibration,2,square,0.25,0,calibration
0.4564581000013277,29,-13.0,-6.0,15.811388300841896,True,396.2684306785176,54.509915130964195,15.710871785939561,42.15393128122829,-8.653965581283277,1,calibration,2,square,0.25,0,calibration
0.4742192999692634,30,-13.0,-36.0,20.0,True,392.71317064215594,62.1771695636874,27.40930028445959,53.357729037776515,-4.310802824171988,1,calibration,2,square,0.25,0,calibration
0.4900431999703869,31,-18.0,-55.0,19.6468827043885,True,387.39748577519725,67.589658759799,39.32349711765396,64.97991805023521,6.794229182953891,1,calibration,2,square,0.25,0,calibration
0.5062100000213832,32,-23.0,-67.0,13.0,True,381.05232726731356,71.80581492851024,50.69575651490081,75.89453017249278,9.43995269403921,1,calibration,2,square,0.25,0,calibration
0.5236865000333637,33,-28.0,-75.0,9.433981132056603,True,374.3882138571088,75.58817117053796,61.64429083044177,86.7223547427487,9.580050613263218,1,calibration,2,square,0.25,0,calibration
0.5402904000366107,34,-35.0,-83.0,10.63014581273465,True,367.35669961841865,78.98536421553749,72.39771197156087,98.6575336267936,13.45173859393362,1,calibration,2,square,0.25,0,calibration
0.5567840000148863,35,-40.0,-87.0,6.4031242374328485,True,360.1479785888583,81.669510616199,82.74181449694458,112.53450101415343,9.48521662107877,1,calibration,2,square,0.25,0,calibration
0.5728467999724671,36,-45.0,-91.0,6.4031242374328485,True,352.62854504899866,83.74259657551988,92.76389399737585,128.39693865293944,9.809311076130548,1,calibration,2,square,0.25,0,calibration
0.5896699000149965,37,-50.0,-92.0,5.0990195135927845,True,344.42423836596095,85.85406575259704,102.41640172016947,145.32601544328537,7.938266308746815,1,calibration,2,square,0.25,0,calibration
0.6063562999479473,38,-55.0,-92.0,5.0,True,334.2683990441215,88.07824224363702,111.3354080344713,162.26053801535915,7.21422013135235,1,calibration,2,square,0.25,0,calibration
0.6233429999556392,39,-57.0,-92.0,2.0,True,319.95527563193065,90.32406840310655,118.43963438793871,178.57061248423614,2.7744964737429605,1,calibration,2,square,0.25,0,calibration
0.6394735999638215,40,-57.0,-92.0,0.0,False,302.79959165938675,92.77926606893077,123.15985265094321,192.98907937252787,0.0,1,calibration,2,square,0.25,0,calibration
0.6565893000224605,41,-57.0,-91.0,1.0,True,286.16100865230356,99.41953342412745,125.92201110189832,204.86309353961548,-0.6033335055412891,1,calibration,2,square,0.25,0,calibration
0.6726813999703154,42,-51.0,-81.0,11.661903789690601,True,271.54933132625683,105.91959852766081,127.33189438852853,213.70117990456052,-12.237855001888443,1,calibration,2,square,0.25,0,calibration
0.6894413999980316,43,-42.0,-74.0,11.40175425099138,True,258.50776733631716,110.92181851116176,127.80342339610065,220.2737277092584,-13.522315581450815,1,calibration,2,square,0.25,0,calibration
0.7067230000393465,44,-30.0,-67.0,13.892443989449804,True,246.40464298312946,114.75357947009044,127.41129397766335,225.25996570943246,-15.365207244980503,1,calibration,2,square,0.25,0,calibration
0.7245561999734491,45,-24.0,-65.0,6.324555320336759,True,234.8673704171821,117.42496476229414,125.83594726490185,229.3112095993206,-5.083718784118419,1,calibration,2,square,0.25,0,calibration
0.7406233999645337,46,-19.0,-64.0,5.0990195135927845,True,222.6807228112641,119.384990918483,120.90639441739332,232.62758128934533,-1.1873964633237952,1,calibration,2,square,0.25,0,calibration
0.7563472000183538,47,-16.0,-66.0,3.605551275463989,True,209.7498473259043,117.24085998634456,111.89318352771751,235.71577856567285,0.8538726904542054,1,calibration,2,square,0.25,0,calibration
0.7731466999975964,48,-14.0,-75.0,9.219544457292887,True,196.14302631429015,112.98589210610952,98.54708526562285,238.5088095514422,4.578405066062431,1,calibration,2,square,0.25,0,calibration
0.7897948999889195,49,-19.0,-100.0,20.0,True,182.25339190302674,108.72060649233806,82.99319930314209,240.8238041608406,8.514139258000387,1,calibration,2,square,0.25,0,calibration
0.8068076999625191,50,-28.0,-116.0,18.35755975068582,True,168.62763878023816,105.48839139648113,65.20166371942724,243.0070961120816,5.4657658513801195,1,calibration,2,square,0.25,0,calibration
0.8229349999455735,51,-46.0,-135.0,20.0,True,155.66997304444553,103.80033406871608,45.67063173201526,244.81974702215933,3.1609500109855038,1,calibration,2,square,0.25,0,calibration
0.8406655000289902,52,-62.0,-142.0,17.46424919657298,True,142.8779648156345,104.0175860449404,24.897289362025916,246.76943167119097,0.6029455787892425,1,calibration,2,square,0.25,0,calibration
0.8567658000392839,53,-85.0,-146.0,20.0,True,129.7214457277684,105.93549545828137,3.5624410298778564,248.26765120699082,-0.41195085003382426,1,calibration,2,square,0.25,0,calibration
0.8736057999776676,54,-101.0,-148.0,16.1245154965971,True,115.30925240540418,108.99285093373615,-17.33093960363165,249.50797256878639,-0.6167020713340327,1,calibration,2,square,0.25,0,calibration
0.8896042000269517,55,-117.0,-145.0,16.278820596099706,True,100.3248866718128,113.81486487666677,-37.05776191747822,250.30638536728313,0.04155899848459185,1,calibration,2,square,0.25,0,calibration
0.9061007000273094,56,-124.0,-142.0,7.615773105863909,True,84.72765181135824,120.69954770073828,-53.85221001575576,250.76924561963818,0.5353371417542101,1,calibration,2,square,0.25,0,calibration
0.9222342999419197,57,-127.0,-138.0,5.0,True,69.64970086017269,130.5302728151659,-67.34662004172553,249.64126136044783,2.0413062080502,1,calibration,2,square,0.25,0,calibration
0.9389921999536455,58,-130.0,-131.0,7.615773105863909,True,54.43351456247506,143.78323509110368,-78.12571823794013,246.11402137903127,6.185515663264234,1,calibration,2,square,0.25,0,calibration
0.9561602999456227,59,-128.0,-115.0,16.1245154965971,True,39.41194151737024,161.25656236835113,-87.75295330135847,239.72021423858487,21.346936570769994,1,calibration,2,square,0.25,0,calibration
0.9729966999730095,60,-100.0,-76.0,20.0,True,24.878285795990582,182.29575659976672,-97.71062542937476,230.8121859761521,26.26303184273364,1,calibration,2,square,0.25,0,calibration
0.9893818999407813,61,-68.0,-53.0,20.0,True,10.524185393080376,204.6924490748382,-109.25733686430657,219.50588300417564,20.83479137217541,1,calibration,2,square,0.25,0,calibration
1.0063844999531284,62,-49.0,-42.0,20.0,True,-2.777905280230586,226.28136215774876,-121.76544503202766,205.1770773758604,18.383298870831194,1,calibration,2,square,0.25,0,calibration
1.0232851000037044,63,-30.0,-38.0,19.4164878389476,True,-15.122600582461471,246.2548593434984,-133.6960872747306,189.57488593324194,8.132205915881649,1,calibration,2,square,0.25,0,calibration
1.0395449999487028,64,-27.0,-39.0,3.1622776601683795,True,-28.257863723324796,265.2524594641236,-143.69404556827217,173.4839074787005,-1.7947879910265465,1,calibration,2,square,0.25,0,calibration
1.0568533999612555,65,-18.0,-44.0,10.295630140987,True,-41.65839277834974,282.8758111794647,-150.9005589684051,158.429345968186,-10.051527754207969,1,calibration,2,square,0.25,0,calibration
1.0739124999381602,66,-3.0,-81.0,20.0,True,-57.289825219895256,296.00513128765874,-155.82261988554396,143.8684731592133,-32.827100407315406,1,calibration,2,square,0.25,0,calibration
1.0897422999842092,67,-1.0,-101.0,20.0,True,-71.38358627846846,305.6560495013033,-158.46752028599133,130.61213703508247,-32.012532682120316,1,calibration,2,square,0.25,0,calibration
1.1060133000137284,68,0.0,-159.0,20.0,True,-83.7746243698331,314.04817927129517,-159.79878265905282,118.81262783805981,-31.33141816133933,1,calibration,2,square,0.25,0,calibration
1.12255049997475,69,-5.0,-196.0,20.0,True,-95.55575444370336,322.0788693726581,-160.01416681068258,106.7280545064395,-28.81478063040135,1,calibration,2,square,0.25,0,calibration
1.139511900022626,70,-16.0,-223.0,20.0,True,-107.75850160057328,329.7170208651623,-159.7077726024419,93.38971663932475,-21.774559851581174,1,calibration,2,square,0.25,0,calibration
1.1560989000136033,71,-27.0,-242.0,20.0,True,-120.565791014517,337.4035715237511,-158.97140035475758,77.72342713949622,-17.1339073521987,1,calibration,2,square,0.25,0,calibration
1.1728249000152573,72,-42.0,-259.0,20.0,True,-134.27831795034425,344.8272863246793,-158.3667317960929,60.975083467667304,-10.012811675239682,1,calibration,2,square,0.25,0,calibration
1.1890798000385985,73,-53.0,-270.0,15.556349186104045,True,-149.19694180116537,351.84455829372075,-157.86459872915006,43.1312323644827,-5.414370846554498,1,calibration,2,square,0.25,0,calibration
1.2061859000241384,74,-69.0,-280.0,18.867962264113206,True,-165.35058675773385,358.3470991030019,-157.63075234143804,25.755597342660664,1.3245569502233008,1,calibration,2,square,0.25,0,calibration
1.2231487999670208,75,-98.0,-287.0,20.0,True,-178.66992908686447,357.8785498463059,-156.98450760034456,9.156389519813253,12.744907148638728,1,calibration,2,square,0.25,0,calibration
1.2394443999510258,76,-124.0,-285.0,20.0,True,-190.18701026347966,351.893309295643,-155.87155228032995,-5.611334258695008,22.601287275373508,1,calibration,2,square,0.25,0,calibration
1.2562059999909252,77,-141.0,-273.0,20.0,True,-201.2339603946309,345.6947977391215,-153.86743977559993,-18.762757465699508,32.82118360408035,1,calibration,2,square,0.25,0,calibration
1.273255500011146,78,-145.0,-266.0,8.06225774829855,True,-211.64766925887713,339.4190096286373,-151.51641626830857,-30.932307824465518,13.57898181467598,1,calibration,2,square,0.25,0,calibration
1.2897027999861166,79,-152.0,-208.0,20.0,True,-220.26432386020852,333.891640557839,-148.26308275298544,-43.338303407751084,28.743417101560553,1,calibration,2,square,0.25,0,calibration
1.3057596000144258,80,-138.0,-151.0,20.0,True,-227.09561755084377,329.28343488429675,-144.09553966939387,-57.49085488300517,19.302587637789795,1,calibration,2,square,0.25,0,calibration
1.3224515999900177,81,-124.0,-118.0,20.0,True,-232.35284627030055,325.5950780188332,-138.8250087727714,-73.02968376715586,12.563952389704866,1,calibration,2,square,0.25,0,calibration
1.3403151000384241,82,-99.0,-90.0,20.0,True,-236.82391873359305,322.3576143286591,-133.56460779129864,-88.43481635420886,-2.845709816295682,1,calibration,2,square,0.25,0,calibration
1.356087199994363,83,-51.0,-56.0,20.0,True,-241.0412548285852,319.2164053908587,-129.16087736962336,-101.90048522311416,-13.875435410975046,1,calibration,2,square,0.25,0,calibration
1.373014900018461,84,-20.0,-41.0,20.0,True,-243.55671945782632,314.3656597144335,-126.11205232983686,-113.09269499425172,-12.34791393233293,1,calibration,2,square,0.25,0,calibration
1.3900594000006095,85,11.0,-33.0,20.0,True,-244.64720791894896,307.36290883067255,-123.74845831090342,-122.94915330487221,-7.573870317257782,1,calibration,2,square,0.25,0,calibration
1.4056152999401093,86,44.0,-30.0,20.0,True,-244.50128589937208,298.5591179308922,-121.77745368521444,-133.11453611711266,-3.4941064356838387,1,calibration,2,square,0.25,0,calibration
1.4229935000184923,87,56.0,-30.0,12.0,True,-243.63683790794028,288.3671456776254,-119.97440705435024,-144.20666425852573,-0.9111945086601857,1,calibration,2,square,0.25,0,calibration
1.4408924999879673,88,75.0,-33.0,19.235384061671343,True,-241.35089933722037,275.79010643404723,-118.34681177162011,-157.22410182646888,1.0152463607267546,1,calibration,2,square,0.25,0,calibration
1.4567891999613494,89,96.0,-41.0,20.0,True,-238.08372798501935,260.5688395150002,-116.25117912818813,-172.12003307402205,1.2294740111486568,1,calibration,2,square,0.25,0,calibration
1.4732949000317603,90,110.0,-51.0,17.204650534085253,True,-234.25674165038927,242.49934987335013,-113.44362150797042,-188.0249198940112,0.4023190195774212,1,calibration,2,square,0.25,0,calibration
1.490128800040111,91,131.0,-80.0,20.0,True,-231.07779314798344,223.1791638973433,-110.05615634875457,-203.8004591787296,-0.4121065767540344,1,calibration,2,square,0.25,0,calibration
1.5070101999444887,92,143.0,-106.0,20.0,True,-227.91002207555144,203.302898768452,-105.95735395743444,-218.77089617793308,-0.47586542988823366,1,calibration,2,square,0.25,0,calibration
1.5232869000174105,93,147.0,-132.0,20.0,True,-224.63394068667932,183.5271663636528,-100.84457536514132,-234.8553611666784,0.23881517531058938,1,calibration,2,square,0.25,0,calibration
1.5396408999804407,94,149.0,-162.0,20.0,True,-219.9745369219036,163.36576067771978,-94.78168063453009,-251.7194544181653,0.51373277985032,1,calibration,2,square,0.25,0,calibration
1.5566658999305218,95,137.0,-211.0,20.0,True,-215.4458620724543,143.49669065519504,-88.26720036191197,-268.9343612548922,1.3981840856832384,1,calibration,2,square,0.25,0,calibration
1.5740149000193924,96,118.0,-247.0,20.0,True,-211.31822655727004,123.94104159999667,-81.01807762833445,-285.6243073340637,2.8739957677594363,1,calibration,2,square,0.25,0,calibration
1.5900100999278948,97,68.0,-298.0,20.0,True,-208.21033569833438,105.62273087086297,-71.9592883185713,-302.2220794626281,5.91006281140022,1,calibration,2,square,0.25,0,calibration
1.6071033999323845,98,34.0,-320.0,20.0,True,-206.10954299030166,88.47107169990532,-61.07216169611253,-318.5847917543723,8.998892909055357,1,calibration,2,square,0.25,0,calibration
1.6233835000311956,99,-5.0,-336.0,20.0,True,-204.862692993493,72.88959491636209,-49.41668192051183,-333.7191162273321,11.366749381867109,1,calibration,2,square,0.25,0,calibration
1.6398373999400064,100,-38.0,-346.0,20.0,True,-203.72748582335302,58.39784363593231,-37.57714723107926,-347.5309473374925,12.34094042684019,1,calibration,2,square,0.25,0,calibration
1.6565810999600217,101,-64.0,-350.0,20.0,True,-202.35826961586326,44.601696860757215,-25.46905564274401,-360.48028282841295,12.353478504981815,1,calibration,2,square,0.25,0,calibration
1.673138799960725,102,-105.0,-352.0,20.0,True,-200.47938801853428,30.586543148076686,-12.01002881039712,-372.7161531386247,12.437039851761277,1,calibration,2,square,0.25,0,calibration
1.6899961000308394,103,-125.0,-352.0,20.0,True,-197.94693283809232,16.49867911301324,2.0626577147253666,-383.40387949921006,12.388828689226639,1,calibration,2,square,0.25,0,calibration
1.706409199978225,104,-151.0,-343.0,20.0,True,-194.25962901426558,1.6400504701023149,16.157180186778533,-392.1845121650748,8.599082691211969,1,calibration,2,square,0.25,0,calibration
1.7230707999551669,105,-169.0,-332.0,20.0,True,-189.340045547693,-13.650760877633418,30.110200542641604,-398.8085005817336,4.7346171077118715,1,calibration,2,square,0.25,0,calibration
1.7400494000175968,106,-184.0,-316.0,20.0,True,-183.1156336896414,-28.66634739077272,42.80758943142286,-397.7027913996465,-0.9705496538533032,1,calibration,2,square,0.25,0,calibration
1.756840999936685,107,-204.0,-272.0,20.0,True,-175.4860279322203,-42.40999608494745,55.08354171659826,-396.1891005971212,-8.005776791390318,1,calibration,2,square,0.25,0,calibration
1.7736261000391096,108,-203.0,-222.0,20.0,True,-167.25385672083956,-54.144108845961306,66.05536848569191,-394.5081599843271,-14.454774538417475,1,calibration,2,square,0.25,0,calibration
1.8066543999593705,109,-142.0,-97.0,20.0,True,-160.11986645127493,-64.55169198721768,76.52164522070328,-392.6123250901795,-17.864866822965947,1,calibration,2,square,0.25,0,calibration
1.8235824999865144,110,-115.0,-60.0,20.0,True,-154.89986603817607,-74.06393930846876,86.8037211963056,-390.46781427727694,-21.17593956182607,1,calibration,2,square,0.25,0,calibration
1.8398861000314355,111,-23.0,35.0,20.0,True,-152.21703097119277,-83.75842022732813,96.72369540701928,-388.12952315794035,-26.36444817885705,1,calibration,2,square,0.25,0,calibration
1.8560591000132263,112,38.0,86.0,20.0,True,-152.23788144139843,-93.61372083034833,105.93182113024675,-384.1961813489484,-32.01050144366084,1,calibration,2,square,0.25,0,calibration
1.872895900043659,113,91.0,122.0,20.0,True,-156.0709682901963,-103.6649518817562,113.60918821825571,-378.7316766080766,-36.39038428203346,1,calibration,2,square,0.25,0,calibration
1.8892983000259846,114,133.0,143.0,20.0,True,-163.49160792634788,-113.21635810060846,119.84050832021651,-372.2426388379691,-36.879708297484996,1,calibration,2,square,0.25,0,calibration
1.9061435000039637,115,187.0,163.0,20.0,True,-174.4883395121548,-121.78713510704229,124.27809859924041,-365.4078450155209,-35.10195090463938,1,calibration,2,square,0.25,0,calibration
1.9227232999401167,116,218.0,171.0,20.0,True,-188.22223126968262,-129.15579932384404,127.05647080511933,-358.0123798423016,-30.91618787453262,1,calibration,2,square,0.25,0,calibration
1.9394298000261188,117,242.0,175.0,20.0,True,-203.53067357219624,-134.57218996705546,128.4950556158362,-348.56385701370084,-25.914766280783994,1,calibration,2,square,0.25,0,calibration
1.9567851999308914,118,287.0,179.0,20.0,True,-218.65103521511372,-138.18193992457535,129.09179120731898,-337.47262092665636,-22.626626716977544,1,calibration,2,square,0.25,0,calibration
1.9736418999964371,119,315.0,178.0,20.0,True,-232.27994751571254,-140.45601832626917,129.3192948458843,-325.06882804080664,-19.250040190003208,1,calibration,2,square,0.25,0,calibration
1.9897506999550387,120,350.0,172.0,20.0,True,-244.08442265459837,-142.43125945065253,129.2920946471839,-313.38478734579604,-15.459283837791524,1,calibration,2,square,0.25,0,calibration
2.0065159000223503,121,379.0,166.0,20.0,True,-254.52311868564382,-144.18695404221756,128.48731932364606,-302.07793362315573,-13.209482415075355,1,calibration,2,square,0.25,0,calibration
2.0236497999867424,122,390.0,162.0,11.704699910719626,True,-263.196341252171,-146.09496934207226,126.16714986498043,-291.259817207483,-3.665922628058812,1,calibration,2,square,0.25,0,calibration
2.039876400027424,123,397.0,157.0,8.602325267042627,True,-269.87856239049427,-147.68458192619553,122.07294251416504,-281.12632605660696,1.6053500561565308,1,calibration,2,square,0.25,0,calibration
2.0565796999726444,124,406.0,150.0,11.40175425099138,True,-274.77512875200006,-148.29876766390169,116.9985362036186,-273.10405852600246,2.6681872041120744,1,calibration,2,square,0.25,0,calibration
2.0739143999526277,125,411.0,143.0,8.602325267042627,True,-278.76269610132294,-147.84683173356103,112.28309307722357,-267.3005973030874,2.8292535844901754,1,calibration,2,square,0.25,0,calibration
2.0908053999301046,126,415.0,110.0,20.0,True,-282.73879552210485,-145.61614446056225,108.60758358884611,-263.2330281470279,4.531440984950459,1,calibration,2,square,0.25,0,calibration
2.1068975999951363,127,409.0,74.0,20.0,True,-287.15642501537315,-140.31686208661102,105.92113301251797,-259.9648831862007,0.104174551659304,1,calibration,2,square,0.25,0,calibration
2.124250499997288,128,390.0,26.0,20.0,True,-292.02369563951186,-130.71022758803826,103.70586948315572,-257.34657621359423,-3.819466832542855,1,calibration,2,square,0.25,0,calibration
2.1395799999590963,129,337.0,-32.0,20.0,True,-297.6451084801935,-117.46453626017906,101.45941328876606,-253.37138481322913,-2.104190901274705,1,calibration,2,square,0.25,0,calibration
2.1569143999367952,130,283.0,-59.0,20.0,True,-303.8800783620839,-101.35151751997566,98.83115090980114,-246.83552698230017,-0.26164342796100803,1,calibration,2,square,0.25,0,calibration
2.1733854999765754,131,197.0,-83.0,20.0,True,-309.7321445796175,-84.29074745456164,95.66341149034879,-237.65961602241322,-0.03945799735648292,1,calibration,2,square,0.25,0,calibration
2.1898793999571353,132,119.0,-94.0,20.0,True,-314.38945907468195,-67.71526222287054,91.89401900602613,-227.6531453257692,-1.6993520631468262,1,calibration,2,square,0.25,0,calibration
2.2063100000377744,133,-5.0,-108.0,20.0,True,-317.76949937141273,-52.79238104507645,87.72092502035119,-217.595781909951,-3.342247214892999,1,calibration,2,square,0.25,0,calibration
2.2234011000255123,134,-70.0,-108.0,20.0,True,-319.4874159962299,-39.92706860388326,82.15179812989017,-207.45801097165244,-6.982427256604662,1,calibration,2,square,0.25,0,calibration
2.2401631999528036,135,-141.0,-104.0,20.0,True,-319.8700814958266,-28.100412208480943,74.84811087032314,-196.5056884267788,-10.244489019317676,1,calibration,2,square,0.25,0,calibration
2.25646579999011,136,-182.0,-96.0,20.0,True,-317.6856548101022,-15.494944668406275,65.1403577919769,-185.00043531635492,-15.163989509528088,1,calibration,2,square,0.25,0,calibration
2.273679399979301,137,-215.0,-87.0,20.0,True,-313.7054560908374,-1.3945380801286777,54.12123203063189,-173.35864471584622,-17.263067538105563,1,calibration,2,square,0.25,0,calibration
2.290009699994698,138,-247.0,-78.0,20.0,True,-307.838005342359,13.417495394688357,42.10691306692174,-162.23324217791736,-19.861899423746713,1,calibration,2,square,0.25,0,calibration
2.3069524000165984,139,-279.0,-65.0,20.0,True,-300.84328952884,27.265384498330867,30.300368180766245,-151.73307782423598,-20.483369298140722,1,calibration,2,square,0.25,0,calibration
2.3241038999985904,140,-298.0,-58.0,20.0,True,-292.75854359005774,39.61392693571368,19.119985395461583,-142.2039815585556,-23.262979819912996,1,calibration,2,square,0.25,0,calibration
2.3401110999984667,141,-304.0,-55.0,6.708203932499369,True,-283.9054322371479,50.94023300877774,8.822226122733984,-133.82854031942392,-7.879126283527491,1,calibration,2,square,0.25,0,calibration
2.3564097000053152,142,-310.0,-53.0,6.324555320336759,True,-274.2147789597213,60.58347847201877,-0.5916987311054829,-127.23574737231729,-8.904214307630962,1,calibration,2,square,0.25,0,calibration
2.37357209995389,143,-312.0,-52.0,2.23606797749979,True,-264.17103610320265,68.85251312530787,-9.470742591929255,-122.53765651053423,-3.1439052948253052,1,calibration,2,square,0.25,0,calibration
2.389917099964805,144,-314.0,-51.0,2.23606797749979,True,-253.8501992328601,75.5920136522893,-17.785803190393935,-119.86242350031313,-3.337995919837324,1,calibration,2,square,0.25,0,calibration
2.4066838999278843,145,-314.0,-50.0,1.0,True,-243.475876951513,81.6978974206913,-26.270337498102464,-118.3882445794936,0.33604207517307516,1,calibration,2,square,0.25,0,calibration
2.4237750000320375,146,-314.0,-48.0,2.0,True,-232.87698864744252,87.89438691020835,-35.550895425305704,-117.10137823271289,0.7347224953021583,1,calibration,2,square,0.25,0,calibration
2.440087000024505,147,-288.0,-25.0,20.0,True,-220.37184775900184,92.74657921866054,-46.031293143137034,-114.28568009628934,29.787714586542535,1,calibration,2,square,0.25,0,calibration
2.456482799956575,148,-172.0,40.0,20.0,True,-203.5497750040725,97.17849022142352,-58.110882469017305,-108.95767696776586,31.38077469466421,1,calibration,2,square,0.25,0,calibration
2.4734243999700993,149,-67.0,83.0,20.0,True,-182.30692707011056,101.1041656303628,-73.1971525641321,-100.47547727423365,31.995648339086262,1,calibration,2,square,0.25,0,calibration
2.490021700039506,150,58.0,114.0,20.0,True,-157.12193146352263,104.42192996094742,-92.03626783991395,-89.1076623173027,34.00773875957016,1,calibration,2,square,0.25,0,calibration
2.5066696000285447,151,119.0,120.0,20.0,True,-130.7149975143514,106.78054776420004,-115.16120589838297,-75.5996627655,36.198367736193624,1,calibration,2,square,0.25,0,calibration
2.524026699946262,152,182.0,122.0,20.0,True,-102.94170608721441,108.57110936182106,-141.15453728423623,-60.67433192092547,37.00874171460073,1,calibration,2,square,0.25,0,calibration
2.5406479999655858,153,220.0,122.0,20.0,True,-74.20680806945606,110.13210993468633,-169.97325732446885,-45.22983749547503,37.59865231670838,1,calibration,2,square,0.25,0,calibration
2.5566163000185043,154,260.0,119.0,20.0,True,-44.60549956458195,111.66331256689038,-198.37626225557196,-30.262350542082324,38.181474279209084,1,calibration,2,square,0.25,0,calibration
2.572641200036742,155,318.0,116.0,20.0,True,-13.90072198500662,113.84217418140105,-223.81006537517302,-16.80967194256602,37.98878860027422,1,calibration,2,square,0.25,0,calibration
2.5902756999712437,156,340.0,113.0,20.0,True,17.55574822399115,116.39362863571375,-244.87601484339766,-5.593971625236188,38.29515652803985,1,calibration,2,square,0.25,0,calibration
2.6057419000426307,157,359.0,109.0,19.4164878389476,True,50.11004308633622,119.16954265601342,-262.64193184509463,4.055204387632127,37.196871090738895,1,calibration,2,square,0.25,0,calibration
2.622315000044182,158,361.0,108.0,2.23606797749979,True,83.45756048115712,121.25640391038601,-277.6824679522144,12.44660197026178,4.167416896264233,1,calibration,2,square,0.25,0,calibration
2.6392412999412045,159,364.0,107.0,3.1622776601683795,True,117.49362091517986,124.58165549066881,-290.1283783378827,20.1453224090649,5.965948716968837,1,calibration,2,square,0.25,0,calibration
2.656304099946283,160,365.0,107.0,1.0,True,152.46671800171893,131.4254222993592,-300.8957984053428,26.66666924081952,1.8367376803737299,1,calibration,2,square,0.25,0,calibration
2.6729271999793127,161,366.0,107.0,1.0,True,186.07113240313683,139.68730682483073,-310.5900054727673,32.58894798876533,1.8244402646304887,1,calibration,2,square,0.25,0,calibration
2.689268499962054,162,366.0,107.0,0.0,False,215.89355213155352,150.65712540276985,-318.92699404438616,38.1535997346021,0.0,1,calibration,2,square,0.25,0,calibration
2.7063656999962404,163,366.0,107.0,0.0,False,239.87608597429065,161.37058240984538,-325.92930310226893,44.44793706320614,0.0,1,calibration,2,square,0.25,0,calibration
2.723149099969305,164,366.0,106.0,1.0,True,260.8737749241377,166.293033134827,-331.96087659678057,51.1686353524798,0.515992072779617,1,calibration,2,square,0.25,0,calibration
2.7397637999383733,165,366.0,106.0,0.0,False,276.9257719992464,175.60987221994736,-337.5519730973996,58.7360884303735,0.0,1,calibration,2,square,0.25,0,calibration
2.7565457000164315,166,366.0,106.0,0.0,False,289.9324311445769,186.03746114652483,-343.0793144493212,67.07107850028407,0.0,1,calibration,2,square,0.25,0,calibration
2.772996800020337,167,359.0,106.0,7.0,True,298.3805608380939,199.28456536475343,-349.5974252355999,76.76394245716874,-7.670071148594918,1,calibration,2,square,0.25,0,calibration
2.789725000038743,168,359.0,106.0,0.0,False,308.33984007626054,210.61263579643938,-357.10714490521417,87.26046517095551,0.0,1,calibration,2,square,0.25,0,calibration
2.8063896000385284,169,359.0,106.0,0.0,False,318.3870857160686,221.46629865047115,-365.42456272578073,98.43561615447301,0.0,1,calibration,2,square,0.25,0,calibration
2.8233424000209197,170,359.0,106.0,0.0,False,326.72127228951507,230.76657087524734,-373.67457907350723,110.1488679903744,0.0,1,calibration,2,square,0.25,0,calibration
2.8397434999933466,171,359.0,106.0,0.0,False,325.0495260268861,233.115434130168,-380.64655176520534,122.91542876815274,0.0,1,calibration,2,square,0.25,0,calibration
2.856361399986781,172,359.0,106.0,0.0,False,323.15163615564484,235.73930527158538,-376.924823459808,133.89427717341982,0.0,1,calibration,2,square,0.25,0,calibration
2.8730653999373317,173,359.0,106.0,0.0,False,320.84279037302144,238.87214962329412,-372.50256279336685,145.7458085585098,0.0,1,calibration,2,square,0.25,0,calibration
2.8895066999830306,174,359.0,106.0,0.0,False,318.3142128749753,242.23142216026577,-367.70163423175785,157.46589530210846,0.0,1,calibration,2,square,0.25,0,calibration
2.9060814999975264,175,359.0,106.0,0.0,False,315.7714246138255,245.53697765785736,-363.10955398974266,167.78394381278014,0.0,1,calibration,2,square,0.25,0,calibration
2.923253900022246,176,359.0,106.0,0.0,False,313.114687351259,248.9160351703427,-358.75046165075094,176.9127080380973,0.0,1,calibration,2,square,0.25,0,calibration
2.9394181999377906,177,359.0,106.0,0.0,False,309.93381676888555,252.8656347214284,-355.1076276263118,184.11565061561896,0.0,1,calibration,2,square,0.25,0,calibration
2.956176199950278,178,359.0,106.0,0.0,False,305.4108477305663,258.31030581162815,-352.5306934467304,189.0029369559303,0.0,1,calibration,2,square,0.25,0,calibration
2.9729496999643743,179,359.0,106.0,0.0,False,298.82201291883825,265.90487884793254,-351.3121914825587,191.25831776872346,0.0,1,calibration,2,square,0.25,0,calibration
2.9896846000337973,180,359.0,106.0,0.0,False,289.4815639305099,275.053805282844,-351.0494060255265,191.740226684765,0.0,1,calibration,2,square,0.25,0,calibration
0.000658600009046495,1,64.0,19.0,20.0,True,-294.0433169107727,0.0,298.5604355986733,8.876444668306195,-16.6237079245404,2,calibration,2,dot,0.25,0,calibration
0.011129999998956919,2,64.0,19.0,0.0,False,-281.33722057164766,0.5594476591929298,289.1900787883367,26.946368303201677,0.0,2,calibration,2,dot,0.25,0,calibration
0.028042800026014447,3,114.0,21.0,20.0,True,-268.6119111502525,2.265763019731366,285.0102052125331,50.43261870958747,-22.627548979461544,2,calibration,2,dot,0.25,0,calibration
0.04476820002309978,4,145.0,17.0,20.0,True,-256.5349760141661,5.123141939059256,282.61380162450735,75.91950921974966,-23.118394861255034,2,calibration,2,dot,0.25,0,calibration
0.061481400043703616,5,173.0,9.0,20.0,True,-245.09571548035473,8.626566353159314,282.14886543787225,101.12832617444458,-22.6265900518796,2,calibration,2,dot,0.25,0,calibration
0.07811490003950894,6,204.0,-8.0,20.0,True,-234.61447871354818,12.218258787204492,283.5374379515487,124.71624142451034,-22.04128782530189,2,calibration,2,dot,0.25,0,calibration
0.09442139999009669,7,215.0,-19.0,15.556349186104045,True,-225.08172417909577,16.279481830246212,286.01813103962667,145.4860503333693,-15.42636109617385,2,calibration,2,dot,0.25,0,calibration
0.11112499993760139,8,223.0,-27.0,11.313708498984761,True,-215.6306081026192,21.058974329500643,289.9987481871302,164.00665461327097,-9.669126419588379,2,calibration,2,dot,0.25,0,calibration
0.1280216999584809,9,226.0,-39.0,12.36931687685298,True,-205.9715168687002,26.666854269703087,292.1735620422463,181.45913741939918,-8.106244507550084,2,calibration,2,dot,0.25,0,calibration
0.1447929999558255,10,227.0,-68.0,20.0,True,-196.75177226532253,32.307103334363426,294.46486581690857,198.18422157428765,-9.866716310959404,2,calibration,2,dot,0.25,0,calibration
0.16114370001014322,11,209.0,-119.0,20.0,True,-188.62739805855296,37.90716829660924,298.17415527989255,214.7049546760916,-3.6758264251878026,2,calibration,2,dot,0.25,0,calibration
0.17865230003371835,12,183.0,-159.0,20.0,True,-181.35444713537638,43.29638361075071,305.0174517128527,230.23335520936217,-0.9994077304924676,2,calibration,2,dot,0.25,0,calibration
0.19432919996324927,13,138.0,-206.0,20.0,True,-173.72717287815615,48.94540961173242,315.38306600974033,243.9815582029795,-0.14892224947353983,2,calibration,2,dot,0.25,0,calibration
0.21170500002335757,14,121.0,-218.0,20.0,True,-165.4724560512318,54.09940203011849,316.1376477248986,245.06527230713024,0.014237610660201572,2,calibration,2,dot,0.25,0,calibration
0.2280571999726817,15,48.0,-248.0,20.0,True,-156.5244833382246,58.58997412386952,317.5745635292163,243.2003219554361,0.1058978965107249,2,calibration,2,dot,0.25,0,calibration
0.2445391999790445,16,-12.0,-263.0,20.0,True,-146.77293448509036,61.724663347999275,320.16199469762597,239.78385506792847,0.16967791279566713,2,calibration,2,dot,0.25,0,calibration
0.26060969999525696,17,-86.0,-272.0,20.0,True,-136.34822283731557,63.69385003390099,323.3803954261665,235.42540188776607,0.30746894674625436,2,calibration,2,dot,0.25,0,calibration
0.27844289992935956,18,-104.0,-272.0,18.0,True,-125.23655687616876,64.55747446545786,326.7010400494254,230.79521318828023,0.6027156745933828,2,calibration,2,dot,0.25,0,calibration
0.2942368999356404,19,-152.0,-274.0,20.0,True,-113.42122233216358,64.70814228173671,330.26895810598484,225.6599550464974,0.3102966430085785,2,calibration,2,dot,0.25,0,calibration
0.3112517000408843,20,-180.0,-273.0,20.0,True,-100.70750921032939,64.7305558704811,333.76057301298675,220.4628764713977,0.528747708871844,2,calibration,2,dot,0.25,0,calibration
0.3279958999482915,21,-222.0,-268.0,20.0,True,-87.36246211842499,64.73233659715099,337.37538282325386,214.89032333928617,0.6769263147750681,2,calibration,2,dot,0.25,0,calibration
0.3443723999662325,22,-249.0,-264.0,20.0,True,-74.47899805568727,64.82498832213949,341.7500299680863,207.86273599857213,0.44168882104386853,2,calibration,2,dot,0.25,0,calibration
0.36075069999787956,23,-277.0,-253.0,20.0,True,-62.91925207874987,64.4096157373555,345.49596969936954,201.57513468057604,1.769551269747489,2,calibration,2,dot,0.25,0,calibration
0.3779352999990806,24,-293.0,-243.0,18.867962264113206,True,-51.30931002470368,62.403090940864146,348.26248726348706,196.75680411373207,4.37886699779761,2,calibration,2,dot,0.25,0,calibration
0.3945136000402272,25,-304.0,-231.0,16.278820596099706,True,-39.206134756113045,58.34485753469983,349.8900785070079,193.84770558961955,7.510920519995211,2,calibration,2,dot,0.25,0,calibration
0.41067669994663447,26,-317.0,-204.0,20.0,True,-26.18250600919554,52.15066972964903,350.9765666694088,191.8735251381858,13.538785697245327,2,calibration,2,dot,0.25,0,calibration
0.42804210004396737,27,-317.0,-180.0,20.0,True,-13.526325663005682,44.925326607887776,352.22386030524814,189.5741338676483,15.546656502359738,2,calibration,2,dot,0.25,0,calibration
0.4447290999814868,28,-292.0,-97.0,20.0,True,-1.4163975102954218,36.909399763729205,354.00346352947804,186.22982524057073,14.550769335336618,2,calibration,2,dot,0.25,0,calibration
0.46138260001316667,29,-241.0,-13.0,20.0,True,10.139089494455543,28.437591467889682,356.3518219166575,181.69584204565282,12.873481384326844,2,calibration,2,dot,0.25,0,calibration
0.4776861999416724,30,-169.0,76.0,20.0,True,21.241388968308126,19.117700298468364,359.01794975757184,176.36924831690365,12.293712148558916,2,calibration,2,dot,0.25,0,calibration
0.4944271999411285,31,-97.0,135.0,20.0,True,31.94676362745951,9.363275250194727,361.85395462997116,170.4749703582634,11.401493447675698,2,calibration,2,dot,0.25,0,calibration
0.5108313999371603,32,9.0,208.0,20.0,True,42.092587659559435,-0.9437427364255822,364.89103137258314,163.87353423860898,11.680490352498989,2,calibration,2,dot,0.25,0,calibration
0.5275270999409258,33,74.0,234.0,20.0,True,51.58547847768152,-11.151304361488275,368.0563217021588,156.6350664923949,10.509987870339508,2,calibration,2,dot,0.25,0,calibration
0.5444925000192598,34,142.0,255.0,20.0,True,60.29221818934866,-21.545207311606482,371.3848906729446,148.5707339277996,11.040339608796653,2,calibration,2,dot,0.25,0,calibration
0.5615483999717981,35,182.0,257.0,20.0,True,67.86634990518671,-31.58235355315347,374.5616552419628,140.3693927549771,8.676291776268316,2,calibration,2,dot,0.25,0,calibration
0.577410800033249,36,216.0,256.0,20.0,True,74.03340631198137,-40.94403332957164,377.70399834146906,131.6802553037756,8.511291145027576,2,calibration,2,dot,0.25,0,calibration
0.5946092000231147,37,261.0,243.0,20.0,True,78.38695854012417,-49.49297313710816,380.7071224087461,122.72769429616137,5.885440003644183,2,calibration,2,dot,0.25,0,calibration
0.6109691000310704,38,288.0,233.0,20.0,True,81.09564852938438,-56.98949967859371,383.662730343987,113.14994186917242,6.415286438360306,2,calibration,2,dot,0.25,0,calibration
0.6275659999810159,39,322.0,216.0,20.0,True,82.09419681444314,-63.49788433891217,386.24787120130196,103.98356597300584,7.248225413560108,2,calibration,2,dot,0.25,0,calibration
0.6447165999561548,40,342.0,202.0,20.0,True,80.77544709439846,-68.79052968095503,388.4987232155451,95.22994308457426,10.602347504198097,2,calibration,2,dot,0.25,0,calibration
0.6611965999472886,41,363.0,185.0,20.0,True,77.08975679592297,-72.7377581173708,390.2739050069135,87.67142676296919,18.220280832722352,2,calibration,2,dot,0.25,0,calibration
0.6781836999580264,42,390.0,152.0,20.0,True,71.23880599781407,-75.5639026253102,391.7646863828474,80.74918267914063,18.89019030931485,2,calibration,2,dot,0.25,0,calibration
0.6942326000425965,43,401.0,125.0,20.0,True,64.4558890419291,-77.12169994372422,392.95438492422517,74.74524311836764,12.331522487279278,2,calibration,2,dot,0.25,0,calibration
0.7109258000273257,44,407.0,80.0,20.0,True,57.12547638117735,-77.96714090636048,393.7823411877799,70.25288441530999,3.7258354252562538,2,calibration,2,dot,0.25,0,calibration
0.7273791999323294,45,409.0,64.0,16.1245154965971,True,49.18621360766454,-78.4163289000536,394.1497760489084,68.16123561523317,1.9401131432836691,2,calibration,2,dot,0.25,0,calibration
0.7444187999935821,46,398.0,13.0,20.0,True,40.111236482684475,-78.04475377000735,394.1267476827882,68.2942659451566,-11.027531622505379,2,calibration,2,dot,0.25,0,calibration
0.7613242999650538,47,376.0,-21.0,20.0,True,28.496169165115383,-75.57115365215168,393.4671657806784,71.99714891938522,-23.122339285301024,2,calibration,2,dot,0.25,0,calibration
0.7779809000203386,48,313.0,-76.0,20.0,True,12.206866291067463,-67.9895183187799,391.9917518450322,79.63960375003559,-27.82805084665915,2,calibration,2,dot,0.25,0,calibration
0.7948647999437526,49,239.0,-112.0,20.0,True,-7.5943551439484125,-55.7875385588457,389.5204918897141,90.96035618880975,-29.87415709846234,2,calibration,2,dot,0.25,0,calibration
0.8114402999635786,50,109.0,-146.0,20.0,True,-27.787798703625185,-39.910071404873776,386.38504762304296,103.47267742423024,-27.94918759854177,2,calibration,2,dot,0.25,0,calibration
0.8277231999672949,51,9.0,-156.0,20.0,True,-45.24713311316511,-23.080440506297744,382.7398055346184,116.23356339423863,-25.044818785941555,2,calibration,2,dot,0.25,0,calibration
0.8442023999523371,52,-74.0,-158.0,20.0,True,-60.52256300567852,-4.958749623918376,378.62305393441534,129.013886963291,-21.678265626108278,2,calibration,2,dot,0.25,0,calibration
0.8613197000231594,53,-149.0,-155.0,20.0,True,-74.60175050127255,14.36637044662347,374.010326612455,141.83185674327444,-17.992899565770262,2,calibration,2,dot,0.25,0,calibration
0.8778585999971256,54,-213.0,-151.0,20.0,True,-87.42994778249552,34.449414924852746,369.2447158490712,153.8126776879547,-13.84967279618347,2,calibration,2,dot,0.25,0,calibration
0.8944454999873415,55,-267.0,-145.0,20.0,True,-97.97549443602006,54.21238884841367,364.64634939144605,164.41727365301807,-8.890732984543716,2,calibration,2,dot,0.25,0,calibration
0.9106722000287846,56,-296.0,-138.0,20.0,True,-106.60722234705915,73.28006287570808,360.5110914509958,173.29671935963393,-4.6631692120612485,2,calibration,2,dot,0.25,0,calibration
0.9283781000413001,57,-325.0,-127.0,20.0,True,-113.32048145181636,91.3350379631576,356.58164290672073,181.2443983739743,-1.0680986818966542,2,calibration,2,dot,0.25,0,calibration
0.944660900044255,58,-366.0,-104.0,20.0,True,-118.45986108936756,107.57632175498095,352.37440665107914,189.29415610974337,1.7983305044961195,2,calibration,2,dot,0.25,0,calibration
0.9612561999820173,59,-380.0,-91.0,19.1049731745428,True,-122.12196962413788,121.58558638854888,346.15013867225326,198.6190707908295,2.4668897107861913,2,calibration,2,dot,0.25,0,calibration
0.9773991999682039,60,-392.0,-76.0,19.209372712298546,True,-124.80202678548669,134.49419887577014,337.6770841744925,208.9737076377733,2.082005929688089,2,calibration,2,dot,0.25,0,calibration
0.9947130000218749,61,-396.0,-70.0,7.211102550927978,True,-127.41832977477692,147.04693530011076,327.41899515127284,220.01797981353647,0.4284787043637311,2,calibration,2,dot,0.25,0,calibration
1.011667300015688,62,-403.0,-37.0,20.0,True,-130.53451794823525,159.85395064623998,317.2348522141418,231.06497165139766,-2.793554516957646,2,calibration,2,dot,0.25,0,calibration
1.0282244000118226,63,-396.0,15.0,20.0,True,-134.95575980688378,173.1986958298831,307.2734580634163,241.71661861868358,-5.321885711962084,2,calibration,2,dot,0.25,0,calibration
1.0441156999440864,64,-365.0,81.0,20.0,True,-140.80571944175247,187.47408183535882,298.14859758077426,250.80840193788904,-6.772566251094546,2,calibration,2,dot,0.25,0,calibration
1.060746300034225,65,-312.0,148.0,20.0,True,-147.7230852017075,202.13043792768428,290.2244191187433,257.8848866331959,-7.6959926371469445,2,calibration,2,dot,0.25,0,calibration
1.0774898999370635,66,-242.0,219.0,20.0,True,-155.0342728095925,215.99876994492732,283.9748929678514,262.8939857582908,-8.099539224263355,2,calibration,2,dot,0.25,0,calibration
1.0943441999843344,67,-163.0,280.0,20.0,True,-162.11437889895424,228.56784932600613,279.4686470838462,266.2886436540142,-8.1698358348406,2,calibration,2,dot,0.25,0,calibration
1.1109083000337705,68,-43.0,348.0,20.0,True,-169.22630517683749,240.19777761285388,276.0508174939077,268.42877943732015,-8.849030069520555,2,calibration,2,dot,0.25,0,calibration
1.1286351999733597,69,26.0,377.0,20.0,True,-176.74487337083275,251.77508558853472,273.2768849772835,269.68630625146335,-10.050059015354567,2,calibration,2,dot,0.25,0,calibration
1.1441440000198781,70,107.0,400.0,20.0,True,-185.04431486468607,263.66891679926636,270.0141987010885,270.46258364577227,-10.922868965080706,2,calibration,2,dot,0.25,0,calibration
1.1613360999617726,71,155.0,401.0,20.0,True,-193.74477173933346,275.74051921105763,265.1033822977312,270.72072967822,-8.592734229338767,2,calibration,2,dot,0.25,0,calibration
1.1781518999487162,72,226.0,392.0,20.0,True,-203.73002126081343,287.98098043351035,258.43953970838163,270.4369033226408,-5.225471860061375,2,calibration,2,dot,0.25,0,calibration
1.1946436000289395,73,270.0,381.0,20.0,True,-214.58031821446002,300.1153874646883,250.3843456348098,269.58393463293254,-2.235012978557338,2,calibration,2,dot,0.25,0,calibration
1.2112165000289679,74,312.0,369.0,20.0,True,-226.5623859827772,311.9931620208546,241.66044775671756,267.6260896704429,-0.035174928613979084,2,calibration,2,dot,0.25,0,calibration
1.2286672999616712,75,341.0,358.0,20.0,True,-237.7438451325785,321.6797539503792,231.95588747828674,263.9867477649253,3.5753456775484116,2,calibration,2,dot,0.25,0,calibration
1.2439806000329554,76,406.0,336.0,20.0,True,-241.17300267324114,319.1168794996167,221.27172095246544,259.06915459202327,4.326211395704105,2,calibration,2,dot,0.25,0,calibration
1.261123099946417,77,421.0,330.0,16.15549442140351,True,-245.9982319458431,315.41222214669995,210.20973736813878,253.38927438704567,5.335720898679139,2,calibration,2,dot,0.25,0,calibration
1.2778742000227794,78,459.0,316.0,20.0,True,-251.9916223874476,310.6448490584417,199.83495694411334,247.46021392631235,7.094760096064041,2,calibration,2,dot,0.25,0,calibration
1.294421499944292,79,480.0,307.0,20.0,True,-258.74693205949416,305.0410220770307,190.24208203110726,240.9796113307557,9.127517112307302,2,calibration,2,dot,0.25,0,calibration
1.311770600033924,80,500.0,296.0,20.0,True,-265.3917338416627,299.2778434975033,182.05088579487156,234.47367684764,11.805523833642809,2,calibration,2,dot,0.25,0,calibration
1.327771299984306,81,525.0,283.0,20.0,True,-272.0217581111828,293.26466393703345,175.20477550726733,228.6328594940366,11.830516778407954,2,calibration,2,dot,0.25,0,calibration
1.3444204999832436,82,543.0,272.0,20.0,True,-278.8880077091703,286.7428798697708,170.04291646372548,223.7800056139749,12.9760102993579,2,calibration,2,dot,0.25,0,calibration
1.3613870999542996,83,564.0,258.0,20.0,True,-286.0133569294025,279.6361200881857,166.2152034168447,219.50499667367896,14.501918321506126,2,calibration,2,dot,0.25,0,calibration
1.3776413999730721,84,571.0,252.0,9.219544457292887,True,-293.7344539367552,271.51440214190524,163.2030888331159,215.3886115079134,7.760331899970191,2,calibration,2,dot,0.25,0,calibration
1.3944668000331149,85,575.0,249.0,5.0,True,-301.42062897249974,262.95551796800663,160.79988619045662,211.0685115325502,4.421797325941945,2,calibration,2,dot,0.25,0,calibration
1.4115265000145882,86,578.0,247.0,3.605551275463989,True,-309.06350896937386,253.92862663263816,158.89507752797041,206.19131368958168,3.3091931543195416,2,calibration,2,dot,0.25,0,calibration
1.4280919999582693,87,578.0,245.0,2.0,True,-316.3798317699386,244.7525322631521,156.26594168684076,200.46624080323562,1.023817660960927,2,calibration,2,dot,0.25,0,calibration
1.4440119999926537,88,578.0,241.0,4.0,True,-323.7798663774762,234.87570782987257,153.31352373005797,193.31942080540477,1.448732736122826,2,calibration,2,dot,0.25,0,calibration
1.4608504000352696,89,564.0,222.0,20.0,True,-331.500499786815,223.84686426459467,148.9431263935713,185.12193730415663,-0.09386135816134678,2,calibration,2,dot,0.25,0,calibration
1.4777955999597907,90,548.0,200.0,20.0,True,-339.0695365902785,211.48398752771365,143.9422149132239,175.80238502248824,-0.12242644596727859,2,calibration,2,dot,0.25,0,calibration
1.4942359999986365,91,524.0,177.0,20.0,True,-344.639160386564,196.52813480811812,138.09831795911933,165.1987014683193,1.0817073363948615,2,calibration,2,dot,0.25,0,calibration
1.5111976999323815,92,494.0,155.0,20.0,True,-348.1050336636001,179.93693080723895,131.52107851520537,153.12106841712261,3.22505195709174,2,calibration,2,dot,0.25,0,calibration
1.5280921999365091,93,415.0,117.0,20.0,True,-349.90111412982645,161.88186170818653,124.63403304779445,139.0795556348914,5.309396927597232,2,calibration,2,dot,0.25,0,calibration
1.5443869000300765,94,352.0,95.0,20.0,True,-349.99365832113335,143.32262394789294,117.6875362080448,123.55233018894026,7.041867506442014,2,calibration,2,dot,0.25,0,calibration
1.5617144999559969,95,289.0,76.0,20.0,True,-348.33373029266966,124.681805257321,109.75990423450507,104.78352880693672,8.716571247675306,2,calibration,2,dot,0.25,0,calibration
1.5776787999784574,96,230.0,64.0,20.0,True,-342.7522279570154,104.91251354299699,100.77146213004883,84.16682938960585,12.975563629559064,2,calibration,2,dot,0.25,0,calibration
1.5950202000094578,97,192.0,57.0,20.0,True,-333.8311549363401,85.83365020217902,90.68148966689827,62.14312724665659,16.5354737594657,2,calibration,2,dot,0.25,0,calibration
1.6108146000187844,98,138.0,50.0,20.0,True,-322.2289329220207,68.23916962030572,80.47074868089277,40.583790756775,19.585634896450323,2,calibration,2,dot,0.25,0,calibration
1.6274028000188991,99,70.0,44.0,20.0,True,-310.7844680571309,54.303249142203356,69.3792516349288,18.186325406240343,21.70175483973634,2,calibration,2,dot,0.25,0,calibration
1.645113099948503,100,-19.0,39.0,20.0,True,-299.70769133051454,42.74183631070967,57.503828043149156,-5.456771577534031,22.969562640407677,2,calibration,2,dot,0.25,0,calibration
1.6612080000340939,101,-61.0,36.0,20.0,True,-288.5423762498921,31.857338371458162,44.568605444438035,-30.74699945778474,23.64280733392362,2,calibration,2,dot,0.25,0,calibration
1.677944800001569,102,-101.0,33.0,20.0,True,-276.0904903099691,20.43299787542001,30.18509852673982,-56.95987829923461,24.590144465931665,2,calibration,2,dot,0.25,0,calibration
1.6943714999360964,103,-163.0,24.0,20.0,True,-261.91153404035754,7.2657407827099405,13.914311188385184,-84.06945989958815,25.197179876891454,2,calibration,2,dot,0.25,0,calibration
1.7107794999610633,104,-211.0,21.0,20.0,True,-246.3133013903754,-7.102055288791119,-3.895739110776521,-109.76448269935518,26.233071875039972,2,calibration,2,dot,0.25,0,calibration
1.7274957000045106,105,-252.0,21.0,20.0,True,-229.49591399507466,-22.287867466456632,-22.569570628625584,-131.63410380344718,27.830962014059743,2,calibration,2,dot,0.25,0,calibration
1.7445230999728665,106,-304.0,21.0,20.0,True,-212.20058211300682,-37.559826944400754,-40.97680732208186,-149.27125597137453,29.432850860210028,2,calibration,2,dot,0.25,0,calibration
1.760761999990791,107,-328.0,21.0,20.0,True,-194.72772159538937,-52.16921737434153,-59.9990194011916,-163.7035780888186,31.27653298580343,2,calibration,2,dot,0.25,0,calibration
1.778788199997507,108,-347.0,21.0,19.0,True,-178.1230892076149,-65.4757517515394,-78.03352117305195,-175.71459898214115,30.640361209852866,2,calibration,2,dot,0.25,0,calibration
1.794524100027047,109,-367.0,21.0,20.0,True,-160.51654887122803,-79.32423172800694,-94.17038188740295,-184.8015067381315,33.14688779797601,2,calibration,2,dot,0.25,0,calibration
1.8112723999656737,110,-378.0,21.0,11.0,True,-142.67114830014395,-93.7484642608291,-108.25357675368113,-190.6830755995432,18.705229332293168,2,calibration,2,dot,0.25,0,calibration
1.828149599954486,111,-383.0,21.0,5.0,True,-125.79016219823299,-108.54466578422957,-121.8906876626149,-194.32259104168674,8.59099930920748,2,calibration,2,dot,0.25,0,calibration
1.844202799955383,112,-387.0,21.0,4.0,True,-111.97383873716424,-121.64032204286019,-136.1727701443565,-196.77664126566853,6.84535494978711,2,calibration,2,dot,0.25,0,calibration
1.861153900041245,113,-390.0,21.0,3.0,True,-100.61474220450597,-133.30843419386616,-150.26693590232134,-198.61389532553133,5.067496097316939,2,calibration,2,dot,0.25,0,calibration
1.878258500015363,114,-392.0,21.0,2.0,True,-90.95204175680747,-143.7509875950195,-164.12731554420716,-200.13309650602332,3.3464302355111815,2,calibration,2,dot,0.25,0,calibration
1.8944130999734625,115,-392.0,21.0,0.0,False,-81.95711199431592,-153.8991356008841,-177.91372911679517,-201.9618745126763,0.0,2,calibration,2,dot,0.25,0,calibration
1.9109519999474287,116,-393.0,21.0,1.0,True,-72.46477817048378,-165.46301017634406,-191.98387817320716,-203.47117319442984,1.6287732437274423,2,calibration,2,dot,0.25,0,calibration
1.9282460999675095,117,-393.0,21.0,0.0,False,-62.558886888417675,-178.66531423154106,-205.3312381788957,-205.129468735283,0.0,2,calibration,2,dot,0.25,0,calibration
1.943765199976042,118,-393.0,22.0,1.0,True,-53.95221771313122,-192.11020598152885,-216.9181620381105,-203.34126095729144,0.9947403771590971,2,calibration,2,dot,0.25,0,calibration
1.960818100022152,119,-391.0,23.0,2.23606797749979,True,-48.32686035542167,-204.36169430515196,-227.51839488363788,-201.65967272371302,-1.7443872687462147,2,calibration,2,dot,0.25,0,calibration
1.9773177999304608,120,-376.0,29.0,16.15549442140351,True,-45.27593299175854,-215.19389939338188,-237.09262563038948,-200.14211152658115,-12.167029939719475,2,calibration,2,dot,0.25,0,calibration
1.994056100025773,121,-347.0,39.0,20.0,True,-44.08493923331562,-224.67634800626598,-245.91661454763357,-198.2078409791527,-12.960175992130285,2,calibration,2,dot,0.25,0,calibration
2.0112575000384822,122,-310.0,49.0,20.0,True,-45.042076729610784,-232.86309144846237,-253.20659461840742,-194.9760566512214,-8.11087178723646,2,calibration,2,dot,0.25,0,calibration
2.0274948000442237,123,-193.0,81.0,20.0,True,-48.54235148816092,-239.7789910643296,-259.3332618943291,-188.73817685511864,3.6656854049058616,2,calibration,2,dot,0.25,0,calibration
2.0444962999317795,124,-160.0,92.0,20.0,True,-54.96932553069842,-245.3406957254067,-264.7233518993274,-178.20094387355022,15.475944866868701,2,calibration,2,dot,0.25,0,calibration
2.061163399950601,125,-67.0,116.0,20.0,True,-63.66713605986053,-248.9411743577421,-269.8441839265538,-163.1033942967593,18.316879421641797,2,calibration,2,dot,0.25,0,calibration
2.077857799944468,126,12.0,131.0,20.0,True,-74.43469174864076,-250.81184210884766,-274.3753965826724,-144.40166076057068,18.99662046882569,2,calibration,2,dot,0.25,0,calibration
2.0949629000388086,127,32.0,134.0,20.0,True,-87.67350914566173,-251.58867586769225,-277.6900821952182,-124.18328375676225,19.64638779492757,2,calibration,2,dot,0.25,0,calibration
2.1107001999625936,128,104.0,137.0,20.0,True,-104.55091151087782,-251.69850513941503,-279.47068222703683,-103.53009578576763,19.100766263025296,2,calibration,2,dot,0.25,0,calibration
2.1278035000432283,129,151.0,134.0,20.0,True,-124.09571877781381,-251.51805032267916,-279.9100070913727,-83.04112557898358,18.268711807166788,2,calibration,2,dot,0.25,0,calibration
2.1450152000179514,130,227.0,121.0,20.0,True,-144.57317396332562,-251.22462957138953,-278.98353374550885,-63.0230545184115,17.30290700359732,2,calibration,2,dot,0.25,0,calibration
2.1607240999583155,131,274.0,112.0,20.0,True,-164.5376956721443,-250.60967361269098,-276.7343369617231,-44.177579845563635,18.342532488852793,2,calibration,2,dot,0.25,0,calibration
2.1771858000429347,132,315.0,107.0,20.0,True,-186.0196441451246,-247.867714098161,-273.132399516704,-24.105608011995432,21.12327861108661,2,calibration,2,dot,0.25,0,calibration
2.194623199990019,133,342.0,103.0,20.0,True,-208.27884140523014,-242.11358456179929,-268.98216143822765,-3.5889017747606395,20.93777831341861,2,calibration,2,dot,0.25,0,calibration
2.210942200035788,134,387.0,95.0,20.0,True,-230.20661668903816,-233.1733087847595,-264.341794109421,18.12269573334837,20.247865020840763,2,calibration,2,dot,0.25,0,calibration
2.227715100045316,135,413.0,92.0,20.0,True,-248.63425779215837,-222.4117806472786,-259.95236915614936,39.40466377823027,20.081034408006442,2,calibration,2,dot,0.25,0,calibration
2.2442114000441507,136,448.0,89.0,20.0,True,-264.04112931585524,-209.65945735348447,-255.43895733218665,60.5217944675998,18.934444325067457,2,calibration,2,dot,0.25,0,calibration
2.2608873000135645,137,468.0,88.0,20.0,True,-276.1667614328743,-195.93968438894896,-251.24991957928557,80.93513495862278,17.01357273061874,2,calibration,2,dot,0.25,0,calibration
2.2786796999862418,138,485.0,86.0,17.11724276862369,True,-284.9275814926693,-182.2933761491084,-247.5112132965546,99.32673201769651,12.293777288012299,2,calibration,2,dot,0.25,0,calibration
2.295069199986756,139,498.0,84.0,13.152946437965905,True,-290.1093748722832,-169.6876077501235,-244.12163305760652,115.82519938213035,7.449469113411174,2,calibration,2,dot,0.25,0,calibration
2.3115559000289068,140,507.0,83.0,9.055385138137417,True,-292.5325863799495,-157.27602862675195,-240.80459704419272,130.51614328328586,3.712796832986515,2,calibration,2,dot,0.25,0,calibration
2.3281805999577045,141,525.0,80.0,18.24828759089466,True,-293.4093858960609,-144.05924432731845,-236.98748700343234,143.81644579400663,6.2667742149191055,2,calibration,2,dot,0.25,0,calibration
2.345094699994661,142,540.0,76.0,15.524174696260024,True,-292.32338167640313,-130.38600393175795,-232.86515900812586,156.4702569589975,3.642854443840459,2,calibration,2,dot,0.25,0,calibration
2.3620377000188455,143,554.0,74.0,14.142135623730951,True,-288.6809825404346,-116.7978008752484,-227.9394002749898,169.59316415180132,1.3543628012807727,2,calibration,2,dot,0.25,0,calibration
2.3789361999370158,144,557.0,73.0,3.1622776601683795,True,-281.7186543782916,-104.40721560033161,-221.93809409655785,182.3507020064038,-0.2256828958758412,2,calibration,2,dot,0.25,0,calibration
2.3946712999604642,145,560.0,72.0,3.1622776601683795,True,-269.65938566420465,-92.66936749155728,-214.49843470560975,194.32399252711602,-0.7183592183338111,2,calibration,2,dot,0.25,0,calibration
2.411868399940431,146,562.0,71.0,2.23606797749979,True,-252.51168021201255,-82.6985520039643,-206.13973939112486,203.91902646373845,-0.66659268426112,2,calibration,2,dot,0.25,0,calibration
2.427835899987258,147,563.0,71.0,1.0,True,-231.7099837975807,-73.93363668598754,-198.05512567565572,212.118435153282,-0.21943087333701705,2,calibration,2,dot,0.25,0,calibration
2.4448562000179663,148,564.0,71.0,1.0,True,-210.83988462663095,-67.20013460233149,-190.54143901481356,218.87858345326268,-0.20829158969538708,2,calibration,2,dot,0.25,0,calibration
2.4615520000224933,149,564.0,71.0,0.0,False,-190.74739096614607,-61.499496785678694,-184.94533171601236,225.80754124101097,0.0,2,calibration,2,dot,0.25,0,calibration
2.477581899962388,150,565.0,71.0,1.0,True,-170.9008859763088,-56.78418304866817,-178.51391928420978,231.65226752358927,-0.23286173821651168,2,calibration,2,dot,0.25,0,calibration
2.4945931000402197,151,565.0,70.0,1.0,True,-151.04200109306308,-52.445255780238504,-171.09086487894876,236.33082192045165,-0.31975071241584707,2,calibration,2,dot,0.25,0,calibration
2.511012400034815,152,565.0,70.0,0.0,False,-131.15908806149733,-48.52409221354982,-163.95201828522875,242.02910883745608,0.0,2,calibration,2,dot,0.25,0,calibration
2.52779650001321,153,547.0,71.0,18.027756377319946,True,-112.19623890621573,-44.52662780042156,-157.4590038448833,249.01352019245004,5.883326900604277,2,calibration,2,dot,0.25,0,calibration
2.544840499991551,154,467.0,79.0,20.0,True,-94.20731323593357,-40.08498935650104,-150.1544442249763,255.68038873522292,5.48612537363195,2,calibration,2,dot,0.25,0,calibration
2.5615616999566555,155,406.0,87.0,20.0,True,-77.90177760597922,-35.03143114876693,-141.14468089677968,261.29265001003927,2.714703575922206,2,calibration,2,dot,0.25,0,calibration
2.5780383000383154,156,359.0,96.0,20.0,True,-61.61476036546583,-29.299444146962173,-131.2101036458575,265.2413518415775,0.41568073669794314,2,calibration,2,dot,0.25,0,calibration
2.595404600026086,157,308.0,109.0,20.0,True,-45.872779872047104,-23.516879521481997,-121.02066735842817,267.9939226102903,-0.9329111374726184,2,calibration,2,dot,0.25,0,calibration
2.6122319999849424,158,281.0,116.0,20.0,True,-30.615755855333873,-17.287780835904485,-111.28431540033952,269.83529945144585,-2.06357602942417,2,calibration,2,dot,0.25,0,calibration
2.628296999959275,159,236.0,130.0,20.0,True,-16.799441923430063,-10.81662885093072,-101.33603186048447,271.3645561143567,-3.198555060996442,2,calibration,2,dot,0.25,0,calibration
2.644530199933797,160,221.0,135.0,15.811388300841896,True,-3.4618477552055715,-3.684157276302937,-91.15929526697516,272.8128725461253,-3.2763080140778893,2,calibration,2,dot,0.25,0,calibration
2.6612681000260636,161,174.0,151.0,20.0,True,9.8065415254641,4.261302724337631,-80.72789310119921,273.77971743631434,-5.325333831110742,2,calibration,2,dot,0.25,0,calibration
2.677576699992642,162,133.0,162.0,20.0,True,23.25686105450049,12.327890158412952,-70.48289718355196,274.05646612753856,-5.269375732427308,2,calibration,2,dot,0.25,0,calibration
2.694169700029306,163,87.0,172.0,20.0,True,36.34588017960661,20.310947214524365,-60.61051342272134,273.61743864339303,-5.240138083673498,2,calibration,2,dot,0.25,0,calibration
2.7106873999582604,164,25.0,186.0,20.0,True,48.29103619984389,27.586894706690117,-50.68330435943306,272.58909898523757,-5.4891905281137765,2,calibration,2,dot,0.25,0,calibration
2.7275956999510527,165,-12.0,194.0,20.0,True,58.88642832842115,34.945985447803984,-41.47331339241387,270.9177666426635,-6.344422632326012,2,calibration,2,dot,0.25,0,calibration
2.745046600000933,166,-46.0,203.0,20.0,True,68.26007307473333,42.49354392184769,-33.06173720332934,268.9348015359202,-8.143061929695083,2,calibration,2,dot,0.25,0,calibration
2.7611151000019163,167,-106.0,219.0,20.0,True,77.14948150974806,50.69838728076934,-25.75291451013252,266.5741608859705,-9.267876695772175,2,calibration,2,dot,0.25,0,calibration
2.778387299971655,168,-138.0,222.0,20.0,True,86.604012502565,60.55692245651894,-18.852592721134748,263.16548384997793,-6.244497249590665,2,calibration,2,dot,0.25,0,calibration
2.7950284000253305,169,-168.0,224.0,20.0,True,96.21677489089967,71.74518457224326,-11.936684149064334,258.54264040621666,-5.334195270409195,2,calibration,2,dot,0.25,0,calibration
2.8113642999669537,170,-194.0,224.0,20.0,True,105.78376469119074,84.01524446043648,-5.168068608194632,252.71091212209873,-2.8541222850032044,2,calibration,2,dot,0.25,0,calibration
2.8284285999834538,171,-226.0,224.0,20.0,True,113.72940166932497,96.13452330196426,1.628491208990181,245.55368012544318,-2.8062374206618546,2,calibration,2,dot,0.25,0,calibration
2.8449990999652073,172,-245.0,223.0,19.026297590440446,True,120.41353357030738,108.28162927681758,8.569986377718669,237.26202901264801,-1.393693466370988,2,calibration,2,dot,0.25,0,calibration
2.861347800004296,173,-260.0,222.0,15.033296378372908,True,125.58491961108574,120.08162974213785,15.525626808653023,228.27177849885982,-1.4510540557027087,2,calibration,2,dot,0.25,0,calibration
2.8783375000348315,174,-277.0,220.0,17.11724276862369,True,129.45315312495953,131.50229172481792,22.09125850416876,219.5518993503644,-1.279944474584714,2,calibration,2,dot,0.25,0,calibration
2.8946064999327064,175,-287.0,219.0,10.04987562112089,True,131.87137347046072,142.36564982158455,28.0940755616273,210.77709009844273,-1.6718893458892574,2,calibration,2,dot,0.25,0,calibration
2.911185899982229,176,-295.0,219.0,8.0,True,133.2103421441117,152.2963555391584,34.01279339473399,201.47624531512074,-3.226026696039792,2,calibration,2,dot,0.25,0,calibration
2.9282786999829113,177,-303.0,218.0,8.06225774829855,True,133.77749949043462,161.47338989059386,39.594832946505555,191.0460948045135,-1.4016158330712736,2,calibration,2,dot,0.25,0,calibration
2.9446346999611706,178,-310.0,217.0,7.0710678118654755,True,133.90246694722455,170.02146682760014,45.10335867669934,179.5085136907691,-1.011338520852329,2,calibration,2,dot,0.25,0,calibration
2.961359499953687,179,-313.0,216.0,3.1622776601683795,True,132.53287888623402,179.2087869476216,50.80580557660066,165.61036783553809,0.3331116535151943,2,calibration,2,dot,0.25,0,calibration
2.978540600044653,180,-317.0,215.0,4.123105625617661,True,129.34658454087793,188.6984765607794,56.4751662497685,150.41909507891177,-0.7869032563774854,2,calibration,2,dot,0.25,0,calibration
2.994961299933493,181,-320.0,214.0,3.1622776601683795,True,124.33330786004385,198.02999854275456,61.498132987163714,135.4890780722127,-0.5476955414476762,2,calibration,2,dot,0.25,0,calibration
0.006073799915611744,1,141.0,50.0,20.0,True,-296.3787844403259,-4.890634950391162,302.5214648799246,-5.348245490912497,-3.8527480269399472,3,calibration,2,dot,0.3,0,calibration
0.012148299952968955,2,163.0,50.0,20.0,True,-288.30452541580956,-15.531206845740329,307.37550318024444,-16.56730034587647,-4.147981554429794,3,calibration,2,dot,0.3,0,calibration
0.024625099962577224,3,163.0,50.0,0.0,False,-278.0612223243205,-27.922933438453065,307.95443349119046,-28.554050123788212,0.0,3,calibration,2,dot,0.3,0,calibration
0.04144169995561242,4,217.0,44.0,20.0,True,-268.03773907802304,-40.049488748952925,310.3730163109863,-38.64921976367049,-7.587459480570012,3,calibration,2,dot,0.3,0,calibration
0.05775689997244626,5,254.0,34.0,20.0,True,-258.1034763246878,-53.46748383136114,311.7873540671997,-48.864296401887195,-7.86552467524036,3,calibration,2,dot,0.3,0,calibration
0.07472419994883239,6,283.0,20.0,20.0,True,-249.21222173951537,-67.06379225833004,311.62514983344636,-58.94112032540629,-8.730711143423601,3,calibration,2,dot,0.3,0,calibration
0.09191860002465546,7,318.0,-1.0,20.0,True,-239.97080867941875,-81.76885328026138,309.9319747804932,-69.71783000472432,-10.33432357368448,3,calibration,2,dot,0.3,0,calibration
0.1079668999882415,8,332.0,-14.0,19.1049731745428,True,-230.46379788634243,-95.23611122949004,307.06737755982215,-80.24428016459676,-9.826640956488598,3,calibration,2,dot,0.3,0,calibration
0.1243733000010252,9,346.0,-32.0,20.0,True,-220.37643566691878,-107.76145130050355,303.21459014250473,-90.69013724897282,-9.434485779452274,3,calibration,2,dot,0.3,0,calibration
0.14121569995768368,10,355.0,-67.0,20.0,True,-209.6214449911501,-119.30484223384406,298.3288930076373,-99.89855323503514,-2.791080292247885,3,calibration,2,dot,0.3,0,calibration
0.15752349991817027,11,358.0,-116.0,20.0,True,-198.53988326423598,-130.74112240610208,292.39557302573405,-107.40176478081992,-0.2864559568359004,3,calibration,2,dot,0.3,0,calibration
0.17529459996148944,12,352.0,-139.0,20.0,True,-187.0501711912641,-141.91195783952986,284.43493741725933,-113.2160079491471,5.620394434845652,3,calibration,2,dot,0.3,0,calibration
0.19126410002354532,13,322.0,-216.0,20.0,True,-175.63410666141255,-152.94429641987682,274.834473579712,-117.96767054320716,7.044437883604617,3,calibration,2,dot,0.3,0,calibration
0.20772499998565763,14,293.0,-261.0,20.0,True,-164.83765932424504,-163.18498883642235,264.28998334475114,-121.71517715312757,12.12933648352541,3,calibration,2,dot,0.3,0,calibration
0.2243189999135211,15,254.0,-296.0,20.0,True,-155.75319741439495,-172.26591661626756,254.26953583170166,-123.78833515271903,18.36593923628709,3,calibration,2,dot,0.3,0,calibration
0.24148590001277626,16,129.0,-356.0,20.0,True,-148.7597920788599,-180.39736206423115,244.25273757071963,-123.81493682292354,23.248639115440607,3,calibration,2,dot,0.3,0,calibration
0.25854499998968095,17,24.0,-382.0,20.0,True,-143.2554126457391,-188.0877757542289,233.23274427626862,-121.10260825659518,25.09233512821438,3,calibration,2,dot,0.3,0,calibration
0.27445579995401204,18,-147.0,-400.0,20.0,True,-139.0659207717786,-194.9597884675426,220.38300200046734,-115.56136173875126,26.00106364297411,3,calibration,2,dot,0.3,0,calibration
0.2914790000068024,19,-262.0,-399.0,20.0,True,-135.6788987487685,-200.586742087122,205.9761294547977,-107.71274884984157,28.108208582270564,3,calibration,2,dot,0.3,0,calibration
0.3079781999113038,20,-402.0,-384.0,20.0,True,-133.5587605475463,-204.66863374060895,191.55837464376208,-99.19411189387944,29.261920165027604,3,calibration,2,dot,0.3,0,calibration
0.3250073000090197,21,-460.0,-365.0,20.0,True,-132.5380193251942,-207.98789544930648,178.5319442475109,-90.67075816939052,30.850884844771123,3,calibration,2,dot,0.3,0,calibration
0.34129190002568066,22,-500.0,-350.0,20.0,True,-132.67556184672992,-211.72991905232143,166.78199840887467,-82.76123171223698,25.786154895151135,3,calibration,2,dot,0.3,0,calibration
0.35830770002212375,23,-535.0,-326.0,20.0,True,-135.0248241981146,-217.04244033941518,156.080412874249,-74.71915845253017,23.65451363570245,3,calibration,2,dot,0.3,0,calibration
0.37482309993356466,24,-552.0,-306.0,20.0,True,-139.9775606464943,-224.0149527997658,144.17015480107156,-64.74445567554754,24.637202809099993,3,calibration,2,dot,0.3,0,calibration
0.39117640000768006,25,-565.0,-276.0,20.0,True,-147.95076577265402,-231.60701206094095,131.4507021310503,-52.74164399815803,25.27401564654191,3,calibration,2,dot,0.3,0,calibration
0.40852860000450164,26,-572.0,-242.0,20.0,True,-157.31122873151247,-238.78132540740705,118.05934778738191,-38.85970951263794,25.61406106204792,3,calibration,2,dot,0.3,0,calibration
0.4257608000189066,27,-556.0,-131.0,20.0,True,-166.7644669244574,-244.5814291852378,106.57867426904521,-25.140926409137453,26.134107338408235,3,calibration,2,dot,0.3,0,calibration
0.4410599999828264,28,-480.0,44.0,20.0,True,-176.90567747418612,-248.64563562815172,97.36408861410365,-12.219006883720642,24.52991451404241,3,calibration,2,dot,0.3,0,calibration
0.457651500008069,29,-398.0,151.0,20.0,True,-187.96931907350373,-250.84196892046876,89.90108962433871,0.9308020778866233,22.8250234518572,3,calibration,2,dot,0.3,0,calibration
0.47430689993780106,30,-304.0,240.0,20.0,True,-200.22619371144543,-251.7654577802392,83.27137821206705,15.546577723005363,22.03838139283734,3,calibration,2,dot,0.3,0,calibration
0.4909050000132993,31,-197.0,322.0,20.0,True,-212.7995060872873,-251.75260630948816,76.75095042584111,32.937007616985284,21.680033893167412,3,calibration,2,dot,0.3,0,calibration
0.5080766999162734,32,-27.0,408.0,20.0,True,-226.10563017930505,-249.93751546786893,70.45547372272439,53.101745389715994,19.761789151093403,3,calibration,2,dot,0.3,0,calibration
0.5253029000014067,33,175.0,444.0,20.0,True,-240.52670409989162,-245.6368719894679,64.32319319302881,76.76536307141075,16.32329695173668,3,calibration,2,dot,0.3,0,calibration
0.5412708999356255,34,175.0,444.0,0.0,False,-255.23443334618685,-240.18708807008824,48.29748584160813,98.60533018106908,0.0,3,calibration,2,dot,0.3,0,calibration
0.5581592000089586,35,306.0,418.0,20.0,True,-269.10420900071557,-234.1875088394544,36.77634078291051,124.39092221923501,7.993354547907092,3,calibration,2,dot,0.3,0,calibration
0.5750140999443829,36,384.0,382.0,20.0,True,-280.74966599445094,-228.70003604482446,23.737207294175967,148.73433630198457,4.037145742714192,3,calibration,2,dot,0.3,0,calibration
0.5914406999945641,37,479.0,315.0,20.0,True,-289.21175590377953,-222.98216694204055,10.644864124533287,170.09923038186201,1.627929060846487,3,calibration,2,dot,0.3,0,calibration
0.6080208999337628,38,522.0,264.0,20.0,True,-294.24356115712715,-217.00997566596106,-3.9328306343729817,188.78493932296283,0.014418449409518974,3,calibration,2,dot,0.3,0,calibration
0.6242480999790132,39,538.0,219.0,20.0,True,-296.69397801268724,-210.088224156524,-21.521571845026727,203.5351466184606,2.7573303154425166,3,calibration,2,dot,0.3,0,calibration
0.6418562999460846,40,544.0,154.0,20.0,True,-297.1389403957671,-199.45053070569858,-41.31179460327469,215.38659489122276,8.165653159497637,3,calibration,2,dot,0.3,0,calibration
0.6573690000222996,41,521.0,24.0,20.0,True,-295.8357892272122,-186.00972762382878,-61.79928117525051,225.2606161061357,14.526870211882535,3,calibration,2,dot,0.3,0,calibration
0.674530699965544,42,505.0,-26.0,20.0,True,-293.06926014529733,-170.36976264787538,-81.97179046143964,233.7496628142459,18.048871598977414,3,calibration,2,dot,0.3,0,calibration
0.69152769993525,43,423.0,-162.0,20.0,True,-289.25321414648636,-154.81755734383677,-101.5677481225758,241.48371386171925,22.4131022297874,3,calibration,2,dot,0.3,0,calibration
0.7075802999315783,44,338.0,-239.0,20.0,True,-284.87061354402704,-138.36648015244944,-120.20727187625135,248.5829811723782,25.863090276118918,3,calibration,2,dot,0.3,0,calibration
0.7250379999168217,45,214.0,-309.0,20.0,True,-279.974603833872,-120.13028569991734,-138.17209056070362,255.27437295584664,26.900940561096984,3,calibration,2,dot,0.3,0,calibration
0.7416595999384299,46,-33.0,-375.0,20.0,True,-274.5606076768677,-100.6999275259981,-156.37104814032298,261.92014605944587,26.538608744336763,3,calibration,2,dot,0.3,0,calibration
0.7576037999242544,47,-283.0,-390.0,20.0,True,-268.53063059847244,-81.7470617997931,-174.57996452485807,267.99588833577326,25.752781246500525,3,calibration,2,dot,0.3,0,calibration
0.774296100018546,48,-424.0,-376.0,20.0,True,-262.01460955801036,-65.89311097904728,-193.80435849574067,273.52911030600933,25.410267413135212,3,calibration,2,dot,0.3,0,calibration
0.7915175999514759,49,-526.0,-351.0,20.0,True,-255.45789650949018,-54.554598236973874,-212.22191198401535,277.85902467022566,25.601675869688076,3,calibration,2,dot,0.3,0,calibration
0.8074428999098018,50,-588.0,-320.0,20.0,True,-248.72931242730144,-47.5930577204729,-229.51433191044848,282.0347542524163,25.489064281560353,3,calibration,2,dot,0.3,0,calibration
0.8247337000211701,51,-629.0,-265.0,20.0,True,-241.45026395070585,-43.823852302017364,-243.4707904204345,286.17547044094107,19.261835782356744,3,calibration,2,dot,0.3,0,calibration
0.8411157999653369,52,-641.0,-209.0,20.0,True,-232.96292349663688,-41.87107014485933,-254.70310387749228,289.970652261647,9.92898120676593,3,calibration,2,dot,0.3,0,calibration
0.8581918999552727,53,-628.0,-37.0,20.0,True,-222.47320366320642,-41.060884337714306,-263.9902264603022,292.3142208228223,0.37947917585741453,3,calibration,2,dot,0.3,0,calibration
0.8755635999841616,54,-581.0,110.0,20.0,True,-210.3244583365158,-40.568463388204314,-272.08339065372246,291.6384403078234,-14.512177851025957,3,calibration,2,dot,0.3,0,calibration
0.8904646999435499,55,-424.0,333.0,20.0,True,-197.40341554508737,-40.170831365892695,-278.0212955924872,286.5809782286092,-31.380030128975026,3,calibration,2,dot,0.3,0,calibration
0.907512899953872,56,-353.0,405.0,20.0,True,-184.9077949589065,-39.80308971350571,-280.27073034490223,278.3090167030585,-31.8823273630878,3,calibration,2,dot,0.3,0,calibration
0.9247225999133661,57,-120.0,572.0,20.0,True,-172.97548766801535,-39.62866604625469,-279.5307866592901,268.3735042591718,-26.836019767229942,3,calibration,2,dot,0.3,0,calibration
0.9408949000062421,58,32.0,600.0,20.0,True,-161.3232231351662,-39.55847494493372,-276.6298073700225,257.61531283774167,-18.06791499634725,3,calibration,2,dot,0.3,0,calibration
0.9574136999435723,59,221.0,598.0,20.0,True,-149.69379343527925,-39.53207949591476,-272.2131695713684,244.96469286246773,-13.206641462085189,3,calibration,2,dot,0.3,0,calibration
0.974811099935323,60,335.0,566.0,20.0,True,-137.87380639387732,-39.52247537604679,-267.29520164295855,231.26766012973718,-7.657103978420976,3,calibration,2,dot,0.3,0,calibration
0.9922611999791116,61,472.0,481.0,20.0,True,-124.4793063236845,-39.51904079155074,-262.157597803164,216.15441265845666,-1.5391146991725746,3,calibration,2,dot,0.3,0,calibration
1.0074376999400556,62,582.0,374.0,20.0,True,-109.03932530878441,-39.51782405846867,-256.7262396048702,200.94830300978987,3.619806842366322,3,calibration,2,dot,0.3,0,calibration
1.0241533999796957,63,611.0,340.0,20.0,True,-91.57522140011368,-39.517395276188246,-250.1755837066108,186.2664524771018,6.206039308372395,3,calibration,2,dot,0.3,0,calibration
1.0410922999726608,64,651.0,268.0,20.0,True,-74.05860109890494,-39.517244617249766,-242.6224544643887,171.54242137752888,10.27632265985622,3,calibration,2,dot,0.3,0,calibration
1.0574720000149682,65,673.0,180.0,20.0,True,-55.09492057842337,-39.51719176959323,-234.39487692989618,156.688995727212,14.4726734423725,3,calibration,2,dot,0.3,0,calibration
1.0741629999829456,66,655.0,63.0,20.0,True,-34.7884925650756,-39.517173249507834,-226.48642468288125,140.87251444945963,19.361527600929435,3,calibration,2,dot,0.3,0,calibration
1.0923539999639615,67,633.0,9.0,20.0,True,-12.92728011309406,-39.517166762796826,-218.31707044730518,124.27829375823814,20.830359761789744,3,calibration,2,dot,0.3,0,calibration
1.1084286000113934,68,539.0,-134.0,20.0,True,8.410476909566423,-39.517164491511735,-209.50828043037495,107.67610692723794,20.60010962665743,3,calibration,2,dot,0.3,0,calibration
1.124285199912265,69,355.0,-261.0,20.0,True,29.35149853539596,-39.517163696374716,-199.6179335798776,90.29975953150344,18.191309561377356,3,calibration,2,dot,0.3,0,calibration
1.1421984999906272,70,273.0,-291.0,20.0,True,50.110957573020954,-39.51716341803932,-187.11553355527582,73.59753200197875,13.028110993658848,3,calibration,2,dot,0.3,0,calibration
1.1581557999597862,71,-15.0,-350.0,20.0,True,70.52305840503969,-39.517163320614436,-171.0209880117158,55.82912420917553,9.414461877954434,3,calibration,2,dot,0.3,0,calibration
1.1749764999840409,72,-195.0,-356.0,20.0,True,91.30736212489322,-39.51716328651423,-151.16993309566803,38.175335573545325,5.494931840258939,3,calibration,2,dot,0.3,0,calibration
1.190885999938473,73,-429.0,-318.0,20.0,True,113.23826004035459,-39.24189301470693,-129.1998699990846,22.376278113355305,1.8003889338865697,3,calibration,2,dot,0.3,0,calibration
1.2077980999602005,74,-460.0,-303.0,20.0,True,137.05832510732097,-38.08117008140288,-106.19799850576003,11.09093331540928,-2.441837160946958,3,calibration,2,dot,0.3,0,calibration
1.223964500008151,75,-504.0,-261.0,20.0,True,162.57122454024756,-35.44339281471807,-83.28288455697796,3.924804787171415,-4.959209529774178,3,calibration,2,dot,0.3,0,calibration
1.242029199958779,76,-537.0,-142.0,20.0,True,190.16753571991595,-30.86237955820027,-60.76940146499727,0.2672803736318059,-6.249586543286442,3,calibration,2,dot,0.3,0,calibration
1.2577459999592975,77,-532.0,-11.0,20.0,True,221.36041404681305,-23.75611550467009,-40.36607297762124,-2.715721007858454,-7.319417348188817,3,calibration,2,dot,0.3,0,calibration
1.2745739999227226,78,-475.0,242.0,20.0,True,253.8350249626701,-15.48874678536205,-22.11795923441261,-6.368625756960846,-8.592909863751292,3,calibration,2,dot,0.3,0,calibration
1.291691999998875,79,-400.0,420.0,20.0,True,284.92769403633633,-7.218321822120261,-5.920259541078572,-10.816952541607236,-9.634888419227735,3,calibration,2,dot,0.3,0,calibration
1.3079179999185726,80,-293.0,593.0,20.0,True,310.8580064109104,-0.4038445506789756,7.64421628913826,-16.708396223152295,-11.624824383024556,3,calibration,2,dot,0.3,0,calibration
1.3245144999818876,81,-102.0,600.0,20.0,True,333.2199477503212,6.343701579521802,17.40993547880362,-24.165742215865563,-3.9058491180285304,3,calibration,2,dot,0.3,0,calibration
1.3419125999789685,82,28.0,600.0,20.0,True,352.9713257031317,13.982162700082103,24.913105439517885,-32.12887359541496,-4.938170470106174,3,calibration,2,dot,0.3,0,calibration
1.3578278999775648,83,152.0,600.0,20.0,True,370.3438419729952,23.124636531424027,31.67354848285746,-40.73392881218225,-5.343093845478004,3,calibration,2,dot,0.3,0,calibration
1.3743411999894306,84,329.0,573.0,20.0,True,384.7555886884869,33.3072235642426,37.44153562302372,-50.508871443373906,-1.7618800049944872,3,calibration,2,dot,0.3,0,calibration
1.3910610999446362,85,432.0,522.0,20.0,True,396.6043514273928,43.77307846153733,41.92334125362841,-60.91859903434663,7.680733302284199,3,calibration,2,dot,0.3,0,calibration
1.408328999998048,86,519.0,457.0,20.0,True,396.42165464656995,53.38418986250156,45.15225573545837,-70.79632145734095,14.258737572656901,3,calibration,2,dot,0.3,0,calibration
1.4245109999319538,87,611.0,339.0,20.0,True,395.0133509779759,62.96389877660404,47.229862452790115,-80.18400042475102,22.94374698276851,3,calibration,2,dot,0.3,0,calibration
1.4410801000194624,88,652.0,250.0,20.0,True,393.3758376364333,72.49448505806787,48.117982379321326,-89.42125681378384,30.046007990052573,3,calibration,2,dot,0.3,0,calibration
1.4576452999608591,89,666.0,163.0,20.0,True,391.38951389278736,82.54846100786841,47.74006833587148,-98.50344061975673,36.69123270542437,3,calibration,2,dot,0.3,0,calibration
1.475335399969481,90,638.0,9.0,20.0,True,388.8528844649098,93.77331306570917,46.15217380968771,-107.15585753141511,39.99924482205462,3,calibration,2,dot,0.3,0,calibration
1.4915994999464601,91,584.0,-112.0,20.0,True,385.49754244840744,106.73164838152874,43.3354736556542,-115.89380265706403,38.38586384301867,3,calibration,2,dot,0.3,0,calibration
1.5083049000240862,92,467.0,-284.0,20.0,True,381.482964955815,120.29441985611977,39.33371827711909,-124.6307818087235,35.00447956438865,3,calibration,2,dot,0.3,0,calibration
1.52425769995898,93,276.0,-412.0,20.0,True,376.61582842749937,134.76096533443334,33.922710142641655,-132.96055968833033,25.896890357989722,3,calibration,2,dot,0.3,0,calibration
1.5412109999451786,94,101.0,-471.0,20.0,True,371.08061308706635,149.32909492435473,27.810895543197994,-140.8644951635415,17.984781946209253,3,calibration,2,dot,0.3,0,calibration
1.5645863999379799,95,-265.0,-498.0,20.0,True,365.3497991749534,162.84816315458167,21.003829235916264,-147.71115019464136,10.483606947026995,3,calibration,2,dot,0.3,0,calibration
1.5740030999295413,96,-343.0,-493.0,20.0,True,360.0824413599262,174.18563495384836,12.980735850502212,-153.46954025884548,6.579823166632934,3,calibration,2,dot,0.3,0,calibration
1.59099439997226,97,-406.0,-485.0,20.0,True,354.0653758660104,183.5877020229419,3.9517023813233987,-157.47942103757515,4.293335910028668,3,calibration,2,dot,0.3,0,calibration
1.607854099944234,98,-499.0,-460.0,20.0,True,346.69011133447685,191.89611381166867,-6.022949215383058,-159.9505956471026,0.7940788292075474,3,calibration,2,dot,0.3,0,calibration
1.6245894000167027,99,-575.0,-406.0,20.0,True,338.834099775338,199.11083871909491,-17.33526498785111,-160.23574583500658,-3.837141592333506,3,calibration,2,dot,0.3,0,calibration
1.6410105000250041,100,-597.0,-367.0,20.0,True,330.166454010615,205.433564698269,-29.68744822074833,-158.16742698082817,-5.636274233844391,3,calibration,2,dot,0.3,0,calibration
1.6578921999316663,101,-621.0,-248.0,20.0,True,320.6272779582999,211.25049259530476,-42.97600934985469,-154.05080123337814,-4.004576309417152,3,calibration,2,dot,0.3,0,calibration
1.6744120999937877,102,-623.0,-127.0,20.0,True,309.01395308296844,217.31045523859532,-56.297879553008656,-147.6889472683786,-0.6283453015456442,3,calibration,2,dot,0.3,0,calibration
1.6912059999303892,103,-594.0,5.0,20.0,True,295.0362589290406,223.17246584491315,-69.61012255927648,-138.73964633781642,3.7395307197927394,3,calibration,2,dot,0.3,0,calibration
1.7078850999241695,104,-455.0,316.0,20.0,True,278.25173053026424,228.26629312562363,-82.13537342107415,-127.12180899145338,8.940536536965947,3,calibration,2,dot,0.3,0,calibration
1.7246438999427482,105,-399.0,394.0,20.0,True,259.9971923930324,231.8503951803505,-94.05611990240112,-113.39990973902388,12.930616911027219,3,calibration,2,dot,0.3,0,calibration
1.7412303999299183,106,-192.0,588.0,20.0,True,242.96576236260216,233.92386716725375,-104.70215782561387,-98.52612687515706,15.460871318520722,3,calibration,2,dot,0.3,0,calibration
1.7584757999284193,107,8.0,600.0,20.0,True,229.462645071324,234.721632862929,-115.65081267168854,-81.8500629878161,9.903100124980353,3,calibration,2,dot,0.3,0,calibration
1.7747651999816298,108,123.0,600.0,20.0,True,219.37434702504427,234.18945017685138,-124.99993548713086,-64.19759073283942,10.611584735748314,3,calibration,2,dot,0.3,0,calibration
1.7916248999536037,109,223.0,596.0,20.0,True,211.28424468493543,232.09752778828923,-132.3858749128633,-45.91232443789724,10.921783947093054,3,calibration,2,dot,0.3,0,calibration
1.808278699987568,110,356.0,562.0,20.0,True,203.41181536303637,227.77273689743305,-137.53940240655618,-28.89198122724499,4.241654774958825,3,calibration,2,dot,0.3,0,calibration
1.8243006999837235,111,434.0,525.0,20.0,True,195.97801626817383,221.59499608316392,-141.05648374747167,-13.094171387314372,-3.874672814798968,3,calibration,2,dot,0.3,0,calibration
1.841528799966909,112,500.0,478.0,20.0,True,189.13725370006938,214.18740659301574,-143.15418757384484,0.6927369575417348,-11.39030098236914,3,calibration,2,dot,0.3,0,calibration
1.8576214999193326,113,544.0,440.0,20.0,True,183.3260111321143,205.2237825395759,-143.2724266330612,11.917107640218378,-15.965889276246468,3,calibration,2,dot,0.3,0,calibration
1.8742220000131056,114,578.0,403.0,20.0,True,177.9477352540777,195.21515862376523,-141.90362141488598,20.84242680465228,-19.07159852538273,3,calibration,2,dot,0.3,0,calibration
1.8905731999548152,115,610.0,350.0,20.0,True,173.0107949153578,183.36435590372145,-139.38237510945802,29.46278022746076,-25.360378857656848,3,calibration,2,dot,0.3,0,calibration
1.9076868999982253,116,624.0,315.0,20.0,True,169.0203354812929,170.66526158500605,-135.8644058718296,38.90840719185509,-30.29808159000007,3,calibration,2,dot,0.3,0,calibration
1.9245312999701127,117,633.0,265.0,20.0,True,166.16184433007052,156.80274862370183,-132.43427926701435,50.40279903783935,-36.41111718037226,3,calibration,2,dot,0.3,0,calibration
1.9411432999186218,118,641.0,178.0,20.0,True,164.04319557766695,142.4514925741714,-128.87748976496306,64.12039285882456,-38.253805056181285,3,calibration,2,dot,0.3,0,calibration
1.9578820000169799,119,641.0,128.0,20.0,True,161.9769521049429,127.8211103778071,-125.38528250450204,80.83723079176816,-39.3808533369748,3,calibration,2,dot,0.3,0,calibration
1.9742258000187576,120,633.0,55.0,20.0,True,159.61247230825325,113.62196133660389,-122.0289696377643,99.78411914611374,-39.9250401952489,3,calibration,2,dot,0.3,0,calibration
1.991700700018555,121,609.0,-27.0,20.0,True,156.9885374105144,99.49601585443634,-120.35601309634984,119.41022853812379,-39.50047784100201,3,calibration,2,dot,0.3,0,calibration
2.0084650999633595,122,568.0,-89.0,20.0,True,154.42629225645737,86.02244328191163,-121.85542982757616,137.36050820027828,-34.15562611408482,3,calibration,2,dot,0.3,0,calibration
2.0260887999320403,123,507.0,-142.0,20.0,True,152.37492208495192,71.89322727436092,-125.12336573583812,154.05136968826707,-25.12268962462131,3,calibration,2,dot,0.3,0,calibration
2.046193999936804,124,373.0,-229.0,20.0,True,151.15075539153597,57.54125478045222,-128.69663937213758,169.4533172368109,-19.095340917896124,3,calibration,2,dot,0.3,0,calibration
2.0573654000181705,125,345.0,-247.0,20.0,True,150.6210596221627,41.9198234667201,-132.74580247630718,184.7417645006857,-17.526523951541648,3,calibration,2,dot,0.3,0,calibration
2.075028199935332,126,274.0,-284.0,20.0,True,150.41541861754638,26.808620548908493,-137.3926532145861,199.48745621334504,-12.967875376716433,3,calibration,2,dot,0.3,0,calibration
2.090863300021738,127,168.0,-338.0,20.0,True,150.33939476886357,12.70920263927529,-142.90208726200478,213.95751884006594,-11.317680583157978,3,calibration,2,dot,0.3,0,calibration
2.1081208999967203,128,95.0,-359.0,20.0,True,150.31197652241124,-0.22715223053973865,-148.64707006574102,227.97051605401606,-3.3948613083110093,3,calibration,2,dot,0.3,0,calibration
2.124280199990608,129,3.0,-379.0,20.0,True,150.30221815627024,-13.236944652061744,-154.57557719113544,241.55195108474808,-0.3384261698837432,3,calibration,2,dot,0.3,0,calibration
2.14193509996403,130,-81.0,-386.0,20.0,True,150.29877033214427,-26.093271879937944,-160.29332892520227,255.20408771967982,4.501182943978295,3,calibration,2,dot,0.3,0,calibration
2.1584889999357983,131,-209.0,-389.0,20.0,True,150.29755711450485,-38.217755349654965,-165.7472893728956,269.2691214173217,6.321225401656169,3,calibration,2,dot,0.3,0,calibration
2.1744232999626547,132,-280.0,-385.0,20.0,True,150.29713119249197,-49.67519705606773,-170.3112329032817,283.1739066325547,8.420411686129642,3,calibration,2,dot,0.3,0,calibration
2.190871399943717,133,-331.0,-376.0,20.0,True,150.29698186061964,-61.09226511560621,-174.3547816563096,296.6721316784842,12.456892912354299,3,calibration,2,dot,0.3,0,calibration
2.208568300004117,134,-392.0,-359.0,20.0,True,150.29692954263078,-72.90084760595771,-177.79455189837927,308.9696742010181,15.729466558205413,3,calibration,2,dot,0.3,0,calibration
2.2245189999230206,135,-434.0,-334.0,20.0,True,150.296911220968,-84.28529191550308,-180.66656541933583,320.67741063212895,24.259214013806844,3,calibration,2,dot,0.3,0,calibration
2.241801799973473,136,-445.0,-325.0,14.212670403551895,True,150.2969048063127,-96.32662174835458,-182.56482099439444,332.3607381726845,19.647601654956002,3,calibration,2,dot,0.3,0,calibration
2.2581928999861702,137,-476.0,-286.0,20.0,True,150.2969025607687,-108.6671715383902,-183.4806678348655,344.129697906045,32.23126343097479,3,calibration,2,dot,0.3,0,calibration
2.2742886999621987,138,-486.0,-259.0,20.0,True,150.29690177474532,-121.76860759128019,-182.78958125213575,355.7920305257959,37.316909129672986,3,calibration,2,dot,0.3,0,calibration
2.290890199947171,139,-492.0,-232.0,20.0,True,150.11338799303923,-134.35001815883078,-176.2366212445864,359.0830730239066,38.4706342756584,3,calibration,2,dot,0.3,0,calibration
2.3078271999256685,140,-490.0,-189.0,20.0,True,149.27840144179748,-146.31688241117294,-167.00291287120757,363.4694307538556,39.671456248888965,3,calibration,2,dot,0.3,0,calibration
2.3248520999914035,141,-455.0,-67.0,20.0,True,147.272139997393,-158.0739047274149,-155.39919585731985,368.57982843191286,39.830064686163,3,calibration,2,dot,0.3,0,calibration
2.341044000000693,142,-402.0,32.0,20.0,True,143.65795616941946,-170.4925862471915,-142.74441871363723,373.66299111111584,39.55462482202371,3,calibration,2,dot,0.3,0,calibration
2.357885399949737,143,-331.0,127.0,20.0,True,138.41559349338866,-183.1063557578578,-128.3731701452756,378.84077022787835,39.350040551471,3,calibration,2,dot,0.3,0,calibration
2.374906499986537,144,-194.0,256.0,20.0,True,131.74798974474163,-195.1388102462316,-112.17294891171623,383.9495143016195,38.91469689055397,3,calibration,2,dot,0.3,0,calibration
2.391482000006363,145,-91.0,331.0,20.0,True,123.95169215906662,-205.82856102678514,-94.26033933871182,388.7351134484135,38.80721160071272,3,calibration,2,dot,0.3,0,calibration
2.407474000006914,146,64.0,415.0,20.0,True,115.08383931836536,-215.9122735728887,-76.85633959582731,392.5469437709723,38.25733826438281,3,calibration,2,dot,0.3,0,calibration
2.424892899929546,147,114.0,437.0,20.0,True,104.42104510992266,-226.1236813627547,-59.70469253438743,395.5190889064323,38.08834547237095,3,calibration,2,dot,0.3,0,calibration
2.4409410000080243,148,251.0,469.0,20.0,True,91.10266370455192,-236.99828473284538,-40.972441292272464,397.8960405112764,36.84330729075691,3,calibration,2,dot,0.3,0,calibration
2.4576679000165313,149,326.0,470.0,20.0,True,72.59557159840563,-249.42154479777466,-20.747998997812097,399.4615382456573,35.08424807478093,3,calibration,2,dot,0.3,0,calibration
2.4743078999454156,150,389.0,460.0,20.0,True,50.22774191783949,-262.55838560095873,-0.14338101543511864,399.9999743023547,33.55480181627081,3,calibration,2,dot,0.3,0,calibration
2.4918555999174714,151,517.0,421.0,20.0,True,25.91620281381545,-275.24523581521913,18.332302081593088,399.57968754728915,32.25395630680164,3,calibration,2,dot,0.3,0,calibration
2.507764199981466,152,568.0,401.0,20.0,True,3.099793989364951,-285.3407217216277,34.814373678678706,398.482069088888,32.382675463956446,3,calibration,2,dot,0.3,0,calibration
2.525105300010182,153,608.0,378.0,20.0,True,-18.48296326180616,-292.1155647808389,49.42316770174504,396.9349449145605,31.586998278200124,3,calibration,2,dot,0.3,0,calibration
2.5412735999561846,154,651.0,346.0,20.0,True,-39.58362802053436,-296.0526119828629,63.36314224161405,394.81230230156575,31.24165813319498,3,calibration,2,dot,0.3,0,calibration
2.5623384999344125,155,697.0,315.0,20.0,True,-60.1384705053859,-298.0190191897032,77.19868476689152,392.40721994226806,33.70006351584181,3,calibration,2,dot,0.3,0,calibration
2.5747283999808133,156,697.0,315.0,0.0,False,-79.87631669433253,-298.91670660261434,90.4327848219984,389.6433130817698,0.0,3,calibration,2,dot,0.3,0,calibration
2.5909685000078753,157,714.0,295.0,20.0,True,-98.10194144021509,-298.4469753956209,102.6303512609816,384.7014473274706,31.068586777344827,3,calibration,2,dot,0.3,0,calibration
2.6084514999529347,158,718.0,290.0,6.4031242374328485,True,-114.54370984692872,-296.47416355363913,113.59857855982672,377.41119829876226,10.666189381560525,3,calibration,2,dot,0.3,0,calibration
2.624312700005248,159,725.0,244.0,20.0,True,-128.36683445559171,-292.30226861315697,123.21703983160818,367.00314446128755,25.156648332176268,3,calibration,2,dot,0.3,0,calibration
2.6420637000119314,160,725.0,230.0,14.0,True,-140.04876413945294,-285.4662288070078,131.96943933261176,354.2986948545639,18.59976009169236,3,calibration,2,dot,0.3,0,calibration
2.657415200024843,161,718.0,170.0,20.0,True,-149.72701739433973,-274.199115529755,139.89683525319703,340.29499593407627,29.70471336207503,3,calibration,2,dot,0.3,0,calibration
2.6741703000152484,162,703.0,133.0,20.0,True,-157.07678095866703,-260.1308614642481,146.63331278539533,325.4665030723553,26.715673621217555,3,calibration,2,dot,0.3,0,calibration
2.6917596999555826,163,686.0,99.0,20.0,True,-161.6345109839833,-245.8414793943757,152.04729359538226,310.31019751169225,28.161921679742868,3,calibration,2,dot,0.3,0,calibration
2.707426799926907,164,660.0,51.0,20.0,True,-163.25975203524177,-234.74628638916192,156.1336962833061,295.46863275568097,30.44580937824231,3,calibration,2,dot,0.3,0,calibration
2.724339699954726,165,642.0,29.0,20.0,True,-162.5499989655928,-226.61621412259422,157.8352862526357,280.3432465439344,30.488209883322632,3,calibration,2,dot,0.3,0,calibration
2.741465299972333,166,624.0,5.0,20.0,True,-159.1096517983973,-219.61809476788386,158.09488300176344,265.79958945569035,35.43615091692139,3,calibration,2,dot,0.3,0,calibration
2.757464899914339,167,590.0,-31.0,20.0,True,-152.5875491534925,-212.11742353008344,156.5520538954407,249.81695315788332,35.7755748843282,3,calibration,2,dot,0.3,0,calibration
2.7744994999375194,168,558.0,-54.0,20.0,True,-143.2770280366069,-203.80232828630028,153.46787253974915,232.721750690564,34.25887411285552,3,calibration,2,dot,0.3,0,calibration
2.79116169991903,169,510.0,-84.0,20.0,True,-131.8227888639557,-195.44150548420544,149.3813097218673,213.8467668490936,33.89702256947486,3,calibration,2,dot,0.3,0,calibration
2.807527699973434,170,464.0,-109.0,20.0,True,-118.74239678063762,-188.21362324494567,144.66462013357227,194.6747607642612,33.47125057455858,3,calibration,2,dot,0.3,0,calibration
2.8238303000107408,171,401.0,-144.0,20.0,True,-104.91768086035637,-183.08016729697724,139.78283619242,175.43686435619162,33.485432622712096,3,calibration,2,dot,0.3,0,calibration
2.8413386999163777,172,383.0,-151.0,19.313207915827967,True,-89.4210662341324,-180.1204210093083,134.33711161018743,157.1645641021035,30.843136969874298,3,calibration,2,dot,0.3,0,calibration
2.8577633999520913,173,335.0,-167.0,20.0,True,-73.69930726126191,-178.85190246744816,128.78377817671668,139.92253689662246,31.25766219249642,3,calibration,2,dot,0.3,0,calibration
2.874419800005853,174,286.0,-182.0,20.0,True,-57.97075180715173,-178.36139950956192,123.04660229768879,123.3810114794138,31.094886926736475,3,calibration,2,dot,0.3,0,calibration
2.8913363999454305,175,243.0,-189.0,20.0,True,-43.53881293869401,-178.1804191806547,116.7423767999256,106.9125168686197,29.837241633556694,3,calibration,2,dot,0.3,0,calibration
2.907704000012018,176,164.0,-198.0,20.0,True,-29.82048894603193,-178.11521520680776,110.24439157269924,90.67818707584316,29.3679715892387,3,calibration,2,dot,0.3,0,calibration
2.9245974000077695,177,100.0,-202.0,20.0,True,-16.12861971418984,-178.09202164421546,103.80658315261297,75.36358783750302,28.84858259295408,3,calibration,2,dot,0.3,0,calibration
2.941467099939473,178,57.0,-204.0,20.0,True,-2.401347559493047,-177.80855920308704,97.52689297456959,61.34003586131574,29.00640533226596,3,calibration,2,dot,0.3,0,calibration
2.9577081999741495,179,15.0,-204.0,20.0,True,11.622518295903173,-177.37900814997593,90.24190605113657,47.275310281578065,29.189171490851827,3,calibration,2,dot,0.3,0,calibration
2.9751944999443367,180,2.0,-204.0,13.0,True,26.449329755118647,-176.88732718177192,82.67854545223595,33.400372807505086,19.214900232150683,3,calibration,2,dot,0.3,0,calibration
2.9909571999451146,181,-39.0,-196.0,20.0,True,41.97226999725785,-176.6469712229775,74.79269836573803,19.503921402854576,25.925095120932223,3,calibration,2,dot,0.3,0,calibration
0.0008948000613600016,1,-59.0,87.0,20.0,True,-305.57134710235636,1.4358710961274923,294.6555183381936,1.1393807850649613,0.5712660789229806,4,calibration,2,square,0.3,0,calibration
0.011607800028286874,2,-59.0,87.0,0.0,False,-318.57471700142753,0.12622578408116203,282.59452445990325,3.7737077381203283,0.0,4,calibration,2,square,0.3,0,calibration
0.028404600103385746,3,-79.0,187.0,20.0,True,-332.44852186111314,1.0164839318376586,270.1038573186423,6.062193333915891,-2.222293894055581,4,calibration,2,square,0.3,0,calibration
0.045037100091576576,4,-73.0,338.0,20.0,True,-347.95256249960653,1.0120785989362078,257.84702573790145,8.055819951459233,-3.2243361248697475,4,calibration,2,square,0.3,0,calibration
0.06168100005015731,5,-45.0,432.0,20.0,True,-364.68376820916154,-1.0705832429054578,246.4639405089643,9.400726122322231,-4.612405331923203,4,calibration,2,square,0.3,0,calibration
0.07834470004308969,6,-1.0,518.0,20.0,True,-381.61195585947246,-5.385159275160574,234.72783623844307,10.409476175988695,-5.673480591432153,4,calibration,2,square,0.3,0,calibration
0.09602160006761551,7,95.0,600.0,20.0,True,-396.4534529694313,-14.564995835861204,221.3062899202049,11.278750796464685,-5.430301510505535,4,calibration,2,square,0.3,0,calibration
0.11162710003554821,8,159.0,600.0,20.0,True,-399.00599290491806,-28.181866970810376,206.06309938206363,12.094844856889676,9.543676444643264,4,calibration,2,square,0.3,0,calibration
0.1284559000050649,9,232.0,600.0,20.0,True,-397.6751253590147,-43.06384412348625,189.83383408558583,12.687150128150027,13.468701482030848,4,calibration,2,square,0.3,0,calibration
0.1449899000581354,10,342.0,600.0,20.0,True,-395.64780596297663,-58.84567644851105,174.6198620976357,13.160094204573394,16.36260920356071,4,calibration,2,square,0.3,0,calibration
0.16206130001228303,11,416.0,600.0,20.0,True,-392.9138026958786,-74.95827940303977,160.850537708299,14.298114504187682,19.020586874295674,4,calibration,2,square,0.3,0,calibration
0.17935140000190586,12,469.0,600.0,20.0,True,-389.3784967296381,-91.56629447873934,147.7025475858728,16.321038913845374,21.675175651391033,4,calibration,2,square,0.3,0,calibration
0.19528210000135005,13,538.0,590.0,20.0,True,-384.54242219467255,-110.12322885138353,134.3865604554246,18.988408009863495,26.8372706523405,4,calibration,2,square,0.3,0,calibration
0.2117723000701517,14,573.0,577.0,20.0,True,-378.27783114463335,-130.02262289506484,120.32177328750076,21.743975634216895,30.94039705559521,4,calibration,2,square,0.3,0,calibration
0.22855270002037287,15,619.0,536.0,20.0,True,-371.0548451401267,-149.39311194977032,105.85690588952684,24.400789940379497,32.95657328034944,4,calibration,2,square,0.3,0,calibration
0.24502290005329996,16,651.0,494.0,20.0,True,-363.80425357687227,-166.27226190611242,91.42871312910869,27.814327070393396,33.119646452200016,4,calibration,2,square,0.3,0,calibration
0.26159030001144856,17,670.0,458.0,20.0,True,-356.6251148575804,-181.15884591379344,77.25299979690952,32.26388277017863,32.95053986414228,4,calibration,2,square,0.3,0,calibration
0.2783033000305295,18,684.0,405.0,20.0,True,-349.5453901008502,-194.46855853644942,62.90712878341206,37.84318637004828,31.413411673130884,4,calibration,2,square,0.3,0,calibration
0.2949480999959633,19,685.0,373.0,20.0,True,-342.4563843633412,-206.6969395244824,46.611272632085885,44.6863896801901,28.30215078927024,4,calibration,2,square,0.3,0,calibration
0.3120562999974936,20,681.0,337.0,20.0,True,-335.4129871767721,-217.94065254824426,29.25483569264481,52.14565547797571,25.808736025496568,4,calibration,2,square,0.3,0,calibration
0.32836350006982684,21,662.0,277.0,20.0,True,-328.54270394244975,-228.16593016088927,11.860183802308402,60.263888187166195,22.383068737654725,4,calibration,2,square,0.3,0,calibration
0.34523340000305325,22,632.0,208.0,20.0,True,-322.15712118020474,-237.09658216195967,-3.6425208027131006,68.49712556203437,21.24669571597049,4,calibration,2,square,0.3,0,calibration
0.36131370009388775,23,572.0,128.0,20.0,True,-316.02267276751456,-245.2135198085057,-18.204130734978683,77.56469886506665,17.343874330466537,4,calibration,2,square,0.3,0,calibration
0.37855050002690405,24,547.0,102.0,20.0,True,-310.2329937881574,-252.4984941840982,-32.482726287930475,87.90031764783141,15.984469336487786,4,calibration,2,square,0.3,0,calibration
0.394485600059852,25,440.0,27.0,20.0,True,-305.40876312738334,-258.3127705031284,-46.46723779789276,99.07926069093749,12.377061045395518,4,calibration,2,square,0.3,0,calibration
0.41243920009583235,26,353.0,-19.0,20.0,True,-302.1075260628334,-262.16605939021633,-59.6969058063829,110.53111751292006,10.45507899804684,4,calibration,2,square,0.3,0,calibration
0.4284853000426665,27,193.0,-73.0,20.0,True,-300.19662387865964,-264.35201344392016,-72.12339024915292,121.97189283433084,7.445577735541795,4,calibration,2,square,0.3,0,calibration
0.44550000003073364,28,85.0,-94.0,20.0,True,-299.60096489087437,-265.0269077593011,-84.05881139514986,133.8982262695556,5.530557135168063,4,calibration,2,square,0.3,0,calibration
0.462235200102441,29,-53.0,-103.0,20.0,True,-300.0200328085837,-264.5524143029815,-95.88252195825193,146.8074520375278,3.721389589832882,4,calibration,2,square,0.3,0,calibration
0.4784118999959901,30,-181.0,-88.0,20.0,True,-301.58750833085406,-262.76410489027427,-107.2705606086163,160.73403642419396,0.8482629725191893,4,calibration,2,square,0.3,0,calibration
0.49501700000837445,31,-214.0,-79.0,20.0,True,-303.8179376366216,-260.18197625936716,-118.12034530558742,177.19439320244865,-0.9798678829640228,4,calibration,2,square,0.3,0,calibration
0.512121600098908,32,-295.0,-49.0,20.0,True,-306.4904418028906,-257.0284207699004,-127.47877079332454,195.59001797714825,-1.2992731733226526,4,calibration,2,square,0.3,0,calibration
0.5289623000426218,33,-334.0,-25.0,20.0,True,-309.61965143034035,-253.2502150999176,-134.52235578177098,215.0769788439413,-4.497172933752238,4,calibration,2,square,0.3,0,calibration
0.545253400108777,34,-355.0,-4.0,20.0,True,-313.04895143955815,-248.9987028130732,-138.66060016784465,232.98567818703535,-8.928619781723121,4,calibration,2,square,0.3,0,calibration
0.5627547000767663,35,-370.0,16.0,20.0,True,-316.4158336585152,-244.70598727899335,-140.64788639245378,248.6219722161589,-11.245559173544484,4,calibration,2,square,0.3,0,calibration
0.5783398000057787,36,-381.0,34.0,20.0,True,-319.8700677869353,-240.1731453222474,-140.429702901664,262.19955920268796,-11.875101525688041,4,calibration,2,square,0.3,0,calibration
0.5954648000188172,37,-390.0,69.0,20.0,True,-323.38169264182034,-235.42362002167766,-137.31035328556803,274.49747154557804,-17.428696992790698,4,calibration,2,square,0.3,0,calibration
0.6119858000893146,38,-390.0,107.0,20.0,True,-326.973290545485,-230.40934718421883,-130.50241480457245,286.5421264696383,-21.19026763946757,4,calibration,2,square,0.3,0,calibration
0.628538400051184,39,-368.0,213.0,20.0,True,-330.7479879498848,-224.9572592007265,-120.43871474643407,298.63921841912673,-22.935384781435317,4,calibration,2,square,0.3,0,calibration
0.6452045000623912,40,-348.0,256.0,20.0,True,-335.1312896655165,-218.37357598191153,-107.61673047265052,310.6807273711889,-24.799701273287667,4,calibration,2,square,0.3,0,calibration
0.661638000048697,41,-222.0,501.0,20.0,True,-340.328824291852,-210.1815675936539,-93.70989595212203,321.8707840370468,-21.720602025508185,4,calibration,2,square,0.3,0,calibration
0.679052900057286,42,-135.0,600.0,20.0,True,-345.97575309636915,-200.7505374075004,-80.62529025973859,331.47276756728274,-26.378823291469562,4,calibration,2,square,0.3,0,calibration
0.6951767000136897,43,-36.0,600.0,20.0,True,-349.88477923654926,-193.85727032688558,-70.31618031616622,338.93294458347134,-36.172947764480746,4,calibration,2,square,0.3,0,calibration
0.7119522000430152,44,70.0,600.0,20.0,True,-353.2626335987966,-187.63131855541175,-63.008307727419236,344.50908209058775,-35.899638495801995,4,calibration,2,square,0.3,0,calibration
0.7288057000841945,45,180.0,600.0,20.0,True,-356.3929363394454,-181.61518363657814,-57.66758788505919,348.7903188007779,-35.59213788203288,4,calibration,2,square,0.3,0,calibration
0.7453331000870094,46,332.0,600.0,20.0,True,-359.85608824610614,-174.652786270963,-52.68795853472438,351.9804859346439,-36.41347233592536,4,calibration,2,square,0.3,0,calibration
0.7619202000787482,47,424.0,600.0,20.0,True,-364.26914146148204,-165.25130129265187,-46.13480617107703,354.5590564765865,-36.120755082314446,4,calibration,2,square,0.3,0,calibration
0.7795169000746682,48,540.0,600.0,20.0,True,-370.4158012385268,-150.97064016827983,-36.954366343256595,356.366866859664,-33.58187298264876,4,calibration,2,square,0.3,0,calibration
0.7951432000845671,49,644.0,600.0,20.0,True,-377.2022978865983,-133.11057985400694,-25.315399833043333,357.58926815534056,-32.04318444222273,4,calibration,2,square,0.3,0,calibration
0.8130094000371173,50,680.0,600.0,20.0,True,-383.3437842366894,-114.2258424661185,-12.201699627816156,358.13504214114727,-31.48342745048506,4,calibration,2,square,0.3,0,calibration
0.8305999001022428,51,795.0,600.0,20.0,True,-387.57226328969534,-98.93301131828085,1.5510072419011003,358.2474983619136,-31.15992136305199,4,calibration,2,square,0.3,0,calibration
0.8449600000167266,52,890.0,582.0,20.0,True,-390.32104845791156,-87.46130076048868,15.654087799166945,357.65823681994885,-34.548748755878606,4,calibration,2,square,0.3,0,calibration
0.8623996000969782,53,920.0,571.0,20.0,True,-392.20812981403225,-78.56705994104155,29.394386514420326,356.100454467655,-36.89003263550727,4,calibration,2,square,0.3,0,calibration
0.8782737000146881,54,920.0,571.0,0.0,False,-393.5362569482947,-71.61853438269867,42.50202353551871,353.24189486723174,0.0,4,calibration,2,square,0.3,0,calibration
0.8949283000547439,55,920.0,571.0,0.0,False,-394.72035370763126,-64.77532222167997,56.10430239961233,349.12279595268046,0.0,4,calibration,2,square,0.3,0,calibration
0.9127660000231117,56,920.0,571.0,0.0,False,-395.81343110853976,-57.72112052000786,71.65734268762358,343.68639515761816,0.0,4,calibration,2,square,0.3,0,calibration
0.9282340001082048,57,920.0,571.0,0.0,False,-396.8400616673775,-50.17933295523226,90.18955306364919,337.3072619380738,0.0,4,calibration,2,square,0.3,0,calibration
0.9456294000847265,58,920.0,571.0,0.0,False,-397.65491008712627,-43.250115417182,111.1431161149781,329.68462597086045,0.0,4,calibration,2,square,0.3,0,calibration
0.962109100073576,59,920.0,571.0,0.0,False,-398.2784795946297,-37.0709143640956,133.32203261229276,321.239752000683,0.0,4,calibration,2,square,0.3,0,calibration
0.9788303000386804,60,920.0,571.0,0.0,False,-398.84285091019126,-30.403622774777656,155.69894467543847,311.8167840368323,0.0,4,calibration,2,square,0.3,0,calibration
0.9955608000745997,61,920.0,571.0,0.0,False,-399.39727137093195,-21.95039000688047,176.8731629898127,301.8112696559388,0.0,4,calibration,2,square,0.3,0,calibration
1.0122490000212565,62,920.0,571.0,0.0,False,-399.8503803356975,-10.939531315283778,196.1462234839949,291.14521580230917,0.0,4,calibration,2,square,0.3,0,calibration
1.028471100027673,63,920.0,571.0,0.0,False,-399.99287627656236,2.3872427615649796,213.9470788358357,279.3394324420279,0.0,4,calibration,2,square,0.3,0,calibration
1.0451806000201032,64,920.0,571.0,0.0,False,-399.63956329413725,16.97702712701196,230.76484826461225,266.4422787125299,0.0,4,calibration,2,square,0.3,0,calibration
1.062064600060694,65,920.0,571.0,0.0,False,-398.7082048455827,32.12113616939634,246.53206651128764,253.12680372615833,0.0,4,calibration,2,square,0.3,0,calibration
1.0783737000310794,66,920.0,571.0,0.0,False,-397.3074388360855,46.333562840668414,260.36017829220236,240.16840487800124,0.0,4,calibration,2,square,0.3,0,calibration
1.0954548000590876,67,920.0,571.0,0.0,False,-395.46055597619136,60.09116962584079,272.68456319604604,227.33352901311335,0.0,4,calibration,2,square,0.3,0,calibration
1.1120856000343338,68,920.0,571.0,0.0,False,-393.0619177844033,74.1776838924414,284.2154843893739,214.74589822080839,0.0,4,calibration,2,square,0.3,0,calibration
1.1285642000148073,69,920.0,571.0,0.0,False,-389.8416377526248,89.57397766288618,295.31311004258305,202.69421113251502,0.0,4,calibration,2,square,0.3,0,calibration
1.1455330000026152,70,920.0,571.0,0.0,False,-385.7012090267456,105.99328919939578,305.5129059433533,191.737196972187,0.0,4,calibration,2,square,0.3,0,calibration
1.1622526000719517,71,920.0,571.0,0.0,False,-381.01558106792083,121.76669077984596,315.35137754882044,181.34473686295905,0.0,4,calibration,2,square,0.3,0,calibration
1.1784052000148222,72,920.0,571.0,0.0,False,-375.39609639097125,138.12230382679192,325.2582716360015,171.08400299614863,0.0,4,calibration,2,square,0.3,0,calibration
1.1952170000877231,73,920.0,571.0,0.0,False,-369.00584450092794,154.38486559296214,336.453907357556,160.75404839836085,0.0,4,calibration,2,square,0.3,0,calibration
1.211591900093481,74,920.0,571.0,0.0,False,-361.71042103581675,170.77930587191224,349.2729238308655,149.9681960386465,0.0,4,calibration,2,square,0.3,0,calibration
1.2282505000475794,75,920.0,571.0,0.0,False,-354.60068546623506,185.09012363407248,363.8139502298039,139.03859674177087,0.0,4,calibration,2,square,0.3,0,calibration
1.2451021000742912,76,920.0,571.0,0.0,False,-348.10435119484237,197.0364450532384,378.6181550263882,129.0282631225185,0.0,4,calibration,2,square,0.3,0,calibration
1.2619464000454172,77,920.0,571.0,0.0,False,-342.0437234554418,206.99826007169514,382.1723166375962,118.0860719807926,0.0,4,calibration,2,square,0.3,0,calibration
1.2786763000767678,78,920.0,571.0,0.0,False,-335.3441890332596,215.11080122575632,384.5059555994653,110.25048801951849,0.0,4,calibration,2,square,0.3,0,calibration
1.295022900099866,79,920.0,571.0,0.0,False,-327.1373421872415,222.172936379582,385.9551614309223,105.06480554796045,0.0,4,calibration,2,square,0.3,0,calibration
1.311869200086221,80,908.0,-42.0,20.0,True,-316.55319414618856,223.70719852220049,386.87139660730156,101.63917791440463,-4.5396677742938705,4,calibration,2,square,0.3,0,calibration
1.3292884000111371,81,797.0,-91.0,20.0,True,-305.306352932732,225.1477980345032,387.36340438785555,99.74764629328716,-0.7148645958154853,4,calibration,2,square,0.3,0,calibration
1.3448584000580013,82,650.0,-132.0,20.0,True,-293.8209941358628,224.79623180011924,387.48772555330646,99.26360131249236,0.8322240339108777,4,calibration,2,square,0.3,0,calibration
1.3620432000607252,83,594.0,-143.0,20.0,True,-282.4001718920448,222.20165479952593,387.12833729753106,100.65609997038918,1.1907350954097695,4,calibration,2,square,0.3,0,calibration
1.3786868000170216,84,419.0,-159.0,20.0,True,-270.40227727954226,215.3077719915715,386.2241171475686,104.0717605000567,1.084826318019112,4,calibration,2,square,0.3,0,calibration
1.395113000064157,85,317.0,-159.0,20.0,True,-258.1033151062294,204.09639770551004,384.59770692386854,109.92999512827288,0.13280079019874602,4,calibration,2,square,0.3,0,calibration
1.411919700098224,86,232.0,-159.0,20.0,True,-245.77119285420866,189.00110654222308,382.4478327026925,117.19067907053581,1.3649452519537375,4,calibration,2,square,0.3,0,calibration
1.4288227000506595,87,82.0,-156.0,20.0,True,-234.07664564079354,172.80849450443176,379.9457000782804,125.0650430457104,0.9955955435616226,4,calibration,2,square,0.3,0,calibration
1.4452079000184312,88,45.0,-153.0,20.0,True,-223.2441663552931,156.14245538326418,377.3046332511859,132.82023086558803,-1.3465691360440757,4,calibration,2,square,0.3,0,calibration
1.4618849999969825,89,-80.0,-137.0,20.0,True,-212.88685239241528,138.81903011144357,374.32188920987744,141.00752908390487,-4.5911685167547,4,calibration,2,square,0.3,0,calibration
1.4788801000686362,90,-160.0,-118.0,20.0,True,-202.3620116728743,120.46103269269943,370.6404874105329,150.41818072321777,-11.445574626265213,4,calibration,2,square,0.3,0,calibration
1.4956833000760525,91,-271.0,-86.0,20.0,True,-191.30216468289524,101.48624893632832,366.2670957484263,160.77442138603112,-16.17308839819904,4,calibration,2,square,0.3,0,calibration
1.512033100007102,92,-319.0,-67.0,20.0,True,-178.5954255410913,83.59441016411381,361.3836840465771,171.46962677081834,-22.273069615396288,4,calibration,2,square,0.3,0,calibration
1.528839600039646,93,-348.0,-50.0,20.0,True,-163.52166367866647,68.18047377553987,356.74633822106443,180.9200104075332,-28.609748699063324,4,calibration,2,square,0.3,0,calibration
1.5452524001011625,94,-377.0,-32.0,20.0,True,-146.71156069441216,54.762935255675266,352.55816279876734,188.95169182613282,-30.062099677396006,4,calibration,2,square,0.3,0,calibration
1.561893600039184,95,-391.0,-19.0,19.1049731745428,True,-128.28963653942952,44.17651972118218,348.85868016092604,195.69778045848332,-31.818257467009282,4,calibration,2,square,0.3,0,calibration
1.5787404000293463,96,-395.0,-17.0,4.47213595499958,True,-112.70107616756627,31.256044279967874,345.07303555526784,202.29829493268807,-6.874546445277846,4,calibration,2,square,0.3,0,calibration
1.5959132000571117,97,-400.0,-8.0,10.295630140987,True,-94.33428211195641,22.343728792541114,340.63742825681874,209.68104938353554,-18.623976646931112,4,calibration,2,square,0.3,0,calibration
1.612327800015919,98,-403.0,6.0,14.317821063276353,True,-75.01348447714872,15.712340577580807,335.0987816076576,218.09835524040489,-20.726702593919835,4,calibration,2,square,0.3,0,calibration
1.6286611000541598,99,-402.0,39.0,20.0,True,-55.07962630961524,10.56215156343383,326.7570851488387,226.65048995888208,-18.301810025271624,4,calibration,2,square,0.3,0,calibration
1.6449550000252202,100,-361.0,187.0,20.0,True,-36.862473400682106,6.411821744616214,315.71271485302213,234.44240235034235,-5.823582825908123,4,calibration,2,square,0.3,0,calibration
1.6620708000846207,101,-312.0,289.0,20.0,True,-20.32540834017386,2.5378650710183255,301.6415139611235,241.2959975379809,4.2120997108999285,4,calibration,2,square,0.3,0,calibration
1.678705400088802,102,-253.0,385.0,20.0,True,-5.0381347072728015,-0.929008589556497,283.2345047495307,247.27812830348884,11.137030744440796,4,calibration,2,square,0.3,0,calibration
1.694762900006026,103,-140.0,538.0,20.0,True,10.311894463098705,-4.159129042059442,261.0202570121524,252.64233307963252,16.08806330523475,4,calibration,2,square,0.3,0,calibration
1.711881900089793,104,-56.0,600.0,20.0,True,27.14513302915777,-8.024882612595585,235.89186947994114,256.7061672638755,27.013807877947606,4,calibration,2,square,0.3,0,calibration
1.728618200053461,105,31.0,600.0,20.0,True,44.7498749680063,-14.334442498498126,210.55087694540626,259.07653863452884,38.740397294638484,4,calibration,2,square,0.3,0,calibration
1.7456240000901744,106,162.0,600.0,20.0,True,63.49969375036694,-21.224779790552336,186.11415249107142,260.09577449549124,38.755162783159136,4,calibration,2,square,0.3,0,calibration
1.762102400069125,107,302.0,600.0,20.0,True,81.982640062471,-28.20681173157328,163.92623130341863,259.67321717723513,38.70595462539527,4,calibration,2,square,0.3,0,calibration
1.77906410000287,108,391.0,600.0,20.0,True,100.16460958596376,-35.79503198956601,144.75057799996625,257.32643652732764,38.308951418381135,4,calibration,2,square,0.3,0,calibration
1.79544260003604,109,486.0,600.0,20.0,True,118.82172994413959,-43.39669151437728,128.9129806572957,252.6942906180677,37.71744465367109,4,calibration,2,square,0.3,0,calibration
1.8119030999951065,110,585.0,600.0,20.0,True,137.62169911577416,-50.23207287101324,116.23272605211052,245.40761873843013,36.13694993874836,4,calibration,2,square,0.3,0,calibration
1.8284519000444561,111,721.0,600.0,20.0,True,156.61676819977018,-55.43265556000537,105.8725570811273,236.20802485885966,34.245037627709706,4,calibration,2,square,0.3,0,calibration
1.8456971000414342,112,802.0,600.0,20.0,True,173.98604178584716,-59.10776995421687,96.56742121733116,224.50771860557322,32.015694474510056,4,calibration,2,square,0.3,0,calibration
1.862057900056243,113,880.0,600.0,20.0,True,190.38532848925297,-61.579121443140316,87.57799618736382,210.23795713724874,30.437002990131703,4,calibration,2,square,0.3,0,calibration
1.8789254000876099,114,952.0,600.0,20.0,True,205.69400739696925,-63.429245742376956,77.76899737192956,190.4396871761551,28.73446297531507,4,calibration,2,square,0.3,0,calibration
1.8947931000730023,115,959.0,597.0,7.615773105863909,True,220.62486225912824,-66.3383343454442,68.3043442619602,166.8612369825214,7.2680875008320545,4,calibration,2,square,0.3,0,calibration
1.9116323000052944,116,959.0,597.0,0.0,False,235.29249298058795,-68.33518151179598,58.98430007424921,140.97777497110474,0.0,4,calibration,2,square,0.3,0,calibration
1.9290878000902012,117,959.0,597.0,0.0,False,249.68555672378045,-69.7147472173077,51.04765454388733,116.03204531005454,0.0,4,calibration,2,square,0.3,0,calibration
1.9457479000557214,118,959.0,597.0,0.0,False,263.1701367728022,-70.62469063343431,43.86175565050935,91.45696512676079,0.0,4,calibration,2,square,0.3,0,calibration
1.962024600012228,119,959.0,597.0,0.0,False,276.2712576717554,-70.83461552642494,37.196232262918016,67.02010089170744,0.0,4,calibration,2,square,0.3,0,calibration
1.978921900037676,120,959.0,597.0,0.0,False,290.1949418292287,-70.49842940545457,30.6622117581905,43.24621824912315,0.0,4,calibration,2,square,0.3,0,calibration
1.9950518000405282,121,959.0,597.0,0.0,False,304.5008907261462,-69.71690913693197,24.164091553633007,20.746662792589667,0.0,4,calibration,2,square,0.3,0,calibration
2.011818900005892,122,959.0,597.0,0.0,False,318.5715570286754,-68.24374689199996,16.961451647258833,-0.179058996519057,0.0,4,calibration,2,square,0.3,0,calibration
2.0283979000523686,123,959.0,597.0,0.0,False,331.4192002468173,-65.54847021115215,9.062358741683694,-20.124072410107782,0.0,4,calibration,2,square,0.3,0,calibration
2.045387100079097,124,959.0,597.0,0.0,False,344.67750967586596,-60.96861201669368,0.3187761620253884,-39.33341043169037,0.0,4,calibration,2,square,0.3,0,calibration
2.0614051000447944,125,959.0,597.0,0.0,False,358.44127152331356,-54.75887164753727,-8.738372647704638,-57.90032243176608,0.0,4,calibration,2,square,0.3,0,calibration
2.078584000002593,126,959.0,597.0,0.0,False,372.26031117962395,-47.59064240175654,-18.113171368248203,-75.85894325526355,0.0,4,calibration,2,square,0.3,0,calibration
2.0951035000616685,127,959.0,597.0,0.0,False,384.5225768695756,-40.203310412554586,-28.457938949473895,-95.3666986062878,0.0,4,calibration,2,square,0.3,0,calibration
2.1120325000956655,128,959.0,597.0,0.0,False,394.8578883056969,-32.956540522327735,-38.292440103018194,-116.27981523346206,0.0,4,calibration,2,square,0.3,0,calibration
2.1282368000829592,129,959.0,597.0,0.0,False,399.2008520315218,-25.272113827439806,-47.06333723598026,-138.36819804924176,0.0,4,calibration,2,square,0.3,0,calibration
2.145666400087066,130,959.0,597.0,0.0,False,399.6311176936238,-17.1746840129586,-53.75270009661034,-160.39169369504418,0.0,4,calibration,2,square,0.3,0,calibration
2.161671300069429,131,959.0,597.0,0.0,False,399.92809007309796,-7.584376736689925,-59.678125531088455,-183.01229242926647,0.0,4,calibration,2,square,0.3,0,calibration
2.1782610000809655,132,959.0,597.0,0.0,False,399.96594290690496,5.2196278210665366,-65.8398496838961,-205.3529316796383,0.0,4,calibration,2,square,0.3,0,calibration
2.1957014000508934,133,959.0,597.0,0.0,False,399.4769896062006,20.448344069079486,-72.59361927453543,-225.65907114456365,0.0,4,calibration,2,square,0.3,0,calibration
2.212255100021139,134,959.0,597.0,0.0,False,398.389046747339,35.8631765428909,-80.37153261080883,-241.6991400887342,0.0,4,calibration,2,square,0.3,0,calibration
2.229026500019245,135,739.0,96.0,20.0,True,395.5421092925792,48.224498477256454,-89.07988734945266,-253.3901062361416,-35.52973278611809,4,calibration,2,square,0.3,0,calibration
2.245812900015153,136,565.0,78.0,20.0,True,391.22321999962867,56.704538392276135,-99.24980860450539,-261.3532686901027,-9.737586418625298,4,calibration,2,square,0.3,0,calibration
2.2623899000464007,137,344.0,52.0,20.0,True,386.8697323907364,62.198547744766664,-110.66921744906693,-266.6512138818722,-8.497169312338986,4,calibration,2,square,0.3,0,calibration
2.2789631000487134,138,223.0,36.0,20.0,True,382.38555600794405,65.4441570227556,-124.20580552265913,-270.23347893432765,-5.313863758795527,4,calibration,2,square,0.3,0,calibration
2.295679100090638,139,105.0,22.0,20.0,True,377.30605484473875,67.55620958483904,-140.35164875190196,-272.3436254534041,-2.564673286347936,4,calibration,2,square,0.3,0,calibration
2.3127849000738934,140,-52.0,14.0,20.0,True,371.42826295254616,68.93526839497136,-157.68222838999063,-273.55990162741415,-0.782784844180584,4,calibration,2,square,0.3,0,calibration
2.3280810000142083,141,-143.0,18.0,20.0,True,364.57588037330447,70.05298147147195,-173.84734310036947,-273.9789918860544,-0.08975022247715847,4,calibration,2,square,0.3,0,calibration
2.3451498000649735,142,-214.0,29.0,20.0,True,356.20417003209565,71.00353215065986,-187.2454929372895,-273.81789805393595,0.1838886757007785,4,calibration,2,square,0.3,0,calibration
2.3619552000891417,143,-266.0,43.0,20.0,True,345.81472079219105,72.15925747464085,-199.30554601947688,-272.8827490823263,0.11228581174712815,4,calibration,2,square,0.3,0,calibration
2.378654300002381,144,-299.0,56.0,20.0,True,331.5578631200294,73.99418353693211,-211.23193895062323,-271.0517257666998,-0.11337651690015882,4,calibration,2,square,0.3,0,calibration
2.394965200102888,145,-330.0,70.0,20.0,True,314.5922926818511,76.71823781562341,-223.79139385590804,-267.9649443757887,-0.36341962673068995,4,calibration,2,square,0.3,0,calibration
2.411664400016889,146,-340.0,76.0,11.661903789690601,True,296.17621922697975,81.07299666779066,-236.40193491535194,-263.94375310536236,-0.23782963958224743,4,calibration,2,square,0.3,0,calibration
2.4279867000877857,147,-347.0,80.0,8.06225774829855,True,278.53008766316293,86.33496730448041,-248.79195625993378,-258.98578256282275,-0.13390360413598057,4,calibration,2,square,0.3,0,calibration
2.445449599996209,148,-351.0,82.0,4.47213595499958,True,261.8819638901939,91.99664874651288,-260.3420560654407,-252.76078106634722,-0.039092272427506694,4,calibration,2,square,0.3,0,calibration
2.462029500049539,149,-355.0,83.0,4.123105625617661,True,245.77223133253847,96.81787729191954,-270.3219702164671,-244.6786705254953,0.3809318295726005,4,calibration,2,square,0.3,0,calibration
2.478639400098473,150,-357.0,83.0,2.0,True,230.33289542179435,100.45787987826176,-277.964806054315,-233.62081456241265,0.8094792332354781,4,calibration,2,square,0.3,0,calibration
2.495496000046842,151,-358.0,83.0,1.0,True,215.13194017059797,103.76673010183057,-283.8192535313486,-217.88960344758064,0.6283343623085439,4,calibration,2,square,0.3,0,calibration
2.5120798000134528,152,-358.0,83.0,0.0,False,200.8697160805256,107.7435478305357,-288.44507736893706,-199.8985005595726,0.0,4,calibration,2,square,0.3,0,calibration
2.5290190000087023,153,-359.0,83.0,1.0,True,187.34357847842423,110.31182507291415,-292.52034539008764,-182.01310586423978,0.7602864768635694,4,calibration,2,square,0.3,0,calibration
2.545216100057587,154,-360.0,83.0,1.0,True,175.25563258776967,111.98933026347079,-295.76590308257875,-167.5107359016295,0.7721148439284236,4,calibration,2,square,0.3,0,calibration
2.563044400070794,155,-360.0,83.0,0.0,False,163.6639366123641,113.68075869451432,-298.69581038218774,-153.6358133997698,0.0,4,calibration,2,square,0.3,0,calibration
2.5782020000042394,156,-361.0,83.0,1.0,True,152.30774429659914,115.37605008161371,-300.999432785068,-138.23475317835295,0.8411101574567276,4,calibration,2,square,0.3,0,calibration
2.594857000047341,157,-361.0,83.0,0.0,False,139.24790394375736,119.78494399284297,-302.57208849932925,-119.29445998994811,0.0,4,calibration,2,square,0.3,0,calibration
2.612155200098641,158,-361.0,84.0,1.0,True,126.82795746014273,129.96692696818096,-303.2757955739713,-98.61656969079885,-0.36543018996735943,4,calibration,2,square,0.3,0,calibration
2.628554900060408,159,-361.0,84.0,0.0,False,111.24326981213463,138.68481199786027,-303.5527485650262,-78.86516938010871,0.0,4,calibration,2,square,0.3,0,calibration
2.645164899993688,160,-362.0,84.0,1.0,True,96.18617999095017,144.75534006329102,-303.6558132148814,-63.2181173056419,0.9208735526348248,4,calibration,2,square,0.3,0,calibration
2.6619333000853658,161,-362.0,84.0,0.0,False,83.63637407110984,152.15131979615353,-303.590960682198,-51.90878145723498,0.0,4,calibration,2,square,0.3,0,calibration
2.6790391000686213,162,-362.0,84.0,0.0,False,71.77477112139202,160.64353134697723,-302.7308662178926,-43.923701725384916,0.0,4,calibration,2,square,0.3,0,calibration
2.6954394000349566,163,-362.0,84.0,0.0,False,58.370400453708896,170.71274790667184,-299.40211527937345,-35.82890063013754,0.0,4,calibration,2,square,0.3,0,calibration
2.7128558000549674,164,-362.0,84.0,0.0,False,42.71151262778401,181.76655538048135,-292.3196370777313,-25.295875861533453,0.0,4,calibration,2,square,0.3,0,calibration
2.7284808000549674,165,-362.0,85.0,1.0,True,29.539735256068745,196.15853095873527,-280.58732755485744,-11.386480953421753,-0.02670616188321795,4,calibration,2,square,0.3,0,calibration
2.745680100051686,166,-362.0,85.0,0.0,False,16.155132702267764,207.03041240472305,-266.3560689522648,3.6984849706343557,0.0,4,calibration,2,square,0.3,0,calibration
2.762228700099513,167,-361.0,87.0,2.23606797749979,True,8.782760691816538,219.01924931287337,-252.91460140145256,16.9463386676352,-0.9362981227552518,4,calibration,2,square,0.3,0,calibration
2.778427900047973,168,-360.0,87.0,1.0,True,5.502664891248495,230.87255650647003,-243.35128954805842,26.547706150390482,-0.9724022448296471,4,calibration,2,square,0.3,0,calibration
2.795402100076899,169,-330.0,107.0,20.0,True,3.2420858842553444,245.07594687162248,-238.11300833067884,33.04628750244504,-10.740263821406334,4,calibration,2,square,0.3,0,calibration
2.811862700036727,170,-225.0,175.0,20.0,True,1.0123194357221457,260.89014352384874,-235.69708272939772,39.01295294418102,-7.955837701848902,4,calibration,2,square,0.3,0,calibration
2.828793700085953,171,-64.0,254.0,20.0,True,-1.1990105388337104,277.53658295401976,-234.5307005724498,46.640833136800225,-5.053833690020742,4,calibration,2,square,0.3,0,calibration
2.8454629000043496,172,19.0,284.0,20.0,True,-2.949501436342773,292.3372984574838,-233.44539689383834,57.16049178999675,-4.150593486523112,4,calibration,2,square,0.3,0,calibration
2.861889800056815,173,126.0,304.0,20.0,True,-3.503774283476544,305.3092956884939,-230.5806448647993,71.2995225592782,-4.673371995795926,4,calibration,2,square,0.3,0,calibration
2.878491200041026,174,148.0,306.0,20.0,True,-2.5278025961561417,316.9552271497323,-226.1186124651617,86.81817797724607,-3.7763920809604516,4,calibration,2,square,0.3,0,calibration
2.8955353000201285,175,214.0,307.0,20.0,True,-0.09323444373436729,327.56415852442393,-220.69833448476493,101.31000019291614,-2.5212297194978754,4,calibration,2,square,0.3,0,calibration
2.911912800045684,176,256.0,307.0,20.0,True,3.5169158454271914,337.7997227053345,-216.39510177184195,112.79100866512518,-0.3669338669925404,4,calibration,2,square,0.3,0,calibration
2.928465800010599,177,316.0,303.0,20.0,True,8.384761123159805,347.50174688548867,-213.5905321925224,123.09655342551137,3.8036028088449965,4,calibration,2,square,0.3,0,calibration
2.94549180008471,178,356.0,295.0,20.0,True,14.458546808025357,357.0934618807012,-211.94063969088137,134.09001529446692,8.146418193614519,4,calibration,2,square,0.3,0,calibration
2.961553300032392,179,393.0,283.0,20.0,True,21.398899701509812,365.69536895424443,-211.0252159240712,146.76993060172265,11.928325992817612,4,calibration,2,square,0.3,0,calibration
2.9786445000208914,180,448.0,265.0,20.0,True,28.96845164511862,373.8023253696063,-210.84152808890045,161.04430076755347,14.40107422303798,4,calibration,2,square,0.3,0,calibration
2.994885800057091,181,483.0,252.0,20.0,True,37.24471753613354,380.5848844217953,-211.92824463126283,175.87326660345957,18.40240758887496,4,calibration,2,square,0.3,0,calibration
0.0005299999611452222,1,-26.0,-77.0,20.0,True,-311.46468874659354,-0.4696967082705117,295.4238178960635,0.08576512644593137,1.12649885543037,5,calibration,2,square,0.35,0,calibration
0.012535499990917742,2,-26.0,-77.0,0.0,False,-335.191865547902,10.031807845583918,284.94139153081403,0.15780062550703078,0.0,5,calibration,2,square,0.35,0,calibration
0.02926189999561757,3,-55.0,-128.0,20.0,True,-366.52264650682054,10.863433197908737,273.5937310747471,-0.464434375800055,-1.401866685623776,5,calibration,2,square,0.35,0,calibration
0.04620350000914186,4,-122.0,-201.0,20.0,True,-399.57286980548923,10.065249002108784,261.34039200952884,-2.591873021717519,-1.969406196160588,5,calibration,2,square,0.35,0,calibration
0.06283449998591095,5,-185.0,-250.0,20.0,True,-399.9043280803986,8.748050215042912,248.46211010508048,-6.529197685192664,-2.634249814476537,5,calibration,2,square,0.35,0,calibration
0.08064429997466505,6,-300.0,-311.0,20.0,True,-399.9183998021384,8.079201674484834,234.55396317947958,-12.668297337080759,-2.2036705732421646,5,calibration,2,square,0.35,0,calibration
0.09648179996293038,7,-366.0,-330.0,20.0,True,-399.9185883286868,8.06986426095968,220.59160146737622,-20.26645319247521,-0.4190797438527216,5,calibration,2,square,0.35,0,calibration
0.11306050000712276,8,-415.0,-338.0,20.0,True,-399.9183490886312,8.081711589985076,207.60844212694792,-29.07512368227166,1.5222821307597911,5,calibration,2,square,0.35,0,calibration
0.12976189993787557,9,-466.0,-334.0,20.0,True,-399.91302593545225,8.34096440169056,196.1045690787667,-38.072671305635495,5.249676804119002,5,calibration,2,square,0.35,0,calibration
0.14593310002237558,10,-495.0,-323.0,20.0,True,-399.8957312318342,9.132586849114766,185.5331453158583,-47.55783030443858,10.226666468593127,5,calibration,2,square,0.35,0,calibration
0.16245960001833737,11,-521.0,-296.0,20.0,True,-399.85229166869203,10.869445583619056,175.1836326288385,-58.3285771084313,17.743095685529987,5,calibration,2,square,0.35,0,calibration
0.1796301999129355,12,-527.0,-287.0,10.816653826391969,True,-399.8050311932923,12.487475026226429,165.54675055052778,-69.86595740427464,11.344582911705977,5,calibration,2,square,0.35,0,calibration
0.19581669999752194,13,-536.0,-250.0,20.0,True,-399.76623209443494,13.673319897464495,156.94213249863435,-81.92238096482666,23.21197842700014,5,calibration,2,square,0.35,0,calibration
0.21289999992586672,14,-538.0,-203.0,20.0,True,-399.758840794791,13.887735827156154,149.5112264856003,-93.64845600487651,19.14329513860807,5,calibration,2,square,0.35,0,calibration
0.22990729997400194,15,-521.0,-90.0,20.0,True,-399.79285710832664,12.871340457042342,142.55991061681257,-106.09343628289126,10.14797565861959,5,calibration,2,square,0.35,0,calibration
0.24568359996192157,16,-487.0,-13.0,20.0,True,-399.8644110189258,10.414067432446373,135.0406655224237,-119.33171081933011,1.6321849619152262,5,calibration,2,square,0.35,0,calibration
0.26315209991298616,17,-446.0,63.0,20.0,True,-399.9448985140903,6.639137937566803,126.23855809108618,-133.89290378401537,0.0035868880960143734,5,calibration,2,square,0.35,0,calibration
0.27923849993385375,18,-379.0,138.0,20.0,True,-399.99834815785596,1.1495525158318134,115.92739446272546,-149.96940824364003,3.913202858078866,5,calibration,2,square,0.35,0,calibration
0.2960895999567583,19,-316.0,187.0,20.0,True,-397.851345180991,-6.110972937074886,104.3138923179259,-167.72365968827484,11.619668850682249,5,calibration,2,square,0.35,0,calibration
0.31338960002176464,20,-218.0,240.0,20.0,True,-393.02124482553035,-14.310580655485786,91.80865893704546,-186.3882931652965,18.427380323644634,5,calibration,2,square,0.35,0,calibration
0.329401999944821,21,-119.0,268.0,20.0,True,-385.2123863254008,-23.819479580188386,78.90413707247126,-205.15511548534903,23.39656903305353,5,calibration,2,square,0.35,0,calibration
0.34658869996201247,22,-55.0,274.0,20.0,True,-373.59421951093657,-35.397341368142015,65.74873473311403,-224.38287990318682,25.571927670821797,5,calibration,2,square,0.35,0,calibration
0.36290299997199327,23,-7.0,276.0,20.0,True,-358.25329450267986,-49.043030092566575,53.232842288701264,-242.92007930302367,26.24918254786457,5,calibration,2,square,0.35,0,calibration
0.3795964999590069,24,38.0,270.0,20.0,True,-340.8666133889979,-64.38193877897892,41.64839989140518,-260.10827204334436,25.502701903649548,5,calibration,2,square,0.35,0,calibration
0.3962236000224948,25,91.0,252.0,20.0,True,-323.8872302095673,-79.6601456294343,31.374726284870743,-274.44791178081863,24.180677154438936,5,calibration,2,square,0.35,0,calibration
0.4127724999561906,26,125.0,234.0,20.0,True,-307.33018521304007,-94.58149661878386,21.47569502412591,-287.0341988470623,22.966808441862874,5,calibration,2,square,0.35,0,calibration
0.429441099986434,27,153.0,210.0,20.0,True,-291.7353698769906,-109.73510728207387,11.597270242934902,-298.3870756779431,20.109766249159627,5,calibration,2,square,0.35,0,calibration
0.44580659992061555,28,175.0,190.0,20.0,True,-276.4259194756486,-124.82810438051699,1.6102610660161432,-309.3716975569145,19.98461532963188,5,calibration,2,square,0.35,0,calibration
0.46263780002482235,29,203.0,151.0,20.0,True,-262.69645318821875,-139.9968682812822,-8.063140001013263,-319.95903894298,15.746262846048625,5,calibration,2,square,0.35,0,calibration
0.47938809997867793,30,218.0,121.0,20.0,True,-250.19890023437372,-155.13674742865467,-17.27537671407149,-329.9788819234726,12.374426148537147,5,calibration,2,square,0.35,0,calibration
0.4960214999737218,31,226.0,89.0,20.0,True,-238.632594414399,-170.65688821912573,-26.443311590691906,-339.5270244248494,7.820183490783224,5,calibration,2,square,0.35,0,calibration
0.5125633999705315,32,228.0,34.0,20.0,True,-228.01370811714926,-186.4221956337576,-35.71285495732662,-348.8554565511027,3.3179231768457385,5,calibration,2,square,0.35,0,calibration
0.5292029000120237,33,216.0,-5.0,20.0,True,-218.47120895446824,-203.62487143600526,-45.322463107850986,-358.1897599998531,-3.674985518318623,5,calibration,2,square,0.35,0,calibration
0.5465222999919206,34,196.0,-50.0,20.0,True,-210.51056118653702,-220.2617381390226,-54.17506434244302,-366.88682143529616,-5.622441659082318,5,calibration,2,square,0.35,0,calibration
0.5629271999932826,35,150.0,-114.0,20.0,True,-204.2574713345465,-236.03345180835595,-63.618130186447715,-376.07622572833895,-8.896814615625111,5,calibration,2,square,0.35,0,calibration
0.5797716999659315,36,86.0,-165.0,20.0,True,-200.11058462267397,-249.78916312562183,-73.43894204974464,-385.8621045198244,-12.458412387644287,5,calibration,2,square,0.35,0,calibration
0.5965634000021964,37,-56.0,-239.0,20.0,True,-196.94951521796582,-262.266718784013,-82.97824283700326,-391.2986215356289,-14.473347489676552,5,calibration,2,square,0.35,0,calibration
0.6126167000038549,38,-214.0,-281.0,20.0,True,-194.4656665800194,-273.5736587430479,-90.4850740220625,-389.63117352083356,-16.520650498542057,5,calibration,2,square,0.35,0,calibration
0.629324399982579,39,-317.0,-299.0,20.0,True,-192.73418897876078,-282.8963599621519,-97.84515411304747,-387.8483283663783,-17.120678335907854,5,calibration,2,square,0.35,0,calibration
0.6461121999891475,40,-410.0,-309.0,20.0,True,-192.34804789965654,-290.5698052383341,-104.91033726073881,-385.9971776267775,-15.44317057952346,5,calibration,2,square,0.35,0,calibration
0.6627767999889329,41,-493.0,-311.0,20.0,True,-193.51818982585627,-297.519417033302,-111.75169011626963,-384.0723366192328,-12.097733088916112,5,calibration,2,square,0.35,0,calibration
0.6793902999488637,42,-554.0,-304.0,20.0,True,-196.19885035867364,-304.6708280389437,-118.91762888472232,-381.91438509230767,-9.846266705274246,5,calibration,2,square,0.35,0,calibration
0.6959749999223277,43,-634.0,-282.0,20.0,True,-199.89624012566543,-312.2803804557107,-127.03184567749287,-379.29264451577444,-9.681631409449468,5,calibration,2,square,0.35,0,calibration
0.7126837000250816,44,-658.0,-268.0,20.0,True,-204.32721545461,-319.95152999698786,-136.44738072616508,-376.00812796131004,-10.51535971506924,5,calibration,2,square,0.35,0,calibration
0.7294613999547437,45,-686.0,-243.0,20.0,True,-209.1386812053513,-327.9020388333457,-146.75142087587759,-372.10753885256213,-11.176315708460152,5,calibration,2,square,0.35,0,calibration
0.7457678000209853,46,-700.0,-219.0,20.0,True,-214.05828854474925,-336.94312123993495,-157.5440958328893,-367.66813550836497,-12.732553253658343,5,calibration,2,square,0.35,0,calibration
0.7629264999413863,47,-708.0,-187.0,20.0,True,-212.9084243196888,-338.62959536004433,-169.53924226937963,-362.2933139470346,-14.590524257314376,5,calibration,2,square,0.35,0,calibration
0.7795882999198511,48,-711.0,-127.0,20.0,True,-211.4149940300276,-339.563985574565,-182.16522226883885,-356.1121056573962,-14.954006582007018,5,calibration,2,square,0.35,0,calibration
0.7964949000161141,49,-702.0,-77.0,20.0,True,-210.0857767644585,-340.38796453645966,-195.53006100018925,-348.95271204743807,-14.04786935277285,5,calibration,2,square,0.35,0,calibration
0.8128012999659404,50,-666.0,20.0,20.0,True,-208.67556550606173,-341.25431625215424,-208.61030507004256,-341.2942141592555,-12.762208084190762,5,calibration,2,square,0.35,0,calibration
0.8298497999785468,51,-634.0,103.0,20.0,True,-207.52684188888557,-341.95410495507366,-222.09814464370083,-332.6746370642429,-15.204725092235158,5,calibration,2,square,0.35,0,calibration
0.8457295999396592,52,-593.0,175.0,20.0,True,-207.39289993594056,-342.0353564416418,-236.2100787286381,-322.807680681564,-16.15008316218196,5,calibration,2,square,0.35,0,calibration
0.8628604999976233,53,-549.0,241.0,20.0,True,-209.2105004928775,-340.926629179241,-250.7134689330139,-311.67732752892806,-17.93252461550113,5,calibration,2,square,0.35,0,calibration
0.8797495999606326,54,-483.0,307.0,20.0,True,-212.84344094722093,-338.67044400972884,-265.16912964148145,-299.47509526700077,-16.531909809246354,5,calibration,2,square,0.35,0,calibration
0.8963762000203133,55,-430.0,356.0,20.0,True,-217.88224831869846,-335.4509291499861,-278.45624454858046,-286.2121297404341,-15.774909006867633,5,calibration,2,square,0.35,0,calibration
0.9126682999776676,56,-325.0,436.0,20.0,True,-223.85123675781165,-331.4975472035926,-290.9119591234505,-270.93736318360783,-13.376386383468596,5,calibration,2,square,0.35,0,calibration
0.9295813000062481,57,-251.0,488.0,20.0,True,-231.22260578311477,-326.3986926672138,-303.0162417844185,-253.81427065067504,-11.66572204489439,5,calibration,2,square,0.35,0,calibration
0.9462770000100136,58,-145.0,545.0,20.0,True,-239.5642891164872,-320.32632014886343,-316.39082984515255,-233.19202103524387,-11.00434492554427,5,calibration,2,square,0.35,0,calibration
0.9626105999341235,59,-84.0,571.0,20.0,True,-248.62609307761164,-313.34496300557123,-329.9265281380686,-211.43046880970567,-11.076579391243367,5,calibration,2,square,0.35,0,calibration
0.9795122999930754,60,-17.0,593.0,20.0,True,-257.32733330555146,-306.23951987595206,-342.8997577090387,-190.50525008298533,-11.163218954142184,5,calibration,2,square,0.35,0,calibration
0.9960133999120444,61,63.0,600.0,20.0,True,-264.85145152764176,-299.7560818794195,-353.39741287531325,-173.1179418121884,-10.530475949916514,5,calibration,2,square,0.35,0,calibration
1.0123466999502853,62,120.0,600.0,20.0,True,-272.5190823463723,-292.80257812575894,-361.07378700510844,-158.0864059236175,-10.484647719314196,5,calibration,2,square,0.35,0,calibration
1.0290277999592945,63,161.0,600.0,20.0,True,-282.06477082201354,-283.6185203069873,-366.0600448392897,-144.57135608974164,-10.575318578419113,5,calibration,2,square,0.35,0,calibration
1.0461340999463573,64,197.0,600.0,20.0,True,-293.5050147466146,-271.7624078466143,-368.733605435389,-132.2876274908546,-9.75276559257291,5,calibration,2,square,0.35,0,calibration
1.0628545000217855,65,259.0,595.0,20.0,True,-305.5739541344424,-254.9217261456325,-370.1361047006822,-120.94974352849104,-8.87643226909448,5,calibration,2,square,0.35,0,calibration
1.079911099979654,66,292.0,588.0,20.0,True,-318.05885121662806,-235.45238475590943,-370.53294406431235,-109.76480264393496,-9.213433430348438,5,calibration,2,square,0.35,0,calibration
1.0962666999548674,67,323.0,579.0,20.0,True,-330.94185926772275,-214.81621562093343,-369.9971797987989,-97.56714837956862,-10.173466282970033,5,calibration,2,square,0.35,0,calibration
1.1126114999642596,68,350.0,567.0,20.0,True,-342.62019407278666,-195.09300314178282,-369.0188797303729,-83.30270781642703,-9.447858122262087,5,calibration,2,square,0.35,0,calibration
1.129522299976088,69,391.0,540.0,20.0,True,-354.2344267810138,-174.6785451417955,-367.1129232621686,-66.66072279166677,-8.792778275957708,5,calibration,2,square,0.35,0,calibration
1.1456035999581218,70,411.0,522.0,20.0,True,-365.91689065074075,-153.5982136833792,-363.6034173369651,-46.513438472003884,-8.278608035633706,5,calibration,2,square,0.35,0,calibration
1.1629837999353185,71,427.0,507.0,20.0,True,-376.294416906818,-131.96305127587704,-357.87150022924067,-24.979439633566088,-9.17816770290949,5,calibration,2,square,0.35,0,calibration
1.1792757000075653,72,454.0,481.0,20.0,True,-383.5970781545124,-113.37231421877627,-350.27996147090306,-3.9587417084930223,-10.49195074186217,5,calibration,2,square,0.35,0,calibration
1.1961415000259876,73,468.0,461.0,20.0,True,-387.56512940694546,-98.96095425862468,-341.9148925827818,13.871780839603165,-9.9993080139574,5,calibration,2,square,0.35,0,calibration
1.2127920999191701,74,480.0,439.0,20.0,True,-389.95439967684393,-89.08179484424558,-333.72302061520764,28.203471084033293,-9.352561070548859,5,calibration,2,square,0.35,0,calibration
1.2293123999843374,75,489.0,400.0,20.0,True,-391.5748177476053,-81.66493804522042,-326.430098025236,39.428720908679466,-4.98119891705886,5,calibration,2,square,0.35,0,calibration
1.2454684999538586,76,489.0,392.0,8.0,True,-392.9185605257976,-74.93333566801313,-320.18163178016977,48.159723815653315,-0.8659692213942947,5,calibration,2,square,0.35,0,calibration
1.2631179000018165,77,489.0,373.0,19.0,True,-394.13454653912856,-67.57441779444322,-313.9762250919839,55.83003474256936,-3.9744861281725967,5,calibration,2,square,0.35,0,calibration
1.2794963999185711,78,485.0,339.0,20.0,True,-394.79915575801647,-58.43609485373997,-307.0655382489995,63.37264135052187,-3.4171927434124427,5,calibration,2,square,0.35,0,calibration
1.2958137999521568,79,471.0,299.0,20.0,True,-395.13976846873516,-47.33170676827548,-299.57654716134016,70.91925902164847,-0.6125724265915444,5,calibration,2,square,0.35,0,calibration
1.3129885999951512,80,465.0,286.0,14.317821063276353,True,-392.4368675213603,-34.752696934439896,-291.35039337356,78.10225009874002,-0.9003438814355798,5,calibration,2,square,0.35,0,calibration
1.3291619999799877,81,444.0,252.0,20.0,True,-383.8705906880839,-20.94149897876381,-283.3214393695032,83.86695683608819,-1.538526454825302,5,calibration,2,square,0.35,0,calibration
1.346084599965252,82,429.0,235.0,20.0,True,-372.1884912087598,-7.04785141900042,-275.0777746543943,87.84643810011222,-1.5581700601008164,5,calibration,2,square,0.35,0,calibration
1.363608599989675,83,414.0,220.0,20.0,True,-358.384379824551,5.85889364043369,-267.35806603028584,89.91270230954227,-2.6709054135710963,5,calibration,2,square,0.35,0,calibration
1.3791176999220625,84,372.0,187.0,20.0,True,-345.67330777434495,15.779904598196866,-259.84787001072385,90.86427693152419,-2.8450685526439456,5,calibration,2,square,0.35,0,calibration
1.3962432999396697,85,361.0,176.0,15.556349186104045,True,-333.19858803483635,20.472341915204996,-252.13515001146146,91.24300447895413,-2.6422323855721226,5,calibration,2,square,0.35,0,calibration
1.4126295999158174,86,321.0,141.0,20.0,True,-322.1206444148673,22.629197272771275,-243.73421796938317,90.54145744900826,-3.3877173429271545,5,calibration,2,square,0.35,0,calibration
1.4289889999199659,87,287.0,116.0,20.0,True,-312.0627898884262,23.528606084693614,-233.93832303428724,87.97415676284538,-4.521245102505809,5,calibration,2,square,0.35,0,calibration
1.446372199920006,88,251.0,92.0,20.0,True,-301.8373185734727,23.62396224140789,-223.23598736047464,82.95722286174636,-6.384937535841795,5,calibration,2,square,0.35,0,calibration
1.4630089999409392,89,200.0,59.0,20.0,True,-289.6460592403374,24.399913910252135,-211.9453706923251,76.25512847198232,-8.554480836772157,5,calibration,2,square,0.35,0,calibration
1.4795045999344438,90,149.0,22.0,20.0,True,-274.68613097292877,25.036409503893825,-200.86311530538555,68.42289815738975,-10.231282154270502,5,calibration,2,square,0.35,0,calibration
1.4959758999757469,91,130.0,12.0,20.0,True,-258.1491133806707,27.40351553518866,-189.93663829271532,59.89966832779393,-10.614052697318002,5,calibration,2,square,0.35,0,calibration
1.512575599947013,92,59.0,-27.0,20.0,True,-241.24555436715116,29.799349712709052,-178.42540312926877,49.95118233635949,-11.740695725926207,5,calibration,2,square,0.35,0,calibration
1.529183299979195,93,42.0,-35.0,18.788294228055936,True,-225.15706506797736,33.68323400987698,-165.73840953920296,38.61132445502456,-11.059045555882413,5,calibration,2,square,0.35,0,calibration
1.5457221999531612,94,-4.0,-60.0,20.0,True,-209.00345563531224,37.10351304115245,-152.44568188505082,26.60597996557307,-12.52966853828699,5,calibration,2,square,0.35,0,calibration
1.5628238000208512,95,-33.0,-76.0,20.0,True,-192.79761216505548,37.98373033475228,-138.7147175949605,14.332013873950531,-11.392824066131109,5,calibration,2,square,0.35,0,calibration
1.580158400000073,96,-70.0,-97.0,20.0,True,-176.85912228113327,35.954851864237966,-125.06620352542141,2.800126921195641,-9.09305265102789,5,calibration,2,square,0.35,0,calibration
1.59598460001871,97,-105.0,-112.0,20.0,True,-160.41136277167743,32.50329783539621,-111.21263465586995,-8.398505988307079,-7.029581682728457,5,calibration,2,square,0.35,0,calibration
1.6125836999854073,98,-142.0,-125.0,20.0,True,-143.06843269511828,28.663530272769833,-97.89636509781256,-18.341478770417062,-5.837030551230518,5,calibration,2,square,0.35,0,calibration
1.62932239996735,99,-189.0,-138.0,20.0,True,-124.32261447844881,25.389594908334217,-84.04672703958417,-27.523473270211642,-4.95155806862309,5,calibration,2,square,0.35,0,calibration
1.6460987000027671,100,-269.0,-158.0,20.0,True,-105.04052385281281,23.132685869884227,-69.95981834973415,-36.18743993309609,-4.721418894587172,5,calibration,2,square,0.35,0,calibration
1.6632836000062525,101,-324.0,-167.0,20.0,True,-85.28969128626929,22.0871431672367,-55.6860536122273,-45.08822474182739,-4.500064209638046,5,calibration,2,square,0.35,0,calibration
1.6793410999234766,102,-388.0,-175.0,20.0,True,-66.16373609052951,21.09579914288669,-42.45044293604735,-54.249214474635195,-4.784270740106747,5,calibration,2,square,0.35,0,calibration
1.6964565999805927,103,-425.0,-175.0,20.0,True,-47.93055304225943,21.390940415617834,-29.236738945270844,-63.34935365492169,-3.5256940874320675,5,calibration,2,square,0.35,0,calibration
1.7123163000214845,104,-473.0,-168.0,20.0,True,-30.87796710551217,23.84782487497898,-15.119175889679752,-72.30411769135908,-0.9186801852218229,5,calibration,2,square,0.35,0,calibration
1.729239400010556,105,-473.0,-168.0,0.0,False,-12.4129632187794,24.63090262096329,0.8087450534166187,-80.6210269656935,0.0,5,calibration,2,square,0.35,0,calibration
1.745857200003229,106,-505.0,-158.0,20.0,True,6.583020653530571,30.551656962220427,18.23125067176621,-87.37928344233882,3.5051862486600416,5,calibration,2,square,0.35,0,calibration
1.7624337999150157,107,-512.0,-155.0,7.615773105863909,True,26.22139585933087,39.0948635412109,36.255359814102654,-92.29430776555463,2.3204871717638644,5,calibration,2,square,0.35,0,calibration
1.7791526999790221,108,-527.0,-148.0,16.55294535724685,True,45.042238876800496,47.670101000689286,53.47510701931638,-95.3677301474518,5.248954119244489,5,calibration,2,square,0.35,0,calibration
1.795879099983722,109,-532.0,-145.0,5.830951894845301,True,63.14244509823365,56.8427374949188,69.17971996438582,-97.3699117218096,2.2353739173163634,5,calibration,2,square,0.35,0,calibration
1.8130743999499828,110,-538.0,-140.0,7.810249675906654,True,80.04145478642556,66.50874963760074,83.91992841142033,-98.25597202097359,3.5635218499996504,5,calibration,2,square,0.35,0,calibration
1.8292385999811813,111,-546.0,-133.0,10.63014581273465,True,96.20918977077027,76.07417150990352,99.54747571662476,-98.22838049420048,4.666763592136527,5,calibration,2,square,0.35,0,calibration
1.845813799998723,112,-550.0,-126.0,8.06225774829855,True,111.06378149377562,85.40318940161221,116.76119065673272,-96.83947899965483,3.759556542080493,5,calibration,2,square,0.35,0,calibration
1.8626385999377817,113,-553.0,-121.0,5.830951894845301,True,124.65925882858899,94.0552971344947,134.97257006651995,-93.8288826978792,2.2978539246575704,5,calibration,2,square,0.35,0,calibration
1.878990299999714,114,-557.0,-107.0,14.560219778561036,True,137.79961612221706,102.11822332626797,152.40362426158558,-89.74056696404,4.610051364589714,5,calibration,2,square,0.35,0,calibration
1.895360599970445,115,-557.0,-93.0,14.0,True,151.38573117148286,109.63137126878817,168.8671980992915,-84.70455920268657,2.6799526823780746,5,calibration,2,square,0.35,0,calibration
1.9131218999391422,116,-548.0,-41.0,20.0,True,165.7319235243272,116.78510860844443,184.19742953854058,-79.31645418172178,2.09417166133424,5,calibration,2,square,0.35,0,calibration
1.9357996999751776,117,-481.0,105.0,20.0,True,181.62179393495202,123.41940938075608,198.40988831199115,-72.95779715240319,-0.3366666335165025,5,calibration,2,square,0.35,0,calibration
1.9457656999584287,118,-429.0,173.0,20.0,True,197.78428844976395,128.83663431673008,211.33736212492803,-64.96566738333797,-2.1198609035109373,5,calibration,2,square,0.35,0,calibration
1.9629402999999002,119,-429.0,173.0,0.0,False,214.61845371797943,129.7420187298239,222.32463636230932,-54.83136431411791,0.0,5,calibration,2,square,0.35,0,calibration
1.97920099995099,120,-326.0,287.0,20.0,True,229.67814879806338,133.21866451661742,231.21043383704614,-42.508893078270184,-3.4765810731579383,5,calibration,2,square,0.35,0,calibration
1.99650919996202,121,-295.0,315.0,20.0,True,244.35372573562702,136.87473840260625,237.01498716652193,-29.13288148178802,-0.5635947182327072,5,calibration,2,square,0.35,0,calibration
2.013172799954191,122,-172.0,413.0,20.0,True,259.33034995539623,140.52303536056746,240.52241562727272,-14.58105049640433,2.366270221517466,5,calibration,2,square,0.35,0,calibration
2.0290796000044793,123,-145.0,437.0,20.0,True,274.511485356995,144.6601563243066,242.32626153345356,1.1058912992931837,3.007910945204275,5,calibration,2,square,0.35,0,calibration
2.046537399990484,124,-72.0,483.0,20.0,True,289.920123816197,148.73956720653834,243.35393577543167,17.615915669271413,7.393055955992263,5,calibration,2,square,0.35,0,calibration
2.062477499945089,125,41.0,554.0,20.0,True,304.72298138258907,153.12146911219847,243.79288739508698,33.84332673144259,8.163952976276468,5,calibration,2,square,0.35,0,calibration
2.07936219999101,126,163.0,600.0,20.0,True,319.7177380256016,157.697185348998,243.96237358895897,49.20183372718074,12.696407019850913,5,calibration,2,square,0.35,0,calibration
2.0960802999325097,127,251.0,600.0,20.0,True,334.90993071181043,161.8186940595183,243.6500924011044,63.91484042737312,19.726696674141067,5,calibration,2,square,0.35,0,calibration
2.112474099965766,128,330.0,600.0,20.0,True,349.9795680122152,166.59447870773946,242.4358507661656,78.52103124021976,20.722408935882836,5,calibration,2,square,0.35,0,calibration
2.1292540999129415,129,445.0,600.0,20.0,True,361.61656200162435,170.97795789552933,239.9160176445577,93.67581630737685,21.857698646627284,5,calibration,2,square,0.35,0,calibration
2.145948800025508,130,515.0,600.0,20.0,True,361.6527209933456,170.90146107657867,236.64755344130066,106.98486643514633,22.89900802588363,5,calibration,2,square,0.35,0,calibration
2.1627578999614343,131,566.0,600.0,20.0,True,361.14683658288226,171.9679110362654,232.2154965897098,118.49081678623435,24.466833319581383,5,calibration,2,square,0.35,0,calibration
2.1790576999774203,132,658.0,600.0,20.0,True,360.18813475806024,173.96697266869202,226.54001699031127,126.791938823978,27.30160399640781,5,calibration,2,square,0.35,0,calibration
2.196330799954012,133,678.0,600.0,20.0,True,358.6838793278405,177.04766225604675,219.51256240278542,134.11247324068944,27.988403677298432,5,calibration,2,square,0.35,0,calibration
2.212262099958025,134,731.0,598.0,20.0,True,356.6686080770298,181.07320070179927,211.45378918302777,140.46217148082778,27.811623406110485,5,calibration,2,square,0.35,0,calibration
2.2294460999546573,135,746.0,598.0,15.0,True,354.16366358740817,185.92498324417073,202.54765698360328,146.90870892898556,19.897460209521885,5,calibration,2,square,0.35,0,calibration
2.2462774999439716,136,791.0,593.0,20.0,True,351.20056636820385,191.4632136538318,192.77920467323287,153.7575454597454,23.19954410111164,5,calibration,2,square,0.35,0,calibration
2.2627798999892548,137,824.0,588.0,20.0,True,347.7438521479719,197.67198408800738,182.3147124445877,161.19563972248324,19.34705171997067,5,calibration,2,square,0.35,0,calibration
2.2791156999301165,138,832.0,587.0,8.06225774829855,True,343.66462597775876,204.68176482424423,170.68452371116408,168.92966480202685,6.322603293146293,5,calibration,2,square,0.35,0,calibration
2.295770199969411,139,850.0,582.0,18.681541692269406,True,339.27456030758907,211.87914651539464,157.7123807321749,176.31673881318983,10.529510017516731,5,calibration,2,square,0.35,0,calibration
2.3128278999356553,140,858.0,580.0,8.246211251235321,True,334.8340324326632,218.82909021627418,143.33421771124264,182.46165163151932,4.102916304252841,5,calibration,2,square,0.35,0,calibration
2.329825200024061,141,877.0,577.0,19.235384061671343,True,329.36657880315107,226.9750135312425,128.3703734597084,187.1044254110834,7.634213571039686,5,calibration,2,square,0.35,0,calibration
2.346082199946977,142,887.0,575.0,10.198039027185569,True,320.5258828508261,234.61027682352537,110.84050105235232,190.0710440500542,1.3180940652915714,5,calibration,2,square,0.35,0,calibration
2.3626347000245005,143,893.0,574.0,6.082762530298219,True,307.46654414408926,240.70148119300794,91.37815287377403,191.846155113304,0.20572098890708285,5,calibration,2,square,0.35,0,calibration
2.379531699931249,144,897.0,572.0,4.47213595499958,True,291.9952526217705,239.0096858204613,70.56410001554566,192.61480289336345,0.3121915222247947,5,calibration,2,square,0.35,0,calibration
2.39628270000685,145,898.0,572.0,1.0,True,274.75939456172233,240.20488528889814,52.14005873636154,192.81960840269159,0.0023338640114668463,5,calibration,2,square,0.35,0,calibration
2.4125337000004947,146,899.0,572.0,1.0,True,256.20431681463873,239.554296476768,37.1863890493227,192.22259512127843,-0.0001818934512864967,5,calibration,2,square,0.35,0,calibration
2.4295621999772266,147,899.0,570.0,2.0,True,240.13930961111114,231.04967642763384,25.94167582824909,190.56819949696927,0.6446233465206059,5,calibration,2,square,0.35,0,calibration
2.4456940999953076,148,893.0,570.0,6.0,True,222.24316799615053,226.9062662397931,17.14981361894568,187.5451339419256,0.17142893318327235,5,calibration,2,square,0.35,0,calibration
2.4630230999318883,149,873.0,570.0,20.0,True,203.7725223787638,222.78678365700299,9.63477850405243,182.71900074565585,2.691781211746709,5,calibration,2,square,0.35,0,calibration
2.4789045000215992,150,818.0,567.0,20.0,True,184.4543292722605,218.25896609292442,2.369219734429646,176.06005728909247,4.233616834966685,5,calibration,2,square,0.35,0,calibration
2.4958197999512777,151,743.0,565.0,20.0,True,164.84794797081122,214.0237252007474,-5.504355908842516,167.4886599762057,5.737043026334283,5,calibration,2,square,0.35,0,calibration
2.5128304000245407,152,684.0,563.0,20.0,True,144.77582573481203,209.88208966094567,-13.729804176790783,157.99370976056161,6.113024200286246,5,calibration,2,square,0.35,0,calibration
2.5291125000221655,153,608.0,561.0,20.0,True,123.69055256285816,204.84883174523299,-21.544063235493034,147.3751332561271,7.295011509154337,5,calibration,2,square,0.35,0,calibration
2.5460516000166535,154,555.0,561.0,20.0,True,102.6739946604417,199.09138613584898,-27.608449220949673,135.82843901494257,9.989757577719947,5,calibration,2,square,0.35,0,calibration
2.5627093999646604,155,471.0,557.0,20.0,True,82.68057325283081,192.20681208317725,-31.895951303274675,121.69499496738833,12.488941170792721,5,calibration,2,square,0.35,0,calibration
2.578972899937071,156,352.0,545.0,20.0,True,64.94337918943383,185.05217085923596,-34.76650038234211,106.20380676790323,13.606298156574148,5,calibration,2,square,0.35,0,calibration
2.5958715999731794,157,266.0,533.0,20.0,True,48.09692589112039,177.5587976243367,-36.701028197005975,89.95954578074792,14.134824296563227,5,calibration,2,square,0.35,0,calibration
2.612257699947804,158,176.0,521.0,20.0,True,31.19191598832925,169.6951093311233,-37.84515904536756,74.98891777071928,14.943560440762155,5,calibration,2,square,0.35,0,calibration
2.629210399929434,159,94.0,510.0,20.0,True,14.078700619428407,161.6359605198903,-37.964242083831714,61.14627497435552,16.236731557855656,5,calibration,2,square,0.35,0,calibration
2.645756599958986,160,-29.0,486.0,20.0,True,-3.573014904863218,153.29080361707494,-37.38749062393924,48.8654926851563,16.478443253503944,5,calibration,2,square,0.35,0,calibration
2.662485899985768,161,-107.0,462.0,20.0,True,-21.12715675967903,144.95069409764966,-36.49978353664348,38.208011667434675,15.515314617977737,5,calibration,2,square,0.35,0,calibration
2.67985159996897,162,-184.0,428.0,20.0,True,-38.63004923339059,136.30528965732123,-35.489759269160906,28.8961740851866,13.922896808450947,5,calibration,2,square,0.35,0,calibration
2.696019999915734,163,-301.0,370.0,20.0,True,-55.13407809254992,128.16950415794702,-34.24684145593966,19.929730317614354,13.661520297696157,5,calibration,2,square,0.35,0,calibration
2.7125958999386057,164,-375.0,321.0,20.0,True,-69.78493854174174,120.71825371063376,-32.50962241406694,9.841049169028766,11.81731483557386,5,calibration,2,square,0.35,0,calibration
2.7287598999682814,165,-462.0,258.0,20.0,True,-83.58167826647774,114.54054442097251,-30.42314724936051,-1.732277063635081,10.908118768389272,5,calibration,2,square,0.35,0,calibration
2.7457372000208125,166,-492.0,235.0,20.0,True,-97.20906850683278,109.46611485680761,-27.89810331726999,-14.980531428641711,10.138934119179485,5,calibration,2,square,0.35,0,calibration
2.762601999915205,167,-520.0,214.0,20.0,True,-111.29767443062056,105.32536713078098,-23.657206567283467,-28.858685119997205,11.934201656123168,5,calibration,2,square,0.35,0,calibration
2.7792842999333516,168,-540.0,193.0,20.0,True,-124.20867197994629,101.79556918049035,-17.753746618954548,-42.310187504641206,9.405423386592366,5,calibration,2,square,0.35,0,calibration
2.79576669994276,169,-563.0,167.0,20.0,True,-136.11487835537486,99.12918678200103,-10.212749651296313,-54.73339475553284,10.275526055446583,5,calibration,2,square,0.35,0,calibration
2.812439000001177,170,-573.0,155.0,15.620499351813308,True,-146.8047025094632,97.37869678792998,-2.44964471855341,-66.05874730266808,7.563732487970256,5,calibration,2,square,0.35,0,calibration
2.8293937999987975,171,-586.0,132.0,20.0,True,-157.10230680137283,96.5670505104683,6.0705359658495865,-77.32072539848535,3.2310470380136023,5,calibration,2,square,0.35,0,calibration
2.846129799960181,172,-590.0,113.0,19.4164878389476,True,-167.17954307029865,96.36199685288732,14.991560756109683,-88.62469737534069,-8.051058645610064,5,calibration,2,square,0.35,0,calibration
2.8626971999183297,173,-593.0,94.0,19.235384061671343,True,-178.01207172390974,97.59030234481625,24.45482648308327,-99.76881620780503,-11.700726160970738,5,calibration,2,square,0.35,0,calibration
2.8792679000180215,174,-589.0,61.0,20.0,True,-189.01528927875128,99.5398816569906,33.53241467089978,-110.63469024862756,-22.613751854782905,5,calibration,2,square,0.35,0,calibration
2.8959038999164477,175,-580.0,34.0,20.0,True,-199.63157522863628,103.17891000073082,42.547309337164116,-120.89025439776916,-30.561425942589615,5,calibration,2,square,0.35,0,calibration
2.9130977999884635,176,-557.0,-8.0,20.0,True,-208.42568260566074,108.70126992133035,51.17994801320746,-131.29809021828643,-37.098788887125366,5,calibration,2,square,0.35,0,calibration
2.929698699968867,177,-534.0,-32.0,20.0,True,-212.841679155812,117.67711312084043,59.32565545530673,-141.83239715047802,-38.95338829510495,5,calibration,2,square,0.35,0,calibration
2.9461787999607623,178,-502.0,-60.0,20.0,True,-213.6263005491617,127.62855926119056,65.91860670417324,-153.54992012041902,-33.17112220081093,5,calibration,2,square,0.35,0,calibration
2.9624274999368936,179,-448.0,-93.0,20.0,True,-211.53049505295968,138.3976902033262,70.3799252992589,-166.93998188135274,-22.26560574097881,5,calibration,2,square,0.35,0,calibration
2.9795044999336824,180,-401.0,-103.0,20.0,True,-207.4774240004604,149.3300782337746,72.74691592024364,-180.97972886413584,-4.4587797514944185,5,calibration,2,square,0.35,0,calibration
2.995930099976249,181,-356.0,-104.0,20.0,True,-202.05095648725552,161.77085808003272,73.1743104884668,-194.69756703190416,6.520084314114656,5,calibration,2,square,0.35,0,calibration
0.0013572999741882086,1,-30.0,39.0,20.0,True,294.5251543334565,0.39221031797583666,-300.4082465498989,-3.877662568295863,27.78436805927437,6,calibration,2,square,0.39999999999999997,0,calibration
0.009169999975711107,2,-30.0,39.0,0.0,False,283.6685697036672,-3.52202668102015,-301.1971229713211,-12.462122401513508,0.0,6,calibration,2,square,0.39999999999999997,0,calibration
0.03460399992763996,3,-27.0,119.0,20.0,True,272.50312123600673,-0.3552519718054583,-301.6024277446104,-22.21345372891131,24.732174171717975,6,calibration,2,square,0.39999999999999997,0,calibration
0.047613299917429686,4,-9.0,191.0,20.0,True,262.53002973972036,5.219848265665723,-301.77012402042,-32.27708856956369,24.7145077498959,6,calibration,2,square,0.39999999999999997,0,calibration
0.05958130001090467,5,8.0,230.0,20.0,True,253.74135970293017,11.913125196388116,-301.4805646513911,-42.78423032450736,22.857105412982122,6,calibration,2,square,0.39999999999999997,0,calibration
0.07620139990467578,6,52.0,312.0,20.0,True,246.33167059164842,19.43264354740866,-300.4849192903994,-54.3380886051026,22.66178941299102,6,calibration,2,square,0.39999999999999997,0,calibration
0.09220309997908771,7,64.0,329.0,20.0,True,240.84103177891637,27.559529628571404,-298.07267156918505,-66.90782347293103,20.95498410770258,6,calibration,2,square,0.39999999999999997,0,calibration
0.10922250000294298,8,108.0,368.0,20.0,True,237.5142030869466,36.776275140279694,-293.8704556095039,-82.90819519522478,16.4258042400024,6,calibration,2,square,0.39999999999999997,0,calibration
0.1262753999326378,9,137.0,381.0,20.0,True,236.6248927821226,46.248861949705976,-288.07607731069373,-102.25579676827513,9.04067870671703,6,calibration,2,square,0.39999999999999997,0,calibration
0.1417647999478504,10,189.0,385.0,20.0,True,238.19752276921955,55.727966401521186,-280.8244655288675,-124.85352811686731,0.144470026474533,6,calibration,2,square,0.39999999999999997,0,calibration
0.1588423999492079,11,207.0,384.0,18.027756377319946,True,241.9942443357637,64.72230247799696,-272.17598472193356,-148.53329677032931,-1.035601919747555,6,calibration,2,square,0.39999999999999997,0,calibration
0.17579229990951717,12,288.0,350.0,20.0,True,247.51901693957132,73.24850570941426,-261.5653553441572,-172.34506286611918,-11.044554072651426,6,calibration,2,square,0.39999999999999997,0,calibration
0.1923405999550596,13,305.0,338.0,20.0,True,254.05727020912394,81.32654004493276,-248.7952551288619,-195.44684297066064,-16.68426404363406,6,calibration,2,square,0.39999999999999997,0,calibration
0.20956609991844743,14,345.0,304.0,20.0,True,260.82614761522643,88.70937317477406,-235.56383133054672,-215.67494405289509,-18.43093564420407,6,calibration,2,square,0.39999999999999997,0,calibration
0.22573299997020513,15,369.0,263.0,20.0,True,268.56694560352696,95.60148875231992,-223.05449148891609,-232.25169477268454,-23.79530176974006,6,calibration,2,square,0.39999999999999997,0,calibration
0.2419496999355033,16,375.0,237.0,20.0,True,277.7347671112705,102.29323764590465,-211.44581845639857,-245.7254833738464,-25.55623603330214,6,calibration,2,square,0.39999999999999997,0,calibration
0.2598015998955816,17,376.0,206.0,20.0,True,288.9906475254713,108.55135181327628,-199.6929313142688,-257.39481634854025,-23.691836643360805,6,calibration,2,square,0.39999999999999997,0,calibration
0.27594479999970645,18,363.0,157.0,20.0,True,300.8245616875085,115.40138098504035,-187.09083776202655,-267.93548509038675,-22.591665054387704,6,calibration,2,square,0.39999999999999997,0,calibration
0.29346580000128597,19,343.0,124.0,20.0,True,312.38360859807267,124.02363707090477,-175.20984562720838,-276.92143743823823,-20.58558337533181,6,calibration,2,square,0.39999999999999997,0,calibration
0.3090997999534011,20,276.0,58.0,20.0,True,321.5294725218164,135.44538824960927,-162.96025475196214,-283.8354253148473,-14.352422162912566,6,calibration,2,square,0.39999999999999997,0,calibration
0.32641049998346716,21,242.0,31.0,20.0,True,330.6383143869178,149.28877237041058,-150.69307146132343,-288.3049789334771,-8.54123503487928,6,calibration,2,square,0.39999999999999997,0,calibration
0.34232009993866086,22,112.0,-38.0,20.0,True,337.5722758660773,165.41575872751224,-136.91052331214178,-290.7504822544861,0.1640603183876599,6,calibration,2,square,0.39999999999999997,0,calibration
0.35926389996893704,23,25.0,-65.0,20.0,True,343.2338231574028,183.1577641138076,-122.0601419687764,-291.78264032773694,7.190046727605561,6,calibration,2,square,0.39999999999999997,0,calibration
0.37619439989794046,24,-59.0,-84.0,20.0,True,346.90224635267117,199.14525220419063,-106.02168593552018,-292.1791420355542,8.961394477487474,6,calibration,2,square,0.39999999999999997,0,calibration
0.39266819995827973,25,-178.0,-96.0,20.0,True,341.023235319526,209.0529908233872,-89.05111615982287,-292.3249669097262,11.592898730479984,6,calibration,2,square,0.39999999999999997,0,calibration
0.4089746999088675,26,-239.0,-96.0,20.0,True,334.7854230839903,218.9034501566241,-70.94420708088748,-292.3774154709736,14.022748850292103,6,calibration,2,square,0.39999999999999997,0,calibration
0.42581769998651,27,-288.0,-93.0,20.0,True,328.61889100864624,228.05618709486367,-51.80633136501685,-292.39605443846756,14.908337341868892,6,calibration,2,square,0.39999999999999997,0,calibration
0.4428493999876082,28,-344.0,-76.0,20.0,True,322.71028175199314,236.34312778574542,-32.18096775005844,-292.40263447130195,18.586099185859315,6,calibration,2,square,0.39999999999999997,0,calibration
0.45886829996015877,29,-355.0,-71.0,12.083045973594572,True,317.4018189321936,243.4257285878693,-11.88842547306205,-291.933720779511,11.393645261886187,6,calibration,2,square,0.39999999999999997,0,calibration
0.47563569992780685,30,-371.0,-59.0,20.0,True,312.5539757347245,249.61973530235394,8.147905937462568,-290.14386670482065,18.84141911367809,6,calibration,2,square,0.39999999999999997,0,calibration
0.49312999995891005,31,-385.0,-40.0,20.0,True,307.67377418110857,255.6107366312147,26.818548909771998,-286.12928903835234,16.715643139122378,6,calibration,2,square,0.39999999999999997,0,calibration
0.5089980999473482,32,-393.0,-3.0,20.0,True,303.94845453061487,260.02949253584825,41.45740212683953,-280.5123512410838,10.727953762539112,6,calibration,2,square,0.39999999999999997,0,calibration
0.5254038999555632,33,-393.0,42.0,20.0,True,301.3154564418057,263.0760264814457,51.38261526751025,-274.64107400542497,5.44551510079854,6,calibration,2,square,0.39999999999999997,0,calibration
0.5437623999314383,34,-374.0,138.0,20.0,True,299.9701913887374,264.6089270569008,57.348253711591425,-269.5667242565266,1.326331186569909,6,calibration,2,square,0.39999999999999997,0,calibration
0.5588244999526069,35,-324.0,268.0,20.0,True,299.54078286520183,265.09492526357803,60.40581791811436,-264.8306813905024,-1.543227279645174,6,calibration,2,square,0.39999999999999997,0,calibration
0.5763906999491155,36,-301.0,308.0,20.0,True,299.8234629424345,264.7751707944054,62.25891851827277,-259.518080412798,-0.8509007474462105,6,calibration,2,square,0.39999999999999997,0,calibration
0.5918669999809936,37,-204.0,431.0,20.0,True,300.70833239976656,263.7697837610508,63.29970834496593,-253.39346300974304,1.7939984724004132,6,calibration,2,square,0.39999999999999997,0,calibration
0.6087264999514446,38,-177.0,455.0,20.0,True,302.1483710640328,262.1189841719816,63.9780396986987,-246.03794667184383,5.215898312992655,6,calibration,2,square,0.39999999999999997,0,calibration
0.625827599898912,39,-112.0,509.0,20.0,True,303.40616141225644,260.66204406679503,64.27826665538316,-237.35543509636688,6.60893727811742,6,calibration,2,square,0.39999999999999997,0,calibration
0.6423097999067977,40,-60.0,540.0,20.0,True,304.94967838909434,258.85458012248483,64.27810129126706,-226.37994112822298,9.747153407841703,6,calibration,2,square,0.39999999999999997,0,calibration
0.659168399986811,41,-9.0,569.0,20.0,True,306.2839809447173,257.27441189643406,63.66795947637875,-214.2361965107428,10.958067842555263,6,calibration,2,square,0.39999999999999997,0,calibration
0.6764942998997867,42,85.0,600.0,20.0,True,308.0059743527309,255.21034415365077,62.50774408495918,-202.55287876786468,15.182036740759182,6,calibration,2,square,0.39999999999999997,0,calibration
0.6923427999718115,43,196.0,600.0,20.0,True,310.4219898508082,252.26610596167046,60.49865160034488,-192.5004503023157,22.0140959452426,6,calibration,2,square,0.39999999999999997,0,calibration
0.7096080000046641,44,268.0,600.0,20.0,True,312.8326050075603,249.27045802538203,57.94337486929943,-183.78400904020077,23.77517429502507,6,calibration,2,square,0.39999999999999997,0,calibration
0.7272177999839187,45,334.0,600.0,20.0,True,315.0754062823644,246.42947947841594,54.44027622605259,-175.92381248162417,26.167310134960715,6,calibration,2,square,0.39999999999999997,0,calibration
0.7424764999886975,46,384.0,600.0,20.0,True,317.13429435558686,243.7741564308735,50.10068744175124,-168.55883840128456,28.06493423447214,6,calibration,2,square,0.39999999999999997,0,calibration
0.75964289996773,47,472.0,596.0,20.0,True,319.0387925314304,241.27629154164094,44.30711365394225,-161.40629955472764,30.826200576875284,6,calibration,2,square,0.39999999999999997,0,calibration
0.77546309994068,48,495.0,592.0,20.0,True,321.0892875081819,238.54070815583688,36.712139464296136,-153.98251352668066,33.06987180190024,6,calibration,2,square,0.39999999999999997,0,calibration
0.7919983000028878,49,539.0,581.0,20.0,True,323.0274661596631,235.909423521969,27.16791104410333,-146.27686408691807,34.04604177787185,6,calibration,2,square,0.39999999999999997,0,calibration
0.8087590999202803,50,572.0,568.0,20.0,True,324.9880444703196,233.2011384006467,16.324269838644604,-138.55298406894752,33.98542375831612,6,calibration,2,square,0.39999999999999997,0,calibration
0.826847399934195,51,619.0,538.0,20.0,True,326.9871116134222,230.3897324941182,5.2558203840217494,-130.83880767178263,32.293652052250906,6,calibration,2,square,0.39999999999999997,0,calibration
0.8423349999357015,52,641.0,519.0,20.0,True,328.7919116746765,227.80666982621844,-6.316542694797956,-123.36685839759808,29.80544361154987,6,calibration,2,square,0.39999999999999997,0,calibration
0.8590471999486908,53,659.0,489.0,20.0,True,330.15932520700375,225.82032676191028,-18.857163662672342,-115.909647792065,20.998018701853134,6,calibration,2,square,0.39999999999999997,0,calibration
0.8754522999515757,54,667.0,469.0,20.0,True,330.77718130859716,224.91433108083498,-34.01557843539649,-108.79700854227549,12.548242269248606,6,calibration,2,square,0.39999999999999997,0,calibration
0.8921949999639764,55,672.0,444.0,20.0,True,330.15226064912804,225.8306551119006,-51.72407170386729,-101.99065882687069,0.7118373762106245,6,calibration,2,square,0.39999999999999997,0,calibration
0.9086244999198243,56,676.0,408.0,20.0,True,328.29479742005424,228.52248464193963,-72.18335352056619,-95.0930343694128,-6.739019313368665,6,calibration,2,square,0.39999999999999997,0,calibration
0.9253894999856129,57,679.0,377.0,20.0,True,325.57135595585794,232.38608431027887,-93.62364255749439,-88.12376853641878,-10.05172092964662,6,calibration,2,square,0.39999999999999997,0,calibration
0.942527599981986,58,681.0,317.0,20.0,True,322.21887930041476,237.0126448575787,-114.2328604118597,-81.2392961743549,-12.979132965465183,6,calibration,2,square,0.39999999999999997,0,calibration
0.9591349998954684,59,680.0,303.0,14.035668847618199,True,318.6666577301966,241.7675769226836,-133.020441659555,-75.58454507290323,-9.230924602278677,6,calibration,2,square,0.39999999999999997,0,calibration
0.9767792999045923,60,671.0,260.0,20.0,True,314.2407165824247,245.81395613614055,-150.5108767697672,-70.24678413522919,-8.389663017125631,6,calibration,2,square,0.39999999999999997,0,calibration
0.9926396999508142,61,661.0,235.0,20.0,True,308.4047966491779,248.36282091724064,-168.47565902661245,-65.82193626810918,-3.3966516353636016,6,calibration,2,square,0.39999999999999997,0,calibration
1.0088009999599308,62,643.0,204.0,20.0,True,302.07147444183323,249.80557377033793,-186.79213244372963,-61.759194282798155,-0.1088733208266035,6,calibration,2,square,0.39999999999999997,0,calibration
1.0268190999049693,63,633.0,191.0,16.401219466856727,True,295.1114558011487,250.4556290810401,-205.38663869426338,-58.774162581793725,0.9347105627447292,6,calibration,2,square,0.39999999999999997,0,calibration
1.0428919999394566,64,600.0,146.0,20.0,True,287.74395794680737,250.4742622832002,-222.81356767111285,-56.12091013436868,2.521444807012909,6,calibration,2,square,0.39999999999999997,0,calibration
1.0595385999185964,65,567.0,105.0,20.0,True,279.718103300862,250.04940120188581,-238.75421788037764,-53.92811754310476,3.0462857400486865,6,calibration,2,square,0.39999999999999997,0,calibration
1.075421999907121,66,499.0,26.0,20.0,True,270.6107345392735,248.78483377144528,-253.25230320344093,-51.96535332497891,4.112222840911262,6,calibration,2,square,0.39999999999999997,0,calibration
1.0921710999682546,67,442.0,-24.0,20.0,True,260.3916074452624,246.94299803958359,-267.1788243483556,-50.568100504272934,3.4926898658790795,6,calibration,2,square,0.39999999999999997,0,calibration
1.109150999924168,68,368.0,-76.0,20.0,True,248.12504597021606,244.46030022980364,-282.4234556792296,-49.701390957090844,2.634951641791181,6,calibration,2,square,0.39999999999999997,0,calibration
1.1260834999848157,69,274.0,-121.0,20.0,True,234.7328932566853,242.02049917419203,-298.3152501093204,-49.32250840359011,1.4666686085398672,6,calibration,2,square,0.39999999999999997,0,calibration
1.1423388998955488,70,123.0,-168.0,20.0,True,221.01834564248514,239.72797981549218,-314.4707165309633,-48.821371680873526,0.912117478516774,6,calibration,2,square,0.39999999999999997,0,calibration
1.1595762999495491,71,16.0,-186.0,20.0,True,208.4390861670621,237.321750163942,-329.1944101891076,-47.98323328446793,0.4925760892099107,6,calibration,2,square,0.39999999999999997,0,calibration
1.1765907999360934,72,-138.0,-196.0,20.0,True,197.0786748315869,234.41210697246186,-343.2299787834504,-46.96830175937847,-0.1570698109257873,6,calibration,2,square,0.39999999999999997,0,calibration
1.1924016999546438,73,-270.0,-193.0,20.0,True,186.42322814122366,230.91221074142948,-356.98730268614725,-45.99753112620243,-1.1226838486000679,6,calibration,2,square,0.39999999999999997,0,calibration
1.20912369992584,74,-342.0,-177.0,20.0,True,176.3101557844177,227.3550338690291,-371.22879574056145,-45.299038493649256,-2.73481473409104,6,calibration,2,square,0.39999999999999997,0,calibration
1.2264268998987973,75,-395.0,-155.0,20.0,True,166.31187758813056,224.07831652515293,-386.1094799434294,-44.74720749900472,-3.5779843105514764,6,calibration,2,square,0.39999999999999997,0,calibration
1.242399499984458,76,-425.0,-130.0,20.0,True,155.79932566845142,221.32874857306211,-397.6371847474842,-43.412778143020546,-4.391810068388196,6,calibration,2,square,0.39999999999999997,0,calibration
1.2592820998979732,77,-464.0,-79.0,20.0,True,144.71672000585647,219.2443038534841,-397.94981590021695,-40.44680487978551,-4.26585376907134,6,calibration,2,square,0.39999999999999997,0,calibration
1.2757091999519616,78,-487.0,-23.0,20.0,True,133.07774941606212,217.39002031487152,-398.3077311173318,-36.7552898528002,-5.0174842767156855,6,calibration,2,square,0.39999999999999997,0,calibration
1.2922275000019,79,-498.0,51.0,20.0,True,120.96156004081662,215.54208311752234,-398.6717313357322,-32.57070207670977,-5.795252792606743,6,calibration,2,square,0.39999999999999997,0,calibration
1.3087275999132544,80,-497.0,151.0,20.0,True,107.15925230136418,211.8187343517529,-399.0977795225892,-26.850742636634074,-9.481473335660036,6,calibration,2,square,0.39999999999999997,0,calibration
1.3253681999631226,81,-449.0,345.0,20.0,True,94.01728543292388,203.92075441241965,-399.48619934621394,-20.2676227495239,-14.376460509011292,6,calibration,2,square,0.39999999999999997,0,calibration
1.3426850999239832,82,-390.0,486.0,20.0,True,86.60691926294096,190.81969285753692,-399.8121628677757,-12.257015256218692,-18.20490075960506,6,calibration,2,square,0.39999999999999997,0,calibration
1.3591651999158785,83,-258.0,600.0,20.0,True,89.40637232316956,178.7286524245535,-399.98081728118,-3.917372471348693,0.5071236724482664,6,calibration,2,square,0.39999999999999997,0,calibration
1.375695199938491,84,-149.0,600.0,20.0,True,94.35266273175738,167.9964640746707,-399.96237683560275,5.486083850556046,26.846795583219773,6,calibration,2,square,0.39999999999999997,0,calibration
1.393017099937424,85,38.0,600.0,20.0,True,100.08934745211091,158.13076994140326,-399.72854553540355,14.733970413665428,28.29052896390781,6,calibration,2,square,0.39999999999999997,0,calibration
1.4096789999166504,86,161.0,600.0,20.0,True,106.16844502836236,148.67463302428493,-399.2764695818751,24.047886356891144,28.743575555509928,6,calibration,2,square,0.39999999999999997,0,calibration
1.4258717999327928,87,339.0,600.0,20.0,True,112.50031541364048,139.68862292653492,-398.71027223910386,32.09546402561658,29.359436302955633,6,calibration,2,square,0.39999999999999997,0,calibration
1.4418525999644771,88,441.0,583.0,20.0,True,118.54303921012422,131.1881865752213,-398.12137912226194,38.72166687770761,33.36970884578092,6,calibration,2,square,0.39999999999999997,0,calibration
1.45876819989644,89,539.0,541.0,20.0,True,124.43974181959383,122.64852801929214,-397.5370410671692,44.320435236579186,36.92327173159023,6,calibration,2,square,0.39999999999999997,0,calibration
1.4761400999268517,90,611.0,479.0,20.0,True,129.75995094721233,114.11233097439413,-396.91800768183,49.55900703087897,38.307874677518406,6,calibration,2,square,0.39999999999999997,0,calibration
1.4923487999476492,91,696.0,380.0,20.0,True,134.79908438079326,105.49391326982979,-396.2461973484041,54.67130039545068,38.03311405282229,6,calibration,2,square,0.39999999999999997,0,calibration
1.5092565999366343,92,723.0,315.0,20.0,True,139.13320210906704,96.23691203571957,-395.5096753630839,59.76702012136808,35.060867514247846,6,calibration,2,square,0.39999999999999997,0,calibration
1.5253600999712944,93,736.0,248.0,20.0,True,142.85012238855452,86.6082717105957,-394.57300237775104,65.66693075367017,32.9361499907816,6,calibration,2,square,0.39999999999999997,0,calibration
1.54280309996102,94,720.0,131.0,20.0,True,145.7711588093505,76.34324112131239,-393.3528849041375,72.61892272398673,27.68952268281987,6,calibration,2,square,0.39999999999999997,0,calibration
1.5586860999464989,95,666.0,-14.0,20.0,True,148.04369180653148,66.30994562835104,-391.8496918235122,80.33566466905259,23.793863838235097,6,calibration,2,square,0.39999999999999997,0,calibration
1.575343000004068,96,642.0,-65.0,20.0,True,150.29608416462722,55.747406557436946,-390.23763390840656,87.83273354261766,22.277858182352965,6,calibration,2,square,0.39999999999999997,0,calibration
1.592132999910973,97,552.0,-217.0,20.0,True,152.818883529264,44.56746709277327,-388.6385999323637,94.65748064792422,19.971569629397553,6,calibration,2,square,0.39999999999999997,0,calibration
1.6088362999726087,98,474.0,-303.0,20.0,True,155.32100849226785,32.195564621985724,-387.21616725214676,100.31769444398883,14.917052207054414,6,calibration,2,square,0.39999999999999997,0,calibration
1.6251407999079674,99,374.0,-386.0,20.0,True,157.58489104086857,19.028470208268672,-385.6733490525427,106.09461734977694,14.524638879668002,6,calibration,2,square,0.39999999999999997,0,calibration
1.6420992999337614,100,197.0,-471.0,20.0,True,158.9076897619504,5.96716210635687,-383.83150804018067,112.5760784341004,11.082833269379034,6,calibration,2,square,0.39999999999999997,0,calibration
1.6585222999565303,101,75.0,-507.0,20.0,True,159.73296553329584,-6.821245156829656,-381.77712114824607,119.35757105335819,8.232402035470262,6,calibration,2,square,0.39999999999999997,0,calibration
1.6754293999401852,102,-43.0,-523.0,20.0,True,160.4132763902092,-19.59894775650644,-379.77480150549803,125.58304081944972,3.533112197548628,6,calibration,2,square,0.39999999999999997,0,calibration
1.6922040999634191,103,-204.0,-521.0,20.0,True,161.2984872350069,-33.07185135002072,-377.8911205836682,131.142292888372,-2.1294222689141815,6,calibration,2,square,0.39999999999999997,0,calibration
1.7092712000012398,104,-323.0,-489.0,20.0,True,162.35403474976158,-47.76455391648522,-376.0154634367782,136.42716465728128,-11.101261072114317,6,calibration,2,square,0.39999999999999997,0,calibration
1.7256941999075934,105,-381.0,-453.0,20.0,True,166.62986697526603,-61.832124337635214,-374.1854461225143,141.36920424935178,-22.432384573071463,6,calibration,2,square,0.39999999999999997,0,calibration
1.7428500999230891,106,-393.0,-440.0,17.69180601295413,True,175.09488819327527,-73.76039532138532,-372.0323189856797,145.6265586345033,-23.731607933748304,6,calibration,2,square,0.39999999999999997,0,calibration
1.7593636999372393,107,-417.0,-383.0,20.0,True,187.23197448933132,-80.61255500994851,-368.4400538077047,148.89453840958424,-22.483412682786312,6,calibration,2,square,0.39999999999999997,0,calibration
1.7757635999005288,108,-419.0,-361.0,20.0,True,200.53444742582758,-87.10677829995745,-364.14107995323945,151.3363684431686,-18.628101115510866,6,calibration,2,square,0.39999999999999997,0,calibration
1.7917958999751136,109,-413.0,-298.0,20.0,True,213.7222016702434,-94.04912599448944,-359.31854199852177,152.92184435950952,-15.616126030976389,6,calibration,2,square,0.39999999999999997,0,calibration
1.8085638999473304,110,-386.0,-190.0,20.0,True,226.1633314378838,-101.89774935487455,-354.3753203915508,153.85854200220874,-14.628300750910096,6,calibration,2,square,0.39999999999999997,0,calibration
1.8260592999868095,111,-312.0,5.0,20.0,True,237.64697437482832,-110.13941994082775,-348.9311442807331,154.14493539601816,-13.20622193432077,6,calibration,2,square,0.39999999999999997,0,calibration
1.8420782999601215,112,-150.0,293.0,20.0,True,248.14411792336693,-118.82424695722106,-343.4555050395199,153.88346194103048,-12.519756800011933,6,calibration,2,square,0.39999999999999997,0,calibration
1.858624599990435,113,-150.0,293.0,0.0,False,251.0015374759619,-130.488369582385,-338.2332418829211,153.01276203003275,0.0,6,calibration,2,square,0.39999999999999997,0,calibration
1.8754397999728099,114,22.0,507.0,20.0,True,257.5000579501275,-139.16749908651343,-332.79911700539407,151.02068927892614,-11.36731936241613,6,calibration,2,square,0.39999999999999997,0,calibration
1.8924037999240682,115,145.0,600.0,20.0,True,263.947611822747,-146.69911696250733,-324.8745919448073,146.92301637577336,-7.418951021572553,6,calibration,2,square,0.39999999999999997,0,calibration
1.909239299944602,116,417.0,600.0,20.0,True,269.0680861697888,-155.32990403406575,-314.29930015315824,140.56768953248974,-6.937795417880026,6,calibration,2,square,0.39999999999999997,0,calibration
1.9260004999814555,117,491.0,600.0,20.0,True,273.3121807303765,-165.22314790017413,-302.7938356588331,132.76462404618349,-8.66745944091944,6,calibration,2,square,0.39999999999999997,0,calibration
1.9427255999762565,118,694.0,600.0,20.0,True,276.29666422978886,-176.0818871481332,-292.14039980452344,123.96991709542999,-10.123096498885928,6,calibration,2,square,0.39999999999999997,0,calibration
1.9587485999800265,119,820.0,598.0,20.0,True,277.83719277525216,-186.8538221745534,-282.25630578247234,114.25992106211689,-11.342557611522102,6,calibration,2,square,0.39999999999999997,0,calibration
1.9753790999529883,120,934.0,568.0,20.0,True,278.1605466738602,-197.37048618400385,-272.617900767831,103.7625099493134,-11.148491017856227,6,calibration,2,square,0.39999999999999997,0,calibration
1.992482499917969,121,934.0,568.0,0.0,False,272.2184832876297,-205.74189283754376,-263.5319987611322,92.89609077856936,0.0,6,calibration,2,square,0.39999999999999997,0,calibration
2.0091479999246076,122,934.0,568.0,0.0,False,264.5083173217972,-212.65447304400905,-255.55742414700217,82.35306421364756,0.0,6,calibration,2,square,0.39999999999999997,0,calibration
2.025262799928896,123,934.0,568.0,0.0,False,254.98755965164383,-218.22740506808546,-248.39101837929172,72.01373414598386,0.0,6,calibration,2,square,0.39999999999999997,0,calibration
2.041833199909888,124,934.0,568.0,0.0,False,243.41623803655185,-222.57639559907614,-242.18034753728875,62.23502765152975,0.0,6,calibration,2,square,0.39999999999999997,0,calibration
2.0589169999584556,125,934.0,568.0,0.0,False,229.46892436822299,-225.95315845225883,-236.9099870673007,52.514791376470264,0.0,6,calibration,2,square,0.39999999999999997,0,calibration
2.0758857999462634,126,934.0,568.0,0.0,False,213.86731051003693,-228.19341033575157,-232.5611238392466,42.551856080890516,0.0,6,calibration,2,square,0.39999999999999997,0,calibration
2.0925940999295563,127,934.0,568.0,0.0,False,198.30782144991213,-229.09096666460525,-229.1244903503403,32.333536413135704,0.0,6,calibration,2,square,0.39999999999999997,0,calibration
2.1092308999504894,128,934.0,568.0,0.0,False,184.65506057421223,-228.6421345548742,-225.6538504289047,20.578060325745337,0.0,6,calibration,2,square,0.39999999999999997,0,calibration
2.1256364999571815,129,934.0,568.0,0.0,False,172.4408866934598,-225.38618373116697,-221.86503689677505,7.995025113607671,0.0,6,calibration,2,square,0.39999999999999997,0,calibration
2.144350199960172,130,752.0,-154.0,20.0,True,159.92573965851824,-225.5514819135623,-217.90360832904074,-5.05337366329783,-11.992505981714778,6,calibration,2,square,0.39999999999999997,0,calibration
2.1591150999302045,131,752.0,-154.0,0.0,False,149.10645497754467,-217.9832470613712,-213.51609265787846,-17.475144293374175,0.0,6,calibration,2,square,0.39999999999999997,0,calibration
2.175723099964671,132,505.0,-252.0,20.0,True,136.31434983236048,-212.13694686014477,-208.90631213232317,-29.51969399316074,13.598506292366174,6,calibration,2,square,0.39999999999999997,0,calibration
2.1926412999164313,133,318.0,-308.0,20.0,True,122.93809631750442,-205.4010748012126,-203.61507705643513,-41.75405713815989,16.87085608592182,6,calibration,2,square,0.39999999999999997,0,calibration
2.209186099935323,134,39.0,-357.0,20.0,True,109.45348263790538,-196.9698167815404,-198.2002145087342,-54.47264412974016,19.401501803242233,6,calibration,2,square,0.39999999999999997,0,calibration
2.2258440000005066,135,-117.0,-365.0,20.0,True,96.95803117058755,-187.047879277743,-192.76505867005946,-67.7976882823691,21.600531360884517,6,calibration,2,square,0.39999999999999997,0,calibration
2.243353199912235,136,-241.0,-358.0,20.0,True,85.75666899502146,-175.84688822802116,-186.85616746225082,-81.18677421325151,24.010416913434618,6,calibration,2,square,0.39999999999999997,0,calibration
2.2597048999741673,137,-384.0,-318.0,20.0,True,76.08383346672662,-162.94527447550755,-181.27717730944332,-93.50836816111814,28.716865801693224,6,calibration,2,square,0.39999999999999997,0,calibration
2.2753959998954087,138,-438.0,-291.0,20.0,True,67.88697070010626,-148.65033276240226,-174.49911026635,-105.12055159831708,33.399954815797884,6,calibration,2,square,0.39999999999999997,0,calibration
2.2934898999519646,139,-473.0,-258.0,20.0,True,61.38023123583567,-132.9903432534328,-165.27135292677985,-117.94877463536685,37.889050068693834,6,calibration,2,square,0.39999999999999997,0,calibration
2.308537899982184,140,-490.0,-139.0,20.0,True,58.89225623569212,-114.50654932773702,-152.30625440031,-132.4379341523318,36.639876488837686,6,calibration,2,square,0.39999999999999997,0,calibration
2.3254374999087304,141,-477.0,-83.0,20.0,True,59.77644505369532,-94.4817006826089,-136.27902658648568,-148.93355591657357,30.483671064379955,6,calibration,2,square,0.39999999999999997,0,calibration
2.3421643999172375,142,-433.0,60.0,20.0,True,61.97547767439684,-74.26034183361574,-118.5936275566367,-165.82743138556702,28.59022703822592,6,calibration,2,square,0.39999999999999997,0,calibration
2.3590072999941185,143,-356.0,222.0,20.0,True,65.03372125695051,-56.39252437718174,-98.09005748852547,-183.38892901252106,24.482639332663055,6,calibration,2,square,0.39999999999999997,0,calibration
2.375882099964656,144,-179.0,482.0,20.0,True,68.65405742021392,-40.599807297038005,-74.38546040152211,-200.46509209830162,19.160729242305475,6,calibration,2,square,0.39999999999999997,0,calibration
2.392050299909897,145,-44.0,600.0,20.0,True,73.40206736788707,-25.963314221954583,-46.64362352064901,-216.52074566219173,10.726437325700353,6,calibration,2,square,0.39999999999999997,0,calibration
2.408829699968919,146,178.0,600.0,20.0,True,81.29948320430438,-12.871883651006545,-15.138271711500384,-230.87102245161114,-7.870048558534979,6,calibration,2,square,0.39999999999999997,0,calibration
2.427628899924457,147,328.0,600.0,20.0,True,89.891253398522,-0.0697484715227894,19.214669482410653,-243.7657427039475,-7.579213890751286,6,calibration,2,square,0.39999999999999997,0,calibration
2.442041700007394,148,538.0,600.0,20.0,True,98.7585602554177,12.60930659938477,54.04568982424259,-254.68340628425673,-7.622171534608118,6,calibration,2,square,0.39999999999999997,0,calibration
2.4593147999839857,149,644.0,585.0,20.0,True,108.21030895335095,25.243495335027962,86.5841825298715,-263.5553146927651,-10.223848961250322,6,calibration,2,square,0.39999999999999997,0,calibration
2.476193799986504,150,763.0,518.0,20.0,True,118.47181419671159,37.04734939674144,115.35437258907685,-269.79115378638653,-15.081877107465358,6,calibration,2,square,0.39999999999999997,0,calibration
2.492320299963467,151,821.0,456.0,20.0,True,128.79882949689397,48.545632253220674,139.8563332166573,-273.7779016545958,-17.56792661576213,6,calibration,2,square,0.39999999999999997,0,calibration
2.5097739999182522,152,858.0,371.0,20.0,True,138.62828129375168,62.06520831009654,162.62796982868764,-276.0053322276826,-19.867746164695884,6,calibration,2,square,0.39999999999999997,0,calibration
2.525701400008984,153,876.0,276.0,20.0,True,145.16401433742124,78.11392691681777,183.92205532366,-277.1869606831683,-21.601089366979203,6,calibration,2,square,0.39999999999999997,0,calibration
2.5419832000043243,154,859.0,132.0,20.0,True,142.82077310035223,95.52201361666145,204.524610385339,-277.79874318910066,-17.61747036049903,6,calibration,2,square,0.39999999999999997,0,calibration
2.558808399946429,155,820.0,31.0,20.0,True,134.74334109681436,110.48527755805597,222.8475333628685,-277.9347025799482,-5.930044403686548,6,calibration,2,square,0.39999999999999997,0,calibration
2.5764333999250084,156,767.0,-64.0,20.0,True,124.15809960431464,124.42506559687457,239.2582238512584,-277.61323448290506,2.067146044238233,6,calibration,2,square,0.39999999999999997,0,calibration
2.5922535998979583,157,644.0,-200.0,20.0,True,112.15098387105317,137.13500646762856,253.8343047522616,-276.7200678989842,12.72757571100486,6,calibration,2,square,0.39999999999999997,0,calibration
2.6089133999776095,158,525.0,-287.0,20.0,True,99.66053447691075,148.85310062911915,265.5324877304097,-275.19106608483895,21.237572003964914,6,calibration,2,square,0.39999999999999997,0,calibration
2.625564099987969,159,374.0,-359.0,20.0,True,86.76636085009176,159.85325469092257,274.4803725712601,-273.1167597970892,27.677652026013497,6,calibration,2,square,0.39999999999999997,0,calibration
2.6428156999172643,160,129.0,-441.0,20.0,True,73.96227755965958,169.98859609147084,280.8211693403523,-270.66923751944125,30.910436217100717,6,calibration,2,square,0.39999999999999997,0,calibration
2.6590183000080287,161,-118.0,-486.0,20.0,True,61.16846718264392,179.46734444213064,285.0959395708692,-267.9368107649704,32.1851062352333,6,calibration,2,square,0.39999999999999997,0,calibration
2.6760568999452516,162,-197.0,-494.0,20.0,True,48.85366996814099,188.54683831615893,287.8278563925361,-264.83819767647714,29.4907700688902,6,calibration,2,square,0.39999999999999997,0,calibration
2.6922100000083447,163,-424.0,-508.0,20.0,True,36.82633163067096,197.49195981766545,289.26679071937934,-260.8512834444614,23.217764971678694,6,calibration,2,square,0.39999999999999997,0,calibration
2.709372799959965,164,-462.0,-507.0,20.0,True,24.545476641909804,206.79222491652473,289.2779354439699,-254.86994568498284,15.76721263072925,6,calibration,2,square,0.39999999999999997,0,calibration
2.7253113999031484,165,-526.0,-496.0,20.0,True,12.518887775498149,215.9188416843583,287.88746268877134,-247.26482108778976,10.872015484161373,6,calibration,2,square,0.39999999999999997,0,calibration
2.7421951999422163,166,-547.0,-489.0,20.0,True,0.722446618659216,224.92688723989502,285.47262460525246,-238.9062233767761,7.575893456158096,6,calibration,2,square,0.39999999999999997,0,calibration
2.7587021999061108,167,-554.0,-482.0,9.899494936611665,True,-8.841886918414085,233.70494052978995,282.94591980133663,-230.95372250498897,1.0993953780931578,6,calibration,2,square,0.39999999999999997,0,calibration
2.7762736999429762,168,-560.0,-470.0,13.416407864998739,True,-17.612033776863562,242.39373848135415,280.31158687865354,-223.74854599486912,-0.6226313882676183,6,calibration,2,square,0.39999999999999997,0,calibration
2.79187339998316,169,-561.0,-459.0,11.045361017187261,True,-26.02157436370229,251.07411650067502,277.39027517001364,-217.51500608257695,-1.7885461328738153,6,calibration,2,square,0.39999999999999997,0,calibration
2.8084509999025613,170,-561.0,-449.0,10.0,True,-34.764105464252054,259.24862121063717,274.78988707953647,-212.23478157589847,-2.1413131741024327,6,calibration,2,square,0.39999999999999997,0,calibration
2.825057999929413,171,-559.0,-434.0,15.132745950421556,True,-43.473503732172716,266.7505749923022,272.7395164806597,-207.41086598045965,-4.748260853368454,6,calibration,2,square,0.39999999999999997,0,calibration
2.84173029998783,172,-558.0,-426.0,8.06225774829855,True,-52.151459951688125,273.4562052290322,270.38015587123516,-201.9465392390905,-2.8479477120335517,6,calibration,2,square,0.39999999999999997,0,calibration
2.85867019998841,173,-557.0,-423.0,3.1622776601683795,True,-61.055725547255946,280.1324581596477,266.28085858969035,-194.8021677928285,-1.1048337262362644,6,calibration,2,square,0.39999999999999997,0,calibration
2.8750470000086352,174,-556.0,-420.0,3.1622776601683795,True,-70.59602933386552,286.11949303707405,260.185962479436,-185.95395157037143,-1.1556908262080734,6,calibration,2,square,0.39999999999999997,0,calibration
2.8918367999140173,175,-556.0,-420.0,0.0,False,-81.61635442206958,284.42840984009285,252.6440545983146,-176.28622385034956,0.0,6,calibration,2,square,0.39999999999999997,0,calibration
2.9085985999554396,176,-556.0,-420.0,0.0,False,-92.31298755212282,279.93653980530894,242.67887722825637,-166.64045492759462,0.0,6,calibration,2,square,0.39999999999999997,0,calibration
2.926805399940349,177,-557.0,-420.0,1.0,True,-104.22143292688877,275.42463380941854,230.4219295034618,-157.41755013475998,0.13607584201969536,6,calibration,2,square,0.39999999999999997,0,calibration
2.9418716999934986,178,-561.0,-422.0,4.47213595499958,True,-114.87858072121271,268.4731730063897,216.7207159611939,-148.77910448416674,2.1259835234090683,6,calibration,2,square,0.39999999999999997,0,calibration
2.9589276999467984,179,-570.0,-428.0,10.816653826391969,True,-124.24402026458894,260.15087991678456,204.03487808158553,-141.25715984143096,6.031792889262385,6,calibration,2,square,0.39999999999999997,0,calibration
2.9758218999486417,180,-593.0,-443.0,20.0,True,-131.29303485927943,252.17456906314143,192.47982340578827,-134.66179959965385,10.146791622249642,6,calibration,2,square,0.39999999999999997,0,calibration
2.9923955999547616,181,-602.0,-450.0,11.40175425099138,True,-136.72732790124888,243.90967841634168,181.122202209107,-128.38009871232265,6.305743704378281,6,calibration,2,square,0.39999999999999997,0,calibration
0.0007956000044941902,1,155.0,37.0,20.0,True,300.7520883956797,6.98610657592711,-293.80855794734543,-0.7062534394845956,-12.102525702507808,7,calibration,2,square,0.44999999999999996,0,calibration
0.008907100069336593,2,155.0,37.0,0.0,False,291.2557861134451,18.161156711699842,-281.1876093197327,-2.3230909075696298,0.0,7,calibration,2,square,0.44999999999999996,0,calibration
0.02593260002322495,3,190.0,44.0,20.0,True,290.859432162778,33.881041090563016,-267.1944093305315,-4.9738200293411845,-15.112162801577597,7,calibration,2,square,0.44999999999999996,0,calibration
0.043213200056925416,4,293.0,63.0,20.0,True,291.93523686208187,51.48611304276301,-253.5001719710667,-8.853811180673777,-13.113272275531235,7,calibration,2,square,0.44999999999999996,0,calibration
0.058854500064626336,5,403.0,84.0,20.0,True,292.69033138355906,70.95779749397516,-239.7042404022503,-14.424067785560108,-12.30336474385046,7,calibration,2,square,0.44999999999999996,0,calibration
0.07557810004800558,6,482.0,98.0,20.0,True,292.6765496026156,92.42136974999583,-226.43508505257188,-21.441557466194627,-12.299725266741133,7,calibration,2,square,0.44999999999999996,0,calibration
0.09250010002870113,7,562.0,114.0,20.0,True,291.27520199612553,114.87909989400151,-214.42859188745462,-29.498888007759625,-11.405605060857184,7,calibration,2,square,0.44999999999999996,0,calibration
0.10972090007271618,8,642.0,121.0,20.0,True,288.4220885157326,136.52011546685418,-203.44186983952406,-38.26827887487918,-15.360008675154225,7,calibration,2,square,0.44999999999999996,0,calibration
0.12607170001138002,9,743.0,128.0,20.0,True,284.3433161695538,156.4894651515167,-193.16908972047207,-48.44305781384182,-15.840613842207159,7,calibration,2,square,0.44999999999999996,0,calibration
0.14242469996679574,10,795.0,132.0,20.0,True,278.70424538459775,174.59370785989134,-183.21759368410022,-59.099501802184186,-16.95474149679674,7,calibration,2,square,0.44999999999999996,0,calibration
0.15998710005078465,11,845.0,133.0,20.0,True,271.2255299500169,190.56118996534215,-173.8757362928713,-70.16393857000155,-20.71349984218532,7,calibration,2,square,0.44999999999999996,0,calibration
0.17566950002219528,12,867.0,133.0,20.0,True,260.481890683655,202.53494504207225,-165.69177985639143,-80.93614647838325,-25.455718474231386,7,calibration,2,square,0.44999999999999996,0,calibration
0.1923955000238493,13,883.0,133.0,16.0,True,247.97825726697403,209.664603424939,-157.86054007251838,-92.60561277256534,-22.815027588965222,7,calibration,2,square,0.44999999999999996,0,calibration
0.20877310005016625,14,894.0,135.0,11.180339887498949,True,237.04128069770513,218.67801481989736,-150.2629684644192,-104.7890271990981,-11.340321830741757,7,calibration,2,square,0.44999999999999996,0,calibration
0.22578350000549108,15,905.0,135.0,11.0,True,223.6380700217295,221.10598956644955,-142.6484971036406,-117.55448626243546,-16.458896238085156,7,calibration,2,square,0.44999999999999996,0,calibration
0.24245789996348321,16,909.0,135.0,4.0,True,210.08550492967737,221.81067843476364,-135.85346369229222,-130.72482059042338,-5.828629982984597,7,calibration,2,square,0.44999999999999996,0,calibration
0.2597015000646934,17,911.0,135.0,2.0,True,195.99664630012632,221.44127834801722,-129.6310312194906,-144.80145569142826,-2.807914997183028,7,calibration,2,square,0.44999999999999996,0,calibration
0.2757030000211671,18,912.0,135.0,1.0,True,181.2613501634351,217.79134637438102,-123.42471443908445,-159.1067607817218,-1.3686698368733148,7,calibration,2,square,0.44999999999999996,0,calibration
0.2924779000459239,19,913.0,135.0,1.0,True,167.05204379041,210.6506014442529,-116.70427088910714,-173.59512039568548,-1.3143045655159125,7,calibration,2,square,0.44999999999999996,0,calibration
0.3092173000331968,20,914.0,135.0,1.0,True,155.17423713333088,200.79201162527008,-109.94138368474329,-188.04742601474493,-1.1933170713097847,7,calibration,2,square,0.44999999999999996,0,calibration
0.3262608000077307,21,914.0,135.0,0.0,False,142.65311633888385,196.42825956488932,-103.19114134433669,-203.19145062198567,0.0,7,calibration,2,square,0.44999999999999996,0,calibration
0.34283370000775903,22,914.0,135.0,0.0,False,130.9370343202857,191.94124602582292,-96.33009765124115,-219.92571528909522,0.0,7,calibration,2,square,0.44999999999999996,0,calibration
0.3594814999960363,23,914.0,135.0,0.0,False,120.56323290823111,186.46775172399546,-89.40722807368964,-238.33128124566792,0.0,7,calibration,2,square,0.44999999999999996,0,calibration
0.3760721000144258,24,915.0,135.0,1.0,True,118.67613389474374,175.79890574738212,-82.0959291033578,-257.5447461072546,-0.5298262523468982,7,calibration,2,square,0.44999999999999996,0,calibration
0.392938100034371,25,915.0,135.0,0.0,False,111.96380339857885,167.41161038576195,-75.17895719727169,-276.60265594164616,0.0,7,calibration,2,square,0.44999999999999996,0,calibration
0.40872599999420345,26,915.0,135.0,0.0,False,105.09301905706474,158.20493409141503,-67.05733022994431,-294.9148221693665,0.0,7,calibration,2,square,0.44999999999999996,0,calibration
0.42541570006869733,27,915.0,135.0,0.0,False,98.79328028822492,147.74703177336065,-58.12481300076448,-313.6728078510295,0.0,7,calibration,2,square,0.44999999999999996,0,calibration
0.442268899991177,28,915.0,135.0,0.0,False,93.45956632118876,136.12426350117616,-47.86481531247206,-332.3660150338102,0.0,7,calibration,2,square,0.44999999999999996,0,calibration
0.4588315000291914,29,915.0,135.0,0.0,False,89.57847975654481,123.52116613077413,-36.5692844389796,-351.71674918246504,0.0,7,calibration,2,square,0.44999999999999996,0,calibration
0.47570189996622503,30,915.0,135.0,0.0,False,86.96276483347219,110.24680905058882,-24.79713394576507,-371.07147640625476,0.0,7,calibration,2,square,0.44999999999999996,0,calibration
0.4927208999870345,31,915.0,135.0,0.0,False,84.8345107338199,95.92421453796331,-11.990240398959267,-390.50310001743003,0.0,7,calibration,2,square,0.44999999999999996,0,calibration
0.5092481999890879,32,915.0,135.0,0.0,False,83.09940339469168,80.75164863335138,1.7900997397717056,-399.9959944085962,0.0,7,calibration,2,square,0.44999999999999996,0,calibration
0.5260738000506535,33,911.0,135.0,4.0,True,74.10941231923651,67.8870123822188,18.802763748486647,-399.55782569663006,4.847535396422321,7,calibration,2,square,0.44999999999999996,0,calibration
0.5421354999998584,34,889.0,140.0,20.0,True,62.2128352297555,55.195853208374075,37.84998918264095,-398.205196247957,26.541521698721677,7,calibration,2,square,0.44999999999999996,0,calibration
0.5588561999611557,35,838.0,150.0,20.0,True,49.33955272803454,41.73102248906006,58.2385794453206,-395.7376250297551,27.46675305673382,7,calibration,2,square,0.44999999999999996,0,calibration
0.5754782999865711,36,713.0,154.0,20.0,True,37.29529829811853,27.79246700950064,77.49648232737715,-392.42106878566364,27.937648564853074,7,calibration,2,square,0.44999999999999996,0,calibration
0.5936273999977857,37,608.0,145.0,20.0,True,27.21942265256847,14.010562119928146,95.80935509722971,-388.3562378485158,27.54063255822136,7,calibration,2,square,0.44999999999999996,0,calibration
0.6091473000124097,38,439.0,118.0,20.0,True,19.12993450820651,0.7914502744527265,112.15991013401025,-383.9533234114933,26.40655999398618,7,calibration,2,square,0.44999999999999996,0,calibration
0.6254572999896482,39,310.0,90.0,20.0,True,12.179305011463667,-12.880750005919708,126.78902069382052,-379.3738844879836,25.211504457377654,7,calibration,2,square,0.44999999999999996,0,calibration
0.6426029000431299,40,169.0,53.0,20.0,True,5.788671002056036,-26.705211293019524,141.24043981714522,-374.23406867929515,25.263789757077525,7,calibration,2,square,0.44999999999999996,0,calibration
0.6588279000716284,41,19.0,8.0,20.0,True,0.0185242644501713,-40.51144042766789,157.68369425045452,-367.6082868591637,26.457748582388962,7,calibration,2,square,0.44999999999999996,0,calibration
0.6756723000435159,42,-208.0,-50.0,20.0,True,-5.638559771081381,-54.73699608275173,175.99598098586762,-359.201078334715,27.685591997308446,7,calibration,2,square,0.44999999999999996,0,calibration
0.6926453000633046,43,-375.0,-85.0,20.0,True,-10.732227987201668,-69.28652008844568,194.83264641256932,-349.3425824200003,27.750631104570758,7,calibration,2,square,0.44999999999999996,0,calibration
0.7102659000083804,44,-423.0,-95.0,20.0,True,-15.024963681424193,-84.56379505258971,213.13812103914879,-338.48506814910047,27.30894950858937,7,calibration,2,square,0.44999999999999996,0,calibration
0.7258201000513509,45,-529.0,-113.0,20.0,True,-18.35746601076837,-101.63323947421306,231.95758864092545,-325.87678203868285,25.97579104362388,7,calibration,2,square,0.44999999999999996,0,calibration
0.742091599968262,46,-576.0,-120.0,20.0,True,-21.16283505847746,-119.9851830758441,250.01580955382306,-312.23724148977885,25.285085397426712,7,calibration,2,square,0.44999999999999996,0,calibration
0.759597499971278,47,-585.0,-120.0,9.0,True,-24.227154793269623,-138.85165414476538,266.60021582144475,-298.2018191157778,10.430013163362954,7,calibration,2,square,0.44999999999999996,0,calibration
0.7757379000540823,48,-596.0,-121.0,11.045361017187261,True,-26.751262329395914,-157.48546660335433,280.28194571065796,-285.3805019770058,13.427452960176723,7,calibration,2,square,0.44999999999999996,0,calibration
0.7925650000106543,49,-597.0,-121.0,1.0,True,-28.82486224037622,-176.91036095972112,292.4655316052416,-272.8807666781655,1.1061399502629863,7,calibration,2,square,0.44999999999999996,0,calibration
0.8094737000064924,50,-598.0,-121.0,1.0,True,-30.00082306510081,-197.52245743142768,303.49541162541004,-260.55812234954976,1.055110968017545,7,calibration,2,square,0.44999999999999996,0,calibration
0.8260858000721782,51,-599.0,-121.0,1.0,True,-30.684116261963776,-218.20103610361988,313.9407846618978,-247.87332193253863,1.0201533062578751,7,calibration,2,square,0.44999999999999996,0,calibration
0.8428030000068247,52,-599.0,-121.0,0.0,False,-18.481373654592616,-231.9941462725157,323.7911419207414,-234.86016353068973,0.0,7,calibration,2,square,0.44999999999999996,0,calibration
0.859244600054808,53,-599.0,-121.0,0.0,False,-4.993026036346478,-244.43462637366105,332.9441148406422,-221.69397013221015,0.0,7,calibration,2,square,0.44999999999999996,0,calibration
0.8758269000099972,54,-599.0,-121.0,0.0,False,7.659523863926307,-256.3995234102216,341.22109922548253,-208.72987673870125,0.0,7,calibration,2,square,0.44999999999999996,0,calibration
0.8934552000137046,55,-599.0,-121.0,0.0,False,19.22834436217061,-267.877104882174,348.7883071085034,-195.82317744430642,0.0,7,calibration,2,square,0.44999999999999996,0,calibration
0.90901770000346,56,-599.0,-121.0,0.0,False,29.939190545728202,-279.0131439468364,355.74567327612084,-182.87978550216943,0.0,7,calibration,2,square,0.44999999999999996,0,calibration
0.9265254000201821,57,-599.0,-121.0,0.0,False,39.82677326924468,-289.9954467770119,362.2046498496245,-169.72858223443367,0.0,7,calibration,2,square,0.44999999999999996,0,calibration
0.9424592000432312,58,-599.0,-121.0,0.0,False,50.06928692070119,-302.4124379045992,368.9905891213948,-154.4213234622926,0.0,7,calibration,2,square,0.44999999999999996,0,calibration
0.9588947000447661,59,-599.0,-121.0,0.0,False,60.56464102472762,-315.73607879345343,375.63229141640954,-137.4786588720502,0.0,7,calibration,2,square,0.44999999999999996,0,calibration
0.97571709996555,60,-600.0,-121.0,1.0,True,59.41382416690694,-331.84794416317123,381.9630633517632,-118.76118151541351,0.5442385084593101,7,calibration,2,square,0.44999999999999996,0,calibration
0.9928168000187725,61,-600.0,-121.0,0.0,False,66.29586981525108,-343.5277918535716,387.10757114197287,-100.7359338298029,0.0,7,calibration,2,square,0.44999999999999996,0,calibration
1.0094686000375077,62,-600.0,-121.0,0.0,False,73.36584194017907,-352.7758349746374,391.19075247275214,-83.48529918376022,0.0,7,calibration,2,square,0.44999999999999996,0,calibration
1.0255685000447556,63,-600.0,-121.0,0.0,False,78.69515731648009,-360.3557688524632,394.32703051522344,-67.12818338854409,0.0,7,calibration,2,square,0.44999999999999996,0,calibration
1.0429013000102714,64,-600.0,-121.0,0.0,False,82.51990832129358,-366.9748496438076,396.6401887297104,-51.73548767006762,0.0,7,calibration,2,square,0.44999999999999996,0,calibration
1.0592137000057846,65,-600.0,-121.0,0.0,False,85.2117562490873,-372.7549902395086,398.28875215765373,-36.960382907906556,0.0,7,calibration,2,square,0.44999999999999996,0,calibration
1.0767555000493303,66,-600.0,-121.0,0.0,False,87.2790173292479,-378.2477831049358,399.3726156174838,-22.39450590769027,0.0,7,calibration,2,square,0.44999999999999996,0,calibration
1.0936239999718964,67,-600.0,-121.0,0.0,False,88.86843953604891,-383.64126053240744,399.92381500853594,-7.806547829757452,0.0,7,calibration,2,square,0.44999999999999996,0,calibration
1.109199900063686,68,-600.0,-121.0,0.0,False,90.13196178056012,-389.21384813267537,399.9495338724432,6.3537670098423735,0.0,7,calibration,2,square,0.44999999999999996,0,calibration
1.1257689000340179,69,-596.0,-119.0,4.47213595499958,True,92.99573768948525,-389.03957738460036,399.47879503243723,20.41304287537663,-1.5517624487429096,7,calibration,2,square,0.44999999999999996,0,calibration
1.1421910000499338,70,-573.0,-103.0,20.0,True,96.44329140181846,-388.1992935897539,398.50814847385277,34.514570835253394,-8.660582135427259,7,calibration,2,square,0.44999999999999996,0,calibration
1.1591504999669269,71,-427.0,-20.0,20.0,True,99.54748352041437,-387.4148919759704,396.9630058731766,49.19727602349888,-5.549981575367618,7,calibration,2,square,0.44999999999999996,0,calibration
1.1762569000711665,72,-325.0,25.0,20.0,True,101.98518617855702,-386.78032757642296,394.88804472705186,63.745055742746665,-2.398805768997596,7,calibration,2,square,0.44999999999999996,0,calibration
1.1920704999938607,73,-172.0,81.0,20.0,True,103.53657915076205,-386.36792928212606,392.3488934447788,77.86106737425048,-2.4282499919886558,7,calibration,2,square,0.44999999999999996,0,calibration
1.209362499997951,74,-110.0,103.0,20.0,True,104.41138561235609,-386.13244172758635,389.254304270968,92.09281517319685,-4.987503801354781,7,calibration,2,square,0.44999999999999996,0,calibration
1.226004800060764,75,90.0,169.0,20.0,True,104.19902561441349,-386.1898018604411,385.56468767188494,106.48883331355357,-8.16525469304721,7,calibration,2,square,0.44999999999999996,0,calibration
1.2422571000643075,76,236.0,210.0,20.0,True,102.63838410951513,-386.60750394604037,381.3274373264363,120.7865288103469,-10.882122675883338,7,calibration,2,square,0.44999999999999996,0,calibration
1.2599485999671742,77,385.0,242.0,20.0,True,99.60265166477333,-387.4007121590587,376.8065012278257,134.2268998094069,-12.942217094465462,7,calibration,2,square,0.44999999999999996,0,calibration
1.2762529000174254,78,665.0,279.0,20.0,True,96.18233789817324,-388.2640311391742,372.14929200148936,146.6455061118143,-9.441487633879401,7,calibration,2,square,0.44999999999999996,0,calibration
1.291996799991466,79,730.0,279.0,20.0,True,92.52494000995634,-389.151815460437,367.08698603795136,158.89350106776837,-2.970672427214589,7,calibration,2,square,0.44999999999999996,0,calibration
1.3085758000379428,80,904.0,292.0,20.0,True,86.47444697314181,-390.5408685665167,361.06917975085304,172.1309020311176,-10.430109117521894,7,calibration,2,square,0.44999999999999996,0,calibration
1.3258445999817923,81,950.0,294.0,20.0,True,77.28983788709553,-392.46182102134026,353.4495916527196,187.27889940013458,-14.029230964974591,7,calibration,2,square,0.44999999999999996,0,calibration
1.342438800027594,82,950.0,294.0,0.0,False,65.9298162665825,-393.59171919783057,344.80301100047245,202.7581899825703,0.0,7,calibration,2,square,0.44999999999999996,0,calibration
1.3595759000163525,83,950.0,294.0,0.0,False,53.13754357868729,-393.81479960275635,336.012886860969,217.01460748843076,0.0,7,calibration,2,square,0.44999999999999996,0,calibration
1.3760872000129893,84,950.0,294.0,0.0,False,40.595225098474735,-393.7515912918348,327.21907827303096,230.0601547729376,0.0,7,calibration,2,square,0.44999999999999996,0,calibration
1.3927723000524566,85,950.0,294.0,0.0,False,28.61106799103347,-393.38078210865405,317.75055758124864,242.97033390273307,0.0,7,calibration,2,square,0.44999999999999996,0,calibration
1.409624999971129,86,950.0,294.0,0.0,False,16.4891641989732,-392.0063553656291,306.82556537656234,256.62827675716665,0.0,7,calibration,2,square,0.44999999999999996,0,calibration
1.4267922000726685,87,950.0,294.0,0.0,False,3.611570466620197,-388.9265647517077,295.04597708963314,270.0886361978669,0.0,7,calibration,2,square,0.44999999999999996,0,calibration
1.442833499982953,88,950.0,294.0,0.0,False,-10.312868432628708,-383.37693231883685,282.49444594935176,283.19055070353033,0.0,7,calibration,2,square,0.44999999999999996,0,calibration
1.460006900015287,89,950.0,294.0,0.0,False,-24.65336421657353,-375.5201657437427,269.7235817615028,295.37973769665706,0.0,7,calibration,2,square,0.44999999999999996,0,calibration
1.4765764999901876,90,950.0,294.0,0.0,False,-38.9357928028656,-366.03331601137046,256.792573908963,306.6880727795096,0.0,7,calibration,2,square,0.44999999999999996,0,calibration
1.4928241999587044,91,950.0,294.0,0.0,False,-52.51630248086172,-355.7046102711744,244.32802832431116,316.70777473114646,0.0,7,calibration,2,square,0.44999999999999996,0,calibration
1.5092976000159979,92,950.0,294.0,0.0,False,-65.71482146313073,-344.7065605638556,232.23722155206033,325.6775597516342,0.0,7,calibration,2,square,0.44999999999999996,0,calibration
1.5252661000704393,93,950.0,294.0,0.0,False,-78.53876056377787,-332.8652532887852,220.45281378890326,333.76721961953535,0.0,7,calibration,2,square,0.44999999999999996,0,calibration
1.5422453000210226,94,950.0,294.0,0.0,False,-91.39703940078655,-319.4321021551098,209.22367693417027,340.9185430717226,0.0,7,calibration,2,square,0.44999999999999996,0,calibration
1.5589953999733552,95,950.0,294.0,0.0,False,-101.843803475151,-306.1437518804316,198.65592955200435,347.1826920424304,0.0,7,calibration,2,square,0.44999999999999996,0,calibration
1.5769235000479966,96,950.0,294.0,0.0,False,-109.46649539064661,-292.9396614870279,189.16801136713812,352.44214202532913,0.0,7,calibration,2,square,0.44999999999999996,0,calibration
1.5930221000453457,97,950.0,294.0,0.0,False,-113.78217974917467,-280.62625525840633,180.20019491048214,357.1104727590949,0.0,7,calibration,2,square,0.44999999999999996,0,calibration
1.608780900016427,98,950.0,294.0,0.0,False,-116.36988534121502,-267.3014918708565,170.89644212519312,361.4355605405413,0.0,7,calibration,2,square,0.44999999999999996,0,calibration
1.6259408000623807,99,950.0,294.0,0.0,False,-117.704644834293,-252.8240858479795,159.8613036570426,364.1593049204814,0.0,7,calibration,2,square,0.44999999999999996,0,calibration
1.6419243999989703,100,950.0,294.0,0.0,False,-118.25762316404308,-237.03585374786292,146.11307142112196,365.95824360311013,0.0,7,calibration,2,square,0.44999999999999996,0,calibration
1.659252200042829,101,950.0,294.0,0.0,False,-118.3615184196138,-221.2482102573957,130.3901991923653,367.11917902297785,0.0,7,calibration,2,square,0.44999999999999996,0,calibration
1.6756220000097528,102,950.0,294.0,0.0,False,-117.63228469816053,-207.0479835855116,113.1675561129296,368.1146761308114,0.0,7,calibration,2,square,0.44999999999999996,0,calibration
1.6930793999927118,103,950.0,294.0,0.0,False,-116.26264653198396,-195.53655920287125,95.37899094879168,368.82238822807426,0.0,7,calibration,2,square,0.44999999999999996,0,calibration
1.7091189000057057,104,950.0,294.0,0.0,False,-114.38548562704838,-187.20862114371243,77.38415259761508,369.1419450840205,0.0,7,calibration,2,square,0.44999999999999996,0,calibration
1.7260589000070468,105,741.0,323.0,20.0,True,-115.91444430559557,-181.00275892165473,57.14239103338978,368.78525317329223,-12.350728349317093,7,calibration,2,square,0.44999999999999996,0,calibration
1.7422779999906197,106,679.0,322.0,20.0,True,-117.5974845056487,-174.5355423071436,36.64507749446129,367.35943280574963,-15.247310463836325,7,calibration,2,square,0.44999999999999996,0,calibration
1.7592178999911994,107,538.0,307.0,20.0,True,-118.6988053218201,-166.71701431514276,16.405949161704356,364.9100208659361,-19.31893501975433,7,calibration,2,square,0.44999999999999996,0,calibration
1.7759235000703484,108,279.0,259.0,20.0,True,-118.00891309407295,-157.267443434795,-0.5343844939417792,361.6102913023327,-25.065893745711424,7,calibration,2,square,0.44999999999999996,0,calibration
1.7926238999934867,109,88.0,206.0,20.0,True,-112.34525674695595,-149.01461125332116,-15.3162727905912,357.6730842883588,-35.31290319923204,7,calibration,2,square,0.44999999999999996,0,calibration
1.8092377000721171,110,-180.0,119.0,20.0,True,-101.69505447787357,-144.07371915355776,-27.93466093046442,352.84115149198345,-39.82818871532571,7,calibration,2,square,0.44999999999999996,0,calibration
1.8255141000263393,111,-333.0,56.0,20.0,True,-88.82500980647171,-142.56200859783473,-39.27276099189532,346.47519918376,-39.10941643822669,7,calibration,2,square,0.44999999999999996,0,calibration
1.842477299971506,112,-473.0,7.0,20.0,True,-76.99625602331993,-135.68076460120005,-49.81669345381222,339.0867127814431,-38.89027729673523,7,calibration,2,square,0.44999999999999996,0,calibration
1.858953700051643,113,-620.0,-40.0,20.0,True,-67.37033176760642,-125.66899078224876,-59.77199973414206,331.001759825859,-36.2212137020947,7,calibration,2,square,0.44999999999999996,0,calibration
1.875855499994941,114,-674.0,-56.0,20.0,True,-55.67325052939344,-116.2305222015299,-68.01042834249414,323.2089630709273,-36.326876480732224,7,calibration,2,square,0.44999999999999996,0,calibration
1.8934115000301972,115,-701.0,-62.0,20.0,True,-42.74255039169891,-105.94273280202522,-75.46650514764212,315.1426965503929,-34.41779249761385,7,calibration,2,square,0.44999999999999996,0,calibration
1.9091387999942526,116,-719.0,-66.0,18.439088914585774,True,-26.004856915903122,-98.96836859727429,-82.25028864704852,306.78484364105867,-32.60315957515192,7,calibration,2,square,0.44999999999999996,0,calibration
1.9258877000538632,117,-723.0,-67.0,4.123105625617661,True,-4.669432324550996,-98.60025269900883,-89.44343795655682,297.8028527667865,-7.297585817883982,7,calibration,2,square,0.44999999999999996,0,calibration
1.9426766000688076,118,-725.0,-68.0,2.23606797749979,True,14.730877408439508,-111.85487301069838,-95.82225523996986,288.8601783100321,-3.062780649638826,7,calibration,2,square,0.44999999999999996,0,calibration
1.9590683999704197,119,-725.0,-69.0,1.0,True,35.98660128493604,-126.87284910289537,-101.9659884696686,280.1035446241308,-0.2415721136681689,7,calibration,2,square,0.44999999999999996,0,calibration
1.9759007999673486,120,-725.0,-69.0,0.0,False,59.29860765271075,-127.76750160723591,-107.43379329328815,271.567208296645,0.0,7,calibration,2,square,0.44999999999999996,0,calibration
1.9925028000725433,121,-726.0,-69.0,1.0,True,79.20993965017806,-120.45414846263932,-112.78774754466923,262.5353772439651,-1.4486115356272142,7,calibration,2,square,0.44999999999999996,0,calibration
2.0094415000639856,122,-727.0,-70.0,1.4142135623730951,True,92.57136987005966,-129.68701113284118,-118.12639896974498,251.88760535694098,-1.5963406184871796,7,calibration,2,square,0.44999999999999996,0,calibration
2.025504400022328,123,-729.0,-71.0,2.23606797749979,True,104.94230984761653,-141.0353849819702,-123.70605754775434,240.0235693907734,-2.553904585057346,7,calibration,2,square,0.44999999999999996,0,calibration
2.042848499957472,124,-730.0,-72.0,1.4142135623730951,True,116.44959417161303,-153.69073447463157,-129.29861417404618,227.24152278846321,-1.249870757100638,7,calibration,2,square,0.44999999999999996,0,calibration
2.0590457000071183,125,-731.0,-74.0,2.23606797749979,True,128.80500034640102,-166.87483211133377,-134.6399400588428,213.67752757079697,-1.4517852125001758,7,calibration,2,square,0.44999999999999996,0,calibration
2.079253299976699,126,-732.0,-74.0,1.0,True,145.5055809957063,-166.0819790737106,-139.6007320050921,199.1440859408519,-1.3219111396105938,7,calibration,2,square,0.44999999999999996,0,calibration
2.091818999964744,127,-733.0,-74.0,1.0,True,163.38987428092037,-162.42625020888553,-145.33563310642575,183.1663685178478,-1.3175697318207888,7,calibration,2,square,0.44999999999999996,0,calibration
2.1088543999940157,128,-733.0,-74.0,0.0,False,182.66467684821802,-161.14697710725582,-151.4022045350815,166.8243419085385,0.0,7,calibration,2,square,0.44999999999999996,0,calibration
2.126324599958025,129,-733.0,-74.0,0.0,False,202.16083555152235,-160.48565859934453,-159.52864034166979,147.72704871147863,0.0,7,calibration,2,square,0.44999999999999996,0,calibration
2.142016400001012,130,-733.0,-74.0,0.0,False,222.74950109264825,-159.99786321455463,-168.40260338219065,127.62276886888773,0.0,7,calibration,2,square,0.44999999999999996,0,calibration
2.1591586000286043,131,-733.0,-74.0,0.0,False,242.9622635135682,-159.56224872592122,-177.9056971459369,107.03678794872471,0.0,7,calibration,2,square,0.44999999999999996,0,calibration
2.175915600033477,132,-733.0,-74.0,0.0,False,263.21223272355644,-158.82275812772627,-186.73666923170123,88.79162925820833,0.0,7,calibration,2,square,0.44999999999999996,0,calibration
2.1920119000133127,133,-726.0,-74.0,7.0,True,281.67731443435633,-157.6069669616661,-195.1539352439497,71.50546061840991,10.049425595683,7,calibration,2,square,0.44999999999999996,0,calibration
2.2090065999655053,134,-659.0,-41.0,20.0,True,299.16086324773414,-152.52922668758433,-203.39071143322317,54.582878950431166,35.49240445610891,7,calibration,2,square,0.44999999999999996,0,calibration
2.2262030000565574,135,-524.0,30.0,20.0,True,315.7989395265525,-146.08923035242634,-211.19499639398882,37.793140813402914,35.77157786231745,7,calibration,2,square,0.44999999999999996,0,calibration
2.2426697000628337,136,-400.0,99.0,20.0,True,332.4354328858201,-138.8641854093631,-218.04968296464781,22.86192178545882,36.03339447225669,7,calibration,2,square,0.44999999999999996,0,calibration
2.2586072999984026,137,-200.0,186.0,20.0,True,349.78198646242186,-131.5625264200636,-224.29163772307126,9.788678806052497,35.10002617288698,7,calibration,2,square,0.44999999999999996,0,calibration
2.276138999965042,138,-126.0,212.0,20.0,True,368.22070794461285,-124.13151079504598,-230.0216077047273,-1.9098653496036313,34.233474372434,7,calibration,2,square,0.44999999999999996,0,calibration
2.291872199974023,139,175.0,307.0,20.0,True,383.0158290585947,-115.32074700832176,-235.6336043696905,-12.740929308249584,34.06505973093338,7,calibration,2,square,0.44999999999999996,0,calibration
2.3093684000195935,140,247.0,321.0,20.0,True,386.21188220901166,-104.11715536150841,-240.49219214281075,-22.22529140682184,32.045121844855906,7,calibration,2,square,0.44999999999999996,0,calibration
2.326104099978693,141,426.0,338.0,20.0,True,388.83188293688534,-93.86035804191404,-245.06539024125846,-31.633326514507175,29.65062070447228,7,calibration,2,square,0.44999999999999996,0,calibration
2.3422267000423744,142,546.0,336.0,20.0,True,391.08399471164,-83.9839810939321,-249.89654389208306,-41.455832158427555,26.966083079651966,7,calibration,2,square,0.44999999999999996,0,calibration
2.3591235000640154,143,590.0,331.0,20.0,True,392.9883657253488,-74.56637583066184,-255.9760941269953,-51.873820737657155,25.605342187186242,7,calibration,2,square,0.44999999999999996,0,calibration
2.3756117000011727,144,613.0,327.0,20.0,True,394.7239150063038,-64.75361705801659,-262.72420559448926,-61.14158698969931,25.59067110282915,7,calibration,2,square,0.44999999999999996,0,calibration
2.3923901000525802,145,627.0,324.0,14.317821063276353,True,396.32500741871877,-54.0970285186951,-269.9940921463623,-69.61432007264418,18.09978189728153,7,calibration,2,square,0.44999999999999996,0,calibration
2.4090482000028715,146,630.0,323.0,3.1622776601683795,True,397.647154135472,-43.32136664465006,-277.504155708363,-77.60957339181603,3.569970384755308,7,calibration,2,square,0.44999999999999996,0,calibration
2.4252511999802664,147,630.0,323.0,0.0,False,399.13191184872306,-26.3385068670031,-285.2305194537,-84.79422974438671,0.0,7,calibration,2,square,0.44999999999999996,0,calibration
2.4423270999686792,148,632.0,323.0,2.0,True,399.7898902808626,-12.96316432109933,-292.9383088254905,-91.204300097773,2.984185694021831,7,calibration,2,square,0.44999999999999996,0,calibration
2.4599187000421807,149,632.0,322.0,1.0,True,399.9989884348679,-0.8995838384386368,-300.74146836266937,-96.76218160457968,-1.2249583824914416,7,calibration,2,square,0.44999999999999996,0,calibration
2.4760572999948636,150,632.0,322.0,0.0,False,399.68608497180145,15.844036099236595,-308.83983586430537,-101.4226719310202,0.0,7,calibration,2,square,0.44999999999999996,0,calibration
2.4927410000236705,151,632.0,322.0,0.0,False,398.6294251380004,33.0844588008835,-317.0938918348155,-105.16634199282959,0.0,7,calibration,2,square,0.44999999999999996,0,calibration
2.5086994000012055,152,632.0,322.0,0.0,False,396.9576457908265,49.24050617331915,-325.53363898936703,-107.98566995702713,0.0,7,calibration,2,square,0.44999999999999996,0,calibration
2.5257270999718457,153,632.0,322.0,0.0,False,394.88865230751884,63.74129178759632,-335.271888939046,-110.72296843708004,0.0,7,calibration,2,square,0.44999999999999996,0,calibration
2.5427070000441745,154,632.0,322.0,0.0,False,392.49129963561114,77.14000071525072,-346.31495246152497,-113.47985464768632,0.0,7,calibration,2,square,0.44999999999999996,0,calibration
2.5594325000420213,155,632.0,322.0,0.0,False,390.0957885583536,88.46058867674498,-358.5884036717479,-116.49471034133224,0.0,7,calibration,2,square,0.44999999999999996,0,calibration
2.57637440005783,156,632.0,322.0,0.0,False,387.7865656025256,98.08965051522054,-371.32650407646156,-119.1671697748208,0.0,7,calibration,2,square,0.44999999999999996,0,calibration
2.59257360000629,157,632.0,322.0,0.0,False,385.12004047477757,105.35723941162411,-381.4717252553958,-120.33005788526742,0.0,7,calibration,2,square,0.44999999999999996,0,calibration
2.6085898999590427,158,633.0,322.0,1.0,True,383.9495676117378,112.17276643980743,-382.22314502566195,-117.92144591503202,1.1456823973089023,7,calibration,2,square,0.44999999999999996,0,calibration
2.626295799971558,159,633.0,322.0,0.0,False,379.036163583549,118.11290365718787,-383.1131516293403,-114.99701321614444,0.0,7,calibration,2,square,0.44999999999999996,0,calibration
2.642383800004609,160,633.0,322.0,0.0,False,372.19365760791806,122.77775731282316,-384.03648296530656,-111.87483967200929,0.0,7,calibration,2,square,0.44999999999999996,0,calibration
2.6591285000322387,161,633.0,322.0,0.0,False,363.96778284585736,125.99571383096966,-384.9291395369466,-108.7637694057443,0.0,7,calibration,2,square,0.44999999999999996,0,calibration
2.676587300025858,162,633.0,322.0,0.0,False,354.2616150973702,128.07990812771405,-385.7680113598317,-105.74990029064202,0.0,7,calibration,2,square,0.44999999999999996,0,calibration
2.6927502000471577,163,633.0,322.0,0.0,False,342.3427867635295,129.8554353248642,-386.5466066617563,-102.86749184402935,0.0,7,calibration,2,square,0.44999999999999996,0,calibration
2.7095216000452638,164,633.0,322.0,0.0,False,329.5242349393468,132.2882266016703,-387.27723975511253,-100.08166449285855,0.0,7,calibration,2,square,0.44999999999999996,0,calibration
2.725794499972835,165,633.0,322.0,0.0,False,315.61805380751616,135.42454880308787,-388.0494730930838,-97.04435291236696,0.0,7,calibration,2,square,0.44999999999999996,0,calibration
2.7422307999804616,166,633.0,322.0,0.0,False,300.1085605880394,138.90180452746583,-388.85221312062777,-93.7760969074202,0.0,7,calibration,2,square,0.44999999999999996,0,calibration
2.7603338999906555,167,633.0,322.0,0.0,False,283.4729507880635,141.98327821836736,-389.6815849102611,-90.26772613634954,0.0,7,calibration,2,square,0.44999999999999996,0,calibration
2.776018699980341,168,633.0,322.0,0.0,False,266.43701837622456,144.28915813786773,-390.37817495851,-87.20596605773589,0.0,7,calibration,2,square,0.44999999999999996,0,calibration
2.7928529999917373,169,633.0,322.0,0.0,False,250.11421397870703,145.76892758033534,-390.93649490517237,-84.66792161886426,0.0,7,calibration,2,square,0.44999999999999996,0,calibration
2.8096727000083774,170,318.0,269.0,20.0,True,234.66113946513536,145.28694172068452,-391.38335722604756,-82.57764640911019,0.03479848855491463,7,calibration,2,square,0.44999999999999996,0,calibration
2.826056099962443,171,318.0,269.0,0.0,False,220.56774924323892,145.17112920470578,-391.6962130709804,-81.08067997897616,0.0,7,calibration,2,square,0.44999999999999996,0,calibration
2.842377500026487,172,-37.0,209.0,20.0,True,208.48811193853126,144.20949233680508,-391.9086891543256,-80.04735701656979,-0.0043733971328929755,7,calibration,2,square,0.44999999999999996,0,calibration
2.860207000048831,173,-217.0,172.0,20.0,True,197.82545024931747,142.5277737779947,-391.87980950685505,-80.1886207692272,-0.018749843263556887,7,calibration,2,square,0.44999999999999996,0,calibration
2.8757600999670103,174,-383.0,124.0,20.0,True,187.83809635839452,139.73176140031308,-391.6938650795876,-81.0920221662637,0.013741764392143363,7,calibration,2,square,0.44999999999999996,0,calibration
2.892653699964285,175,-587.0,61.0,20.0,True,178.4049855071593,136.19008938445876,-391.39030269779676,-82.54472093433402,0.05581419940707377,7,calibration,2,square,0.44999999999999996,0,calibration
2.9098455000203103,176,-684.0,38.0,20.0,True,169.28018564455928,132.30526858953124,-391.0456492162508,-84.16234448398465,0.09320803872089112,7,calibration,2,square,0.44999999999999996,0,calibration
2.92616250005085,177,-751.0,25.0,20.0,True,160.99373147997275,128.2292214409954,-390.61137819534713,-86.15538999001436,0.14817718792492718,7,calibration,2,square,0.44999999999999996,0,calibration
2.9426851000171155,178,-769.0,24.0,18.027756377319946,True,152.48016270994114,123.36137146359559,-389.7575531518921,-89.93914476494649,1.1429472290500142,7,calibration,2,square,0.44999999999999996,0,calibration
2.9591485999990255,179,-778.0,22.0,9.219544457292887,True,144.68581555599906,117.28328640420999,-388.5916337415282,-94.85010377479847,0.20216377122057033,7,calibration,2,square,0.44999999999999996,0,calibration
2.976182200014591,180,-782.0,21.0,4.123105625617661,True,137.39249525793502,110.45743961957596,-387.10783453272546,-100.73492166763248,0.008874552122028279,7,calibration,2,square,0.44999999999999996,0,calibration
2.9921073999721557,181,-785.0,21.0,3.0,True,130.40470366998176,103.98540004768086,-385.5673259705849,-106.47928035018259,0.05549366091251362,7,calibration,2,square,0.44999999999999996,0,calibration
0.0009299999801442027,1,221.0,69.0,20.0,True,299.68697205087574,-6.317126563879562,-301.0223279671774,3.8204848850448125,7.721131789043611,8,calibration,2,dot,0.44999999999999996,0,calibration
0.005778099992312491,2,221.0,69.0,0.0,False,299.08760234829,-19.947668436302312,-308.37652101545916,6.770875753313131,0.0,8,calibration,2,dot,0.44999999999999996,0,calibration
0.022354200016707182,3,270.0,85.0,20.0,True,299.21349012135914,-36.41983864075203,-312.777017273655,13.71687730211881,1.1320455335402873,8,calibration,2,dot,0.44999999999999996,0,calibration
0.03895770001690835,4,420.0,123.0,20.0,True,301.2865203804047,-54.545362011253566,-316.9779654673009,20.41453015230052,-3.464190404492248,8,calibration,2,dot,0.44999999999999996,0,calibration
0.05624199996236712,5,516.0,146.0,20.0,True,305.61378028875316,-73.5721262441238,-320.84897975533283,26.18036137861232,-6.741974707939235,8,calibration,2,dot,0.44999999999999996,0,calibration
0.0722976999823004,6,616.0,167.0,20.0,True,312.3609530456623,-91.84258519081646,-324.9396825604857,31.37590254901652,-11.803532931989796,8,calibration,2,dot,0.44999999999999996,0,calibration
0.08934040006715804,7,710.0,182.0,20.0,True,320.69665650278927,-108.43952876387871,-330.9606834623053,35.235722381271565,-20.9739003003774,8,calibration,2,dot,0.44999999999999996,0,calibration
0.10614419996272773,8,843.0,199.0,20.0,True,330.45788069900624,-124.23407628795557,-338.4625171439139,34.338334378741145,-28.27178284739844,8,calibration,2,dot,0.44999999999999996,0,calibration
0.12272169999778271,9,924.0,208.0,20.0,True,341.6024897784005,-138.59644174720947,-342.87787700882177,27.8089480618406,-23.405479020948654,8,calibration,2,dot,0.44999999999999996,0,calibration
0.1385325000155717,10,924.0,208.0,0.0,False,353.9113767864922,-151.80363392191663,-350.41691796285477,21.822211751906305,0.0,8,calibration,2,dot,0.44999999999999996,0,calibration
0.1556434000376612,11,924.0,208.0,0.0,False,365.36914995417914,-162.80474274959124,-359.368160272986,13.593781848980248,0.0,8,calibration,2,dot,0.44999999999999996,0,calibration
0.1721689000260085,12,924.0,208.0,0.0,False,363.7948901403913,-166.2927476101727,-369.249371650984,2.2348549781641083,0.0,8,calibration,2,dot,0.44999999999999996,0,calibration
0.1894913000287488,13,924.0,208.0,0.0,False,362.7477505170524,-168.5647338407957,-378.89235892444185,-11.804674668236343,0.0,8,calibration,2,dot,0.44999999999999996,0,calibration
0.20555870002135634,14,924.0,208.0,0.0,False,362.1294688675478,-169.88892776666688,-387.22347711089776,-27.19238005301871,0.0,8,calibration,2,dot,0.44999999999999996,0,calibration
0.22246229997836053,15,924.0,208.0,0.0,False,361.5766735775115,-171.06229603457834,-393.36207899381486,-42.29712890355458,0.0,8,calibration,2,dot,0.44999999999999996,0,calibration
0.23917259997688234,16,924.0,208.0,0.0,False,360.97852266676875,-172.32093945112152,-395.98715219314465,-56.51703546686863,0.0,8,calibration,2,dot,0.44999999999999996,0,calibration
0.25596059998497367,17,924.0,208.0,0.0,False,360.2023713841899,-173.9374935119111,-393.8794577468451,-69.70633231673632,0.0,8,calibration,2,dot,0.44999999999999996,0,calibration
0.2722096999641508,18,924.0,208.0,0.0,False,359.3214353559538,-175.75012402196785,-391.0575270901301,-84.10713707024024,0.0,8,calibration,2,dot,0.44999999999999996,0,calibration
0.28916569997090846,19,924.0,208.0,0.0,False,358.2609025466844,-177.9020115300416,-387.55307150022793,-99.00816517206675,0.0,8,calibration,2,dot,0.44999999999999996,0,calibration
0.306137099978514,20,924.0,208.0,0.0,False,357.2802370092515,-179.86337104205822,-383.3580221792821,-114.17804881319806,0.0,8,calibration,2,dot,0.44999999999999996,0,calibration
0.32265230000484735,21,924.0,208.0,0.0,False,356.384403480608,-181.63192713774524,-378.81556708212923,-128.4475228887066,0.0,8,calibration,2,dot,0.44999999999999996,0,calibration
0.3391862000571564,22,924.0,208.0,0.0,False,355.55051875806305,-183.2589114091652,-373.6823617638696,-142.22698906976788,0.0,8,calibration,2,dot,0.44999999999999996,0,calibration
0.35584910004399717,23,924.0,208.0,0.0,False,354.51188686361724,-185.2601470160214,-367.62603772239237,-155.77421117853208,0.0,8,calibration,2,dot,0.44999999999999996,0,calibration
0.3724153999937698,24,924.0,208.0,0.0,False,353.3986512308643,-187.3750071599891,-360.65628689065557,-169.32702467245463,0.0,8,calibration,2,dot,0.44999999999999996,0,calibration
0.38871920004021376,25,924.0,208.0,0.0,False,352.2205720166388,-189.58024329626687,-352.59791663796125,-182.43427551546077,0.0,8,calibration,2,dot,0.44999999999999996,0,calibration
0.4055830000434071,26,924.0,208.0,0.0,False,351.1468731369071,-191.5616701904974,-344.0977245786214,-195.01713850481332,0.0,8,calibration,2,dot,0.44999999999999996,0,calibration
0.42222389997914433,27,924.0,208.0,0.0,False,349.884587182823,-193.8576169561194,-335.0588178868421,-206.87788256240623,0.0,8,calibration,2,dot,0.44999999999999996,0,calibration
0.4386755999876186,28,959.0,261.0,20.0,True,348.3586078896265,-196.5865720470283,-321.5573193240951,-210.01510558288018,7.960691840803662,8,calibration,2,dot,0.44999999999999996,0,calibration
0.4554647000040859,29,891.0,268.0,20.0,True,346.57509995844117,-199.7140457974764,-321.0918821602962,-222.14900111914187,14.017897359314581,8,calibration,2,dot,0.44999999999999996,0,calibration
0.4720910000614822,30,769.0,259.0,20.0,True,344.64320971117587,-203.02969733509042,-322.28243657689166,-236.9262144087518,18.240629268442035,8,calibration,2,dot,0.44999999999999996,0,calibration
0.48902790003921837,31,682.0,245.0,20.0,True,342.5637842462199,-206.51889434845742,-315.11560607337935,-246.37807290626907,17.9109414520997,8,calibration,2,dot,0.44999999999999996,0,calibration
0.5061134999850765,32,599.0,228.0,20.0,True,340.19666363649577,-210.39541356834988,-307.4243966672178,-255.91061004537715,16.0781296009262,8,calibration,2,dot,0.44999999999999996,0,calibration
0.523239600006491,33,476.0,204.0,20.0,True,337.4296249696543,-214.8051400521842,-300.3405861883623,-264.1884408675574,13.002544293776374,8,calibration,2,dot,0.44999999999999996,0,calibration
0.5388109000632539,34,392.0,188.0,20.0,True,334.1791080789297,-219.82794118030355,-294.25423924017366,-270.9509968411016,9.854824808761142,8,calibration,2,dot,0.44999999999999996,0,calibration
0.55559440003708,35,281.0,165.0,20.0,True,330.4880579434581,-225.33895259533236,-289.1873363880501,-276.3524642061018,7.837857528961071,8,calibration,2,dot,0.44999999999999996,0,calibration
0.5721852000569925,36,209.0,149.0,20.0,True,326.2952132518844,-231.36861024976417,-285.1021498182474,-280.56508009553437,5.748357038953406,8,calibration,2,dot,0.44999999999999996,0,calibration
0.5891173999989405,37,91.0,116.0,20.0,True,321.63418450940594,-237.80549059046015,-281.66404951320726,-284.0164840494677,3.4047311022877635,8,calibration,2,dot,0.44999999999999996,0,calibration
0.6060605000238866,38,23.0,101.0,20.0,True,316.1292840419338,-245.07606119556917,-279.17699835997576,-286.4615220002751,1.2298229944275696,8,calibration,2,dot,0.44999999999999996,0,calibration
0.6226074000587687,39,-21.0,92.0,20.0,True,309.7128892239708,-253.1361812316453,-277.4992310209026,-288.0870992995135,-1.0804728135858266,8,calibration,2,dot,0.44999999999999996,0,calibration
0.6388822000008076,40,-55.0,85.0,20.0,True,301.5528070088608,-261.0990046069588,-276.36185381814846,-289.1783632193051,-3.0183228876033463,8,calibration,2,dot,0.44999999999999996,0,calibration
0.6558286000508815,41,-98.0,79.0,20.0,True,291.34431820695914,-267.65326794431024,-275.6720780484151,-289.83599739243664,-4.5254453338827165,8,calibration,2,dot,0.44999999999999996,0,calibration
0.6722745000151917,42,-119.0,76.0,20.0,True,279.42719586166106,-272.20481245206514,-275.61117199638255,-289.89391485641846,-3.982186477957652,8,calibration,2,dot,0.44999999999999996,0,calibration
0.6902744000544772,43,-132.0,73.0,13.341664064126334,True,265.26920148099083,-274.8462493771757,-276.12189090046036,-289.407500534375,-1.4774844479168436,8,calibration,2,dot,0.44999999999999996,0,calibration
0.705865400028415,44,-149.0,70.0,17.26267650163207,True,249.01224742446374,-275.78342134363993,-277.5120534349171,-288.0747475887738,-1.1927211246590002,8,calibration,2,dot,0.44999999999999996,0,calibration
0.7229497999651358,45,-152.0,69.0,3.1622776601683795,True,230.56326598282467,-275.2870045807238,-279.10112062596795,-286.5354506257976,0.09832245409118016,8,calibration,2,dot,0.44999999999999996,0,calibration
0.7388166000600904,46,-163.0,65.0,11.704699910719626,True,210.69911836168038,-273.37125823861606,-281.2511928216471,-284.4253268195374,0.9684706036482374,8,calibration,2,dot,0.44999999999999996,0,calibration
0.7554271999979392,47,-163.0,65.0,0.0,False,190.08470111443629,-269.79879129182586,-283.603643640615,-282.07972864735785,0.0,8,calibration,2,dot,0.44999999999999996,0,calibration
0.7726320000365376,48,-169.0,64.0,6.082762530298219,True,169.01996108644965,-264.18592255326695,-287.56385634618556,-278.0414151224783,0.47986667334190614,8,calibration,2,dot,0.44999999999999996,0,calibration
0.7888759999768808,49,-170.0,64.0,1.0,True,147.97084956862278,-256.47670297814625,-292.35036715450747,-273.0041443359875,0.049035748400294565,8,calibration,2,dot,0.44999999999999996,0,calibration
0.8056163999717683,50,-172.0,64.0,2.0,True,127.19503101755015,-247.2503272154465,-297.4270191967809,-267.46433080266553,0.16641801775128484,8,calibration,2,dot,0.44999999999999996,0,calibration
0.8226653999881819,51,-173.0,64.0,1.0,True,107.23626671746857,-236.59712733414963,-302.40464387360015,-261.823282699765,0.11730250876478177,8,calibration,2,dot,0.44999999999999996,0,calibration
0.8389371000230312,52,-174.0,64.0,1.0,True,89.49944265655965,-225.35423637690067,-307.3408083944204,-256.01099096613837,0.15537329268734557,8,calibration,2,dot,0.44999999999999996,0,calibration
0.8557284000562504,53,-174.0,64.0,0.0,False,74.5893351889423,-214.04395012006543,-312.46607032657994,-249.72976373405072,0.0,8,calibration,2,dot,0.44999999999999996,0,calibration
0.8730178000405431,54,-172.0,64.0,2.0,True,63.01852345674351,-203.45565334240953,-319.6543192845722,-240.46021742216897,0.089991743748149,8,calibration,2,dot,0.44999999999999996,0,calibration
0.8892900999635458,55,-154.0,69.0,18.681541692269406,True,53.463597920904036,-192.9705532978067,-323.6940806233536,-230.07009126637655,6.56573309226922,8,calibration,2,dot,0.44999999999999996,0,calibration
0.9058673999970779,56,-45.0,117.0,20.0,True,44.64106777358148,-181.97124832448256,-325.2336645911515,-220.9465673758915,10.067240859186256,8,calibration,2,dot,0.44999999999999996,0,calibration
0.9223790999967605,57,58.0,168.0,20.0,True,36.141894857942624,-170.92575868823886,-324.75353709860616,-214.14870259947023,14.012004314981967,8,calibration,2,dot,0.44999999999999996,0,calibration
0.9392378999618813,58,160.0,220.0,20.0,True,27.828197156490752,-159.66250906951356,-322.37237495693637,-207.54919318819248,17.865104081108125,8,calibration,2,dot,0.44999999999999996,0,calibration
0.9554777999874204,59,272.0,261.0,20.0,True,20.06298058744011,-147.14268268976332,-317.3342647310049,-199.76991310803126,20.036526503874907,8,calibration,2,dot,0.44999999999999996,0,calibration
0.9722190999891609,60,386.0,296.0,20.0,True,12.265098275503702,-132.71429067880493,-308.8218788718649,-190.11923070734696,20.975771482738953,8,calibration,2,dot,0.44999999999999996,0,calibration
0.9889212000416592,61,571.0,337.0,20.0,True,4.737369578526896,-116.3446075855093,-296.8906566707796,-179.02789314210304,21.474068011505384,8,calibration,2,dot,0.44999999999999996,0,calibration
1.0057412000605837,62,752.0,378.0,20.0,True,-2.536505409663561,-98.56103209262002,-282.2660460928804,-166.51471782540222,20.98849359600851,8,calibration,2,dot,0.44999999999999996,0,calibration
1.0226063000736758,63,876.0,406.0,20.0,True,-9.238132437397516,-78.39498992098572,-266.5245080877404,-153.53988177320008,19.828015704553774,8,calibration,2,dot,0.44999999999999996,0,calibration
1.0392033000243828,64,876.0,406.0,0.0,False,-15.415473354029416,-56.96073367089656,-255.24016475440163,-137.2468744627293,0.0,8,calibration,2,dot,0.44999999999999996,0,calibration
1.0569494999945164,65,876.0,406.0,0.0,False,-20.947394001918482,-34.84900794548686,-244.46396460809132,-121.9415969997223,0.0,8,calibration,2,dot,0.44999999999999996,0,calibration
1.0729144000215456,66,876.0,406.0,0.0,False,-25.534527231600805,-13.725404881532079,-233.00438659068064,-108.62056993521621,0.0,8,calibration,2,dot,0.44999999999999996,0,calibration
1.0890237999847159,67,876.0,406.0,0.0,False,-29.315526995165094,6.412598554795352,-217.4142207385588,-96.87961349794027,0.0,8,calibration,2,dot,0.44999999999999996,0,calibration
1.105867400066927,68,876.0,406.0,0.0,False,-32.38037577378047,25.381610942420764,-198.1124040353173,-87.63539936944001,0.0,8,calibration,2,dot,0.44999999999999996,0,calibration
1.1223352999659255,69,876.0,406.0,0.0,False,-34.98102301507876,43.30343237469653,-176.12853051676126,-80.95549456074014,0.0,8,calibration,2,dot,0.44999999999999996,0,calibration
1.1388527000090107,70,876.0,406.0,0.0,False,-37.19463438582622,60.808623436461616,-154.32402630280333,-76.99885190932167,0.0,8,calibration,2,dot,0.44999999999999996,0,calibration
1.1561152000213042,71,876.0,406.0,0.0,False,-39.10146672063287,78.36118101064602,-132.6199611843207,-74.82539678983633,0.0,8,calibration,2,dot,0.44999999999999996,0,calibration
1.1726734000258148,72,876.0,406.0,0.0,False,-40.63555494593686,95.96860986912334,-110.58666571877617,-73.25610846277871,0.0,8,calibration,2,dot,0.44999999999999996,0,calibration
1.1893562000477687,73,876.0,406.0,0.0,False,-41.75568913980331,113.94181497595086,-88.73717882391577,-72.08024674344672,0.0,8,calibration,2,dot,0.44999999999999996,0,calibration
1.205764300073497,74,876.0,406.0,0.0,False,-42.75276925598712,132.35724111908166,-67.6626857641659,-71.07847798289396,0.0,8,calibration,2,dot,0.44999999999999996,0,calibration
1.2229137000394985,75,876.0,406.0,0.0,False,-44.17508483036085,150.52462395871282,-47.37348871203032,-70.6098154849432,0.0,8,calibration,2,dot,0.44999999999999996,0,calibration
1.2395291000138968,76,876.0,406.0,0.0,False,-46.62827902286581,167.19687501879224,-26.811101898684928,-70.14323792562037,0.0,8,calibration,2,dot,0.44999999999999996,0,calibration
1.2558471000520512,77,876.0,406.0,0.0,False,-49.976545962166945,181.68612831415626,-3.719015007069949,-68.71069964853235,0.0,8,calibration,2,dot,0.44999999999999996,0,calibration
1.2726226999657229,78,876.0,406.0,0.0,False,-53.67812325509071,194.54209144493936,18.699745653926012,-66.00290503446674,0.0,8,calibration,2,dot,0.44999999999999996,0,calibration
1.2892880999715999,79,876.0,406.0,0.0,False,-56.885204275529304,206.34877332516479,42.337698874296706,-61.26665169186427,0.0,8,calibration,2,dot,0.44999999999999996,0,calibration
1.3059120000107214,80,876.0,406.0,0.0,False,-59.75080556980113,217.41094242783566,64.83376084720992,-55.22507699346635,0.0,8,calibration,2,dot,0.44999999999999996,0,calibration
1.3223884999752045,81,876.0,406.0,0.0,False,-62.730824792612935,227.90080468761528,88.84793514437362,-48.42160966125291,0.0,8,calibration,2,dot,0.44999999999999996,0,calibration
1.3390990999760106,82,876.0,406.0,0.0,False,-66.34427750929217,237.67957471582326,110.89465462074878,-41.56941087403509,0.0,8,calibration,2,dot,0.44999999999999996,0,calibration
1.3558439000044018,83,876.0,406.0,0.0,False,-70.28639899450395,246.28688878195092,130.7302370878014,-34.09288927399204,0.0,8,calibration,2,dot,0.44999999999999996,0,calibration
1.3732200000667945,84,876.0,406.0,0.0,False,-74.08768706172405,253.8030198764535,149.58039503674468,-24.97469533486553,0.0,8,calibration,2,dot,0.44999999999999996,0,calibration
1.3892557000508532,85,876.0,406.0,0.0,False,-77.70171521994625,261.01592250133035,168.50824408919462,-13.695578212260974,0.0,8,calibration,2,dot,0.44999999999999996,0,calibration
1.4056224999949336,86,876.0,406.0,0.0,False,-81.4867815716024,268.37883986038327,189.0354669578465,-0.41308040685087555,0.0,8,calibration,2,dot,0.44999999999999996,0,calibration
1.4221830000169575,87,876.0,406.0,0.0,False,-85.85054285840738,276.3032301122998,211.64563404248096,14.65682314732445,0.0,8,calibration,2,dot,0.44999999999999996,0,calibration
1.4391887000529096,88,771.0,429.0,20.0,True,-90.98145229345768,284.23558043579465,217.52583048123245,41.731631807522135,-14.16848302888212,8,calibration,2,dot,0.44999999999999996,0,calibration
1.4555197999579832,89,601.0,405.0,20.0,True,-96.81650935918957,292.07652024651406,220.45604206157807,71.99983302207391,-14.271029194905406,8,calibration,2,dot,0.44999999999999996,0,calibration
1.4722339999862015,90,423.0,359.0,20.0,True,-103.5531015591108,299.65687317487556,223.50440516514803,101.67936972498029,-16.078922898802794,8,calibration,2,dot,0.44999999999999996,0,calibration
1.490021500037983,91,168.0,286.0,20.0,True,-110.89330485257408,306.9907753892827,228.36252337300994,130.47455744100455,-18.33773112676351,8,calibration,2,dot,0.44999999999999996,0,calibration
1.5056785000488162,92,-19.0,236.0,20.0,True,-118.56886051846486,313.8929121615353,234.1444669646443,157.4480034144104,-20.013529519515085,8,calibration,2,dot,0.44999999999999996,0,calibration
1.5226604000199586,93,-103.0,216.0,20.0,True,-126.11520151557734,319.70206040889957,241.7042129197328,181.59908389768432,-22.824380665381476,8,calibration,2,dot,0.44999999999999996,0,calibration
1.5391085000010207,94,-162.0,201.0,20.0,True,-134.1652633521456,324.6086087436097,249.70421201089172,202.23117075514298,-25.58867665539364,8,calibration,2,dot,0.44999999999999996,0,calibration
1.5560901999706402,95,-183.0,195.0,20.0,True,-142.48488435050422,328.63508656259523,258.81728676348644,219.6808679912623,-28.68867046812771,8,calibration,2,dot,0.44999999999999996,0,calibration
1.573051100014709,96,-194.0,194.0,11.045361017187261,True,-151.38212969474728,332.2162535252043,263.20079006237927,236.64127362932976,-13.551765139145903,8,calibration,2,dot,0.44999999999999996,0,calibration
1.589405499980785,97,-198.0,194.0,4.0,True,-160.290950111058,335.06337131888705,264.79789347334935,251.80224614513833,-4.229209793637483,8,calibration,2,dot,0.44999999999999996,0,calibration
1.6060751000186428,98,-200.0,194.0,2.0,True,-169.71988048154833,337.1976434378545,264.379515669114,264.7861280590369,-1.8862401501726733,8,calibration,2,dot,0.44999999999999996,0,calibration
1.6230752000119537,99,-200.0,193.0,1.0,True,-179.59766222167352,338.44291170784743,273.1395437445588,266.50014545370124,-0.06694468332945319,8,calibration,2,dot,0.44999999999999996,0,calibration
1.6389827000675723,100,-201.0,193.0,1.0,True,-189.3779899330559,338.558902417374,272.13822604549046,274.1412975531576,-0.8699977765189182,8,calibration,2,dot,0.44999999999999996,0,calibration
1.6553636000026017,101,-201.0,192.0,1.0,True,-198.3479424977046,336.992855791206,278.06602109448875,278.88888264332866,-0.797110991602036,8,calibration,2,dot,0.44999999999999996,0,calibration
1.6720167000312358,102,-201.0,192.0,0.0,False,-205.65768487686702,333.80130773925896,279.0947201095832,286.5416849377302,0.0,8,calibration,2,dot,0.44999999999999996,0,calibration
1.6891258000396192,103,-202.0,192.0,1.0,True,-211.64089987304683,329.3499059599315,272.5604144323846,292.7641038181538,-0.2391753442187523,8,calibration,2,dot,0.44999999999999996,0,calibration
1.7054387000389397,104,-202.0,192.0,0.0,False,-216.91051229080108,323.94773680251484,265.33063614242474,299.33201219424603,0.0,8,calibration,2,dot,0.44999999999999996,0,calibration
1.7226083000423387,105,-202.0,192.0,0.0,False,-221.9459406671824,317.695460639105,256.0385517941122,307.31784848129746,0.0,8,calibration,2,dot,0.44999999999999996,0,calibration
1.7395050000632182,106,-202.0,192.0,0.0,False,-226.75682887203612,310.6815679621805,243.75586778928678,317.1483515932122,0.0,8,calibration,2,dot,0.44999999999999996,0,calibration
1.755468099960126,107,-202.0,192.0,0.0,False,-231.27462418979172,303.37511184708853,228.61809927000255,328.2282204292788,0.0,8,calibration,2,dot,0.44999999999999996,0,calibration
1.7726204000646248,108,-202.0,192.0,0.0,False,-235.81260392237175,295.8463659802971,210.68035538038376,340.02027565543085,0.0,8,calibration,2,dot,0.44999999999999996,0,calibration
1.7893046999815851,109,-202.0,192.0,0.0,False,-240.52169309194258,287.60311083150475,191.34407241218625,351.2654921177428,0.0,8,calibration,2,dot,0.44999999999999996,0,calibration
1.8058367000194266,110,-202.0,192.0,0.0,False,-245.22359673552495,278.0896902170916,171.75510181381006,361.2480934218584,0.0,8,calibration,2,dot,0.44999999999999996,0,calibration
1.822645700071007,111,-199.0,192.0,3.0,True,-249.2159018037295,267.5677717165891,158.16262949917146,367.4024804351596,-0.21894550695701254,8,calibration,2,dot,0.44999999999999996,0,calibration
1.83908419997897,112,-154.0,210.0,20.0,True,-252.00008046941778,256.7443809581587,145.08625068416376,372.75994938084744,10.025166076345355,8,calibration,2,dot,0.44999999999999996,0,calibration
1.8554602999938652,113,3.0,280.0,20.0,True,-253.505413057219,246.090292537491,132.12339977914064,377.5492116675671,7.127698119293603,8,calibration,2,dot,0.44999999999999996,0,calibration
1.8722027000039816,114,149.0,345.0,20.0,True,-254.13845347391148,235.20358902290036,117.97814750168084,382.2056471483273,0.6444367900398495,8,calibration,2,dot,0.44999999999999996,0,calibration
1.8888600000645965,115,308.0,399.0,20.0,True,-254.38125242194624,223.84748277893297,103.62202848946221,382.16920727734373,-12.118913996025992,8,calibration,2,dot,0.44999999999999996,0,calibration
1.9052835999755189,116,551.0,462.0,20.0,True,-254.47047901419688,212.08347597618808,93.9771757722654,370.724430669151,-11.147995763271933,8,calibration,2,dot,0.44999999999999996,0,calibration
1.9230235000140965,117,715.0,495.0,20.0,True,-254.46157132023373,199.94268222846478,86.99250753753049,355.683220240508,-7.905339656676817,8,calibration,2,dot,0.44999999999999996,0,calibration
1.9397237000521272,118,932.0,523.0,20.0,True,-254.18315361171216,187.35869147252095,79.5593386423696,338.9457178115043,-8.269887421704059,8,calibration,2,dot,0.44999999999999996,0,calibration
1.9564203000627458,119,932.0,523.0,0.0,False,-253.3125244684941,174.2683461539937,62.97070932961398,331.9765414394452,0.0,8,calibration,2,dot,0.44999999999999996,0,calibration
1.9727187000680715,120,932.0,523.0,0.0,False,-251.58052294498438,160.64431371019788,44.60449007616054,328.664266607903,0.0,8,calibration,2,dot,0.44999999999999996,0,calibration
1.989026700030081,121,932.0,523.0,0.0,False,-248.79935897182378,146.61960684888376,26.738289580620602,326.4935468005333,0.0,8,calibration,2,dot,0.44999999999999996,0,calibration
2.005961999995634,122,932.0,523.0,0.0,False,-244.8012387964856,132.5885763985747,11.13111068903881,323.67193015343094,0.0,8,calibration,2,dot,0.44999999999999996,0,calibration
2.022577999974601,123,932.0,523.0,0.0,False,-239.60208203860284,119.47038332152938,-2.05988063910282,319.11070539890363,0.0,8,calibration,2,dot,0.44999999999999996,0,calibration
2.039318999974057,124,932.0,523.0,0.0,False,-233.73454775664598,108.06775292444112,-12.499457327061025,313.08038496669684,0.0,8,calibration,2,dot,0.44999999999999996,0,calibration
2.0560276999603957,125,932.0,523.0,0.0,False,-227.56625722355483,98.74957669527069,-20.014246099790753,306.17787648016036,0.0,8,calibration,2,dot,0.44999999999999996,0,calibration
2.073811099980958,126,932.0,523.0,0.0,False,-220.93146947085728,91.13214203184064,-24.811294550077722,299.3633962589944,0.0,8,calibration,2,dot,0.44999999999999996,0,calibration
2.089153900044039,127,932.0,523.0,0.0,False,-213.56519138321156,84.46746016422102,-28.31832097708723,291.35667875370535,0.0,8,calibration,2,dot,0.44999999999999996,0,calibration
2.106232100049965,128,932.0,523.0,0.0,False,-205.56542003606683,78.26835895601957,-31.677993112116482,281.47934176925565,0.0,8,calibration,2,dot,0.44999999999999996,0,calibration
2.1226261999690905,129,932.0,523.0,0.0,False,-197.29460790362495,72.43497923318924,-35.04692192818607,269.7268306855278,0.0,8,calibration,2,dot,0.44999999999999996,0,calibration
2.1394109000684693,130,932.0,523.0,0.0,False,-188.71448032421515,67.18139730843325,-38.15231972057785,256.98093821117527,0.0,8,calibration,2,dot,0.44999999999999996,0,calibration
2.1555240000598133,131,932.0,523.0,0.0,False,-179.64118959482445,62.40330368608836,-40.833190483585504,244.19186415718008,0.0,8,calibration,2,dot,0.44999999999999996,0,calibration
2.1721591000678018,132,932.0,523.0,0.0,False,-169.7124703244627,57.83615450347486,-43.391997551652196,231.35559793216228,0.0,8,calibration,2,dot,0.44999999999999996,0,calibration
2.1888092999579385,133,932.0,523.0,0.0,False,-158.9107133892786,53.22361504942761,-45.634449480869655,219.14725172059698,0.0,8,calibration,2,dot,0.44999999999999996,0,calibration
2.20556759997271,134,932.0,523.0,0.0,False,-146.69328189808772,48.299594714771715,-47.33953454411449,207.47352296752783,0.0,8,calibration,2,dot,0.44999999999999996,0,calibration
2.2223090999759734,135,932.0,523.0,0.0,False,-132.84079790440413,43.107209984012194,-48.49227569210537,196.42179541394128,0.0,8,calibration,2,dot,0.44999999999999996,0,calibration
2.239677399978973,136,932.0,523.0,0.0,False,-117.27265466088413,37.588574035500194,-49.192885368198894,185.67474529797545,0.0,8,calibration,2,dot,0.44999999999999996,0,calibration
2.255868099979125,137,932.0,523.0,0.0,False,-99.88169078427327,31.889653286965803,-49.68348680881666,175.0517276887372,0.0,8,calibration,2,dot,0.44999999999999996,0,calibration
2.2730269000167027,138,932.0,523.0,0.0,False,-81.23594993216955,26.037607049086088,-49.62533792514135,164.10368453931432,0.0,8,calibration,2,dot,0.44999999999999996,0,calibration
2.2898821000708267,139,932.0,523.0,0.0,False,-61.290957378187095,20.082963615459143,-49.09411894046243,152.59627906906752,0.0,8,calibration,2,dot,0.44999999999999996,0,calibration
2.3069842000259086,140,932.0,523.0,0.0,False,-40.595218326019854,14.45355458931302,-48.34112392293208,141.26887110799476,0.0,8,calibration,2,dot,0.44999999999999996,0,calibration
2.3241948999930173,141,932.0,523.0,0.0,False,-18.911401321362327,9.110089098279404,-47.40628799484081,130.63749113680248,0.0,8,calibration,2,dot,0.44999999999999996,0,calibration
2.346539300051518,142,636.0,499.0,20.0,True,3.486492713076764,3.70790457443782,-51.03855567627287,122.13876498978796,28.320482278379888,8,calibration,2,dot,0.44999999999999996,0,calibration
2.35730070003774,143,529.0,480.0,20.0,True,26.050906553335732,-2.252549547379621,-55.02111412074097,113.56154859069481,29.61036891540818,8,calibration,2,dot,0.44999999999999996,0,calibration
2.3725975999841467,144,307.0,422.0,20.0,True,48.359339013664524,-8.785969618958955,-58.54134133069324,103.76049483359742,28.448472830000963,8,calibration,2,dot,0.44999999999999996,0,calibration
2.389627999975346,145,197.0,386.0,20.0,True,70.3500020613763,-15.593375550208439,-61.65969174076614,92.24148340763735,27.289828585497293,8,calibration,2,dot,0.44999999999999996,0,calibration
2.4056301000528038,146,-177.0,238.0,20.0,True,93.3603612139922,-23.479196048140953,-64.05684759549047,78.97407089847839,25.75504584617154,8,calibration,2,dot,0.44999999999999996,0,calibration
2.422563200001605,147,-239.0,216.0,20.0,True,117.61199034091982,-32.85754295121901,-66.05390621765629,64.9014067263452,24.437674278464453,8,calibration,2,dot,0.44999999999999996,0,calibration
2.4390827000606805,148,-358.0,177.0,20.0,True,141.65762232391813,-42.87899658584963,-67.83988136618603,51.093943727062914,23.76184483387948,8,calibration,2,dot,0.44999999999999996,0,calibration
2.456103599979542,149,-395.0,172.0,20.0,True,163.8229692761455,-52.441547413094995,-69.96940183865306,38.4191781701359,23.062824231677507,8,calibration,2,dot,0.44999999999999996,0,calibration
2.472232099971734,150,-412.0,172.0,17.0,True,183.792373099749,-61.24687888803617,-72.62935498014485,26.271311096901474,19.191202479053995,8,calibration,2,dot,0.44999999999999996,0,calibration
2.488889200030826,151,-415.0,172.0,3.0,True,202.41904438632582,-70.07910454300651,-75.21322088582258,15.076876617448836,3.3854140210924233,8,calibration,2,dot,0.44999999999999996,0,calibration
2.505722500034608,152,-417.0,172.0,2.0,True,219.64016765934997,-79.33767218749828,-77.81240944638537,5.036041650171345,2.2627575343182933,8,calibration,2,dot,0.44999999999999996,0,calibration
2.5220449999906123,153,-417.0,172.0,0.0,False,235.36870255826233,-89.19152325115017,-73.92361289292357,-2.9398541545013916,0.0,8,calibration,2,dot,0.44999999999999996,0,calibration
2.5388032000046223,154,-417.0,172.0,0.0,False,249.96862693718396,-99.58678807526442,-68.62750360326903,-11.737583375318636,0.0,8,calibration,2,dot,0.44999999999999996,0,calibration
2.555271700024605,155,-417.0,172.0,0.0,False,263.362072075538,-110.13311146889461,-62.0817412710617,-22.805488708529,0.0,8,calibration,2,dot,0.44999999999999996,0,calibration
2.5720406000036746,156,-417.0,172.0,0.0,False,275.0457248802724,-120.19455038691223,-55.9699506521752,-35.99425256005394,0.0,8,calibration,2,dot,0.44999999999999996,0,calibration
2.589055799995549,157,-417.0,172.0,0.0,False,284.79987748166394,-129.37529881802152,-50.184320188593816,-50.19057626878439,0.0,8,calibration,2,dot,0.44999999999999996,0,calibration
2.6055285000475124,158,-417.0,172.0,0.0,False,293.1874718683535,-138.0281141131017,-45.29153178700057,-64.51366080400736,0.0,8,calibration,2,dot,0.44999999999999996,0,calibration
2.6222841000417247,159,-417.0,172.0,0.0,False,300.39539187212733,-146.3743748124534,-40.866975308629506,-78.55699760510814,0.0,8,calibration,2,dot,0.44999999999999996,0,calibration
2.6386757000582293,160,-417.0,172.0,0.0,False,306.0344452171717,-154.2821044888474,-37.28830044063134,-91.41483089939601,0.0,8,calibration,2,dot,0.44999999999999996,0,calibration
2.6562418000539765,161,-417.0,172.0,0.0,False,309.6949498426441,-161.22132429307143,-34.60697922152706,-103.17532460851108,0.0,8,calibration,2,dot,0.44999999999999996,0,calibration
2.6723502000095323,162,-417.0,172.0,0.0,False,311.6103866866005,-167.1443365933731,-32.824885794402505,-113.29951879650378,0.0,8,calibration,2,dot,0.44999999999999996,0,calibration
2.6887206999817863,163,-417.0,172.0,0.0,False,312.44311724475705,-172.40574083821977,-31.84646889569555,-122.87949901752985,0.0,8,calibration,2,dot,0.44999999999999996,0,calibration
2.705675099976361,164,-417.0,172.0,0.0,False,312.49356623476007,-177.1808291857711,-31.52606514086831,-130.97299652932296,0.0,8,calibration,2,dot,0.44999999999999996,0,calibration
2.721822699997574,165,-417.0,172.0,0.0,False,311.71011232726545,-181.69101457256596,-31.697269257311312,-137.82212853091139,0.0,8,calibration,2,dot,0.44999999999999996,0,calibration
2.738585100043565,166,-417.0,172.0,0.0,False,309.9079756358392,-186.14430877603124,-32.37173378157,-143.25410229546787,0.0,8,calibration,2,dot,0.44999999999999996,0,calibration
2.755426899995655,167,-417.0,172.0,0.0,False,306.6970696105254,-190.8045982119687,-33.9394319760783,-148.45863961318534,0.0,8,calibration,2,dot,0.44999999999999996,0,calibration
2.7718481000047177,168,-247.0,244.0,20.0,True,302.0056288903829,-195.65745730233408,-32.188079692775,-154.4045708909834,16.12946247277008,8,calibration,2,dot,0.44999999999999996,0,calibration
2.788698000018485,169,-122.0,298.0,20.0,True,295.3203524315456,-200.8507582076541,-30.67005544897957,-162.77514023437624,14.836953869835332,8,calibration,2,dot,0.44999999999999996,0,calibration
2.8056538000237197,170,92.0,374.0,20.0,True,286.3859913374526,-206.19922336782372,-30.52621930492765,-174.47678887668752,13.147470115957047,8,calibration,2,dot,0.44999999999999996,0,calibration
2.821984500042163,171,245.0,412.0,20.0,True,275.1814402686369,-211.25754157473824,-30.68222909059567,-189.63984254326263,14.654348467207255,8,calibration,2,dot,0.44999999999999996,0,calibration
2.8386384999612346,172,398.0,447.0,20.0,True,261.79872015603587,-215.30330206697857,-31.824326182961503,-205.92702034824975,14.140021494927842,8,calibration,2,dot,0.44999999999999996,0,calibration
2.8553610000526533,173,616.0,485.0,20.0,True,246.5013958981159,-217.94038586814247,-33.07567135486887,-221.1469837673225,14.962589406932196,8,calibration,2,dot,0.44999999999999996,0,calibration
2.87195140006952,174,745.0,493.0,20.0,True,229.0160562496415,-219.31939916048734,-35.07215733150591,-233.74046579288176,15.648972961654932,8,calibration,2,dot,0.44999999999999996,0,calibration
2.888879799982533,175,904.0,479.0,20.0,True,210.01599087538517,-219.8932606051956,-38.39142740030607,-245.30485817459044,16.050569616416816,8,calibration,2,dot,0.44999999999999996,0,calibration
2.905423099990003,176,942.0,474.0,20.0,True,190.46101315014386,-220.112353469321,-44.065558799563796,-255.7077828845877,12.594184190720256,8,calibration,2,dot,0.44999999999999996,0,calibration
2.921853500069119,177,942.0,474.0,0.0,False,171.93060103377434,-220.13103244171575,-55.360806338847894,-258.2736177689104,0.0,8,calibration,2,dot,0.44999999999999996,0,calibration
2.9385382999898866,178,942.0,474.0,0.0,False,155.06681239976243,-219.28006532529182,-68.33538625384546,-257.93385323039683,0.0,8,calibration,2,dot,0.44999999999999996,0,calibration
2.9553159000352025,179,942.0,474.0,0.0,False,139.2690669583703,-216.55027462704774,-83.6067218373777,-254.87098330498912,0.0,8,calibration,2,dot,0.44999999999999996,0,calibration
2.9717597999842837,180,942.0,474.0,0.0,False,124.11732644755197,-211.1871961961241,-100.48861477011836,-249.21209138250828,0.0,8,calibration,2,dot,0.44999999999999996,0,calibration
2.9888124000281096,181,942.0,474.0,0.0,False,109.82283051959334,-203.45029152298721,-116.70085635468342,-241.57217274221705,0.0,8,calibration,2,dot,0.44999999999999996,0,calibration
0.0017212999518960714,1,264.0,79.0,20.0,True,-305.85203524553657,-0.6951737858771301,297.65489252325403,1.8204488885728907,-8.083554712097403,9,calibration,2,square,0.44999999999999996,0,calibration
0.010487399995326996,2,313.0,95.0,20.0,True,-318.5247882583751,-2.6647291457869917,292.23003511971206,5.620610854592166,-7.730170839715016,9,calibration,2,square,0.44999999999999996,0,calibration
0.02701429999433458,3,367.0,114.0,20.0,True,-328.96625364468974,-11.247423613671643,285.653210906408,8.94007496207673,-4.938127603899842,9,calibration,2,square,0.44999999999999996,0,calibration
0.04469659994356334,4,475.0,140.0,20.0,True,-333.39239264716156,-24.091943215780304,277.8234296282265,11.23035697115792,6.587718531064861,9,calibration,2,square,0.44999999999999996,0,calibration
0.0605377999600023,5,640.0,177.0,20.0,True,-334.74101899250235,-40.681432272745226,268.1327229194697,12.779498222618681,12.636837103570748,9,calibration,2,square,0.44999999999999996,0,calibration
0.07750619994476438,6,747.0,196.0,20.0,True,-333.75407752658384,-60.407526259390465,256.98436558444786,13.78431535068043,16.790231508567224,9,calibration,2,square,0.44999999999999996,0,calibration
0.09370069997385144,7,899.0,213.0,20.0,True,-330.5875551083366,-81.77092093405946,245.16456518512052,14.541634063906155,20.40853513588079,9,calibration,2,square,0.44999999999999996,0,calibration
0.11027189996093512,8,949.0,216.0,20.0,True,-325.6653661055234,-102.54707166222727,234.0168341854458,14.887822157215979,23.35411612879261,9,calibration,2,square,0.44999999999999996,0,calibration
0.12678259995300323,9,949.0,216.0,0.0,False,-334.04804370906527,-120.13227531926564,223.59885155047536,14.50336466462056,0.0,9,calibration,2,square,0.44999999999999996,0,calibration
0.1434360999846831,10,949.0,216.0,0.0,False,-345.17700745783753,-136.85612113235152,214.37014347250064,13.015243155585335,0.0,9,calibration,2,square,0.44999999999999996,0,calibration
0.1602516999701038,11,949.0,216.0,0.0,False,-355.7874989753079,-152.23199747750883,206.2663026493343,9.510075453349517,0.0,9,calibration,2,square,0.44999999999999996,0,calibration
0.17785370000638068,12,949.0,216.0,0.0,False,-364.0058719052743,-165.83041101824793,199.4284776849089,4.033461284822112,0.0,9,calibration,2,square,0.44999999999999996,0,calibration
0.19407259998843074,13,949.0,216.0,0.0,False,-360.241565451842,-173.8563042308395,193.73006936894447,-3.325582747823664,0.0,9,calibration,2,square,0.44999999999999996,0,calibration
0.2109372999984771,14,949.0,216.0,0.0,False,-356.0097337342798,-182.36520909002132,188.9871980067137,-11.999440860286153,0.0,9,calibration,2,square,0.44999999999999996,0,calibration
0.22768490004818887,15,949.0,216.0,0.0,False,-351.3253930760763,-191.2340664733679,185.73381007162425,-21.99526471374558,0.0,9,calibration,2,square,0.44999999999999996,0,calibration
0.24367470003198832,16,949.0,216.0,0.0,False,-346.1155204608141,-200.50946734790298,183.65022934189318,-33.46109055355019,0.0,9,calibration,2,square,0.44999999999999996,0,calibration
0.26079910004045814,17,949.0,216.0,0.0,False,-340.3299914299477,-210.1796777361972,183.14947600318936,-46.68657715195492,0.0,9,calibration,2,square,0.44999999999999996,0,calibration
0.2771121000405401,18,949.0,216.0,0.0,False,-334.3216853558015,-219.6110441231417,184.1679793127615,-61.194455935737565,0.0,9,calibration,2,square,0.44999999999999996,0,calibration
0.2935802999418229,19,949.0,216.0,0.0,False,-328.57268409700856,-228.1227548169788,186.85060340269553,-76.49321362197206,0.0,9,calibration,2,square,0.44999999999999996,0,calibration
0.31036649993620813,20,949.0,216.0,0.0,False,-323.54940718944584,-235.19307197993345,190.4465156832473,-92.13718725157862,0.0,9,calibration,2,square,0.44999999999999996,0,calibration
0.3267535000341013,21,949.0,216.0,0.0,False,-318.7155655414805,-241.70309944552687,195.78505446238756,-110.2118021164243,0.0,9,calibration,2,square,0.44999999999999996,0,calibration
0.34374010004103184,22,949.0,216.0,0.0,False,-313.96126030802435,-247.8473865623702,202.9574351835903,-130.6428018125955,0.0,9,calibration,2,square,0.44999999999999996,0,calibration
0.36027740000281483,23,949.0,216.0,0.0,False,-309.3061589374917,-253.63300266987167,212.58199101999625,-153.03462609391303,0.0,9,calibration,2,square,0.44999999999999996,0,calibration
0.3770850000437349,24,856.0,215.0,20.0,True,-308.75483738142793,-254.3038544606982,223.42687423381963,-174.56567160330218,23.669393741839897,9,calibration,2,square,0.44999999999999996,0,calibration
0.3938430999405682,25,809.0,208.0,20.0,True,-308.4466899933188,-254.67752046885778,235.08439442755235,-195.17292188677644,23.972876004098282,9,calibration,2,square,0.44999999999999996,0,calibration
0.4104476999491453,26,665.0,191.0,20.0,True,-308.25412302810633,-254.91056399485112,246.999072317018,-214.39301176885047,25.051540774959168,9,calibration,2,square,0.44999999999999996,0,calibration
0.4275322000030428,27,562.0,186.0,20.0,True,-308.06432853835884,-255.1399017837275,258.47645371655307,-232.60171991557442,25.575215254060303,9,calibration,2,square,0.44999999999999996,0,calibration
0.4433996999869123,28,444.0,186.0,20.0,True,-307.62946241003374,-255.66406446216416,268.65162373994497,-249.30757206797375,25.187793281244886,9,calibration,2,square,0.44999999999999996,0,calibration
0.46068919997196645,29,266.0,193.0,20.0,True,-306.9068918411217,-256.53101126456824,277.09749099277326,-264.42269233058505,24.21911011495936,9,calibration,2,square,0.44999999999999996,0,calibration
0.47726369998417795,30,163.0,198.0,20.0,True,-306.26388014297305,-257.2983399086956,284.57902679132354,-278.4550007930216,23.980728980711845,9,calibration,2,square,0.44999999999999996,0,calibration
0.49418259994126856,31,84.0,202.0,20.0,True,-305.9243327676549,-257.70196472022707,282.72276219145203,-282.9626119098346,24.325743228105843,9,calibration,2,square,0.44999999999999996,0,calibration
0.5106225999770686,32,8.0,211.0,20.0,True,-305.9256235990813,-257.7004323347425,279.580178874831,-286.0680401238795,25.041358652368075,9,calibration,2,square,0.44999999999999996,0,calibration
0.5270690999459475,33,-25.0,216.0,20.0,True,-306.0432310552922,-257.56075152328043,276.66706581335427,-288.88636986578143,25.9797585330619,9,calibration,2,square,0.44999999999999996,0,calibration
0.5439015999436378,34,-32.0,217.0,7.0710678118654755,True,-306.04760134382883,-257.5555584950339,273.8875758517778,-291.5228906861975,9.212593204316954,9,calibration,2,square,0.44999999999999996,0,calibration
0.5603468000190333,35,-40.0,218.0,8.06225774829855,True,-306.19235224141295,-257.38345601236784,271.2737871061855,-293.9566846136824,10.647791295398973,9,calibration,2,square,0.44999999999999996,0,calibration
0.5777741000056267,36,-42.0,218.0,2.0,True,-306.21610556817615,-257.35519557735694,268.48603663030036,-296.50505583303806,2.50763296763794,9,calibration,2,square,0.44999999999999996,0,calibration
0.5939029000001028,37,-44.0,218.0,2.0,True,-306.58473943053554,-256.91593478862035,265.78708659774696,-298.9267880232244,2.501202411246945,9,calibration,2,square,0.44999999999999996,0,calibration
0.6106617000186816,38,-44.0,218.0,0.0,False,-304.7579566895956,-259.0802729548944,262.8478721669304,-301.5145039584613,0.0,9,calibration,2,square,0.44999999999999996,0,calibration
0.6298618000000715,39,-44.0,218.0,0.0,False,-303.17778611553274,-260.92763365746504,259.6354500072693,-304.28511810393024,0.0,9,calibration,2,square,0.44999999999999996,0,calibration
0.6438782999757677,40,-44.0,218.0,0.0,False,-302.1965404740975,-262.0634482820661,255.99256779297139,-307.3561537284734,0.0,9,calibration,2,square,0.44999999999999996,0,calibration
0.6607562999706715,41,-43.0,217.0,1.4142135623730951,True,-300.18067715154393,-264.37012135421156,252.1701594916173,-310.4999366537332,-0.2863385584314682,9,calibration,2,square,0.44999999999999996,0,calibration
0.6770754000172019,42,-40.0,217.0,3.0,True,-297.5713369394939,-267.3037587316014,248.26418007160595,-313.6317855278275,0.5921663400534097,9,calibration,2,square,0.44999999999999996,0,calibration
0.6939034999813884,43,-32.0,215.0,8.246211251235321,True,-294.864736834028,-270.28649054623395,244.37020329808033,-316.6752338596356,2.73001651279708,9,calibration,2,square,0.44999999999999996,0,calibration
0.7103546999860555,44,5.0,221.0,20.0,True,-292.4967749326148,-272.847277160721,240.68045937671153,-319.4885232276976,11.711358645224035,9,calibration,2,square,0.44999999999999996,0,calibration
0.7277956999605522,45,80.0,249.0,20.0,True,-290.0435397303936,-275.4046072352787,236.92667505600855,-322.28209793115184,16.29343817740289,9,calibration,2,square,0.44999999999999996,0,calibration
0.7437719999579713,46,231.0,310.0,20.0,True,-286.8030558955722,-277.7302058782509,232.83898116776476,-325.24761159577685,21.271536395092838,9,calibration,2,square,0.44999999999999996,0,calibration
0.7603698000311852,47,284.0,326.0,20.0,True,-281.98614195055063,-280.46563977577836,228.34274324722128,-328.4198404578103,24.735190964031617,9,calibration,2,square,0.44999999999999996,0,calibration
0.7773559000343084,48,383.0,357.0,20.0,True,-275.42060034635875,-283.0225172038284,223.52512827282862,-331.7175259624,29.127568483411146,9,calibration,2,square,0.44999999999999996,0,calibration
0.7935783000430092,49,541.0,402.0,20.0,True,-266.9756197038737,-285.356091704491,218.65827148368308,-334.9456079899659,32.70850828011807,9,calibration,2,square,0.44999999999999996,0,calibration
0.8100530999945477,50,646.0,428.0,20.0,True,-256.1123234467257,-287.1425470787679,213.74213888182658,-338.1039752298425,36.61059328570282,9,calibration,2,square,0.44999999999999996,0,calibration
0.8271255999570712,51,758.0,452.0,20.0,True,-242.52819135100094,-288.13110318354467,208.22149361315064,-340.05591022982725,39.034755068596866,9,calibration,2,square,0.44999999999999996,0,calibration
0.8438679999671876,52,924.0,479.0,20.0,True,-226.3759199354521,-288.32722060662775,201.8554755385267,-340.8754043964037,39.68911647966986,9,calibration,2,square,0.44999999999999996,0,calibration
0.8601158999372274,53,924.0,479.0,0.0,False,-206.27299236061822,-289.25750653831983,194.14834278717862,-341.1894907380219,0.0,9,calibration,2,square,0.44999999999999996,0,calibration
0.8768886999459937,54,924.0,479.0,0.0,False,-183.58756966451824,-290.0298328183182,184.7190757920686,-341.2005039074535,0.0,9,calibration,2,square,0.44999999999999996,0,calibration
0.893517000018619,55,924.0,479.0,0.0,False,-158.93512887132155,-290.66388949428216,173.60155517587614,-340.87146592633366,0.0,9,calibration,2,square,0.44999999999999996,0,calibration
0.9109901000047103,56,924.0,479.0,0.0,False,-135.7139792992695,-290.9585578264624,160.63234719717167,-339.4372873932814,0.0,9,calibration,2,square,0.44999999999999996,0,calibration
0.9273229000391439,57,924.0,479.0,0.0,False,-113.96652564001067,-290.93904282325235,146.86725864935934,-336.68849704961895,0.0,9,calibration,2,square,0.44999999999999996,0,calibration
0.943956800037995,58,924.0,479.0,0.0,False,-93.88980467745002,-289.5356966023171,133.31590253790355,-332.87655114156416,0.0,9,calibration,2,square,0.44999999999999996,0,calibration
0.9616414000047371,59,924.0,479.0,0.0,False,-75.5892183143198,-285.8840512406013,122.12957516903953,-328.6762622266344,0.0,9,calibration,2,square,0.44999999999999996,0,calibration
0.9782680999487638,60,924.0,479.0,0.0,False,-58.971746403657804,-278.76033302063786,113.37711933283406,-324.44117527422867,0.0,9,calibration,2,square,0.44999999999999996,0,calibration
0.9948296999791637,61,924.0,479.0,0.0,False,-43.84165111285178,-268.64956810116735,107.0501775491854,-319.9010242312985,0.0,9,calibration,2,square,0.44999999999999996,0,calibration
1.01041540002916,62,924.0,479.0,0.0,False,-29.82339080706889,-255.49258917394448,102.51311584794496,-315.09115407440515,0.0,9,calibration,2,square,0.44999999999999996,0,calibration
1.027102499967441,63,924.0,479.0,0.0,False,-17.82170818416774,-239.36010100691476,99.7300297495321,-309.6324442571788,0.0,9,calibration,2,square,0.44999999999999996,0,calibration
1.0441378999967128,64,924.0,479.0,0.0,False,-9.046492735367398,-220.98112602698333,97.99507808050183,-303.41827405755464,0.0,9,calibration,2,square,0.44999999999999996,0,calibration
1.0604004999622703,65,924.0,479.0,0.0,False,-2.865064124662797,-199.37969104927515,97.13130096262609,-295.89469188265304,0.0,9,calibration,2,square,0.44999999999999996,0,calibration
1.0774124000454322,66,924.0,479.0,0.0,False,1.155244097134159,-176.84915024265138,96.67330043782853,-287.39070616772256,0.0,9,calibration,2,square,0.44999999999999996,0,calibration
1.0935227000154555,67,924.0,479.0,0.0,False,4.168501183698625,-154.4447692857436,97.00371318143121,-277.91730871005575,0.0,9,calibration,2,square,0.44999999999999996,0,calibration
1.110183299984783,68,924.0,479.0,0.0,False,6.09316548015017,-135.0559846446298,98.26119749512857,-267.87499331488783,0.0,9,calibration,2,square,0.44999999999999996,0,calibration
1.1274107999633998,69,924.0,479.0,0.0,False,7.489597321505875,-118.55173435504794,101.12144923836802,-256.5439346081059,0.0,9,calibration,2,square,0.44999999999999996,0,calibration
1.1433568999636918,70,924.0,479.0,0.0,False,8.397305570683345,-104.24607792825344,105.00706751154502,-244.7526307891573,0.0,9,calibration,2,square,0.44999999999999996,0,calibration
1.160469299997203,71,954.0,509.0,20.0,True,12.239133284978996,-91.75473172633482,109.76192256331173,-233.00714364392599,-0.7408308874013891,9,calibration,2,square,0.44999999999999996,0,calibration
1.1768950000405312,72,839.0,506.0,20.0,True,6.316280730830869,-81.56317532188119,115.13182163980318,-222.15403064147498,18.928701167867043,9,calibration,2,square,0.44999999999999996,0,calibration
1.1939230000134557,73,717.0,503.0,20.0,True,-1.7557519208135002,-72.02316612557995,121.61410616977598,-211.26666761640286,23.1903748663253,9,calibration,2,square,0.44999999999999996,0,calibration
1.2102493999991566,74,554.0,490.0,20.0,True,-10.679553832174742,-63.12210489439006,129.1869982514228,-200.1936311620964,25.55940432724011,9,calibration,2,square,0.44999999999999996,0,calibration
1.2278167000040412,75,453.0,480.0,20.0,True,-19.904187142889704,-54.668255292204535,137.9080758655347,-188.91650209649669,27.075920424850842,9,calibration,2,square,0.44999999999999996,0,calibration
1.2440351999830455,76,340.0,462.0,20.0,True,-30.51439504254828,-46.443679046903526,147.2886827206832,-178.16633759552008,29.039232649594908,9,calibration,2,square,0.44999999999999996,0,calibration
1.2601418000413105,77,288.0,451.0,20.0,True,-45.01375497152129,-37.814539211377515,156.95165767112928,-168.03339926827067,31.196802802984394,9,calibration,2,square,0.44999999999999996,0,calibration
1.277036999934353,78,257.0,444.0,20.0,True,-63.734883241440244,-28.843491520160146,166.51502857352045,-158.41178727064363,32.56678880574492,9,calibration,2,square,0.44999999999999996,0,calibration
1.2932581999339163,79,228.0,438.0,20.0,True,-84.48775432923125,-20.057775936495233,176.3169606632046,-149.34130810254203,33.582793361116124,9,calibration,2,square,0.44999999999999996,0,calibration
1.3101501000346616,80,219.0,437.0,9.055385138137417,True,-103.83632396044989,-12.116262219728647,187.0920315036478,-140.3294196940098,15.491506333186576,9,calibration,2,square,0.44999999999999996,0,calibration
1.3272202999796718,81,215.0,437.0,4.0,True,-120.21261179357504,-5.14109381483623,200.78613309025204,-129.6412612764059,6.83334349816801,9,calibration,2,square,0.44999999999999996,0,calibration
1.3433514999924228,82,212.0,436.0,3.1622776601683795,True,-134.7834085401723,-1.0454109605628945,217.8962369570558,-116.77461627906666,5.616197431240292,9,calibration,2,square,0.44999999999999996,0,calibration
1.3600944000063464,83,211.0,436.0,1.0,True,-146.2805602683447,2.8364689241387264,237.72450719371813,-102.82714256350802,1.765370642846173,9,calibration,2,square,0.44999999999999996,0,calibration
1.3778004000196233,84,211.0,435.0,1.0,True,-155.78513175408472,1.0428571689455846,258.80864877418867,-89.5857741082882,0.7172772749303076,9,calibration,2,square,0.44999999999999996,0,calibration
1.3935693999519572,85,218.0,435.0,7.0,True,-159.1053919449089,7.130873909708687,279.3495506798836,-77.53900964411616,-9.389768810351214,9,calibration,2,square,0.44999999999999996,0,calibration
1.4106856000144035,86,224.0,436.0,6.082762530298219,True,-161.43434001315956,14.959603433385034,298.87754140959726,-66.09985000679667,-6.434931984053671,9,calibration,2,square,0.44999999999999996,0,calibration
1.42786920000799,87,315.0,459.0,20.0,True,-164.25284771761022,23.969610019162353,317.7820880429576,-55.119990198468734,-20.340394941566558,9,calibration,2,square,0.44999999999999996,0,calibration
1.4438930000178516,88,499.0,521.0,20.0,True,-167.7381215537879,34.94992904715854,337.7714506540163,-44.24584323140847,-19.347630453499,9,calibration,2,square,0.44999999999999996,0,calibration
1.4604207000229508,89,612.0,547.0,20.0,True,-172.942621771103,48.03400831990452,360.07101876832195,-32.98020843182401,-22.45579290910169,9,calibration,2,square,0.44999999999999996,0,calibration
1.4766841999953613,90,727.0,566.0,20.0,True,-179.67795170409033,62.279694127239544,383.87837197136855,-21.491855425462486,-24.67537605590252,9,calibration,2,square,0.44999999999999996,0,calibration
1.4935586999636143,91,843.0,577.0,20.0,True,-188.05721609582162,75.91218301757705,399.903895238142,-8.767814628581375,-27.488930008511456,9,calibration,2,square,0.44999999999999996,0,calibration
1.5111372999381274,92,950.0,579.0,20.0,True,-197.17600487187778,88.50915676966963,399.97111693592757,4.806830247321171,-29.504512553557184,9,calibration,2,square,0.44999999999999996,0,calibration
1.5269331999588758,93,950.0,579.0,0.0,False,-211.74596154165522,93.6748436906819,399.6050476425981,17.770928466372588,0.0,9,calibration,2,square,0.44999999999999996,0,calibration
1.5437763000372797,94,950.0,579.0,0.0,False,-228.72502579712915,97.14336813910104,398.9470787315325,29.00393717370827,0.0,9,calibration,2,square,0.44999999999999996,0,calibration
1.5602279000449926,95,950.0,579.0,0.0,False,-247.60790780231764,100.19864330576964,398.1767547003809,38.148027685225216,0.0,9,calibration,2,square,0.44999999999999996,0,calibration
1.5771790000144392,96,950.0,579.0,0.0,False,-267.7808478946256,102.87103550337349,397.33282716027827,46.11533867186127,0.0,9,calibration,2,square,0.44999999999999996,0,calibration
1.5934449000051245,97,950.0,579.0,0.0,False,-289.3532444039195,105.36176951771424,396.4068303397303,53.494157251127085,0.0,9,calibration,2,square,0.44999999999999996,0,calibration
1.610882099950686,98,950.0,579.0,0.0,False,-310.781846164907,107.50499610191143,395.39916726292927,60.493789167005104,0.0,9,calibration,2,square,0.44999999999999996,0,calibration
1.627298800041899,99,950.0,579.0,0.0,False,-330.2498168234447,109.33261105376634,394.3283883333892,67.12020675170626,0.0,9,calibration,2,square,0.44999999999999996,0,calibration
1.6436699000187218,100,950.0,579.0,0.0,False,-346.5915267291406,110.73656789075962,393.28233189350817,73.00005082467047,0.0,9,calibration,2,square,0.44999999999999996,0,calibration
1.6604353999719024,101,950.0,579.0,0.0,False,-361.7626332537202,112.20400281602636,392.35658673051415,77.82229018205835,0.0,9,calibration,2,square,0.44999999999999996,0,calibration
1.6789342999691144,102,950.0,579.0,0.0,False,-376.2343489342013,113.73600675788387,391.52575135732724,81.89985362673355,0.0,9,calibration,2,square,0.44999999999999996,0,calibration
1.693601100007072,103,950.0,579.0,0.0,False,-383.5789535732246,113.43362101101243,390.72339259515087,85.64596008531663,0.0,9,calibration,2,square,0.44999999999999996,0,calibration
1.7110276999883354,104,811.0,518.0,20.0,True,-384.8611303194271,109.00417592575484,389.9065689478115,89.29091494292963,38.66797908209314,9,calibration,2,square,0.44999999999999996,0,calibration
1.7268217999953777,105,598.0,489.0,20.0,True,-385.8537066058369,105.43679195867418,388.84366688910893,93.8115276510924,37.7134058755457,9,calibration,2,square,0.44999999999999996,0,calibration
1.7435920999851078,106,530.0,475.0,20.0,True,-386.79435811233105,101.93196030916806,387.5235973164395,99.12346605585392,37.636942825616366,9,calibration,2,square,0.44999999999999996,0,calibration
1.760473100002855,107,342.0,437.0,20.0,True,-387.6449083841719,98.64798530039498,385.98738243226387,104.94637012821971,37.28125163904493,9,calibration,2,square,0.44999999999999996,0,calibration
1.7778451000340283,108,242.0,414.0,20.0,True,-388.46831400012155,95.35391453895826,384.60390134719916,109.90832119777808,37.44035395046234,9,calibration,2,square,0.44999999999999996,0,calibration
1.7949566999450326,109,128.0,384.0,20.0,True,-389.28956774743887,91.94363731663105,383.6569665401677,113.16948363051185,38.149820911902424,9,calibration,2,square,0.44999999999999996,0,calibration
1.8104166999692097,110,89.0,371.0,20.0,True,-390.1728108828987,88.12024539081646,383.27209573447595,114.46615495989496,38.959402867024814,9,calibration,2,square,0.44999999999999996,0,calibration
1.8268698999891058,111,66.0,366.0,20.0,True,-390.8967360323474,84.8512920305712,383.51151659328053,113.6614122748873,39.517593457928385,9,calibration,2,square,0.44999999999999996,0,calibration
1.8444461999461055,112,46.0,361.0,20.0,True,-391.58651356399656,81.60883772480733,384.22170291489505,111.23705771539522,38.59422199841943,9,calibration,2,square,0.44999999999999996,0,calibration
1.8605244000209495,113,40.0,360.0,6.082762530298219,True,-392.1847580389759,78.68364227658718,385.3367885984338,107.310574281596,11.570479487108354,9,calibration,2,square,0.44999999999999996,0,calibration
1.8767913000192493,114,34.0,358.0,6.324555320336759,True,-393.00384374632836,74.48475549138604,386.81063416833643,101.87017863088967,10.732064770224733,9,calibration,2,square,0.44999999999999996,0,calibration
1.8937530999537557,115,31.0,357.0,3.1622776601683795,True,-393.8811573900955,69.69672770682156,388.698657301698,94.41055985353104,4.9745143610406215,9,calibration,2,square,0.44999999999999996,0,calibration
1.9109982999507338,116,29.0,356.0,2.23606797749979,True,-394.79168563987605,64.3391401063557,390.96681794716454,84.52778989343507,2.865216618018365,9,calibration,2,square,0.44999999999999996,0,calibration
1.927154800039716,117,27.0,355.0,2.23606797749979,True,-395.5774267548774,59.31694059869919,393.6550569396504,70.96263908452542,2.6107072912510603,9,calibration,2,square,0.44999999999999996,0,calibration
1.9436530999373645,118,27.0,355.0,0.0,False,-396.0676803084935,55.94991166256669,396.185453227104,55.10976910888098,0.0,9,calibration,2,square,0.44999999999999996,0,calibration
1.960413199965842,119,27.0,355.0,0.0,False,-396.71594182152734,51.15135877626865,398.18903374154434,38.019645026949796,0.0,9,calibration,2,square,0.44999999999999996,0,calibration
1.9771339000435546,120,29.0,355.0,2.0,True,-397.96959795721796,40.25169688063215,399.42678022891886,21.406710068549902,-0.9941155907712389,9,calibration,2,square,0.44999999999999996,0,calibration
1.993688500020653,121,52.0,363.0,20.0,True,-397.4896871762954,26.466712365795537,399.9653888211543,5.261914589085231,-3.3376893080532772,9,calibration,2,square,0.44999999999999996,0,calibration
2.0106489999452606,122,111.0,391.0,20.0,True,-395.6706267482248,11.797095181502089,399.8745869545011,-10.015723037659166,-0.12916126981089127,9,calibration,2,square,0.44999999999999996,0,calibration
2.027669999981299,123,255.0,457.0,20.0,True,-391.54788684538465,-2.2537316592782943,399.2341265032552,-24.740902068898837,4.378108546679106,9,calibration,2,square,0.44999999999999996,0,calibration
2.043991999933496,124,343.0,489.0,20.0,True,-384.54421862855577,-15.966411685997247,398.0902773669344,-39.04012123338345,9.673621559371211,9,calibration,2,square,0.44999999999999996,0,calibration
2.0600246000103652,125,478.0,529.0,20.0,True,-374.9707967050666,-30.202706643949078,396.304945447761,-53.42810799862578,13.985714821105732,9,calibration,2,square,0.44999999999999996,0,calibration
2.076721500023268,126,571.0,554.0,20.0,True,-363.7092583948414,-44.56995674554112,393.2558546872069,-67.22308960272201,17.06688856105579,9,calibration,2,square,0.44999999999999996,0,calibration
2.0937973000109196,127,672.0,580.0,20.0,True,-351.6500265428225,-58.30384425889797,389.30332428689024,-81.42216046766235,19.03026703864668,9,calibration,2,square,0.44999999999999996,0,calibration
2.1112034999532625,128,772.0,600.0,20.0,True,-339.9462208378797,-71.00235291969847,385.3598441107926,-96.09373024094316,19.285516753069682,9,calibration,2,square,0.44999999999999996,0,calibration
2.1285340000176802,129,959.0,600.0,20.0,True,-328.4119508275397,-83.5720470402045,381.275842879203,-112.87554324791623,18.25131843417463,9,calibration,2,square,0.44999999999999996,0,calibration
2.144151199958287,130,959.0,600.0,0.0,False,-322.9119054931219,-98.78434617698407,377.6357701853875,-130.05432702225016,0.0,9,calibration,2,square,0.44999999999999996,0,calibration
2.1603994000470266,131,959.0,600.0,0.0,False,-316.9899167579394,-113.9543547549136,372.072587995716,-146.84001246993333,0.0,9,calibration,2,square,0.44999999999999996,0,calibration
2.1770663999486715,132,959.0,599.0,1.0,True,-312.6011075248314,-129.03625985511252,365.87520314896693,-161.66426853421314,-0.015340372575079253,9,calibration,2,square,0.44999999999999996,0,calibration
2.1931239999830723,133,959.0,597.0,2.0,True,-308.40194836030236,-142.94600602113584,359.1542762243646,-176.0914701788614,-0.02647499596831615,9,calibration,2,square,0.44999999999999996,0,calibration
2.210656499955803,134,959.0,597.0,0.0,False,-300.9958751808456,-154.77824801796146,352.0650674298257,-189.86887131816067,0.0,9,calibration,2,square,0.44999999999999996,0,calibration
2.227411299943924,135,959.0,595.0,2.0,True,-295.18909071844735,-167.54832322159336,344.7679042181223,-202.81787944124565,-0.12021069400002982,9,calibration,2,square,0.44999999999999996,0,calibration
2.2440383000066504,136,959.0,595.0,0.0,False,-284.9983120764417,-178.43450639471726,337.34197145885634,-214.94276980687712,0.0,9,calibration,2,square,0.44999999999999996,0,calibration
2.260883399983868,137,959.0,595.0,0.0,False,-273.3515236618958,-187.6439604334327,329.81673735568114,-226.3203918343498,0.0,9,calibration,2,square,0.44999999999999996,0,calibration
2.2774410999845713,138,959.0,595.0,0.0,False,-261.75960393939204,-194.82829832303364,321.8427718267122,-237.52311513387264,0.0,9,calibration,2,square,0.44999999999999996,0,calibration
2.293755999999121,139,959.0,595.0,0.0,False,-251.12297439313966,-199.9186044212964,313.6288144386003,-248.26793339825025,0.0,9,calibration,2,square,0.44999999999999996,0,calibration
2.31097640004009,140,959.0,595.0,0.0,False,-240.87071501679083,-204.1361497833528,305.18768417406534,-258.57393029551713,0.0,9,calibration,2,square,0.44999999999999996,0,calibration
2.326644800021313,141,959.0,595.0,0.0,False,-231.03738615873473,-207.47146449152265,296.7696830796905,-268.1935032859298,0.0,9,calibration,2,square,0.44999999999999996,0,calibration
2.3435392000246793,142,959.0,595.0,0.0,False,-221.68196041102985,-210.51984421018105,289.25231942246864,-276.2844470988589,0.0,9,calibration,2,square,0.44999999999999996,0,calibration
2.3599544999888167,143,959.0,595.0,0.0,False,-212.97165209351292,-212.9233713560133,283.19892202715795,-282.4860537489518,0.0,9,calibration,2,square,0.44999999999999996,0,calibration
2.379140799981542,144,959.0,595.0,0.0,False,-204.44550652628303,-214.9923150360569,279.20463908386915,-286.434581561037,0.0,9,calibration,2,square,0.44999999999999996,0,calibration
2.3944237999385223,145,959.0,595.0,0.0,False,-195.5638963958226,-217.05957610860645,276.5795564956173,-288.9701523145386,0.0,9,calibration,2,square,0.44999999999999996,0,calibration
2.4108115000417456,146,959.0,595.0,0.0,False,-186.1994921258819,-219.0121339710476,274.5906043650489,-290.8607914354172,0.0,9,calibration,2,square,0.44999999999999996,0,calibration
2.428461499977857,147,959.0,595.0,0.0,False,-175.6340432685112,-220.62732561327047,272.61347388632555,-292.71469702703644,0.0,9,calibration,2,square,0.44999999999999996,0,calibration
2.4436280999798328,148,959.0,595.0,0.0,False,-163.89302100345077,-221.79059782189722,270.594270373332,-294.58231590019807,0.0,9,calibration,2,square,0.44999999999999996,0,calibration
2.4605775999370962,149,959.0,595.0,0.0,False,-150.62911615513886,-222.59173135886985,269.2796437456964,-295.7845051117297,0.0,9,calibration,2,square,0.44999999999999996,0,calibration
2.476712099974975,150,917.0,600.0,20.0,True,-137.2527255702542,-221.1443670350993,268.65700588064357,-296.3501530137075,-5.427218495233261,9,calibration,2,square,0.44999999999999996,0,calibration
2.49349310004618,151,843.0,600.0,20.0,True,-125.16053330443292,-223.7007095050433,269.3782942959173,-295.69466441284015,-4.921318163200383,9,calibration,2,square,0.44999999999999996,0,calibration
2.5105962000088766,152,774.0,600.0,20.0,True,-114.57582391585322,-226.66553390313618,271.09396551042295,-294.12252865741783,-3.274733889271191,9,calibration,2,square,0.44999999999999996,0,calibration
2.5269681999925524,153,675.0,600.0,20.0,True,-104.40359557463248,-227.3933124185402,274.6472442015246,-290.80730948947644,-2.376247307696966,9,calibration,2,square,0.44999999999999996,0,calibration
2.5448027999373153,154,601.0,600.0,20.0,True,-93.9121261666312,-225.37857038747043,279.0318049182302,-286.60295156204285,-1.5841650827572118,9,calibration,2,square,0.44999999999999996,0,calibration
2.56088899995666,155,489.0,599.0,20.0,True,-84.43941853593634,-219.52100787896012,284.0881213653876,-281.5917955109573,1.5039595398920635,9,calibration,2,square,0.44999999999999996,0,calibration
2.5774876000359654,156,406.0,595.0,20.0,True,-77.07963674350384,-210.35868573005155,289.0798123463915,-276.46493827206206,5.685599837464837,9,calibration,2,square,0.44999999999999996,0,calibration
2.593631300027482,157,313.0,585.0,20.0,True,-72.6564197778637,-199.08318201410106,294.1687581019112,-271.0438004396693,10.092682251682428,9,calibration,2,square,0.44999999999999996,0,calibration
2.6102773000020534,158,232.0,576.0,20.0,True,-69.99711040787096,-186.52028002404754,300.0096213340411,-264.5642211392259,13.679654661120978,9,calibration,2,square,0.44999999999999996,0,calibration
2.6269928000401706,159,106.0,557.0,20.0,True,-68.20397209755737,-173.76910127336544,306.7297558635189,-256.74278347775635,14.140793849444774,9,calibration,2,square,0.44999999999999996,0,calibration
2.64364869997371,160,-4.0,537.0,20.0,True,-66.51538526499223,-161.60569364176456,314.5563944608788,-247.09163220103596,12.638039406470746,9,calibration,2,square,0.44999999999999996,0,calibration
2.6607282999902964,161,-69.0,519.0,20.0,True,-65.56035723179582,-148.4834752937189,323.30027901656086,-235.53541047539736,11.102975732016315,9,calibration,2,square,0.44999999999999996,0,calibration
2.6778451999416575,162,-106.0,509.0,20.0,True,-65.66296446502827,-133.35559459558658,332.7367262678001,-222.0051147892477,10.454153546908726,9,calibration,2,square,0.44999999999999996,0,calibration
2.6943173999898136,163,-143.0,498.0,20.0,True,-67.03985404955567,-115.83533386956933,340.63144211283884,-205.015079418379,9.067206574749221,9,calibration,2,square,0.44999999999999996,0,calibration
2.7109371999977157,164,-160.0,494.0,17.46424919657298,True,-69.49235127275686,-97.89649659997801,345.8621684736255,-185.12609386676863,6.531940975878129,9,calibration,2,square,0.44999999999999996,0,calibration
2.7276311999885365,165,-167.0,492.0,7.280109889280518,True,-73.21783095599554,-80.13349084882621,347.8733286825114,-162.1214989859971,2.0814983443040993,9,calibration,2,square,0.44999999999999996,0,calibration
2.74434229999315,166,-171.0,491.0,4.123105625617661,True,-77.99917997924179,-63.359008004773635,347.25650950376956,-139.276161115607,1.0264558304595883,9,calibration,2,square,0.44999999999999996,0,calibration
2.7606525999726728,167,-173.0,490.0,2.23606797749979,True,-83.91228814195719,-48.505002848223874,344.7934529316774,-119.24138069712002,0.5591043483903742,9,calibration,2,square,0.44999999999999996,0,calibration
2.7769854000071064,168,-173.0,489.0,1.0,True,-74.38986214012589,-43.298025214230655,341.60329407717467,-104.49856905118122,0.49760973986051,9,calibration,2,square,0.44999999999999996,0,calibration
2.7942335000261664,169,-174.0,489.0,1.0,True,-77.35074545332917,-33.65064020984228,337.62061695089045,-93.6176682032888,-0.05032011002732911,9,calibration,2,square,0.44999999999999996,0,calibration
2.810054700006731,170,-174.0,489.0,0.0,False,-76.30690941742778,-22.494464093232942,332.6267335741072,-84.59475020704147,0.0,9,calibration,2,square,0.44999999999999996,0,calibration
2.82724330003839,171,-174.0,489.0,0.0,False,-75.38833914716612,-10.997144961369429,326.19283549739214,-75.90591011614374,0.0,9,calibration,2,square,0.44999999999999996,0,calibration
2.8446482999715954,172,-174.0,489.0,0.0,False,-74.54459816526011,0.5821874510284655,318.20275595886545,-66.54016598598706,0.0,9,calibration,2,square,0.44999999999999996,0,calibration
2.8604647000320256,173,-174.0,489.0,0.0,False,-73.59604606976329,12.594343012427608,309.0400987381456,-57.404957541651484,0.0,9,calibration,2,square,0.44999999999999996,0,calibration
2.8777751999441534,174,-167.0,489.0,7.0,True,-67.21465459794419,21.79173147672992,299.13271704095024,-49.07014536805374,9.346946910455804,9,calibration,2,square,0.44999999999999996,0,calibration
2.89410959999077,175,-149.0,491.0,18.110770276274835,True,-60.469983929723654,30.41155776063006,288.793447592649,-41.368153098950316,25.907660532099477,9,calibration,2,square,0.44999999999999996,0,calibration
2.910374899976887,176,-89.0,508.0,20.0,True,-54.630628570965314,38.90226713734812,276.9119641462186,-32.81011704358904,27.823597047195587,9,calibration,2,square,0.44999999999999996,0,calibration
2.9273156999843195,177,43.0,537.0,20.0,True,-48.823950749553134,47.35319381488084,263.69064650940464,-23.736959512471326,28.277445015835223,9,calibration,2,square,0.44999999999999996,0,calibration
2.9436969000380486,178,115.0,551.0,20.0,True,-43.04081698523037,55.67208775769114,249.31852641375878,-14.649147688321687,28.893753165747526,9,calibration,2,square,0.44999999999999996,0,calibration
2.9603129000170156,179,180.0,559.0,20.0,True,-36.940827127911746,64.02340315391129,234.3028836322841,-5.2762253259133605,29.226462823859507,9,calibration,2,square,0.44999999999999996,0,calibration
2.9775842999806628,180,239.0,564.0,20.0,True,-30.81707527862138,72.52427205944105,217.9701622777418,5.296179300004997,28.83034944881652,9,calibration,2,square,0.44999999999999996,0,calibration
2.993667499977164,181,311.0,569.0,20.0,True,-24.82809169241198,81.61116482420618,200.33187593523238,16.821450613569816,28.081081949072978,9,calibration,2,square,0.44999999999999996,0,calibration
0.0011012000031769276,1,210.0,65.0,20.0,True,-295.559968755535,6.018894930542825,303.45549585856725,-5.218568234380048,10.483385210751635,10,calibration,2,square,0.39999999999999997,0,calibration
0.010400200029835105,2,210.0,65.0,0.0,False,-290.8482963131047,21.002937472616264,311.40594878920575,-16.82021895728695,0.0,10,calibration,2,square,0.39999999999999997,0,calibration
0.027168900007382035,3,298.0,85.0,20.0,True,-279.2382205775155,35.845285210410495,321.26972336652005,-30.089713423068808,7.429688035477243,10,calibration,2,square,0.39999999999999997,0,calibration
0.04390559997409582,4,393.0,102.0,20.0,True,-265.12843571323197,50.0145451498105,331.7541796876128,-43.47871167269035,7.023994287251359,10,calibration,2,square,0.39999999999999997,0,calibration
0.061441499972715974,5,480.0,119.0,20.0,True,-250.09696633673207,63.68408874169462,342.09508395197173,-56.69968977457425,8.030512937677678,10,calibration,2,square,0.39999999999999997,0,calibration
0.0775050000520423,6,620.0,149.0,20.0,True,-236.73501148304234,75.27301344703825,352.19658869621435,-69.58589519663724,8.752456780077855,10,calibration,2,square,0.39999999999999997,0,calibration
0.0941593999741599,7,704.0,169.0,20.0,True,-224.2981146124214,85.54723458472864,362.29347051521256,-82.65073155568503,9.718112933532069,10,calibration,2,square,0.39999999999999997,0,calibration
0.11089200002606958,8,815.0,189.0,20.0,True,-212.00011778224595,94.67377587148552,372.638564025431,-95.48625451711725,8.32919068253798,10,calibration,2,square,0.39999999999999997,0,calibration
0.12781530001666397,9,886.0,202.0,20.0,True,-199.192785737792,103.17427830335946,382.88650123689115,-108.18315094427196,8.830127054467455,10,calibration,2,square,0.39999999999999997,0,calibration
0.1436015999643132,10,951.0,215.0,20.0,True,-186.6099341024386,110.8668958865306,382.3082744889951,-117.64515823971338,9.191829796449746,10,calibration,2,square,0.39999999999999997,0,calibration
0.1609967000549659,11,951.0,215.0,0.0,False,-175.72422872162534,119.08851226760041,379.72908350433903,-125.72121197695598,0.0,10,calibration,2,square,0.39999999999999997,0,calibration
0.17739540000911802,12,951.0,215.0,0.0,False,-165.9287833535739,126.09378701679543,377.25899409064533,-132.94980773853877,0.0,10,calibration,2,square,0.39999999999999997,0,calibration
0.19485379999969155,13,951.0,215.0,0.0,False,-156.92678788959554,132.18463919602513,375.21192102517637,-138.6218392627829,0.0,10,calibration,2,square,0.39999999999999997,0,calibration
0.21086670004297048,14,951.0,215.0,0.0,False,-148.8058835634173,137.8577028760052,373.1262130802092,-144.141698035032,0.0,10,calibration,2,square,0.39999999999999997,0,calibration
0.22828459995798767,15,951.0,215.0,0.0,False,-140.59302597829077,143.26079008300482,370.94990548337864,-149.6534918465736,0.0,10,calibration,2,square,0.39999999999999997,0,calibration
0.24555850005708635,16,951.0,215.0,0.0,False,-132.16371534280606,147.60681402019694,368.47673959265484,-155.64347843442334,0.0,10,calibration,2,square,0.39999999999999997,0,calibration
0.26119550003204495,17,951.0,215.0,0.0,False,-123.41338750116941,151.18194675552223,365.9419412597159,-161.513143821395,0.0,10,calibration,2,square,0.39999999999999997,0,calibration
0.27763829997275025,18,951.0,215.0,0.0,False,-115.12686617941814,153.67766711067284,363.31684905141515,-167.334596528486,0.0,10,calibration,2,square,0.39999999999999997,0,calibration
0.2943639999721199,19,951.0,215.0,0.0,False,-107.11790964803447,155.42526828427674,360.5862579529673,-173.1402627220953,0.0,10,calibration,2,square,0.39999999999999997,0,calibration
0.3112539000576362,20,951.0,215.0,0.0,False,-99.12494491667033,156.42015326147964,357.58036620577445,-179.26595243978767,0.0,10,calibration,2,square,0.39999999999999997,0,calibration
0.3277700999751687,21,951.0,215.0,0.0,False,-90.91294138340994,156.845007916789,354.0897462102473,-186.06571857481603,0.0,10,calibration,2,square,0.39999999999999997,0,calibration
0.3442961999680847,22,951.0,215.0,0.0,False,-81.74572805678012,157.00903602880496,349.2074814927718,-195.0746904892467,0.0,10,calibration,2,square,0.39999999999999997,0,calibration
0.36056449997704476,23,951.0,215.0,0.0,False,-71.9642796816392,157.27791642112334,342.8631835799119,-206.02144875096778,0.0,10,calibration,2,square,0.39999999999999997,0,calibration
0.3773685999913141,24,956.0,247.0,20.0,True,-63.332822773724146,161.54393003980186,334.91152662482176,-218.71046919119195,29.956637012204812,10,calibration,2,square,0.39999999999999997,0,calibration
0.39472290000412613,25,847.0,257.0,20.0,True,-54.682336059193716,164.53949408808268,325.2054679370645,-230.51501490919384,-29.459701477570324,10,calibration,2,square,0.39999999999999997,0,calibration
0.41163410001900047,26,826.0,258.0,20.0,True,-45.90076467913177,166.7378487129463,314.9192563655517,-240.9125635641995,-32.5219347283354,10,calibration,2,square,0.39999999999999997,0,calibration
0.42764040001202375,27,746.0,262.0,20.0,True,-35.5437438827324,168.97343043909007,305.4953337691303,-248.96384762909443,-33.85303884903364,10,calibration,2,square,0.39999999999999997,0,calibration
0.44412020000163466,28,655.0,261.0,20.0,True,-23.858147756472547,170.1680505468689,297.4052679788096,-254.653194295356,-36.40249691808854,10,calibration,2,square,0.39999999999999997,0,calibration
0.46051620005164295,29,626.0,261.0,20.0,True,-11.588068483887866,170.7430339864921,289.98846320358786,-258.2717285788912,-37.952891216129984,10,calibration,2,square,0.39999999999999997,0,calibration
0.47727300005499274,30,538.0,260.0,20.0,True,0.17919299571501313,170.76404896091077,281.79559850860954,-260.91665166983125,-39.100443440097514,10,calibration,2,square,0.39999999999999997,0,calibration
0.493865399970673,31,476.0,260.0,20.0,True,11.523465286126262,170.8094346454541,272.89477625301174,-262.82005097109015,-39.55765107519441,10,calibration,2,square,0.39999999999999997,0,calibration
0.5105441999621689,32,418.0,260.0,20.0,True,23.38080126843751,171.45719748420652,263.1909088660633,-264.1497686378096,-39.785054937888596,10,calibration,2,square,0.39999999999999997,0,calibration
0.5272584999911487,33,346.0,258.0,20.0,True,35.57478705126988,171.89008813974928,253.3289200198118,-264.7478754034172,-39.98864550910674,10,calibration,2,square,0.39999999999999997,0,calibration
0.5441284000407904,34,306.0,251.0,20.0,True,48.02952815723731,169.48991674649238,243.6701738638346,-264.51576122043815,-38.304381644198656,10,calibration,2,square,0.39999999999999997,0,calibration
0.5605630000354722,35,270.0,246.0,20.0,True,60.31703848246661,166.67255715478802,234.8362686907488,-263.17624927772493,-37.867373883793576,10,calibration,2,square,0.39999999999999997,0,calibration
0.5779458000324667,36,219.0,234.0,20.0,True,71.68037566273804,162.3341562859008,227.1437880710234,-260.232800531925,-33.099653929598354,10,calibration,2,square,0.39999999999999997,0,calibration
0.5941469999961555,37,194.0,228.0,20.0,True,82.39841464720567,157.7652458807122,220.4893447542367,-255.89971355336772,-29.810124392017165,10,calibration,2,square,0.39999999999999997,0,calibration
0.6109800999984145,38,171.0,221.0,20.0,True,92.25909564522344,152.72721420353574,214.5599185690275,-250.3296102887688,-24.34730345849473,10,calibration,2,square,0.39999999999999997,0,calibration
0.6271654999582097,39,130.0,202.0,20.0,True,100.98003179435317,146.935261589743,209.30758369552487,-244.41041907683643,-16.217762765182197,10,calibration,2,square,0.39999999999999997,0,calibration
0.6446310000028461,40,116.0,191.0,17.804493814764857,True,109.56196038532752,139.85845786159487,203.79190701000934,-238.26882246704537,-4.973436887017943,10,calibration,2,square,0.39999999999999997,0,calibration
0.6615130000282079,41,101.0,179.0,19.209372712298546,True,118.62397343192104,132.0624073921606,197.49900510182616,-231.9123408778972,-5.570383759466645,10,calibration,2,square,0.39999999999999997,0,calibration
0.6828736000461504,42,82.0,164.0,20.0,True,128.44397415155146,123.56477698700468,189.74407974638265,-223.46427209153296,-5.246722289354352,10,calibration,2,square,0.39999999999999997,0,calibration
0.6939370000036433,43,79.0,161.0,4.242640687119285,True,137.99735729076,115.09702925269714,180.06946559205053,-212.24289795937972,0.0580671597755156,10,calibration,2,square,0.39999999999999997,0,calibration
0.7104876000666991,44,71.0,152.0,12.041594578792296,True,147.3762965981761,106.72373091352866,168.38838073800392,-198.82362982291016,1.5619638318484574,10,calibration,2,square,0.39999999999999997,0,calibration
0.7272498999955133,45,64.0,138.0,15.652475842498529,True,156.6100010035133,98.79792931954319,154.5681335465543,-183.68766235718257,9.425565607174919,10,calibration,2,square,0.39999999999999997,0,calibration
0.7440700000151992,46,54.0,110.0,20.0,True,165.45750036314598,91.54712263718623,140.88178168699525,-169.1653408428438,15.829334628117174,10,calibration,2,square,0.39999999999999997,0,calibration
0.7608559000073001,47,47.0,93.0,18.384776310850235,True,173.5130902761477,84.90365475246706,128.9397897926211,-155.3346898885134,13.708251098366416,10,calibration,2,square,0.39999999999999997,0,calibration
0.7770342000294477,48,42.0,74.0,19.6468827043885,True,181.0820873743758,78.94896194590495,119.46879937489318,-143.36247869461724,19.6172514325613,10,calibration,2,square,0.39999999999999997,0,calibration
0.7940038000233471,49,41.0,49.0,20.0,True,188.47224811231158,73.73642251412394,110.29876923697196,-130.60901992703603,26.62384025297574,10,calibration,2,square,0.39999999999999997,0,calibration
0.810549300047569,50,41.0,31.0,18.0,True,195.57873063721573,68.94161438919588,99.71731914740057,-115.42381354112614,24.835689639457904,10,calibration,2,square,0.39999999999999997,0,calibration
0.8272061999887228,51,43.0,12.0,19.1049731745428,True,202.64391773210644,64.48484433818635,86.93454286265644,-95.562886456695,28.887867738791602,10,calibration,2,square,0.39999999999999997,0,calibration
0.8440454000374302,52,46.0,-13.0,20.0,True,210.47964270505523,59.655030930069714,72.92283840033461,-71.77955915233332,30.766730049610892,10,calibration,2,square,0.39999999999999997,0,calibration
0.8607979000080377,53,49.0,-30.0,17.26267650163207,True,219.16930932452635,54.49848176728577,59.32530160879291,-45.93221584220991,27.69730625881455,10,calibration,2,square,0.39999999999999997,0,calibration
0.8798112999647856,54,53.0,-51.0,20.0,True,228.53960064265118,49.02315213597996,48.14754901187868,-22.032187748669966,32.525086637077244,10,calibration,2,square,0.39999999999999997,0,calibration
0.8942511000204831,55,54.0,-66.0,15.033296378372908,True,237.8547285522855,43.18854024737556,39.909660320930016,-1.4536311479222164,23.107164664639438,10,calibration,2,square,0.39999999999999997,0,calibration
0.9108887000475079,56,55.0,-71.0,5.0990195135927845,True,247.71343008659562,37.39905390394038,33.47030638518321,16.381444695316688,8.436693730324457,10,calibration,2,square,0.39999999999999997,0,calibration
0.9284425000660121,57,58.0,-82.0,11.40175425099138,True,257.91420797809064,31.738292719801574,28.16535059192444,32.94010912642118,19.351493088032157,10,calibration,2,square,0.39999999999999997,0,calibration
0.9455920000327751,58,63.0,-98.0,16.76305461424021,True,267.54821366779237,26.345809607052733,23.007421843625327,51.67974877138643,28.931051856491376,10,calibration,2,square,0.39999999999999997,0,calibration
0.960695100016892,59,63.0,-98.0,0.0,False,276.8971031091045,24.11587670439259,18.669937268017403,71.94226991652096,0.0,10,calibration,2,square,0.39999999999999997,0,calibration
0.9774283999577165,60,68.0,-112.0,14.866068747318506,True,283.5257849098334,19.66406006286673,15.241397761635339,93.12370395547477,26.575275071521627,10,calibration,2,square,0.39999999999999997,0,calibration
0.993938000057824,61,71.0,-124.0,12.36931687685298,True,288.63719945037803,13.89741484593899,13.425328619721324,111.77898420981182,23.204259579424704,10,calibration,2,square,0.39999999999999997,0,calibration
1.0104713999899104,62,78.0,-134.0,12.206555615733702,True,293.6184073317516,7.669733095126098,12.666488357115345,128.16156881210478,22.49480687868449,10,calibration,2,square,0.39999999999999997,0,calibration
1.0273903000634164,63,83.0,-144.0,11.180339887498949,True,298.4843909465638,-0.6158645096173458,12.376251052616047,143.12000707015198,21.25009323366171,10,calibration,2,square,0.39999999999999997,0,calibration
1.0439187000738457,64,92.0,-159.0,17.4928556845359,True,304.3283586653148,-11.78657647219344,12.26973935352386,157.10325903396244,32.531126958649644,10,calibration,2,square,0.39999999999999997,0,calibration
1.0616096999729052,65,96.0,-167.0,8.94427190999916,True,310.27594858945554,-26.515667256909257,12.231474530338097,170.29885427949526,16.927323462788067,10,calibration,2,square,0.39999999999999997,0,calibration
1.077532000024803,66,108.0,-186.0,20.0,True,316.60765733578756,-44.26830530378413,11.749892029129501,182.77850687002723,36.82383485943358,10,calibration,2,square,0.39999999999999997,0,calibration
1.0938250999897718,67,115.0,-196.0,12.206555615733702,True,322.2876750659802,-63.14660456978163,10.434716689453788,195.855512305374,22.243045736412906,10,calibration,2,square,0.39999999999999997,0,calibration
1.1105816999915987,68,121.0,-205.0,10.816653826391969,True,327.30354791637075,-82.86647248656217,7.756112191297002,209.07718145752247,20.213462715361434,10,calibration,2,square,0.39999999999999997,0,calibration
1.1273235999979079,69,126.0,-211.0,7.810249675906654,True,332.62231740341906,-102.93120616406401,3.8009823204272246,222.21960278792668,14.267195868375069,10,calibration,2,square,0.39999999999999997,0,calibration
1.1439986999612302,70,131.0,-216.0,7.0710678118654755,True,338.7094129639879,-123.72719631283486,-1.5797836322786045,234.9573168556507,12.754823050894947,10,calibration,2,square,0.39999999999999997,0,calibration
1.1613593000220135,71,136.0,-220.0,6.4031242374328485,True,345.690659206492,-144.2902493295362,-7.538294487056074,247.00999660902986,11.196682619065461,10,calibration,2,square,0.39999999999999997,0,calibration
1.17753960005939,72,144.0,-228.0,11.313708498984761,True,351.99056275186757,-165.04578159841523,-13.831768679092683,258.3632424973623,20.85418052081109,10,calibration,2,square,0.39999999999999997,0,calibration
1.1937823999905959,73,149.0,-233.0,7.0710678118654755,True,355.02472617956494,-184.27545631777696,-20.73702323086968,268.7947613276821,13.082078114934866,10,calibration,2,square,0.39999999999999997,0,calibration
1.2105462000472471,74,157.0,-239.0,10.0,True,347.89579222889597,-197.40445220265127,-29.242289382226186,279.4702796477375,17.694182897517685,10,calibration,2,square,0.39999999999999997,0,calibration
1.2272086000302806,75,163.0,-242.0,6.708203932499369,True,340.877463764306,-209.29059868425588,-39.52072262295533,290.5785149149048,10.998894103550445,10,calibration,2,square,0.39999999999999997,0,calibration
1.2438569000223652,76,173.0,-245.0,10.44030650891055,True,333.69196405110944,-220.56670901954598,-51.13038961826174,301.20567553761293,15.606609021224456,10,calibration,2,square,0.39999999999999997,0,calibration
1.2607374000363052,77,201.0,-244.0,20.0,True,327.3025636992978,-229.94136599547957,-63.11411714863314,310.36797325108836,22.890746404538813,10,calibration,2,square,0.39999999999999997,0,calibration
1.2773438000585884,78,230.0,-233.0,20.0,True,322.12102146722555,-237.14562515237603,-75.09339344362164,317.70528808796405,14.815289099219434,10,calibration,2,square,0.39999999999999997,0,calibration
1.2942841000622138,79,286.0,-203.0,20.0,True,318.3722633435745,-242.1551195690267,-86.22505015375742,323.20541741157035,13.11013203829814,10,calibration,2,square,0.39999999999999997,0,calibration
1.3107710999902338,80,334.0,-163.0,20.0,True,315.618971481655,-245.73291362953847,-96.53983317815641,327.1208545031511,8.420912826695567,10,calibration,2,square,0.39999999999999997,0,calibration
1.329127800068818,81,347.0,-150.0,18.384776310850235,True,313.57208825384834,-248.33957692667664,-107.16665804742917,329.47432668510925,7.933670223765886,10,calibration,2,square,0.39999999999999997,0,calibration
1.3436425999971107,82,382.0,-107.0,20.0,True,311.8911540313577,-250.44741571233655,-118.02228708938401,330.728652122472,7.161932760616816,10,calibration,2,square,0.39999999999999997,0,calibration
1.3609564000507817,83,401.0,-70.0,20.0,True,310.3282918506909,-252.38136079558728,-129.21591183086935,330.9027935597398,1.0098296181139221,10,calibration,2,square,0.39999999999999997,0,calibration
1.377849300042726,84,421.0,-20.0,20.0,True,309.6606654749183,-253.2000636998947,-138.9414435791336,329.9747832348359,1.3532979813172574,10,calibration,2,square,0.39999999999999997,0,calibration
1.3940544000361115,85,436.0,31.0,20.0,True,310.7102320876286,-251.91099951382026,-147.36787181476623,327.814213319655,5.9026928505755905,10,calibration,2,square,0.39999999999999997,0,calibration
1.410667199990712,86,441.0,48.0,17.72004514666935,True,313.2707611483952,-248.71958147581609,-153.77858162579832,324.70189175262897,12.345237447661226,10,calibration,2,square,0.39999999999999997,0,calibration
1.4280273000476882,87,445.0,76.0,20.0,True,317.46742473673254,-243.34016156612338,-159.0545853823361,320.6843932810147,15.356321758186011,10,calibration,2,square,0.39999999999999997,0,calibration
1.4449039000319317,88,453.0,115.0,20.0,True,322.4962070970231,-236.63515463268345,-163.14561209753475,315.65067929326494,22.156324917084042,10,calibration,2,square,0.39999999999999997,0,calibration
1.4608211000449955,89,458.0,147.0,20.0,True,327.99543301447426,-228.951951119984,-166.7813290306597,308.60043298593496,24.315791252161823,10,calibration,2,square,0.39999999999999997,0,calibration
1.4777532999869436,90,465.0,200.0,20.0,True,333.16095470946016,-221.36797026011024,-169.31358864175203,299.22524915363493,26.616277304739686,10,calibration,2,square,0.39999999999999997,0,calibration
1.4939588999841362,91,465.0,241.0,20.0,True,337.95756265486585,-213.97356342404169,-170.91982390992692,287.19153077594507,26.171691130237797,10,calibration,2,square,0.39999999999999997,0,calibration
1.5111410999670625,92,465.0,290.0,20.0,True,342.3550853480624,-206.86467928653474,-171.62599513464673,273.2733731907977,28.31690159213961,10,calibration,2,square,0.39999999999999997,0,calibration
1.5273727000458166,93,467.0,374.0,20.0,True,346.94975579243993,-199.06246998258186,-171.78495467262215,258.036878792333,30.79780238991853,10,calibration,2,square,0.39999999999999997,0,calibration
1.5440226000500843,94,467.0,423.0,20.0,True,352.0168537727632,-189.95824451685434,-170.30197426375136,242.0902117242177,31.876474507955272,10,calibration,2,square,0.39999999999999997,0,calibration
1.5603671000571921,95,467.0,459.0,20.0,True,357.4637968362707,-179.49828397897673,-166.31625736631216,226.3132259321196,32.61704963032257,10,calibration,2,square,0.39999999999999997,0,calibration
1.5777426999993622,96,466.0,497.0,20.0,True,363.2084118811199,-167.56983481162348,-159.31399869371634,210.67927692870646,32.60740880959821,10,calibration,2,square,0.39999999999999997,0,calibration
1.5939862000523135,97,465.0,516.0,19.026297590440446,True,369.1389530126064,-154.06632782265163,-149.30685742995718,194.87812413605246,30.939215032245027,10,calibration,2,square,0.39999999999999997,0,calibration
1.6112525999778882,98,463.0,530.0,14.142135623730951,True,375.2007831790254,-138.65198268270808,-136.68820699683704,176.98602784768826,23.266201120769388,10,calibration,2,square,0.39999999999999997,0,calibration
1.6277123000472784,99,459.0,550.0,20.0,True,381.792492606649,-119.3083927860981,-121.67358663346758,157.1366297339928,33.3366328358745,10,calibration,2,square,0.39999999999999997,0,calibration
1.6441241999855265,100,454.0,566.0,16.76305461424021,True,388.2791477588156,-96.12129532880765,-105.52398845031625,135.6550926599755,28.192229286750127,10,calibration,2,square,0.39999999999999997,0,calibration
1.6608785999706015,101,449.0,576.0,11.180339887498949,True,393.83603753968936,-69.95123683707355,-89.03486852825054,114.4658737871884,18.547892849115836,10,calibration,2,square,0.39999999999999997,0,calibration
1.677483499981463,102,444.0,588.0,13.0,True,397.49026084559614,-44.73804346303012,-72.90645276455956,94.0196723196933,22.17764692075306,10,calibration,2,square,0.39999999999999997,0,calibration
1.6938326000235975,103,431.0,600.0,17.69180601295413,True,399.4174703609357,-21.579721278809913,-57.35118531024338,75.01465165265667,27.01153456730399,10,calibration,2,square,0.39999999999999997,0,calibration
1.7110245999647304,104,421.0,600.0,10.0,True,398.13266190467056,-0.9975028878771077,-41.851903801300566,57.10126370804642,7.1661379620833365,10,calibration,2,square,0.39999999999999997,0,calibration
1.727458200068213,105,408.0,600.0,13.0,True,393.2315222442258,17.50226819278413,-26.460292347505174,40.62337643952435,12.203143307009533,10,calibration,2,square,0.39999999999999997,0,calibration
1.7448531000409275,106,391.0,600.0,17.0,True,385.545981099151,34.9576750292691,-9.837000572534297,23.80561675064696,18.801120353085196,10,calibration,2,square,0.39999999999999997,0,calibration
1.7606838999781758,107,374.0,600.0,17.0,True,375.9441511886461,51.81302658701452,6.769263281854105,7.168434850640843,20.4242977696716,10,calibration,2,square,0.39999999999999997,0,calibration
1.7771701000165194,108,345.0,600.0,20.0,True,366.0576783468005,67.57421932489153,22.9289496568952,-9.345638196061195,24.615506445374955,10,calibration,2,square,0.39999999999999997,0,calibration
1.7952927000587806,109,332.0,599.0,13.038404810405298,True,355.9931915865271,82.42307487155772,37.20623603686096,-24.400663816488347,14.685935403341205,10,calibration,2,square,0.39999999999999997,0,calibration
1.8108779999893159,110,273.0,583.0,20.0,True,346.71852885336125,94.76255602367775,49.54347750830384,-38.54483280534737,16.156717556878313,10,calibration,2,square,0.39999999999999997,0,calibration
1.8277042000554502,111,252.0,576.0,20.0,True,337.332834288417,106.26228005971859,60.243473278625046,-51.35417863189738,14.407198944131823,10,calibration,2,square,0.39999999999999997,0,calibration
1.844141999958083,112,181.0,534.0,20.0,True,327.5156215647535,115.98335683388943,68.77480905474735,-62.44014818175326,7.495298555186615,10,calibration,2,square,0.39999999999999997,0,calibration
1.860593399964273,113,134.0,500.0,20.0,True,315.75709111502994,125.53061139406901,75.87699453259408,-71.61871489915495,5.836557476367803,10,calibration,2,square,0.39999999999999997,0,calibration
1.8772917999885976,114,91.0,467.0,20.0,True,303.31127113792803,133.4974166110391,81.8769608785903,-80.21984089862016,5.88921369072367,10,calibration,2,square,0.39999999999999997,0,calibration
1.8938406000379473,115,36.0,417.0,20.0,True,291.1493208646679,140.15180115997117,86.90275455555513,-88.75389086834028,2.4420550279783058,10,calibration,2,square,0.39999999999999997,0,calibration
1.91021860006731,116,1.0,382.0,20.0,True,279.65176413084953,145.19582431243953,91.00191593638938,-98.6954478741348,-0.4142789326703744,10,calibration,2,square,0.39999999999999997,0,calibration
1.927277300041169,117,-31.0,336.0,20.0,True,268.8064027051557,148.83239862522845,93.72363630639822,-108.59684190391488,-7.194495445302333,10,calibration,2,square,0.39999999999999997,0,calibration
1.944337600027211,118,-90.0,229.0,20.0,True,258.15867760473503,151.11872735689994,95.86962654803044,-119.89859697338865,-9.639826481860794,10,calibration,2,square,0.39999999999999997,0,calibration
1.960686800070107,119,-126.0,129.0,20.0,True,247.85703414999728,152.78850015383523,97.32739342242044,-131.38837118877385,-14.139150093006316,10,calibration,2,square,0.39999999999999997,0,calibration
1.9771535999607295,120,-139.0,89.0,20.0,True,237.96507035269622,154.31045696722393,98.44693855381357,-144.1705104969622,-15.191388372726195,10,calibration,2,square,0.39999999999999997,0,calibration
1.994082499993965,121,-144.0,53.0,20.0,True,228.63493580943097,155.77237036311078,98.96064469487249,-156.3633094306481,-20.024802281105654,10,calibration,2,square,0.39999999999999997,0,calibration
2.0106266000075266,122,-144.0,19.0,20.0,True,219.56890492064235,156.83811949187077,98.8138204127127,-167.32251843392385,-22.33320909591537,10,calibration,2,square,0.39999999999999997,0,calibration
2.0273015999700874,123,-133.0,-28.0,20.0,True,210.23088959928063,157.59280469399815,97.99511862656138,-176.82551963375164,-25.122294662464597,10,calibration,2,square,0.39999999999999997,0,calibration
2.0442315000109375,124,-118.0,-61.0,20.0,True,200.59775365858366,158.61094977541538,96.61912500914357,-185.0289670025707,-26.731361882595557,10,calibration,2,square,0.39999999999999997,0,calibration
2.0606587000656873,125,-99.0,-85.0,20.0,True,191.96219626911423,162.21756305722488,95.10065047665684,-192.38559797687984,-30.346057306280557,10,calibration,2,square,0.39999999999999997,0,calibration
2.0771220000460744,126,-58.0,-122.0,20.0,True,186.01223984448686,168.40246094826065,93.4258237022226,-199.36744870237916,-29.516338044965515,10,calibration,2,square,0.39999999999999997,0,calibration
2.0941392000531778,127,-15.0,-139.0,20.0,True,184.1888536325819,175.8634999274446,91.08998602453097,-205.85145293810405,-12.172677026611549,10,calibration,2,square,0.39999999999999997,0,calibration
2.110406600055285,128,27.0,-146.0,20.0,True,183.88849081855827,183.61313273952842,87.58254983904656,-211.9708780550216,2.907966881363783,10,calibration,2,square,0.39999999999999997,0,calibration
2.127130900043994,129,149.0,-126.0,20.0,True,184.11277350154822,191.5119439418644,82.89201440326303,-217.92463391087915,18.549820688660162,10,calibration,2,square,0.39999999999999997,0,calibration
2.1438583000563085,130,241.0,-90.0,20.0,True,184.08389986457874,200.0514831488237,75.87781377263717,-224.163786712015,25.984860751410494,10,calibration,2,square,0.39999999999999997,0,calibration
2.1610852000303566,131,379.0,-16.0,20.0,True,183.45847288358547,209.62083792658086,67.20042156497608,-230.1035120139352,28.1652593723205,10,calibration,2,square,0.39999999999999997,0,calibration
2.1777195000322536,132,463.0,52.0,20.0,True,181.4519503535587,221.11541240131223,57.53693421988816,-234.68859273663512,29.161949860619906,10,calibration,2,square,0.39999999999999997,0,calibration
2.194434600067325,133,544.0,122.0,20.0,True,178.64733606842222,234.3228982168475,48.50050146124191,-237.37959719722676,27.883982587323736,10,calibration,2,square,0.39999999999999997,0,calibration
2.210475799976848,134,628.0,245.0,20.0,True,174.80331896788235,248.06682568913394,39.058988216820936,-238.6556921668114,26.257295844172663,10,calibration,2,square,0.39999999999999997,0,calibration
2.227416699985042,135,667.0,338.0,20.0,True,170.162381332884,261.2522581765595,28.41480154938717,-238.81817958729687,22.844894552469192,10,calibration,2,square,0.39999999999999997,0,calibration
2.2446250000502914,136,682.0,436.0,20.0,True,163.72986240797823,275.4667518432624,15.85052029797017,-238.23323018645186,18.867094863026665,10,calibration,2,square,0.39999999999999997,0,calibration
2.2608573000179604,137,671.0,580.0,20.0,True,155.07158396870636,290.57228058275723,1.8463814975804045,-237.08114672861555,14.905589524227791,10,calibration,2,square,0.39999999999999997,0,calibration
2.27736950002145,138,641.0,600.0,20.0,True,141.7299751375881,302.91765606210186,-12.113283332776222,-235.7864582837754,2.1544775212443756,10,calibration,2,square,0.39999999999999997,0,calibration
2.294038000050932,139,567.0,600.0,20.0,True,126.8905328922774,311.319097764129,-25.011712116400766,-233.98504381267963,-2.4035009288868925,10,calibration,2,square,0.39999999999999997,0,calibration
2.310612800065428,140,515.0,600.0,20.0,True,112.58888552172812,318.5636747793929,-36.04259441689455,-231.44691970884074,-1.649193858039546,10,calibration,2,square,0.39999999999999997,0,calibration
2.327134900027886,141,448.0,600.0,20.0,True,98.50477627772435,325.134829600558,-46.23761084178594,-227.95408529458985,-0.796030965332648,10,calibration,2,square,0.39999999999999997,0,calibration
2.3435271000489593,142,355.0,575.0,20.0,True,83.60615490372581,329.75785124043534,-57.39060912424553,-221.41377021324354,2.873469898638221,10,calibration,2,square,0.39999999999999997,0,calibration
2.360671399976127,143,241.0,495.0,20.0,True,66.89736231542098,331.5264664803635,-69.7139988739009,-211.8601924845449,9.171295505562405,10,calibration,2,square,0.39999999999999997,0,calibration
2.3795999999856576,144,61.0,312.0,20.0,True,49.16711171496699,330.61310480653475,-82.61404520048418,-199.69266227801705,14.320802282840834,10,calibration,2,square,0.39999999999999997,0,calibration
2.394364400068298,145,-70.0,128.0,20.0,True,31.489062970551164,327.1806111382416,-93.05836740416511,-187.3513700956317,19.435759640789104,10,calibration,2,square,0.39999999999999997,0,calibration
2.410777800017968,146,-110.0,24.0,20.0,True,15.800090818920609,321.47151702967096,-100.70769737768602,-174.6294928325799,25.42814340606394,10,calibration,2,square,0.39999999999999997,0,calibration
2.4267716000322253,147,-126.0,-77.0,20.0,True,2.643403401598256,314.7612039276748,-105.9386988115882,-160.77447177868584,29.137751498304965,10,calibration,2,square,0.39999999999999997,0,calibration
2.4436740999808535,148,-111.0,-123.0,20.0,True,-7.556271155204591,306.24206648559453,-109.8012726711148,-145.7378717612341,27.389741241906318,10,calibration,2,square,0.39999999999999997,0,calibration
2.4609318000730127,149,-82.0,-152.0,20.0,True,-14.314266479612675,296.59435707190585,-112.37850536141879,-129.54573254494343,19.658700333554634,10,calibration,2,square,0.39999999999999997,0,calibration
2.4785198000026867,150,14.0,-194.0,20.0,True,-18.352125294836227,286.0106187664725,-113.75959950461555,-112.566760963044,10.433944177970389,10,calibration,2,square,0.39999999999999997,0,calibration
2.4941514000529423,151,99.0,-206.0,20.0,True,-20.171848125955933,275.3300724565758,-113.63680599396318,-94.2999339891927,2.0925535545169898,10,calibration,2,square,0.39999999999999997,0,calibration
2.5106615000404418,152,220.0,-196.0,20.0,True,-20.98447312361011,264.44513684921964,-111.015631469268,-75.49686298220871,-7.510066644315251,10,calibration,2,square,0.39999999999999997,0,calibration
2.5285332000348717,153,404.0,-140.0,20.0,True,-20.66283273623806,253.2384127522124,-105.25364885304712,-56.60600580128657,-16.42391443594623,10,calibration,2,square,0.39999999999999997,0,calibration
2.544156500021927,154,518.0,-85.0,20.0,True,-19.78474578309077,242.41434431208503,-97.0031231226844,-40.278362977678604,-23.086087995793,10,calibration,2,square,0.39999999999999997,0,calibration
2.560460500069894,155,609.0,-18.0,20.0,True,-18.80906025507965,231.63967638638107,-87.72075341279864,-27.238603752340623,-29.35746956914519,10,calibration,2,square,0.39999999999999997,0,calibration
2.577432799967937,156,677.0,52.0,20.0,True,-18.095681009495166,220.8855052931166,-77.69407303162048,-18.167718838003566,-33.35014300469883,10,calibration,2,square,0.39999999999999997,0,calibration
2.5938632000470534,157,740.0,182.0,20.0,True,-20.295363878221785,210.03900124327734,-66.97925635925345,-11.166561109686324,-36.51872427244396,10,calibration,2,square,0.39999999999999997,0,calibration
2.610822999966331,158,755.0,280.0,20.0,True,-27.188889889585653,200.92486643000925,-55.23607747263374,-4.9089339650617045,-29.560632300022416,10,calibration,2,square,0.39999999999999997,0,calibration
2.626942600007169,159,741.0,419.0,20.0,True,-37.37499666836101,193.31567659364194,-42.15648174062068,1.4356267620980212,-17.184946750210287,10,calibration,2,square,0.39999999999999997,0,calibration
2.64393270004075,160,711.0,510.0,20.0,True,-49.23925691874472,186.2149563628406,-28.06284759809435,8.114044434206985,-6.856437099328718,10,calibration,2,square,0.39999999999999997,0,calibration
2.6602274000179023,161,631.0,600.0,20.0,True,-61.20291808154949,178.2797470700722,-12.803052507873904,15.086996242108793,8.683129751902472,10,calibration,2,square,0.39999999999999997,0,calibration
2.6774404000025243,162,569.0,600.0,20.0,True,-70.78542618644273,167.91961896471554,3.3781429153870626,22.90056083963954,31.59055502539094,10,calibration,2,square,0.39999999999999997,0,calibration
2.6936050000367686,163,498.0,600.0,20.0,True,-79.49044258486163,156.3755055017883,21.037460757115667,31.272843248808925,30.11335666841361,10,calibration,2,square,0.39999999999999997,0,calibration
2.711330799967982,164,405.0,598.0,20.0,True,-88.10477494751848,143.85737594367836,40.26423507362621,39.89357755910554,30.110693595204076,10,calibration,2,square,0.39999999999999997,0,calibration
2.7271720999851823,165,237.0,540.0,20.0,True,-96.06269072067113,129.40577266267243,59.54765288088471,48.4948520013592,34.76046567506562,10,calibration,2,square,0.39999999999999997,0,calibration
2.7464149000588804,166,115.0,459.0,20.0,True,-103.3465395066565,113.04909752267073,78.75250265481992,58.35501171844076,36.75904314600381,10,calibration,2,square,0.39999999999999997,0,calibration
2.7610787000739947,167,-73.0,289.0,20.0,True,-110.21452059356344,94.76468492251807,96.27220063019983,69.61090952852999,37.505076698721766,10,calibration,2,square,0.39999999999999997,0,calibration
2.7778536999830976,168,-176.0,168.0,20.0,True,-116.92613227747742,74.67068806682485,112.63656854501053,81.78033765423193,38.042763289637584,10,calibration,2,square,0.39999999999999997,0,calibration
2.7938726000720635,169,-281.0,-5.0,20.0,True,-123.06473656084421,52.79367893017198,127.89847471816594,94.23750762016209,38.11520292393218,10,calibration,2,square,0.39999999999999997,0,calibration
2.8109613000415266,170,-303.0,-59.0,20.0,True,-128.3434000236195,29.594780039583448,143.57088537243655,107.373979310366,37.415578117680155,10,calibration,2,square,0.39999999999999997,0,calibration
2.8274069000035524,171,-338.0,-189.0,20.0,True,-132.9498316642356,3.945973385954101,159.6632439800846,121.4489158543456,36.555244616381856,10,calibration,2,square,0.39999999999999997,0,calibration
2.8436745000071824,172,-340.0,-251.0,20.0,True,-135.5615402425055,-23.456225699611473,175.60684414786752,135.641462446658,33.73331385932253,10,calibration,2,square,0.39999999999999997,0,calibration
2.860423400066793,173,-333.0,-301.0,20.0,True,-136.56098151793725,-51.792421626429274,190.73724181589887,149.9500001926374,31.291296785815128,10,calibration,2,square,0.39999999999999997,0,calibration
2.8784854999976233,174,-301.0,-397.0,20.0,True,-136.11679356505186,-78.58475192890175,206.13278020094674,164.78209303714317,27.68523127974111,10,calibration,2,square,0.39999999999999997,0,calibration
2.8937230999581516,175,-249.0,-488.0,20.0,True,-134.8851656518076,-104.22258329351838,222.55005732327385,180.5960108061711,22.721283362454486,10,calibration,2,square,0.39999999999999997,0,calibration
2.910644100047648,176,-203.0,-541.0,20.0,True,-133.03184647757334,-129.092910946315,239.5107309009134,197.0302815936376,17.132826091083018,10,calibration,2,square,0.39999999999999997,0,calibration
2.927329699974507,177,-147.0,-588.0,20.0,True,-130.9485200426656,-154.08048541165584,257.04974531790987,214.32200963076983,12.203460580449583,10,calibration,2,square,0.39999999999999997,0,calibration
2.9443785999901593,178,-56.0,-599.0,20.0,True,-125.57435751788998,-178.96889641799845,273.69882777619864,231.22292727599003,-5.6874770350196036,10,calibration,2,square,0.39999999999999997,0,calibration
2.960547700058669,179,1.0,-599.0,20.0,True,-119.72804314131683,-203.64202749590783,289.46696929789846,246.79589369654798,-9.618601300303819,10,calibration,2,square,0.39999999999999997,0,calibration
2.9775779000483453,180,106.0,-573.0,20.0,True,-114.48030440407535,-226.84317268535435,303.2919123725571,259.91087116825224,-17.798766163695657,10,calibration,2,square,0.39999999999999997,0,calibration
2.994760900037363,181,203.0,-513.0,20.0,True,-112.73214813512018,-247.99973315719856,303.1723019313242,260.93400572110556,-28.66039982621853,10,calibration,2,square,0.39999999999999997,0,calibration
