timestamp,frame,mouse_x,mouse_y,mouse_speed,mouse_is_moving,stim_A_x,stim_A_y,stim_B_x,stim_B_y,evidence,overall_trial_num,trial_in_block,phase,n_shapes,target,prop_used,block_num,control_condition,participant,session,age,gender,handedness
0.008540500071831048,1,-6.947528442400051,-3.059699481700116,0.06680463228022934,False,-298.3080990443663,5.328984996670659,298.7745051092026,-4.248635732642614,0.0,1,1,calibration,2,square,0.5981210736084265,-1,calibration,SIM,001,999,f,r
0.12192669999785721,2,-5.449044900701619,-7.760901624004537,0.3288832375018197,False,-294.6586171981455,16.99313008613516,296.5413916461612,-13.195671697734568,0.0,1,1,calibration,2,square,0.5981210736084265,-1,calibration,SIM,001,999,f,r
0.13190350006334484,3,-4.011609618972307,-8.249801844066193,0.7542438681065744,True,-291.08131612959875,8.184289402133732,295.0459518390765,-22.47889596818377,-0.06691257482110562,1,1,calibration,2,square,0.5981210736084265,-1,calibration,SIM,001,999,f,r
0.1503606999758631,4,0.8920032690043591,-5.672217615701726,1.0453939529053957,True,-281.8436140099864,-1.8444854765202905,294.52098270549993,-31.759340608215084,-0.0885455689341176,1,1,calibration,2,square,0.5981210736084265,-1,calibration,SIM,001,999,f,r
0.16762439999729395,5,1.0507281024013428,-4.630699793323103,1.14469858611976,True,-267.8119314116227,-6.350686011649801,294.6193401043429,-41.155928088048626,0.01332781648887864,1,1,calibration,2,square,0.5981210736084265,-1,calibration,SIM,001,999,f,r
0.18651360005605966,6,-0.0037426652860992338,-5.575946560601773,1.189648471262845,True,-251.03120540238268,-5.145621972534338,296.33403991898825,-51.74622724715927,0.132809739609331,1,1,calibration,2,square,0.5981210736084265,-1,calibration,SIM,001,999,f,r
0.2033425000263378,7,-2.670195746899763,-6.015070151305271,1.054301807007758,True,-234.06776205235596,-1.0747140480205264,299.81192652145165,-63.1967450579468,0.08375053318159309,1,1,calibration,2,square,0.5981210736084265,-1,calibration,SIM,001,999,f,r
0.22059060004539788,8,-6.195603229239729,-11.643232905679788,0.7492568054069796,True,-217.07284227871946,-2.3082428887261073,304.9936507955512,-75.31923294542138,-0.09422735538388356,1,1,calibration,2,square,0.5981210736084265,-1,calibration,SIM,001,999,f,r
0.23649440007284284,9,-4.2902575254423905,-11.394673369993956,0.7784113101007802,True,-220.0263471217714,-11.736407394521901,310.49484585122866,-86.9744625709675,-0.0008160369146130002,1,1,calibration,2,square,0.5981210736084265,-1,calibration,SIM,001,999,f,r
0.25296489999163896,10,-3.216224056575606,-10.54085304398509,0.9917871506734817,True,-228.46245094192358,-19.20593650676976,316.26428842662006,-97.69024056650304,0.04847746829673625,1,1,calibration,2,square,0.5981210736084265,-1,calibration,SIM,001,999,f,r
0.26967980002518743,11,-4.819974333157734,-12.59755554715024,1.0234538932901116,True,-237.2621158816781,-25.144491936357817,322.58251863686485,-107.99263065282128,0.09495956847594514,1,1,calibration,2,square,0.5981210736084265,-1,calibration,SIM,001,999,f,r
0.2866922999965027,12,-3.7398082563204995,-11.464100454330872,0.9981990297295109,True,-245.80279385723892,-30.235122071834194,329.960431218388,-118.48643104793845,0.17551160196357857,1,1,calibration,2,square,0.5981210736084265,-1,calibration,SIM,001,999,f,r
0.304539900040254,13,-1.8688101007940747,-8.55424387928932,0.7790632798064192,True,-254.36673778199398,-35.29298516321163,338.0239587875816,-129.53805872026146,0.14068978670835494,1,1,calibration,2,square,0.5981210736084265,-1,calibration,SIM,001,999,f,r
0.31986719998531044,14,-6.876779629219952,-9.707483057770792,0.4250321679134553,False,-262.1629185825339,-30.29526517774453,346.1079871981903,-140.67128544657118,0.0,1,1,calibration,2,square,0.5981210736084265,-1,calibration,SIM,001,999,f,r
0.33628190006129444,15,-4.123219022097368,-6.181508685577761,0.2684437310666895,False,-271.2365461090867,-22.576579488493763,353.3786715239514,-151.24552447154082,0.0,1,1,calibration,2,square,0.5981210736084265,-1,calibration,SIM,001,999,f,r
0.354763500043191,16,0.598573893208199,-10.515167378450004,0.28090650161424024,False,-282.75900548995236,-13.603664549456374,359.84756949937963,-161.78901796280851,0.0,1,1,calibration,2,square,0.5981210736084265,-1,calibration,SIM,001,999,f,r
0.3690472000744194,17,0.029928818838907856,-12.411315089436764,0.3018280147562036,False,-297.84684576029287,-3.3620762421599384,362.0091859313526,-170.14508309475005,0.0,1,1,calibration,2,square,0.5981210736084265,-1,calibration,SIM,001,999,f,r
0.3892331999959424,18,-1.9698990738633788,-14.071395697741297,0.5108321568732512,True,-283.00620376732456,0.1610181822667398,359.2843180266309,-175.82599017249623,0.1031778378164181,1,1,calibration,2,square,0.5981210736084265,-1,calibration,SIM,001,999,f,r
0.4019717000192031,19,2.01503869025649,-16.06371350015905,0.7591636648152913,True,-274.96114840988963,-16.05470839141684,356.94662266155416,-180.5245373086719,-0.0039204043438652225,1,1,calibration,2,square,0.5981210736084265,-1,calibration,SIM,001,999,f,r
0.41732820007018745,20,5.0839338541013195,-16.578532611348287,1.1489762431314339,True,-271.9723897338288,-34.78957036502045,354.725625192805,-184.8505635143523,-0.13602222047235885,1,1,calibration,2,square,0.5981210736084265,-1,calibration,SIM,001,999,f,r
0.4368208000669256,21,2.397210168811652,-14.310173044371442,1.4156552525978552,True,-269.2872722917584,-50.28892765092833,352.5519661453172,-188.96325348350433,-0.12206849357698069,1,1,calibration,2,square,0.5981210736084265,-1,calibration,SIM,001,999,f,r
0.45274940005037934,22,2.796692461254508,-15.730455271327543,1.3434441440174834,True,-266.5755654282783,-63.39286169113584,350.1345571599506,-193.4057700338987,0.016636631233265385,1,1,calibration,2,square,0.5981210736084265,-1,calibration,SIM,001,999,f,r
0.4686892000027001,23,1.5420846871578995,-17.1995572511466,1.130673633512691,True,-264.766788724083,-76.76659008013932,347.54546431674805,-198.02058032653076,0.049311029541096715,1,1,calibration,2,square,0.5981210736084265,-1,calibration,SIM,001,999,f,r
0.4853021000744775,24,0.837108168770282,-17.405660648717053,0.9294783747989466,True,-265.638359656649,-91.47313989438632,344.66106705637134,-202.99938141670168,0.01637340618205879,1,1,calibration,2,square,0.5981210736084265,-1,calibration,SIM,001,999,f,r
0.5022128999698907,25,-4.651310615038279,-18.241407285431492,0.7403601183691582,True,-272.4244409267868,-106.5004033847295,341.155586899867,-208.83693525573327,-0.01953886421447104,1,1,calibration,2,square,0.5981210736084265,-1,calibration,SIM,001,999,f,r
0.5186346999835223,26,-7.944011482990437,-20.414409082131957,0.9405403966349352,True,-285.9761840959216,-117.08593530882946,335.9946215143061,-216.17019326203018,-0.0321926119578494,1,1,calibration,2,square,0.5981210736084265,-1,calibration,SIM,001,999,f,r
0.5345059999963269,27,-7.060884522585841,-21.282796786970536,1.4686402548117796,True,-302.2834544130482,-124.4233947795385,328.3198373019492,-224.55366428465422,0.007850855271183838,1,1,calibration,2,square,0.5981210736084265,-1,calibration,SIM,001,999,f,r
0.5528512999881059,28,-4.223474428388538,-16.731331111320358,1.6254328978223969,True,-319.0646044612258,-130.15263936819287,319.0235880727196,-233.52281150445086,0.02710292107277423,1,1,calibration,2,square,0.5981210736084265,-1,calibration,SIM,001,999,f,r
0.5684173000045121,29,-6.969041670663915,-17.712268914257194,1.3849973033867153,True,-335.9873130293975,-134.25770867302285,307.74065704092203,-243.44658981108498,0.07991579379992521,1,1,calibration,2,square,0.5981210736084265,-1,calibration,SIM,001,999,f,r
0.5853470000438392,30,-8.11015488213575,-17.63312581324387,1.201040891543991,True,-352.79283963724345,-136.29783721259108,294.7019270704043,-253.8544178816776,0.15944143436272643,1,1,calibration,2,square,0.5981210736084265,-1,calibration,SIM,001,999,f,r
0.6911377999931574,31,-7.158821170981616,-20.587130640654944,1.1071567916260814,True,-370.5503820274087,-137.33211622428814,280.3423585470954,-264.46164914636876,0.17105626623611567,1,1,calibration,2,square,0.5981210736084265,-1,calibration,SIM,001,999,f,r
0.6993838000344113,32,-8.919404260309124,-17.966470869553028,0.9690561095578921,True,-376.7621150304577,-134.35143720026275,265.9440540170901,-273.73262050526625,0.10514765210035587,1,1,calibration,2,square,0.5981210736084265,-1,calibration,SIM,001,999,f,r
0.7185648999875411,33,-11.51594170468567,-15.564167480599405,0.9159225828628322,True,-378.54751605945455,-129.2353592683404,251.40509615523652,-281.9016786476226,0.13099028542317176,1,1,calibration,2,square,0.5981210736084265,-1,calibration,SIM,001,999,f,r
0.73465760005638,34,-11.750891219432857,-19.905565203194588,0.9964963252439192,True,-380.3608977851571,-123.79655664060012,236.01486398284624,-288.64039139789094,0.16607158537156394,1,1,calibration,2,square,0.5981210736084265,-1,calibration,SIM,001,999,f,r
0.7517019000370055,35,-10.439614430040184,-25.071332719474228,0.9622642898690712,True,-381.57895429776494,-119.98958970270792,219.31904776544764,-294.0341264270868,0.03168975802288195,1,1,calibration,2,square,0.5981210736084265,-1,calibration,SIM,001,999,f,r
0.7690617999760434,36,-9.295954003728,-28.29114056615124,1.0001426845056633,True,-381.37120468814425,-120.64826660467872,201.8941471160785,-297.4468021170218,0.07018948459429714,1,1,calibration,2,square,0.5981210736084265,-1,calibration,SIM,001,999,f,r
0.7853508000262082,37,-8.53260365609722,-27.77463866633497,1.3164442381203298,True,-379.84439017804857,-125.37240226727084,184.51265295704385,-299.3698267481635,0.5577767246688791,1,1,calibration,2,square,0.5981210736084265,-1,calibration,SIM,001,999,f,r
0.801617500022985,38,-14.244127327607364,-27.34343872845436,1.5317285989589198,True,-377.4413745390827,-132.43114734097813,168.47691163909482,-299.5531813164143,1.0135175306000124,1,1,calibration,2,square,0.5981210736084265,-1,calibration,SIM,001,999,f,r
0.8176527000032365,39,-12.216364568886007,-26.899283289895735,1.5054920516523478,True,-374.7019766626124,-139.99438804870388,153.46070556523364,-297.82495678988727,1.116465916380081,1,1,calibration,2,square,0.5981210736084265,-1,calibration,SIM,001,999,f,r
0.8345550000667572,40,-10.219358558712743,-31.168741063449865,1.4067206031926651,True,-371.68930715018433,-147.80750640686676,140.11128212895494,-293.9668997134247,1.2506772692303343,1,1,calibration,2,square,0.5981210736084265,-1,calibration,SIM,001,999,f,r
0.8526377000380307,41,-9.062386438469728,-29.118698535424855,1.3142706303080558,True,-368.00533106014745,-156.75482866984126,127.88963131207463,-288.012209136829,1.5422094227245309,1,1,calibration,2,square,0.5981210736084265,-1,calibration,SIM,001,999,f,r
0.8681516000069678,42,-10.45324617439709,-26.675802979215284,1.0781222589658421,True,-363.3518405437028,-167.25860209120353,116.03037583332556,-278.8647837360958,1.5885547296133173,1,1,calibration,2,square,0.5981210736084265,-1,calibration,SIM,001,999,f,r
0.883978100027889,43,-16.0506743199412,-28.70330602974847,0.6981388312428477,True,-358.75283970843884,-176.9078856386316,103.86787925346958,-267.1196848017467,1.0736833224956808,1,1,calibration,2,square,0.5981210736084265,-1,calibration,SIM,001,999,f,r
0.900919400039129,44,-12.224242223735171,-31.342172687068185,0.5796768559446147,True,-356.34921039356493,-181.70096381660383,92.00744925701035,-253.3221279541561,0.7599583129985543,1,1,calibration,2,square,0.5981210736084265,-1,calibration,SIM,001,999,f,r
0.9174992999760434,45,-10.790831382362654,-32.82058197025525,0.6568049351588603,True,-354.7504587686861,-184.80290041935692,81.95823816442825,-239.07177326431042,0.9059956312391554,1,1,calibration,2,square,0.5981210736084265,-1,calibration,SIM,001,999,f,r
0.9345783999888226,46,-10.509422049574924,-33.85819551532298,0.7420408087488758,True,-352.5323961290833,-188.99976105669327,74.15489616930451,-223.51581086294135,1.240984802413185,1,1,calibration,2,square,0.5981210736084265,-1,calibration,SIM,001,999,f,r
0.9506896999664605,47,-10.88217607267589,-39.16903098515107,0.983728342007578,True,-349.79308353252594,-194.022675769631,68.16602094404679,-206.21442393488908,1.7752267527949108,1,1,calibration,2,square,0.5981210736084265,-1,calibration,SIM,001,999,f,r
0.9677983999717981,48,-7.3946804366186445,-42.74940703612007,1.4490011566908783,True,-346.13974788574876,-200.46764061461462,63.72391569492883,-187.4796267853394,2.6807789584566564,1,1,calibration,2,square,0.5981210736084265,-1,calibration,SIM,001,999,f,r
0.984661899972707,49,-9.641023463425533,-40.07244125479581,1.855201255904533,True,-341.6627633694143,-208.0061444447631,60.78214775728597,-168.1492361397875,3.4102871249104436,1,1,calibration,2,square,0.5981210736084265,-1,calibration,SIM,001,999,f,r
1.000434400048107,50,-13.067658263820007,-38.55862240996725,1.7912149185295398,True,-336.12416498305834,-216.84221386630827,59.12211071425292,-149.65064392124228,3.3086105721809083,1,1,calibration,2,square,0.5981210736084265,-1,calibration,SIM,001,999,f,r
1.0177912000799552,51,-15.039009981329382,-41.89386851551291,1.4690877653741483,True,-330.5599826340594,-225.23342975892888,58.20320686935913,-132.28665406285276,2.798689352486437,1,1,calibration,2,square,0.5981210736084265,-1,calibration,SIM,001,999,f,r
1.034548099967651,52,-15.22332309460894,-44.900204091023504,1.418757234720251,True,-325.9942193965086,-231.79251264883652,57.60220512081924,-116.68871056486859,2.7076068614048774,1,1,calibration,2,square,0.5981210736084265,-1,calibration,SIM,001,999,f,r
1.0505275999894366,53,-12.551753107004748,-42.655959562518,1.4681873796098748,True,-322.4676498569806,-236.67406870148614,56.98296538349719,-102.54748967152474,2.7440792705500794,1,1,calibration,2,square,0.5981210736084265,-1,calibration,SIM,001,999,f,r
1.067412400036119,54,-6.547175115482928,-36.77784522238031,1.0543958098163875,True,-318.7203571119352,-241.69678103450306,56.54324883246076,-88.94263814759765,1.9995291005392772,1,1,calibration,2,square,0.5981210736084265,-1,calibration,SIM,001,999,f,r
1.0842550999950618,55,-5.032045869588474,-33.4377149557601,0.3382471232434574,False,-317.9358293964987,-242.72784839395837,56.20354669309617,-75.74262642138557,0.0,1,1,calibration,2,square,0.5981210736084265,-1,calibration,SIM,001,999,f,r
1.1001049000769854,56,-9.938115448494395,-35.24641975875623,0.8904674138673303,True,-308.4723504446142,-238.55331973963763,56.04749067501821,-62.304116274336316,0.32380340699824633,1,1,calibration,2,square,0.5981210736084265,-1,calibration,SIM,001,999,f,r
1.1166293000569567,57,-6.9605217401807815,-35.68556201920882,1.1949015125249172,True,-300.5595979145018,-226.0367527132493,55.98543901483086,-49.62392452638261,0.2619355700335515,1,1,calibration,2,square,0.5981210736084265,-1,calibration,SIM,001,999,f,r
1.1344329999992624,58,-5.267132969117712,-32.06608743365143,1.3305091794825865,True,-293.816715940433,-211.83879148918794,55.96223452299326,-37.58931001425064,0.22936960932922312,1,1,calibration,2,square,0.5981210736084265,-1,calibration,SIM,001,999,f,r
1.150510900071822,59,-1.8661674616108543,-27.364567212487934,1.6699546108627903,True,-288.14113906514336,-196.9009486597247,55.9538156686957,-26.77451201027998,0.2546884887917573,1,1,calibration,2,square,0.5981210736084265,-1,calibration,SIM,001,999,f,r
1.1672072000801563,60,-0.37137476883595877,-29.558737558627715,2.082790937743725,True,-282.0904697589611,-182.36498912568968,55.66839997744649,-17.57385640464006,0.38766551683200173,1,1,calibration,2,square,0.5981210736084265,-1,calibration,SIM,001,999,f,r
1.1830004000803456,61,-0.05531869251333721,-27.33954270085127,2.2713744037889403,True,-274.99404108429394,-170.25498416914297,55.01779380438546,-10.234628096813854,0.6289265840942255,1,1,calibration,2,square,0.5981210736084265,-1,calibration,SIM,001,999,f,r
1.1993079000385478,62,1.6732768729753893,-26.353183574754127,2.2778201913933387,True,-266.57191846178955,-161.22511134144355,53.62090337328627,-4.512218924437431,0.9953137283866855,1,1,calibration,2,square,0.5981210736084265,-1,calibration,SIM,001,999,f,r
1.2168655999703333,63,-1.7126244810697768,-22.54126944336337,2.207197052213492,True,-259.36453887567035,-153.65455685157485,51.62731270713229,0.16882999847441038,1.201535757086603,1,1,calibration,2,square,0.5981210736084265,-1,calibration,SIM,001,999,f,r
1.23350540001411,64,0.03359068464012793,-21.631385647325878,2.087928187795236,True,-254.77922902847624,-145.87186873444602,49.07536717394668,4.249103305755145,1.1823937204772892,1,1,calibration,2,square,0.5981210736084265,-1,calibration,SIM,001,999,f,r
1.2505258000455797,65,-3.4611525422919,-20.97609537560671,1.9302848016809482,True,-252.1460015666404,-138.05824171864808,46.540505116161626,7.930640423994211,0.8671567957782634,1,1,calibration,2,square,0.5981210736084265,-1,calibration,SIM,001,999,f,r
1.2706550000002608,66,-0.5739889902251525,-21.249182200406814,1.7014749787755603,True,-251.27302997966038,-129.38188410219882,44.26593103739977,11.152517295540372,0.538247680393046,1,1,calibration,2,square,0.5981210736084265,-1,calibration,SIM,001,999,f,r
1.2843089000089094,67,-1.8913980396979977,-24.32095658270011,1.340477975614091,True,-252.93353528519347,-119.65430657463688,42.62753636649739,13.65527570196358,0.24622217436688415,1,1,calibration,2,square,0.5981210736084265,-1,calibration,SIM,001,999,f,r
1.3010462999809533,68,-2.150883184384693,-22.912932476621474,0.8651252818309761,True,-257.9087408680545,-110.69465954928897,41.603229847200225,15.15927348925581,0.03913012870635606,1,1,calibration,2,square,0.5981210736084265,-1,calibration,SIM,001,999,f,r
1.3175201000412926,69,-3.1537193678972875,-20.347486876596836,0.5861630608642817,True,-265.37036449574487,-105.25398754932573,41.29575370645707,15.81127918381691,-0.10202704539051742,1,1,calibration,2,square,0.5981210736084265,-1,calibration,SIM,001,999,f,r
1.3334371000528336,70,0.22882475679669145,-19.354319524422678,0.5629696922508278,True,-273.50284798957836,-101.37571175440318,42.398584237609306,16.064602470715062,0.5520736372734322,1,1,calibration,2,square,0.5981210736084265,-1,calibration,SIM,001,999,f,r
1.3522127000615,71,1.031036751719261,-23.233684369502814,0.4526841260315457,False,-277.8399832207597,-106.44504084409841,45.638953490876,16.158289879889768,0.0,1,1,calibration,2,square,0.5981210736084265,-1,calibration,SIM,001,999,f,r
1.3702032000292093,72,0.8380038918281516,-27.494244485567606,0.18328049513059824,False,-281.5024894656801,-112.88963662169682,51.72130779811148,16.192085324852986,0.0,1,1,calibration,2,square,0.5981210736084265,-1,calibration,SIM,001,999,f,r
1.3864019999746233,73,-1.5992664865965878,-30.208011371712384,0.6099490334855044,True,-281.9358198849498,-119.40407737731591,60.346764717738424,16.204114700940526,0.30718221208382557,1,1,calibration,2,square,0.5981210736084265,-1,calibration,SIM,001,999,f,r
1.4029335000086576,74,-5.104817437903902,-30.41745508322499,1.1413067703638515,True,-283.0420122853813,-126.5796145855219,71.79584452633426,16.34956999454833,1.1111908166619078,1,1,calibration,2,square,0.5981210736084265,-1,calibration,SIM,001,999,f,r
1.4185187000548467,75,-7.682529835486279,-28.9013040131123,1.469468527459781,True,-285.672561998426,-134.336796621962,86.03194792006637,16.78174039447419,1.9314355211542764,1,1,calibration,2,square,0.5981210736084265,-1,calibration,SIM,001,999,f,r
1.4362125999759883,76,-7.022787595574751,-29.172914063158014,1.5978470710209896,True,-289.9280011799026,-142.26998654220043,103.15651368037346,17.362264288648564,2.4933035446123912,1,1,calibration,2,square,0.5981210736084265,-1,calibration,SIM,001,999,f,r
1.4525444000028074,77,0.6568466468364287,-28.767751121158046,1.4202529981263499,True,-295.0993543899073,-150.2988186592711,121.74524450029082,17.863107729310276,2.299019886418051,1,1,calibration,2,square,0.5981210736084265,-1,calibration,SIM,001,999,f,r
1.469742799992673,78,-3.8819152827618018,-25.924483996574104,0.9198732127068827,True,-299.8917277331007,-158.6679578686852,142.56092914326499,17.956730131174933,1.3797179109734272,1,1,calibration,2,square,0.5981210736084265,-1,calibration,SIM,001,999,f,r
1.4858536999672651,79,-4.202295774329101,-25.487834616273517,0.40376813308141546,False,-304.7393923902557,-168.7323790967978,163.36930829149102,17.690753775540017,0.0,1,1,calibration,2,square,0.5981210736084265,-1,calibration,SIM,001,999,f,r
1.500813200022094,80,-7.26237358183244,-28.95703948613316,0.2718694837811712,False,-309.22422348206305,-179.37490114064593,182.95874651568852,16.549479486460733,0.0,1,1,calibration,2,square,0.5981210736084265,-1,calibration,SIM,001,999,f,r
1.5187177000334486,81,-6.153932286164849,-26.04420016491575,0.4210896055080792,False,-313.96721464903646,-190.5244348438962,198.4893629865328,14.457746384337241,0.0,1,1,calibration,2,square,0.5981210736084265,-1,calibration,SIM,001,999,f,r
1.5348091999767348,82,-6.284404876662599,-22.664655182091156,0.5544183604691548,True,-323.1894256942321,-193.64893074349808,210.39030276969046,11.127905291891608,0.9080480469615363,1,1,calibration,2,square,0.5981210736084265,-1,calibration,SIM,001,999,f,r
1.551604500040412,83,-8.976395798147912,-20.295945889110005,0.8586909347436804,True,-332.37332588360084,-192.81591315468515,220.01421862572693,6.4776128321464945,1.346270499782201,1,1,calibration,2,square,0.5981210736084265,-1,calibration,SIM,001,999,f,r
1.5695220000343397,84,-9.632814704352459,-22.31467562996685,1.207262366305921,True,-340.3212118393443,-190.9984244825998,227.7926197825423,0.6935228170344407,1.9912767801660913,1,1,calibration,2,square,0.5981210736084265,-1,calibration,SIM,001,999,f,r
1.5862790000392124,85,-5.9797829281764585,-21.60274224303231,1.2724832257152294,True,-347.1636082461374,-189.1023506292474,234.36236748491686,-6.115941120493245,2.1783035879862562,1,1,calibration,2,square,0.5981210736084265,-1,calibration,SIM,001,999,f,r
1.6023863999871537,86,-4.562364604788286,-18.367744339732305,1.1467615905370019,True,-352.4613097801746,-186.18191128702972,239.549312908852,-13.409994886473836,1.9730531191123775,1,1,calibration,2,square,0.5981210736084265,-1,calibration,SIM,001,999,f,r
1.6196076000342146,87,1.4296048350315314,-15.662953153887308,1.228673151133073,True,-353.44868365730514,-181.61085215224404,243.98972041250272,-21.60482097306984,2.1704582348634913,1,1,calibration,2,square,0.5981210736084265,-1,calibration,SIM,001,999,f,r
1.6363275999901816,88,6.752855441907059,-15.17200037946744,1.702568854855821,True,-350.5974583514467,-179.52110283559603,247.69271376576657,-30.61416259278031,2.552909123319509,1,1,calibration,2,square,0.5981210736084265,-1,calibration,SIM,001,999,f,r
1.651986000011675,89,9.219185261232283,-13.636166181297721,2.3776345831898147,True,-347.316045778232,-179.18280308080497,250.68937494596986,-41.491084281284984,2.957009298095633,1,1,calibration,2,square,0.5981210736084265,-1,calibration,SIM,001,999,f,r
1.6688873000675812,90,14.070796202453975,-14.226902238320584,2.967348186076709,True,-344.0142283723171,-179.66214815564916,252.71375074093504,-53.69117096507616,3.381114611102593,1,1,calibration,2,square,0.5981210736084265,-1,calibration,SIM,001,999,f,r
1.6853912000078708,91,13.559402126795183,-14.93507896091311,3.308458788994241,True,-340.09833874334896,-180.81282449080553,254.11160800822645,-66.84127983622702,3.5323150251958864,1,1,calibration,2,square,0.5981210736084265,-1,calibration,SIM,001,999,f,r
1.7011335999704897,92,16.246933633475127,-12.700086826204924,3.345727338516793,True,-335.47374428503105,-182.5341614311562,255.30354247121747,-79.71525527122024,3.375663735661133,1,1,calibration,2,square,0.5981210736084265,-1,calibration,SIM,001,999,f,r
1.7177030000602826,93,13.389353726567581,-14.721512635988239,3.088243070824596,True,-329.71835091475606,-184.51119860536767,256.56728050668755,-92.3708557632116,3.0912754950263484,1,1,calibration,2,square,0.5981210736084265,-1,calibration,SIM,001,999,f,r
1.7343659000471234,94,15.655083641774237,-16.959959238889553,2.5665781190646744,True,-323.5010912744306,-186.50467774633597,257.6731178764615,-104.5020649233617,2.5365621624447994,1,1,calibration,2,square,0.5981210736084265,-1,calibration,SIM,001,999,f,r
1.7512437000405043,95,17.9848656183008,-14.841949592162585,2.0850165062113324,True,-316.81699023347517,-188.59847513081667,258.47527640316844,-115.8659282343345,1.9593290487300266,1,1,calibration,2,square,0.5981210736084265,-1,calibration,SIM,001,999,f,r
1.768894899985753,96,18.712833831785872,-17.569233203912102,1.8054602874417194,True,-310.2897815325938,-190.5346986395587,259.47447665755493,-126.70325390358157,1.505862730843336,1,1,calibration,2,square,0.5981210736084265,-1,calibration,SIM,001,999,f,r
1.7859447000082582,97,19.5769126342818,-18.77950303705785,1.6101814588010166,True,-303.8499419092599,-192.51176052013713,261.2387290617617,-136.9516860345542,0.9968895449970282,1,1,calibration,2,square,0.5981210736084265,-1,calibration,SIM,001,999,f,r
1.8019059000071138,98,16.820313255432236,-20.058822129257898,1.4124053928462434,True,-297.6090063770025,-195.1205722390735,264.1159913169675,-146.84248194544318,0.4443224846803412,1,1,calibration,2,square,0.5981210736084265,-1,calibration,SIM,001,999,f,r
1.8195192000130191,99,15.146643708282259,-16.053535126688075,1.068488583582442,True,-292.09868015478395,-198.37766404826445,268.32848183822426,-156.01298121133703,0.047917955604443147,1,1,calibration,2,square,0.5981210736084265,-1,calibration,SIM,001,999,f,r
1.834560599992983,100,16.903699425062893,-18.278756258245135,0.6640884590815783,True,-286.80773294040154,-203.149984097486,274.8918950311241,-165.51837594742483,-0.041933941654063236,1,1,calibration,2,square,0.5981210736084265,-1,calibration,SIM,001,999,f,r
1.851872400031425,101,19.942739461945443,-19.13765894599564,0.49725114938138704,False,-277.44542505856583,-205.5244006477412,282.65484971480396,-174.1287454140123,0.0,1,1,calibration,2,square,0.5981210736084265,-1,calibration,SIM,001,999,f,r
1.8685994000406936,102,18.846816856138293,-20.309482146591634,0.5272468012344418,True,-266.0196991851345,-216.31046029786404,292.74865026418996,-181.8703962546933,0.029483173222361655,1,1,calibration,2,square,0.5981210736084265,-1,calibration,SIM,001,999,f,r
1.8853930999757722,103,16.6814346014658,-22.737033128452055,0.6255764799612709,True,-251.8638173753865,-232.21193638292743,303.96984572640616,-187.85545784987355,0.14052677712871625,1,1,calibration,2,square,0.5981210736084265,-1,calibration,SIM,001,999,f,r
1.9015494000632316,104,17.757955293395604,-21.584754925703127,0.7392323431289761,True,-238.6891070619235,-251.28839891054625,317.2012021770574,-193.00580807279536,0.3433569498536785,1,1,calibration,2,square,0.5981210736084265,-1,calibration,SIM,001,999,f,r
1.9184995000250638,105,24.05927102087034,-22.23732994450139,0.7610449591113703,True,-226.44949965114162,-267.7427862653521,330.32959098419315,-196.83159456281055,0.3684422067350505,1,1,calibration,2,square,0.5981210736084265,-1,calibration,SIM,001,999,f,r
1.9340648000361398,106,26.058099561911533,-22.650959354720875,0.8819867767876167,True,-213.11404612777812,-278.040893054294,343.1194315002979,-199.28127670624977,0.19578708388055877,1,1,calibration,2,square,0.5981210736084265,-1,calibration,SIM,001,999,f,r
1.9517908999696374,107,25.27591283383426,-29.686392289700386,1.2950104165525285,True,-199.88616616402885,-284.93787690340827,348.5461063264238,-196.25394713148893,0.20759881981354852,1,1,calibration,2,square,0.5981210736084265,-1,calibration,SIM,001,999,f,r
1.9667261000722647,108,25.823364508947243,-26.63205645301746,1.6332366459531098,True,-186.54073596383205,-291.5489875388288,351.68503675171297,-190.57186288890153,0.4409444251737986,1,1,calibration,2,square,0.5981210736084265,-1,calibration,SIM,001,999,f,r
1.985357700032182,109,26.247099769971246,-25.91537048657271,1.6814162051339834,True,-172.3023051080195,-298.6640185633206,355.44147190417726,-183.470324713813,0.6927724414911247,1,1,calibration,2,square,0.5981210736084265,-1,calibration,SIM,001,999,f,r
2.0009007999906316,110,23.018812839355288,-28.46318375838562,1.4615948859829313,True,-156.14242211529637,-306.98825769476485,359.77296944802407,-174.82394130825196,0.8548025022775804,1,1,calibration,2,square,0.5981210736084265,-1,calibration,SIM,001,999,f,r
2.0169548999983817,111,25.509023779024457,-27.866686239285873,1.1888285855732446,True,-138.6044928830188,-317.76909508672276,364.50056420707705,-164.7402157723563,0.9939122617278187,1,1,calibration,2,square,0.5981210736084265,-1,calibration,SIM,001,999,f,r
2.036764100077562,112,22.624933650963992,-23.9493143303106,0.8402600949508874,True,-120.53754143919298,-330.7063597479876,369.6313227031036,-152.88127837231758,0.9209480266765687,1,1,calibration,2,square,0.5981210736084265,-1,calibration,SIM,001,999,f,r
2.0506550000282004,113,25.10636817274525,-25.11521902611425,0.373304093174621,False,-99.51649640772371,-334.1329602952591,374.3064308489468,-141.04855839434393,0.0,1,1,calibration,2,square,0.5981210736084265,-1,calibration,SIM,001,999,f,r
2.069325100048445,114,25.401206867104683,-23.460623230945185,0.11088892134482511,False,-78.1414739674496,-335.11198206996994,378.8795481435057,-128.25867611422223,0.0,1,1,calibration,2,square,0.5981210736084265,-1,calibration,SIM,001,999,f,r
2.08652620005887,115,22.012057063812495,-21.635021273906606,0.35850372780921036,False,-58.16331728772212,-335.4105820077519,383.02693557732175,-115.28385239159132,0.0,1,1,calibration,2,square,0.5981210736084265,-1,calibration,SIM,001,999,f,r
2.102664400008507,116,15.909382143506765,-25.51080052396118,0.6537866304111473,True,-52.136351327619025,-321.19389244658544,386.2989891782594,-100.54833598973168,-0.09305321941857808,1,1,calibration,2,square,0.5981210736084265,-1,calibration,SIM,001,999,f,r
2.119213700061664,117,12.117185987769261,-23.48802775038481,1.1747954785173331,True,-56.823045980918344,-308.28003990912543,387.6929634061589,-85.64291244802013,0.43526702237027765,1,1,calibration,2,square,0.5981210736084265,-1,calibration,SIM,001,999,f,r
2.135820399969816,118,15.139936076879927,-22.943694228706057,1.709719277188825,True,-65.80757403500267,-299.60784255330844,386.67735248246015,-70.63954825436605,0.9478899198981264,1,1,calibration,2,square,0.5981210736084265,-1,calibration,SIM,001,999,f,r
2.1512424000538886,119,18.313775464833785,-26.991021192150235,1.7166851938419367,True,-75.60440336943556,-293.91481843421684,383.12648951137777,-55.523607792979696,0.9200243761295839,1,1,calibration,2,square,0.5981210736084265,-1,calibration,SIM,001,999,f,r
2.1686511000152677,120,18.957371536318373,-25.76870312925133,1.2620806133453315,True,-85.87663084296175,-291.9601954138235,377.008463104729,-39.928991776255316,0.7359360384593272,1,1,calibration,2,square,0.5981210736084265,-1,calibration,SIM,001,999,f,r
2.1843198999995366,121,16.696424844879846,-26.007227838896732,0.8305353634853376,True,-94.71519228960189,-295.5131366535409,368.17331386381125,-23.090550817486736,0.5750608742846971,1,1,calibration,2,square,0.5981210736084265,-1,calibration,SIM,001,999,f,r
2.2004667000146583,122,17.6149318213369,-31.07784975394376,0.6633480318993226,True,-98.27021022046887,-303.0506139864321,357.6704364597675,-4.401272477257322,0.6439302664409262,1,1,calibration,2,square,0.5981210736084265,-1,calibration,SIM,001,999,f,r
2.21987110003829,123,12.291782448709547,-31.730064074911198,0.9025634383607603,True,-98.06320132787748,-309.5870238488638,346.2993023464962,15.430705903693053,1.182460192445289,1,1,calibration,2,square,0.5981210736084265,-1,calibration,SIM,001,999,f,r
2.234691300080158,124,15.548753184814247,-30.237568301437623,1.1838962794118997,True,-97.28022989081786,-313.8533504712427,335.27339210410395,34.8437793739417,1.5633531879939566,1,1,calibration,2,square,0.5981210736084265,-1,calibration,SIM,001,999,f,r
2.2530423999996856,125,14.969705843047002,-33.778291888558556,1.2494849680828204,True,-96.74288273638493,-315.94906056717974,324.2863257334805,51.7577914628942,1.6275857666040854,1,1,calibration,2,square,0.5981210736084265,-1,calibration,SIM,001,999,f,r
2.2681152999866754,126,10.951469202945216,-32.2701998817294,1.2770638485334913,True,-96.48916826606755,-316.7988660321537,311.10778314380866,66.47941422844046,1.513272353249315,1,1,calibration,2,square,0.5981210736084265,-1,calibration,SIM,001,999,f,r
2.284503599978052,127,10.051505816962997,-34.90118312094098,1.3469753457113787,True,-96.41012845834518,-317.1254778992497,295.66217342833323,78.47569934791908,1.1213169822386293,1,1,calibration,2,square,0.5981210736084265,-1,calibration,SIM,001,999,f,r
2.3020652000559494,128,4.437493869382845,-34.60417871162451,1.519345188257021,True,-96.57332503502802,-317.22349510524685,277.7110319499285,87.92627506248876,1.064273142282447,1,1,calibration,2,square,0.5981210736084265,-1,calibration,SIM,001,999,f,r
2.3190724999876693,129,2.34125860507533,-31.68563783222011,1.777136387469938,True,-97.00927417250041,-317.1890655200095,259.24656679025424,94.54362883365184,0.32875040641319025,1,1,calibration,2,square,0.5981210736084265,-1,calibration,SIM,001,999,f,r
2.3353986999718472,130,0.9016446367870985,-27.952526709355585,1.9824781259569288,True,-98.19741186198566,-316.6451076033731,239.68672710393724,98.65127165102828,-0.23616345861725643,1,1,calibration,2,square,0.5981210736084265,-1,calibration,SIM,001,999,f,r
2.351579300011508,131,2.8489166948728126,-30.57137729704863,2.0479888209611707,True,-99.89016725254453,-315.3382521119552,219.63096649460917,100.87087489032515,-0.39223185280256956,1,1,calibration,2,square,0.5981210736084265,-1,calibration,SIM,001,999,f,r
2.367694800021127,132,4.785225785594793,-33.13758180459623,1.8063602339894362,True,-102.08218970902269,-313.3580196875466,200.15575209297893,100.95689276727961,-0.29605130752773484,1,1,calibration,2,square,0.5981210736084265,-1,calibration,SIM,001,999,f,r
2.384792900062166,133,6.75830744190773,-34.888905587206004,1.242629731338052,True,-104.75658216245243,-311.10291947160675,182.0229862955428,98.66015569529407,-0.2111297686318149,1,1,calibration,2,square,0.5981210736084265,-1,calibration,SIM,001,999,f,r
2.4007331000175327,134,10.30424538115396,-34.530325690857524,0.5547170816371331,True,-108.9302843500186,-309.16542198209737,165.36455549436357,94.14321824245238,-0.14156906840014935,1,1,calibration,2,square,0.5981210736084265,-1,calibration,SIM,001,999,f,r
2.418726300005801,135,11.61445118384182,-30.81821534543827,0.31699597810693747,False,-109.85994659607897,-303.7107180828304,149.35243512987844,87.23051765644837,0.0,1,1,calibration,2,square,0.5981210736084265,-1,calibration,SIM,001,999,f,r
2.4353734999895096,136,10.564078104868639,-26.301379230444432,0.7882133751794009,True,-105.30136277202946,-298.81038664212974,134.15740132746544,78.237730057469,1.315343848944028,1,1,calibration,2,square,0.5981210736084265,-1,calibration,SIM,001,999,f,r
2.4516040000598878,137,8.411647514224814,-22.96809899640643,1.1789208328592824,True,-100.7993923785785,-292.116636167115,119.71953544839121,67.06835706846437,2.2839891853701544,1,1,calibration,2,square,0.5981210736084265,-1,calibration,SIM,001,999,f,r
2.467844699975103,138,8.821536588053817,-26.573627250188846,1.4377483455961733,True,-97.24691876039844,-283.49013661548827,105.4997110499012,53.223612799922705,2.8153727055522655,1,1,calibration,2,square,0.5981210736084265,-1,calibration,SIM,001,999,f,r
2.485564799979329,139,10.975182816408934,-24.910765530367367,1.4536902567659844,True,-94.33242507641144,-273.46175932646696,92.26463902749478,37.77736566912329,2.8417464457779342,1,1,calibration,2,square,0.5981210736084265,-1,calibration,SIM,001,999,f,r
2.5017995999660343,140,15.226716425571766,-23.83145611040663,1.4491907955446033,True,-91.32515815723514,-262.4808987246109,81.25037572317841,21.566965544696167,2.837448629239371,1,1,calibration,2,square,0.5981210736084265,-1,calibration,SIM,001,999,f,r
2.520545699982904,141,14.335442864645579,-22.902390124596476,1.5524183524690147,True,-87.71383993672237,-251.2966374102859,74.14211849667376,6.319229835295557,2.9446972169636085,1,1,calibration,2,square,0.5981210736084265,-1,calibration,SIM,001,999,f,r
2.533734100055881,142,14.717669694621472,-20.61950965765658,1.6143880665739954,True,-83.74005033960609,-239.83276475370587,70.5799609996771,-7.992537691518846,2.895829503051613,1,1,calibration,2,square,0.5981210736084265,-1,calibration,SIM,001,999,f,r
2.551860300009139,143,12.342386726379857,-23.999540289139183,1.4782580644984764,True,-79.82190342922499,-228.1987229074871,69.89497888067321,-22.28052368068391,2.5212801825273976,1,1,calibration,2,square,0.5981210736084265,-1,calibration,SIM,001,999,f,r
2.569826400023885,144,15.221864793596552,-18.840734457965276,1.230124393920974,True,-76.49373141206952,-216.89233251173272,71.81505959966347,-36.338537961108734,1.9972962905589773,1,1,calibration,2,square,0.5981210736084265,-1,calibration,SIM,001,999,f,r
2.586089799995534,145,11.34855724833709,-14.347047224355084,1.208219850648811,True,-74.80198854892804,-206.14316840384066,76.30796837320828,-50.41293732726893,2.0176936303419795,1,1,calibration,2,square,0.5981210736084265,-1,calibration,SIM,001,999,f,r
2.6023966000648215,146,16.215458788213418,-16.186384339960263,1.405105693471233,True,-74.82499122634634,-195.6438731940607,83.30442153926225,-63.594615193799385,2.3974147867282154,1,1,calibration,2,square,0.5981210736084265,-1,calibration,SIM,001,999,f,r
2.618576299981214,147,18.386970376210144,-21.796721048129157,1.322317660813156,True,-74.95331181129333,-185.23915995768695,92.62736470063402,-76.2135468705785,2.0150341459437655,1,1,calibration,2,square,0.5981210736084265,-1,calibration,SIM,001,999,f,r
2.6347700000042096,148,15.776011021858004,-20.981529068199684,0.9385149530680266,True,-73.38045860112184,-174.86016159023993,104.1842677952116,-87.66762733157242,0.9194296838834974,1,1,calibration,2,square,0.5981210736084265,-1,calibration,SIM,001,999,f,r
2.6511009000241756,149,15.88253924735481,-20.881103838285117,0.5959728239263807,True,-69.11293219621238,-165.26962526590614,117.44241623396195,-98.23802222135294,0.17350296027572257,1,1,calibration,2,square,0.5981210736084265,-1,calibration,SIM,001,999,f,r
2.6691782000707462,150,17.10593678160982,-21.093092359641357,0.4340364984819262,False,-75.4919643146199,-155.9461098393032,132.46830614203253,-108.68633926788519,0.0,1,1,calibration,2,square,0.5981210736084265,-1,calibration,SIM,001,999,f,r
2.6852339999750257,151,20.974265265693116,-21.48000301730381,0.545153623337091,True,-65.31318713159501,-153.6461767780832,147.71194500355523,-118.9175642637552,-0.11697623012374338,1,1,calibration,2,square,0.5981210736084265,-1,calibration,SIM,001,999,f,r
2.7017090000445023,152,22.361313113998154,-25.320104767621586,0.8744514435591353,True,-51.931458328838495,-155.84040315785214,162.0337725702282,-128.68492203602068,-0.06384233279734423,1,1,calibration,2,square,0.5981210736084265,-1,calibration,SIM,001,999,f,r
2.7187775999773294,153,27.0566102815758,-26.747124253264936,1.3696152531509407,True,-39.99812856738575,-161.85491645270108,173.9270964562466,-137.2239155535005,-0.014667934627444552,1,1,calibration,2,square,0.5981210736084265,-1,calibration,SIM,001,999,f,r
2.7364149000495672,154,27.036448208044778,-20.34335486506926,1.7623390665908552,True,-27.85056012062507,-166.9918177801813,183.98445083691612,-145.40218907231463,-0.000672909838260456,1,1,calibration,2,square,0.5981210736084265,-1,calibration,SIM,001,999,f,r
2.7520871000597253,155,33.346244197028994,-23.754365879822956,1.989570355418089,True,-15.345336790630943,-166.59056852776393,192.990210020429,-153.39744968074413,0.0012169728349060787,1,1,calibration,2,square,0.5981210736084265,-1,calibration,SIM,001,999,f,r
2.7690145999658853,156,35.92671593051282,-24.14471080629621,2.3420485455960014,True,-4.36291970134574,-162.57604439793494,201.3343024840195,-161.24670117941508,-0.015508192923313558,1,1,calibration,2,square,0.5981210736084265,-1,calibration,SIM,001,999,f,r
2.78514399996493,157,35.21431895701986,-27.068418282366693,2.6331588030838624,True,5.450174084869799,-158.13413362431373,209.52929473336076,-168.88725375353874,-0.0926010682045196,1,1,calibration,2,square,0.5981210736084265,-1,calibration,SIM,001,999,f,r
2.8016630000201985,158,33.74700726114136,-27.65121710918889,2.5593935217558026,True,14.7008593165619,-154.78043603592621,217.33558649049178,-176.63504978370503,-0.1087768003515299,1,1,calibration,2,square,0.5981210736084265,-1,calibration,SIM,001,999,f,r
2.818050600006245,159,34.295189929082795,-32.19734138715469,2.2516760716773674,True,24.24821255833406,-154.7765060577795,223.95009626655508,-184.24463141255254,0.03610496381556809,1,1,calibration,2,square,0.5981210736084265,-1,calibration,SIM,001,999,f,r
2.83406390005257,160,28.322188566355525,-30.226131455308852,1.8387787984478958,True,31.490883343429655,-161.40722591815896,228.5948892173686,-191.70008566979814,0.10063336688233009,1,1,calibration,2,square,0.5981210736084265,-1,calibration,SIM,001,999,f,r
2.8525629000505432,161,27.761541025433417,-30.807615630017995,1.3465767161077662,True,30.508536388480373,-172.21538415160336,230.6865096559916,-199.71586656133687,-0.16863743856823626,1,1,calibration,2,square,0.5981210736084265,-1,calibration,SIM,001,999,f,r
2.868850199971348,162,29.27300599055727,-32.536126127929634,1.1490243327220198,True,20.47551421488781,-183.54370934748286,230.80574130114192,-208.54483288042377,-0.2043688886741924,1,1,calibration,2,square,0.5981210736084265,-1,calibration,SIM,001,999,f,r
2.8850118999835104,163,29.296030844405557,-32.05590504508943,1.1732955444242998,True,4.722901188880755,-193.60185416250243,229.03044746038603,-218.34664759188993,-0.1680845646884503,1,1,calibration,2,square,0.5981210736084265,-1,calibration,SIM,001,999,f,r
2.901564700063318,164,31.4908738882269,-31.769557816522955,1.0723589287092004,True,-15.121608456652574,-203.32332345717154,225.22159327466818,-227.99118425865444,-0.17902478472864036,1,1,calibration,2,square,0.5981210736084265,-1,calibration,SIM,001,999,f,r
2.919327500043437,165,28.728279873549617,-32.56144080878542,0.8754711295448341,True,-36.557235010708645,-212.64172440584736,219.08545191311745,-237.90473306708782,-0.15632758280226944,1,1,calibration,2,square,0.5981210736084265,-1,calibration,SIM,001,999,f,r
2.9356118000578135,166,26.647184722977258,-32.27617284018319,0.775878465298667,True,-59.45643701980391,-219.5943225370361,210.96442292156348,-247.69483838075394,-0.11324223215999028,1,1,calibration,2,square,0.5981210736084265,-1,calibration,SIM,001,999,f,r
2.9499511000467464,167,33.307376319751825,-35.20274133633345,0.7102574140145327,True,-83.28483059866309,-225.25961222886065,201.34979656418773,-257.32761651342776,-0.1059772682081016,1,1,calibration,2,square,0.5981210736084265,-1,calibration,SIM,001,999,f,r
2.968851700075902,168,37.91930943196285,-38.345637729475946,0.6351748204861783,True,-100.9253892054065,-239.73627049152688,190.27600729122128,-265.82346960688636,0.015899927792340063,1,1,calibration,2,square,0.5981210736084265,-1,calibration,SIM,001,999,f,r
2.986823200015351,169,38.887610414380525,-38.671728285790735,1.1491305032406667,True,-96.82435433950775,-258.34954362612785,177.0921820512167,-272.85779792400365,1.2403084204852883,1,1,calibration,2,square,0.5981210736084265,-1,calibration,SIM,001,999,f,r
0.0006616000318899751,1,2.094599296565441,-2.9549835092233416,0.03950644462398053,False,306.85231378874914,1.1565555636730733,-297.3315444963468,2.620777047968316,0.0,2,2,calibration,2,square,0.5350820483873121,-1,calibration,SIM,001,999,f,r
0.020956499967724085,2,6.575407430790237,-1.586385181252256,0.23857209002557062,False,321.2982371306667,3.4002235221894628,-291.29599031178714,7.902627129032158,0.0,2,2,calibration,2,square,0.5350820483873121,-1,calibration,SIM,001,999,f,r
0.0398997999727726,3,5.3693799452935735,-2.9335872041309887,0.5708304710156378,True,338.4974817524437,4.150366705471832,-284.3643310877406,13.123464166966365,0.1288093885066739,2,2,calibration,2,square,0.5350820483873121,-1,calibration,SIM,001,999,f,r
0.057103400002233684,4,8.152333935079316,0.4538646735569487,0.8384194187333578,True,356.39262122914374,4.967049810376992,-276.5756852668301,17.924527007926034,0.10576369704679522,2,2,calibration,2,square,0.5350820483873121,-1,calibration,SIM,001,999,f,r
0.07457529997918755,5,9.170907708903218,3.4724446177823274,1.091246164519511,True,374.62434519797347,7.4076139108813805,-268.37842417040844,22.49898495356878,0.019217107700592363,2,2,calibration,2,square,0.5350820483873121,-1,calibration,SIM,001,999,f,r
0.09036070003639907,6,6.102352619204268,0.9957866290578443,1.2646912849792824,True,393.23736060402615,12.150602533563749,-259.21664609049,26.578310578702336,-0.034393131829885834,2,2,calibration,2,square,0.5350820483873121,-1,calibration,SIM,001,999,f,r
0.10726530000101775,7,8.344749078232574,4.342495752195244,1.2192349025219338,True,399.58517480683213,18.212305581486287,-249.05313196159267,30.201233859291467,0.00048801029316498717,2,2,calibration,2,square,0.5350820483873121,-1,calibration,SIM,001,999,f,r
0.12468120001722127,8,12.32691442112707,7.8579773669694974,1.3293438121428127,True,399.18642505033324,25.49898146073136,-236.2068181742997,33.507824157348544,0.10849061093105873,2,2,calibration,2,square,0.5350820483873121,-1,calibration,SIM,001,999,f,r
0.14026330003980547,9,7.95353472193403,9.998781985267378,1.6262218889419582,True,398.55351836878174,33.98665908654687,-221.65517323191284,36.372466612726264,0.2829183598354493,2,2,calibration,2,square,0.5350820483873121,-1,calibration,SIM,001,999,f,r
0.15658149996306747,10,7.9227451868582,6.955931829306387,1.6927924482470984,True,397.55419977504255,44.166256817004296,-206.5533340412486,38.41635533059794,0.5283380373505566,2,2,calibration,2,square,0.5350820483873121,-1,calibration,SIM,001,999,f,r
0.17329720000270754,11,9.217055046990412,5.224348798581455,1.4061269832746852,True,396.1666256893567,55.24495171424399,-192.36794170503936,39.53991106448748,0.6227606931785672,2,2,calibration,2,square,0.5350820483873121,-1,calibration,SIM,001,999,f,r
0.18997169996146113,12,11.170094639776142,2.864117865495802,0.9101951536445163,True,394.6465166950519,65.2236679470123,-179.62484733537428,39.51493973053432,0.43979304834326255,2,2,calibration,2,square,0.5350820483873121,-1,calibration,SIM,001,999,f,r
0.20698879996780306,13,9.223285910054232,3.133282313678537,0.4471907937829772,False,394.7190986996527,64.78296938033809,-167.91077843390144,38.02296321893197,0.0,2,2,calibration,2,square,0.5350820483873121,-1,calibration,SIM,001,999,f,r
0.22425430000294,14,9.570978585105422,7.985723609248459,0.25311100331410735,False,395.00720934727525,63.0024171256773,-157.66142223695903,34.60487928875225,0.0,2,2,calibration,2,square,0.5350820483873121,-1,calibration,SIM,001,999,f,r
0.24037050001788884,15,14.14730474290839,7.054338743969124,0.2806059774893148,False,395.1397555568825,62.16569454648721,-148.545510066608,29.930213774385592,0.0,2,2,calibration,2,square,0.5350820483873121,-1,calibration,SIM,001,999,f,r
0.25838520005345345,16,14.41114819344701,6.366836340575809,0.5366208325261648,True,394.8173635544825,64.18137919901383,-140.5502879543747,24.699255908016543,0.21576010940562398,2,2,calibration,2,square,0.5350820483873121,-1,calibration,SIM,001,999,f,r
0.2752527999691665,17,17.28964616330519,6.536700212830434,0.8201114382509355,True,394.54901862943024,65.81087978862992,-133.4919881141179,19.350268914407536,0.28033712539860467,2,2,calibration,2,square,0.5350820483873121,-1,calibration,SIM,001,999,f,r
0.2930989000014961,18,25.32722993785118,7.948585835402183,1.279770970781996,True,394.3188817592273,67.17603358454977,-127.57034390765784,13.875335409988438,0.45301079450344883,2,2,calibration,2,square,0.5350820483873121,-1,calibration,SIM,001,999,f,r
0.30809880001470447,19,18.5133762325041,3.8929598543235553,1.7378934389701926,True,394.1457065033388,68.18476402381943,-123.1080143399621,8.539335274467142,0.6972806932532531,2,2,calibration,2,square,0.5350820483873121,-1,calibration,SIM,001,999,f,r
0.3243275999557227,20,18.460942930639366,6.818558422990385,1.6775598746623543,True,394.09253740237807,68.49140065552233,-119.86859670656236,3.1885937921280654,0.7574984501997756,2,2,calibration,2,square,0.5350820483873121,-1,calibration,SIM,001,999,f,r
0.3432632000185549,21,12.50997856391196,5.817454035202669,1.1280237504839838,True,394.1694316991072,68.04747691136573,-117.29959956778018,-1.9800388558470834,0.5261691707413059,2,2,calibration,2,square,0.5350820483873121,-1,calibration,SIM,001,999,f,r
0.3572272000601515,22,13.19648303663651,4.293418160372168,0.39834220548659516,False,393.6522607272143,70.97814892171596,-114.7138169992321,-7.147450706113104,0.0,2,2,calibration,2,square,0.5350820483873121,-1,calibration,SIM,001,999,f,r
0.37435980001464486,23,13.657103270041146,1.8863333214161617,0.3764110378822812,False,392.9790998223138,74.61519351207188,-111.57201823234819,-11.827083958703204,0.0,2,2,calibration,2,square,0.5350820483873121,-1,calibration,SIM,001,999,f,r
0.3909855999518186,24,14.56444524034898,0.41242313543662323,0.7622373801047203,True,394.618366708901,65.3937661860771,-107.62573075912178,-16.638408260284287,0.01528710059575233,2,2,calibration,2,square,0.5350820483873121,-1,calibration,SIM,001,999,f,r
0.40767380001489073,25,18.730408815260567,3.896757386078818,0.8557163651488057,True,396.05591674152566,56.03312247260279,-102.77604085394918,-22.156132873457373,0.11799524516140522,2,2,calibration,2,square,0.5350820483873121,-1,calibration,SIM,001,999,f,r
0.42386980005539954,26,20.31847417912125,8.502781039395472,0.4959114906617745,False,395.9349122223826,56.88185372730194,-97.68573573158666,-28.55301406191807,0.0,2,2,calibration,2,square,0.5350820483873121,-1,calibration,SIM,001,999,f,r
0.4406262000557035,27,18.130493602509933,7.512151964207328,0.3152154866695876,False,395.58107096635865,59.29263270515752,-93.32609805375215,-35.383983344975505,0.0,2,2,calibration,2,square,0.5350820483873121,-1,calibration,SIM,001,999,f,r
0.4573208000510931,28,19.02276722433832,2.586863013127364,0.5180724721263597,True,395.2545808927582,61.431394931989125,-90.38488009029406,-42.19221820885447,0.5821988714234285,2,2,calibration,2,square,0.5350820483873121,-1,calibration,SIM,001,999,f,r
0.4742852000053972,29,19.63166564130299,3.810919923910648,0.4988361350712762,False,394.9789575368544,63.17929330959453,-88.97241389237226,-49.05753393103178,0.0,2,2,calibration,2,square,0.5350820483873121,-1,calibration,SIM,001,999,f,r
0.4908753000199795,30,24.101065300933858,4.688358095589421,0.6279606269375232,True,394.89738003204343,63.68719842973026,-88.2015008300208,-56.35571935648877,0.5237625140866771,2,2,calibration,2,square,0.5350820483873121,-1,calibration,SIM,001,999,f,r
0.5075228000059724,31,25.36868189335733,1.8527425135941717,0.9384835400885521,True,394.91117809325175,63.601583447269874,-87.67642936864544,-65.4875227461611,0.7681900385829579,2,2,calibration,2,square,0.5350820483873121,-1,calibration,SIM,001,999,f,r
0.5241944000590593,32,26.457220468792308,2.577669270708977,1.2540871725690457,True,394.98018513318476,63.171618248665254,-87.24166206831708,-75.29760227051747,0.9152001248599813,2,2,calibration,2,square,0.5350820483873121,-1,calibration,SIM,001,999,f,r
0.5408967999974266,33,26.042379947735935,4.120829474823483,1.3899896664616629,True,395.05719508616113,62.68821747868412,-87.33920792183754,-87.45177047628876,1.0449205707568319,2,2,calibration,2,square,0.5350820483873121,-1,calibration,SIM,001,999,f,r
0.5590874999761581,34,23.659356770038134,4.694573445051567,1.247358958054573,True,395.0786322570803,62.55297222254686,-88.22305949604299,-100.84770812741037,1.1014347691674504,2,2,calibration,2,square,0.5350820483873121,-1,calibration,SIM,001,999,f,r
0.5740661000600085,35,23.9512818809349,7.490079491864036,0.9016566754181476,True,394.93373938794247,63.46133856968936,-90.20191398413368,-116.86192283060939,1.047971562706107,2,2,calibration,2,square,0.5350820483873121,-1,calibration,SIM,001,999,f,r
0.5906548000639305,36,22.285156616611065,4.445109853096867,0.5796250093329584,True,394.4038723747934,66.67522370241912,-93.12786249628641,-133.52946936299853,0.9330829898765025,2,2,calibration,2,square,0.5350820483873121,-1,calibration,SIM,001,999,f,r
0.6071054000640288,37,26.842256060371067,3.9195802424138506,0.3791168648466421,False,393.49217080264674,71.86036123636366,-96.49806251770127,-150.37306900779683,0.0,2,2,calibration,2,square,0.5350820483873121,-1,calibration,SIM,001,999,f,r
0.624208000022918,38,27.98145043522157,3.4783546940131145,0.34320884274438973,False,392.195745148081,78.62885912781323,-99.54644951018462,-166.86788081450374,0.0,2,2,calibration,2,square,0.5350820483873121,-1,calibration,SIM,001,999,f,r
0.6407865999499336,39,26.89039833857754,8.083655236846456,0.4829058661034367,False,390.55170304362514,86.4255011540231,-102.38674173110726,-182.85862272598692,0.0,2,2,calibration,2,square,0.5350820483873121,-1,calibration,SIM,001,999,f,r
0.6574257999891415,40,24.287790139383898,6.166840249758065,0.4904715674522864,False,388.63004625413066,94.69259289148384,-105.63496351703812,-198.59654134376342,0.0,2,2,calibration,2,square,0.5350820483873121,-1,calibration,SIM,001,999,f,r
0.6736958000110462,41,19.575871750647778,4.690316613613609,0.3142613187503138,False,386.710989638356,102.24778967255634,-109.92188084147888,-215.0304596864132,0.0,2,2,calibration,2,square,0.5350820483873121,-1,calibration,SIM,001,999,f,r
0.6913853000150993,42,19.310227028785697,4.274835985571086,0.5326967808202472,True,384.267128300029,111.08003469593031,-114.25167086520823,-232.0648174192392,0.2959181542203668,2,2,calibration,2,square,0.5350820483873121,-1,calibration,SIM,001,999,f,r
0.7078213000204414,43,18.46805901772308,3.137636786158372,0.9417820540604631,True,379.7973695426488,117.49583266275569,-118.03247740850914,-249.38069683592104,0.2886443233430467,2,2,calibration,2,square,0.5350820483873121,-1,calibration,SIM,001,999,f,r
0.7241655000252649,44,17.99077367872497,4.217204140981006,1.1797001540939296,True,374.44620088531013,122.51885658397835,-120.50863239394153,-266.70941146594294,0.37890569360686854,2,2,calibration,2,square,0.5350820483873121,-1,calibration,SIM,001,999,f,r
0.7401662999764085,45,20.695468484155075,3.0446444320908848,1.1803631933631207,True,368.56620256788153,126.75093650282187,-122.10571595523967,-283.0257693907493,0.4115194827958944,2,2,calibration,2,square,0.5350820483873121,-1,calibration,SIM,001,999,f,r
0.7568623999832198,46,17.347165695900213,6.079343177447637,1.0060113321688509,True,362.1759916649119,130.4262555674582,-122.81078106497336,-297.984665019007,0.45552086662754443,2,2,calibration,2,square,0.5350820483873121,-1,calibration,SIM,001,999,f,r
0.7762450999580324,47,11.321983524945736,9.063415827436707,1.038096412597222,True,355.6403661354787,134.17567210878656,-122.7868581596312,-310.66828606603576,0.9300219740391549,2,2,calibration,2,square,0.5350820483873121,-1,calibration,SIM,001,999,f,r
0.7911912000272423,48,11.326307680483911,10.8884959294931,1.4436980040511935,True,348.4489035475003,138.81694929752138,-122.02454931573372,-322.29549940961516,1.9385314912828406,2,2,calibration,2,square,0.5350820483873121,-1,calibration,SIM,001,999,f,r
0.8081841999664903,49,9.08613952462553,9.105487002540297,1.8235565376696523,True,340.658781805848,144.04872955421715,-119.80747685653512,-333.5009577369835,2.9005374093590994,2,2,calibration,2,square,0.5350820483873121,-1,calibration,SIM,001,999,f,r
0.8247128999792039,50,6.9884791894427565,10.965577984654777,2.022486889789374,True,330.2653933288432,150.46778372970113,-115.84226186993698,-344.1485155228041,3.5005027610567954,2,2,calibration,2,square,0.5350820483873121,-1,calibration,SIM,001,999,f,r
0.841562099987641,51,3.781609080140529,14.477400808050232,2.2202407620352003,True,317.23116688633354,157.44629323371402,-109.91772143618921,-354.11886704003507,4.111990838976116,2,2,calibration,2,square,0.5350820483873121,-1,calibration,SIM,001,999,f,r
0.8584084999747574,52,1.780001903534289,12.558564046038008,2.435855125333016,True,300.6452427600491,165.1460782500614,-102.23815433968085,-362.65612763729905,4.731885732177905,2,2,calibration,2,square,0.5350820483873121,-1,calibration,SIM,001,999,f,r
0.8745874000014737,53,2.4865159944189688,17.12906669796836,2.5120346683618857,True,281.7943860936406,172.86680670772313,-93.03067867167674,-369.95273789004113,4.974306495708987,2,2,calibration,2,square,0.5350820483873121,-1,calibration,SIM,001,999,f,r
0.8912710000295192,54,2.393383525280387,16.625551506029925,2.401955219554776,True,260.71336534547385,181.34974693402862,-83.00573420027497,-375.56762630754287,4.742335960824742,2,2,calibration,2,square,0.5350820483873121,-1,calibration,SIM,001,999,f,r
0.9079647000180557,55,2.4813446076092793,21.25534961109927,2.2134173981953884,True,237.70684400665778,191.76663800282043,-72.33822262060436,-379.44467464056453,4.169701300336024,2,2,calibration,2,square,0.5350820483873121,-1,calibration,SIM,001,999,f,r
0.9238127999706194,56,8.879553749808931,19.683148457254067,1.9300849855735722,True,214.3427935800228,205.14663579163593,-62.07431863590155,-381.5838928563744,3.1502323230971796,2,2,calibration,2,square,0.5350820483873121,-1,calibration,SIM,001,999,f,r
0.9415186999831349,57,7.150511444920694,17.228381374819875,1.5001942770999042,True,193.8069993616462,222.0684388462637,-52.377291392414804,-382.4890694917583,1.7073334835754184,2,2,calibration,2,square,0.5350820483873121,-1,calibration,SIM,001,999,f,r
0.959476700052619,58,3.648853511364525,21.091192474572633,1.1595159872009522,True,177.95801440642157,240.54406593073773,-43.86353242416354,-382.73720041064445,0.7485040747002976,2,2,calibration,2,square,0.5350820483873121,-1,calibration,SIM,001,999,f,r
0.9749316000379622,59,7.277539021087936,20.707704054781864,1.0103071563934063,True,165.42894066748403,258.49996857474497,-35.96088963540669,-382.3104552742136,0.3941064024541192,2,2,calibration,2,square,0.5350820483873121,-1,calibration,SIM,001,999,f,r
0.9910518999677151,60,10.511731478010548,19.433495149469618,0.9492614482356891,True,156.84952101213628,276.1766170443583,-28.51147387704188,-381.458550552045,-0.020058717442418165,2,2,calibration,2,square,0.5350820483873121,-1,calibration,SIM,001,999,f,r
1.0075674999970943,61,12.38580350210384,18.68916571694719,1.034202922659047,True,154.61289726457485,293.4430484987366,-21.66843867470113,-379.9201946042514,-0.5468759105865338,2,2,calibration,2,square,0.5350820483873121,-1,calibration,SIM,001,999,f,r
1.0241169000510126,62,7.949145115382446,21.655297863720712,1.1443982219582207,True,157.93065495898793,309.0078795331768,-15.327128796982706,-377.73413878696084,-0.5940699356317233,2,2,calibration,2,square,0.5350820483873121,-1,calibration,SIM,001,999,f,r
1.0415572000201792,63,8.062504228441519,24.180023251554832,0.9979614287713403,True,160.46596248561661,323.1807143819208,-8.819437387011838,-374.04024816162143,-0.4633735575198574,2,2,calibration,2,square,0.5350820483873121,-1,calibration,SIM,001,999,f,r
1.0572313000448048,64,9.107962217724484,22.206999998231446,0.8237030262826018,True,159.60531656506544,335.33826412534756,-1.2853767623640335,-368.3627359171006,-0.35849981849114093,2,2,calibration,2,square,0.5350820483873121,-1,calibration,SIM,001,999,f,r
1.0750583000481129,65,13.47567487470436,19.80433930653997,0.731693281639503,True,158.5579574944522,344.87353340974335,7.801249777781133,-360.80004161937904,-0.35488479511647103,2,2,calibration,2,square,0.5350820483873121,-1,calibration,SIM,001,999,f,r
1.0910479000303894,66,18.10870729349775,15.360690404409205,0.8675664888266081,True,161.54208203178857,342.01711270142016,17.96985459282737,-351.8394959283984,-0.10091231514942305,2,2,calibration,2,square,0.5350820483873121,-1,calibration,SIM,001,999,f,r
1.1071754000149667,67,22.47808180064064,15.670129362040392,1.495200281098235,True,163.84294607509796,336.64137627162825,28.624867844984315,-342.2420947148492,0.2502697197625219,2,2,calibration,2,square,0.5350820483873121,-1,calibration,SIM,001,999,f,r
1.1234237999888137,68,22.566885908090345,14.266555024003091,2.1412341439544345,True,166.11178697477075,331.10013085597245,40.071492991118696,-331.2925920512645,0.7380667638070777,2,2,calibration,2,square,0.5350820483873121,-1,calibration,SIM,001,999,f,r
1.140625200001523,69,26.97228027560483,13.37064833554268,2.5578893109516336,True,168.45670716771647,325.52976223518476,51.71951417740641,-319.04418774393037,1.1324563524754083,2,2,calibration,2,square,0.5350820483873121,-1,calibration,SIM,001,999,f,r
1.1573421000503004,70,28.012093078846693,13.353491328163363,2.8097271907599484,True,170.90915831306245,319.83082603556613,63.32291939773171,-305.97609272309995,1.349780949464218,2,2,calibration,2,square,0.5350820483873121,-1,calibration,SIM,001,999,f,r
1.1738430999685079,71,30.695748634617416,8.517638183061257,2.94727664624152,True,173.56449470541173,313.8745048810078,73.48809473741116,-293.14791665771884,1.6526384751842036,2,2,calibration,2,square,0.5350820483873121,-1,calibration,SIM,001,999,f,r
1.1911965999752283,72,33.76457708062439,12.595939917861305,3.0081700588573894,True,176.66856346133295,307.2233856403905,82.66542484941627,-280.6090453232477,1.8971234729397832,2,2,calibration,2,square,0.5350820483873121,-1,calibration,SIM,001,999,f,r
1.2078061000211164,73,38.5665587683528,10.403680566125482,3.0381694482876442,True,180.44128403486758,300.0327465349582,90.50037757863106,-268.8123229967053,1.8710150106978738,2,2,calibration,2,square,0.5350820483873121,-1,calibration,SIM,001,999,f,r
1.2245675000594929,74,38.46258447181339,10.323936652397174,3.053592926516021,True,185.05348663651924,292.15820147454684,97.16631713590719,-258.10332798163796,1.6964009722342517,2,2,calibration,2,square,0.5350820483873121,-1,calibration,SIM,001,999,f,r
1.2419420999940485,75,43.612083151623175,10.627972597462614,3.0101352717540126,True,190.127742498775,284.4706950769332,103.08332395447565,-248.04060351279514,1.5764154734791347,2,2,calibration,2,square,0.5350820483873121,-1,calibration,SIM,001,999,f,r
1.2574757999973372,76,44.62548965740988,2.6562751775967577,3.0088336144064827,True,195.30019772263455,277.19135548581454,108.87019059972725,-237.95727406616774,1.6760567825161545,2,2,calibration,2,square,0.5350820483873121,-1,calibration,SIM,001,999,f,r
1.2740807000081986,77,44.65105318010745,4.819100867496543,2.987810159624228,True,199.77680179250652,270.6059160679764,114.83784735230064,-226.61772147790379,2.191487275221638,2,2,calibration,2,square,0.5350820483873121,-1,calibration,SIM,001,999,f,r
1.2908786999760196,78,45.60254274042626,3.362839413150017,2.7814374779778714,True,203.6270579124793,264.4679241791046,120.91404847603319,-213.5889789555019,2.5460690525324052,2,2,calibration,2,square,0.5350820483873121,-1,calibration,SIM,001,999,f,r
1.307227100012824,79,47.19131407506719,1.736471903532215,2.491800475216036,True,207.18880851074226,258.30304127802776,126.83735178545416,-197.9196403908098,2.703554299543263,2,2,calibration,2,square,0.5350820483873121,-1,calibration,SIM,001,999,f,r
1.325233899988234,80,47.26605106040051,3.649472013820346,2.197614255719899,True,210.7201354892574,251.92151636597617,133.16881796836407,-177.61717576779463,2.675381540919739,2,2,calibration,2,square,0.5350820483873121,-1,calibration,SIM,001,999,f,r
1.3418303000507876,81,46.425975280321836,6.627888740605099,1.7318963558380576,True,214.67177306697468,244.96810943593377,139.23562180135326,-155.35121735753518,2.124518096008224,2,2,calibration,2,square,0.5350820483873121,-1,calibration,SIM,001,999,f,r
1.3572265000548214,82,48.17467574110795,7.172989420593525,1.1683361358537958,True,219.7386912719088,237.69502090699459,144.62843516340052,-133.02945287665193,1.2052380677300751,2,2,calibration,2,square,0.5350820483873121,-1,calibration,SIM,001,999,f,r
1.3728517000563443,83,53.78970887630297,2.2668472129792905,0.9706787913320756,True,226.1836246165229,231.00023492339471,148.16951579890005,-114.3134230634223,0.7292617845200069,2,2,calibration,2,square,0.5350820483873121,-1,calibration,SIM,001,999,f,r
1.3889366999501362,84,50.36646237227946,0.1000911880134403,1.0726348306288367,True,232.81717721890774,224.29953969558065,150.03952607948628,-97.68442469781411,1.0176967428841706,2,2,calibration,2,square,0.5350820483873121,-1,calibration,SIM,001,999,f,r
1.4059920000145212,85,47.4137622212592,-2.897540316791313,1.055424107729115,True,238.73017846493994,216.64589248179485,150.8201560893237,-82.05086315713022,1.5442250899859413,2,2,calibration,2,square,0.5350820483873121,-1,calibration,SIM,001,999,f,r
1.4239099000114948,86,49.31460081059244,-9.414559172973886,1.2255053866448307,True,242.91237001386165,206.76362222043716,150.5187761422836,-67.01864157975777,2.360179387351918,2,2,calibration,2,square,0.5350820483873121,-1,calibration,SIM,001,999,f,r
1.4406559000490233,87,49.595833003880486,-12.020672950588668,1.834569107330049,True,245.7996309367838,195.63969230703148,148.2989539613575,-52.547389270866724,3.653598887569647,2,2,calibration,2,square,0.5350820483873121,-1,calibration,SIM,001,999,f,r
1.4576385000254959,88,47.991013142490615,-11.277758169851491,2.3332921487852425,True,248.07380823170544,184.5800567779761,143.10031013941,-39.44225677235967,4.496220819501751,2,2,calibration,2,square,0.5350820483873121,-1,calibration,SIM,001,999,f,r
1.4749091999838129,89,48.660142773749484,-8.232370688219095,2.3402619337110395,True,250.0574886884023,174.20201009035523,135.29792486112163,-28.248873786389417,4.153927309402632,2,2,calibration,2,square,0.5350820483873121,-1,calibration,SIM,001,999,f,r
1.491244800039567,90,47.49050461417028,-10.25255872538359,1.978256214982344,True,252.19758558642658,164.04597969779195,126.47194120765387,-19.410918022143374,3.129333630627894,2,2,calibration,2,square,0.5350820483873121,-1,calibration,SIM,001,999,f,r
1.5084654999664053,91,47.64008276270254,-9.55306649041379,1.5741894548529267,True,254.35576466843648,153.58107768039298,118.16497894899575,-12.634363363182544,2.199129908278008,2,2,calibration,2,square,0.5350820483873121,-1,calibration,SIM,001,999,f,r
1.5246325000189245,92,41.79261076803513,-8.016011910332752,1.2140079016625631,True,255.61153708733775,143.01586694969612,109.61530461093594,-7.226583228480986,1.208262189360189,2,2,calibration,2,square,0.5350820483873121,-1,calibration,SIM,001,999,f,r
1.543496900005266,93,43.700017248555106,-6.242464621402407,1.0065392761052245,True,254.14405424110262,132.4423282111468,100.19601044329055,-3.2270986484982624,0.15767889605042656,2,2,calibration,2,square,0.5350820483873121,-1,calibration,SIM,001,999,f,r
1.5576118000317365,94,44.62799745492803,-6.712418918592436,0.960159638723585,True,249.64156188265645,122.98928364816516,89.31570566024837,-0.40621718425412423,-0.41850712604104623,2,2,calibration,2,square,0.5350820483873121,-1,calibration,SIM,001,999,f,r
1.574423799989745,95,43.91491275111866,-9.840248462602604,0.8692476652615788,True,242.6663537150029,114.05801226937947,77.99263129321395,1.2651875223544624,-0.46951199621057776,2,2,calibration,2,square,0.5350820483873121,-1,calibration,SIM,001,999,f,r
1.5908104999689385,96,45.14590318628957,-8.17649575272649,0.7007269971095444,True,234.77773228668772,105.20505727471115,66.62827535352972,2.0869693639603693,-0.3539037663276777,2,2,calibration,2,square,0.5350820483873121,-1,calibration,SIM,001,999,f,r
1.607938600005582,97,42.31529471029052,-6.702943484831379,0.5669765388369385,True,225.26885060185538,96.37456586783581,56.07197606351372,2.1220381809761917,-0.2664772948261187,2,2,calibration,2,square,0.5350820483873121,-1,calibration,SIM,001,999,f,r
1.6234114000108093,98,48.238425134926366,-6.258207510974967,0.47032143377515634,False,231.08935536111736,87.10807108080623,46.36288146277396,1.1840627022080068,0.0,2,2,calibration,2,square,0.5350820483873121,-1,calibration,SIM,001,999,f,r
1.640457500005141,99,43.78277984124955,-8.252135420999508,0.37346256123090477,False,239.64074557768544,78.04481248413089,37.163156431127575,-1.1337558267345518,0.0,2,2,calibration,2,square,0.5350820483873121,-1,calibration,SIM,001,999,f,r
1.658014800050296,100,44.54154320995065,-11.876101469713415,0.16857386250095902,False,248.12271565095818,69.52253410374296,28.08430937876492,-4.942142576314335,0.0,2,2,calibration,2,square,0.5350820483873121,-1,calibration,SIM,001,999,f,r
1.6744283000007272,101,42.842510268769985,-14.276114875867963,0.27846037913895627,False,256.6743527196433,61.48290834647917,18.8363474342352,-10.173549522010312,0.0,2,2,calibration,2,square,0.5350820483873121,-1,calibration,SIM,001,999,f,r
1.6918269000016153,102,43.77682264729075,-12.697765558957478,0.7013290607578828,True,261.3006710417114,51.0449311008105,8.987056063122424,-15.983306844657312,0.1360877183748244,2,2,calibration,2,square,0.5350820483873121,-1,calibration,SIM,001,999,f,r
1.7076114000519738,103,42.391003503292076,-9.88200031266065,0.7925350564249475,True,264.836650788823,40.32940208010203,-2.080867049373845,-21.911574505430966,0.15295399804625365,2,2,calibration,2,square,0.5350820483873121,-1,calibration,SIM,001,999,f,r
1.7245112999808043,104,39.581425523456325,-10.300244214895232,0.6446675678058199,True,266.449471935679,30.14465551513856,-14.476741248048166,-26.964799726573236,-0.010122657873742212,2,2,calibration,2,square,0.5350820483873121,-1,calibration,SIM,001,999,f,r
1.7412006000522524,105,39.8036236824914,-9.011137734313348,0.6230355516518347,True,264.9019414727026,20.356698519839295,-26.418003812072527,-30.628717283034902,-0.24605491979180402,2,2,calibration,2,square,0.5350820483873121,-1,calibration,SIM,001,999,f,r
1.7574008000083268,106,37.62896492552744,-11.281206450877256,0.759264925385612,True,260.8085810044815,10.78411428275843,-36.41673811351451,-32.98994286188679,-0.3719973890330414,2,2,calibration,2,square,0.5350820483873121,-1,calibration,SIM,001,999,f,r
1.7740074000321329,107,37.47129883000022,-4.999289389743497,0.9121542653471102,True,254.49703071835515,1.6001903963337458,-43.37948557559624,-34.73193938958093,-0.4290932265260905,2,2,calibration,2,square,0.5350820483873121,-1,calibration,SIM,001,999,f,r
1.7909991999622434,108,39.10870721993738,-5.87539419118945,1.03490639479237,True,244.73873264293573,-4.7312937310389795,-48.00864961066435,-36.52446124397583,-0.1722155167242366,2,2,calibration,2,square,0.5350820483873121,-1,calibration,SIM,001,999,f,r
1.8077283999882638,109,35.70239637206441,-1.4872119541410624,1.2106567827052859,True,240.23209879753912,3.1672587198143995,-51.16697801775715,-38.688030928042004,0.9680809017646959,2,2,calibration,2,square,0.5350820483873121,-1,calibration,SIM,001,999,f,r
1.8246888000285253,110,30.192366650920725,-7.775016031324861,1.4485299534586498,True,236.80715134442872,14.527509110409632,-53.879639580290984,-41.35205301196316,1.3343092247849604,2,2,calibration,2,square,0.5350820483873121,-1,calibration,SIM,001,999,f,r
1.841011599986814,111,27.934500798331996,-9.918011317119436,1.616876610616452,True,227.69701098098534,12.516304844098332,-56.85002669414877,-44.96514725600549,0.9197885636572705,2,2,calibration,2,square,0.5350820483873121,-1,calibration,SIM,001,999,f,r
1.858231500023976,112,25.429844697465775,-4.116125834648277,1.8939598834064246,True,219.7640221137752,5.60732987841827,-59.89338858488558,-49.46508334199771,0.42919160968904596,2,2,calibration,2,square,0.5350820483873121,-1,calibration,SIM,001,999,f,r
1.8746443999698386,113,22.89214176479176,-2.4242267966085524,2.216066496019813,True,212.73276148055942,-1.2831965738728996,-62.8588748588449,-55.086144078131824,0.6193416630808891,2,2,calibration,2,square,0.5350820483873121,-1,calibration,SIM,001,999,f,r
1.8913883999921381,114,26.690373119581373,-5.65446341715571,2.3057664439206516,True,205.27299505092415,-7.8855535894843145,-65.0766246209172,-61.76159922024886,1.1320403141045485,2,2,calibration,2,square,0.5350820483873121,-1,calibration,SIM,001,999,f,r
1.9069183999672532,115,25.36218116216726,-5.861219990628842,1.9883671399280005,True,197.52438126194644,-14.18594062841973,-66.68862868368942,-69.73826020389276,1.2774841162803008,2,2,calibration,2,square,0.5350820483873121,-1,calibration,SIM,001,999,f,r
1.9243592000566423,116,22.257258772291923,-8.355313576174323,1.6141970137294785,True,190.17650024284643,-20.525716652952934,-67.32001747940082,-81.3559054560059,1.18853345648679,2,2,calibration,2,square,0.5350820483873121,-1,calibration,SIM,001,999,f,r
1.9410801000194624,117,21.955324062099702,-12.403201748080752,1.4673940165350219,True,184.11996123540575,-27.051594243337878,-67.4544700771797,-97.6841943999819,0.9032838202246767,2,2,calibration,2,square,0.5350820483873121,-1,calibration,SIM,001,999,f,r
1.956695899949409,118,25.855237178850036,-9.812676120853004,1.3801240667570398,True,179.64605018273085,-33.90063828288675,-67.08433796838526,-117.94800376318206,0.5605286101014497,2,2,calibration,2,square,0.5350820483873121,-1,calibration,SIM,001,999,f,r
1.974379300023429,119,29.440158733362757,-8.80856094089447,1.035205746601254,True,176.8402894605567,-40.78532802673303,-66.57144076029894,-139.04689474384233,0.18855034610385057,2,2,calibration,2,square,0.5350820483873121,-1,calibration,SIM,001,999,f,r
1.9912973999744281,120,33.59471751715325,-11.785164238962542,0.7987054240255023,True,176.99172392650567,-47.546496788839676,-66.01534367706228,-158.7300588972676,-0.0009845973170551814,2,2,calibration,2,square,0.5350820483873121,-1,calibration,SIM,001,999,f,r
2.0065656000515446,121,33.99256554215936,-8.132268952920285,1.1994009680323434,True,179.52878953793845,-53.44385787631924,-65.74539308584814,-176.57640802780864,0.3141542447208358,2,2,calibration,2,square,0.5350820483873121,-1,calibration,SIM,001,999,f,r
2.0241582000162452,122,38.489506398765215,-6.776377968711841,1.647899355233571,True,183.41376153712815,-58.72044021734741,-65.63584705650695,-191.71213257524087,0.8493713892312229,2,2,calibration,2,square,0.5350820483873121,-1,calibration,SIM,001,999,f,r
2.043153699953109,123,31.30511588475962,-4.235982404756314,1.8487403567513696,True,187.97333812451694,-63.297206840367146,-65.59449328175427,-204.4858810988824,1.3036614065113337,2,2,calibration,2,square,0.5350820483873121,-1,calibration,SIM,001,999,f,r
2.0572998999850824,124,29.67567607349225,-3.3109403044466763,1.5739738531330085,True,192.97095877866929,-67.03666081377173,-65.57941692769418,-215.4504898419787,1.3896750772633293,2,2,calibration,2,square,0.5350820483873121,-1,calibration,SIM,001,999,f,r
2.0747586999787018,125,29.781396592791648,-9.68820238768172,1.0746243189907947,True,198.16128816121065,-69.61188011240645,-65.57401969719383,-225.48543907197228,1.1280336762378471,2,2,calibration,2,square,0.5350820483873121,-1,calibration,SIM,001,999,f,r
2.0918864000122994,126,28.570833763125773,-10.282117306087518,0.4709826060729673,False,196.87571558230704,-73.69123163489266,-65.57210656520282,-234.9357734434609,0.0,2,2,calibration,2,square,0.5350820483873121,-1,calibration,SIM,001,999,f,r
2.107253900030628,127,31.954454087175453,-5.753082426456121,0.05387751919735127,False,193.7122572134779,-77.648339977519,-65.5714321487428,-244.9294134524352,0.0,2,2,calibration,2,square,0.5350820483873121,-1,calibration,SIM,001,999,f,r
2.124324099975638,128,32.28292332944459,-5.298051058989935,0.11898352932631263,False,190.16861483498172,-81.4329253155529,-65.57119513892914,-255.76264937946337,0.0,2,2,calibration,2,square,0.5350820483873121,-1,calibration,SIM,001,999,f,r
2.1414253000402823,129,34.94817206428307,-0.5615617543993148,0.415209362386584,False,185.84963312524536,-85.13118002365108,-65.57111199268385,-268.31925408788476,0.0,2,2,calibration,2,square,0.5350820483873121,-1,calibration,SIM,001,999,f,r
2.1583014000207186,130,37.91998787177196,2.7318759917351696,0.977843522441765,True,182.47260521246585,-82.19691615736376,-66.27087954121383,-283.6643880657058,1.1582352216109748,2,2,calibration,2,square,0.5350820483873121,-1,calibration,SIM,001,999,f,r
2.174953900044784,131,40.44024302478066,5.781497851545524,1.690295635780177,True,179.77270093616087,-77.92079312946683,-68.15532184516657,-302.82188025823774,2.3047027819630777,2,2,calibration,2,square,0.5350820483873121,-1,calibration,SIM,001,999,f,r
2.191029499983415,132,42.749134411179995,7.694376955080669,2.338409734221204,True,177.60385639460637,-73.37425516932502,-71.14220049330899,-324.58076910828066,3.2950482728853103,2,2,calibration,2,square,0.5350820483873121,-1,calibration,SIM,001,999,f,r
2.2081918000476435,133,43.64359773373693,8.399054004649717,2.766266979033257,True,175.35430370872442,-67.7848237247561,-75.25231763068578,-347.20364817852004,3.940015703573012,2,2,calibration,2,square,0.5350820483873121,-1,calibration,SIM,001,999,f,r
2.2259392000269145,134,39.06787805852127,9.819523783516953,2.8231085113844605,True,172.7510842924279,-60.9141719613892,-80.20295825945303,-367.72032117260306,4.16454887439454,2,2,calibration,2,square,0.5350820483873121,-1,calibration,SIM,001,999,f,r
2.2413332000141963,135,37.65308498832139,4.561919536847062,2.378847472581821,True,169.48427963340268,-53.16906509841131,-86.8368825353262,-385.1186533554892,3.736698572911182,2,2,calibration,2,square,0.5350820483873121,-1,calibration,SIM,001,999,f,r
2.2577569000422955,136,36.55425961511938,3.478247775611041,1.5322499227426156,True,165.4027834087347,-44.93895415132433,-92.83017932714489,-389.07911509883195,2.4961248329698433,2,2,calibration,2,square,0.5350820483873121,-1,calibration,SIM,001,999,f,r
2.274050800013356,137,34.95493477837435,3.219301156167035,0.6712806380042536,True,159.65806080359053,-36.978249086998375,-99.52876302890446,-387.4197017833969,1.0504680561343676,2,2,calibration,2,square,0.5350820483873121,-1,calibration,SIM,001,999,f,r
2.290814399952069,138,37.3820101733481,0.13892368355276696,0.3371384118276329,False,149.82505825647831,-35.26650202750115,-108.75924308958825,-384.93041844283994,0.0,2,2,calibration,2,square,0.5350820483873121,-1,calibration,SIM,001,999,f,r
2.3079377999529243,139,39.37929306880389,-0.10929394115186597,0.6505441249872651,True,139.57810092695246,-39.21236641833197,-118.79930181984216,-381.9512087781868,-0.07172434644227905,2,2,calibration,2,square,0.5350820483873121,-1,calibration,SIM,001,999,f,r
2.324377299984917,140,39.97916183224871,0.6967911670399417,0.890408463772976,True,129.91465520437998,-46.28757039447314,-130.6487694303563,-378.0620306858831,0.06363936423606298,2,2,calibration,2,square,0.5350820483873121,-1,calibration,SIM,001,999,f,r
2.341383700026199,141,43.48168133926525,7.439770940883805,0.7769378890765046,True,121.53018854988763,-55.4053018534438,-142.5276031281509,-373.74574558989207,0.3059283796391252,2,2,calibration,2,square,0.5350820483873121,-1,calibration,SIM,001,999,f,r
2.357294899993576,142,38.900111786654506,8.564260718167674,0.4277808374717355,False,110.99825285358187,-54.78153726831014,-156.37502274431824,-368.16688099517313,0.0,2,2,calibration,2,square,0.5350820483873121,-1,calibration,SIM,001,999,f,r
2.3739746999926865,143,38.17860334837665,12.655082242902996,0.56871127285573,True,107.2413996147582,-46.89346651066208,-171.2535596217374,-361.4861246533316,0.6509283721421819,2,2,calibration,2,square,0.5350820483873121,-1,calibration,SIM,001,999,f,r
2.3904724000021815,144,39.67801652046778,16.745835196403483,1.2023231079519157,True,104.02427526639153,-39.308772276480745,-186.6601030736116,-353.77677413949704,1.1944579607173813,2,2,calibration,2,square,0.5350820483873121,-1,calibration,SIM,001,999,f,r
2.4075546000385657,145,34.54976570742532,17.600676983541035,1.847033129701389,True,100.85567198916854,-32.41438833272382,-201.02967066876187,-345.81363696478064,1.5771901989593138,2,2,calibration,2,square,0.5350820483873121,-1,calibration,SIM,001,999,f,r
2.4245190999936312,146,31.609055550627634,18.18173023502432,2.261044919505578,True,97.01451636282397,-25.93187290742721,-213.8826630933979,-338.0150979291843,1.4296774365210114,2,2,calibration,2,square,0.5350820483873121,-1,calibration,SIM,001,999,f,r
2.4409023000625893,147,32.06163868784223,13.497566680293698,2.3295525233195122,True,91.66544166389265,-19.050829443432217,-224.8677164116058,-330.8088724865608,0.8961704686408053,2,2,calibration,2,square,0.5350820483873121,-1,calibration,SIM,001,999,f,r
2.4587863000342622,148,30.96704826809308,12.351896601812388,2.0036963605578304,True,84.93672284968875,-12.039452217627998,-234.10520474924675,-324.33740627518324,0.24818118005376946,2,2,calibration,2,square,0.5350820483873121,-1,calibration,SIM,001,999,f,r
2.4749348000623286,149,33.959819684509185,11.627128212432321,1.514587284946015,True,77.03928224039419,-5.554607367190546,-241.81957078057957,-317.4021131101894,0.005973755887743254,2,2,calibration,2,square,0.5350820483873121,-1,calibration,SIM,001,999,f,r
2.491839300026186,150,33.9115320229054,10.577318264814437,1.0076464549804305,True,68.15123206081313,-0.39802023568461653,-247.31184479060985,-306.89945290117043,0.2815266589972626,2,2,calibration,2,square,0.5350820483873121,-1,calibration,SIM,001,999,f,r
2.507468800060451,151,36.33043720888298,10.55561608075023,0.5974823791963993,True,58.09372337142226,2.031424029803402,-250.9922413395525,-290.2117713843763,0.5671108561336593,2,2,calibration,2,square,0.5350820483873121,-1,calibration,SIM,001,999,f,r
2.5253234000410885,152,32.01941576253667,7.681868474423699,0.6043140999593468,True,47.60095768354586,0.22270508962976798,-252.93191312717366,-269.27236333123636,0.8670479683755064,2,2,calibration,2,square,0.5350820483873121,-1,calibration,SIM,001,999,f,r
2.541121199959889,153,29.764870348031696,8.776407203346457,0.8708733523380698,True,37.15773967387185,-3.1047821111992544,-253.74110485193933,-246.527428130119,1.3256619487657797,2,2,calibration,2,square,0.5350820483873121,-1,calibration,SIM,001,999,f,r
2.5575588999781758,154,31.81858823983198,5.79659395998726,1.0919977919543489,True,25.738033741529527,-6.195358204513745,-254.05038327542695,-225.7862896528015,1.6729189967996532,2,2,calibration,2,square,0.5350820483873121,-1,calibration,SIM,001,999,f,r
2.574588799965568,155,32.81488259596656,9.034468814799562,1.1209559996962746,True,12.402503145166666,-9.793436782445706,-253.963901076675,-207.17336487314697,1.7076587390505114,2,2,calibration,2,square,0.5350820483873121,-1,calibration,SIM,001,999,f,r
2.5902096000500023,156,37.650247466719435,10.946097532292567,0.8249288310153237,True,-2.8604742811832544,-15.894903040719788,-253.19488968943938,-189.4907209010727,1.2238464274273704,2,2,calibration,2,square,0.5350820483873121,-1,calibration,SIM,001,999,f,r
2.606615100055933,157,38.97383656645098,6.805585876326541,0.6528066443435377,True,9.940506456693477,-17.01074573121387,-251.17845189288002,-171.97081450339465,0.9099785566527678,2,2,calibration,2,square,0.5350820483873121,-1,calibration,SIM,001,999,f,r
2.6243992999661714,158,41.96281502941877,12.428933192729616,0.9813798588543089,True,27.656540031086585,-5.483210067820439,-247.72393897064026,-153.77549742682598,0.7407704975743726,2,2,calibration,2,square,0.5350820483873121,-1,calibration,SIM,001,999,f,r
2.6410294000525028,159,44.0998278629839,11.104517193239122,1.4034175570295198,True,43.65595959020886,11.088694279327862,-242.76603693418275,-134.99737093572318,0.614117214347886,2,2,calibration,2,square,0.5350820483873121,-1,calibration,SIM,001,999,f,r
2.656707699992694,160,44.84878336169345,9.23768612728513,1.761260915708338,True,57.5369613337858,28.3136217365593,-236.7820232772983,-115.94597801414893,0.5333109852280271,2,2,calibration,2,square,0.5350820483873121,-1,calibration,SIM,001,999,f,r
2.6743590000551194,161,43.8368360334918,13.30655154250455,1.860608874847728,True,68.8857557985454,42.93128323691284,-229.83903068983287,-97.38491094764247,0.43830412545267233,2,2,calibration,2,square,0.5350820483873121,-1,calibration,SIM,001,999,f,r
2.6908188000088558,162,44.41428921453831,14.482028492531107,1.752872147421372,True,78.5651076921126,56.48444075334508,-222.54039845944607,-79.41256461796107,0.2854746658070236,2,2,calibration,2,square,0.5350820483873121,-1,calibration,SIM,001,999,f,r
2.707434899988584,163,50.75298587456166,12.020092133791778,1.719337039447899,True,86.51119948529158,68.9976941867471,-215.11329295059318,-61.729691883678726,0.18062243210218656,2,2,calibration,2,square,0.5350820483873121,-1,calibration,SIM,001,999,f,r
2.724416399956681,164,46.67936054529158,10.599402587028111,1.6950202411362447,True,93.77633713588773,79.76869436627598,-206.94062522531053,-43.26508057607363,0.19570486325073358,2,2,calibration,2,square,0.5350820483873121,-1,calibration,SIM,001,999,f,r
2.7409989000298083,165,42.621507129662916,13.185053480944031,1.334194259311094,True,100.90070380546088,89.73717016394731,-197.36718185580136,-24.95007563427275,0.1226267942691381,2,2,calibration,2,square,0.5350820483873121,-1,calibration,SIM,001,999,f,r
2.7580161000369117,166,39.90459105302387,8.755526832606586,0.5978187558064287,True,107.54598242372134,99.42827727668387,-186.47567550430807,-8.171669270352634,0.008775447237888718,2,2,calibration,2,square,0.5350820483873121,-1,calibration,SIM,001,999,f,r
2.7736958999885246,167,39.956431026385324,7.395288948517424,0.21312626632716491,False,107.7689713033868,110.6758929141425,-174.8573178523511,5.672690256505588,0.0,2,2,calibration,2,square,0.5350820483873121,-1,calibration,SIM,001,999,f,r
2.79114440002013,168,38.41929226515948,7.255485894725938,0.8634742068099541,True,99.28391844481125,115.71411335762211,-162.4316016165366,17.611002101558338,1.2092614335522296,2,2,calibration,2,square,0.5350820483873121,-1,calibration,SIM,001,999,f,r
2.807391899987124,169,38.43757636425726,-0.9280933630772399,1.3843165924593201,True,86.73248334767192,119.11114768751074,-148.4130662850136,28.106545267402737,2.1288268841022964,2,2,calibration,2,square,0.5350820483873121,-1,calibration,SIM,001,999,f,r
2.824126100051217,170,42.0772417825263,-3.8215724352989286,1.9158789840705257,True,71.83739239658553,120.04616053740766,-133.37505364078442,36.642366576321365,2.6568801693357385,2,2,calibration,2,square,0.5350820483873121,-1,calibration,SIM,001,999,f,r
2.8402550000464544,171,39.47299049184243,-6.115169006482079,2.41102537091202,True,54.82141717618873,117.81564334075274,-118.7875644104809,42.40185747304646,2.7243192505491725,2,2,calibration,2,square,0.5350820483873121,-1,calibration,SIM,001,999,f,r
2.85792360000778,172,37.236909411749544,-1.8204485265567847,2.601678601812234,True,38.39313361585209,114.13574006894908,-105.81884889081351,45.571895707430606,2.5296944400390036,2,2,calibration,2,square,0.5350820483873121,-1,calibration,SIM,001,999,f,r
2.873801999958232,173,38.90789169392346,-1.8380889743310518,2.324050995058329,True,22.89669387564569,110.58550670646592,-94.70863182770395,47.11219428450767,2.193236465082059,2,2,calibration,2,square,0.5350820483873121,-1,calibration,SIM,001,999,f,r
2.891732200048864,174,36.85415525553938,-2.8834259278105963,1.8425361941103526,True,8.782648509350656,107.40274838525168,-85.00712953329808,47.737455825493164,1.7874900739764117,2,2,calibration,2,square,0.5350820483873121,-1,calibration,SIM,001,999,f,r
2.907692000037059,175,37.73173953253261,3.383815370504112,1.2835442035611124,True,-4.552437023303144,105.01807374950639,-75.2505287814422,47.07379017342532,1.3089062068578423,2,2,calibration,2,square,0.5350820483873121,-1,calibration,SIM,001,999,f,r
2.9244111999869347,176,38.432583241898364,4.553832954203477,0.5904028204547189,True,-17.96648326555233,105.59091405209523,-65.26504288871132,44.96549951395835,0.8843640439918395,2,2,calibration,2,square,0.5350820483873121,-1,calibration,SIM,001,999,f,r
2.94110619998537,177,35.73736322791101,3.95805453375712,0.5505901495651018,True,-27.71678474934662,113.66256705636609,-54.157817505837926,40.553354716443195,1.0491700019438268,2,2,calibration,2,square,0.5350820483873121,-1,calibration,SIM,001,999,f,r
2.957458500051871,178,33.36625672623049,0.7238486503096246,0.8412689221647855,True,-35.30666714046051,122.55699544269555,-43.04948309605703,34.37538816070983,1.5831530029228194,2,2,calibration,2,square,0.5350820483873121,-1,calibration,SIM,001,999,f,r
2.974702600040473,179,35.37322804111792,0.6152655190591287,0.8681960631339932,True,-42.02336803907689,129.4736594654064,-31.719147619382195,26.08786700653224,1.7253229550046774,2,2,calibration,2,square,0.5350820483873121,-1,calibration,SIM,001,999,f,r
2.991772499983199,180,32.08112520973041,1.0078126237375304,0.7960439541273907,True,-48.48311962508237,134.37127108435666,-21.066556831545377,16.563756435349045,1.5771640670930374,2,2,calibration,2,square,0.5350820483873121,-1,calibration,SIM,001,999,f,r
0.0007813000120222569,1,7.452648425593813,6.409402391877226,0.24751889853743375,False,296.03397550992173,0.07432977625314052,-303.2959842159951,2.7714882280326707,0.0,3,3,calibration,2,dot,0.5350820483873121,-1,calibration,SIM,001,999,f,r
0.027352400007657707,2,9.569489395801027,7.240211814749835,0.9213635694340953,True,286.9492059933722,0.13676054210609334,-302.9486337835603,12.366048148820518,1.3150896203374394,3,3,calibration,2,dot,0.5350820483873121,-1,calibration,SIM,001,999,f,r
0.04269060003571212,3,8.466782687149358,8.004928999113865,1.5775445741546732,True,277.1145669314475,-0.4025097923600476,-301.76662513445154,22.84609447358728,2.398807004013333,3,3,calibration,2,dot,0.5350820483873121,-1,calibration,SIM,001,999,f,r
0.060964199947193265,4,10.947733018956772,9.827439095068721,1.9199999119560691,True,266.49500640825835,-2.246289952155183,-300.52956399154374,32.93068956690723,3.0607962496381718,3,3,calibration,2,dot,0.5350820483873121,-1,calibration,SIM,001,999,f,r
0.07958719995804131,5,10.012385587998782,7.90304278202705,2.022627108561847,True,255.33382875773643,-5.6586379938336435,-299.2627573606729,41.349027776535436,3.3796479737202274,3,3,calibration,2,dot,0.5350820483873121,-1,calibration,SIM,001,999,f,r
0.0962813999503851,6,12.963537703557218,10.54910851467476,1.952478124559397,True,243.28010142221567,-10.979191025469994,-297.72720938211023,48.11695984122778,3.420451181876718,3,3,calibration,2,dot,0.5350820483873121,-1,calibration,SIM,001,999,f,r
0.11076970002613962,7,12.835780774862643,10.283509235980208,1.8556560429269748,True,231.17938793839275,-17.56425943347852,-295.3212497751748,54.548839156389455,3.412821653018285,3,3,calibration,2,dot,0.5350820483873121,-1,calibration,SIM,001,999,f,r
0.1263832999393344,8,14.871262151709804,6.613070644565267,1.6802911845366895,True,219.92731651002154,-25.198440524635444,-291.69534367093314,61.548222631628185,3.147250395564575,3,3,calibration,2,dot,0.5350820483873121,-1,calibration,SIM,001,999,f,r
0.143125299946405,9,14.07199826420178,9.024046027465111,1.4168974776097745,True,209.95729320159782,-32.996315131550766,-285.54823602308454,69.9991380457347,2.5896317511803897,3,3,calibration,2,dot,0.5350820483873121,-1,calibration,SIM,001,999,f,r
0.15877540002111346,10,16.18879693055541,7.768740669238201,1.2039853958926054,True,200.7953926070772,-41.21678626384677,-277.28799169790176,78.30993600031283,2.084343124394146,3,3,calibration,2,dot,0.5350820483873121,-1,calibration,SIM,001,999,f,r
0.17528979992493987,11,18.365793017407725,7.0830637552642814,1.1193376976188323,True,191.82581494499337,-50.55143349397379,-267.7844917232555,85.25116765859276,1.761258482258405,3,3,calibration,2,dot,0.5350820483873121,-1,calibration,SIM,001,999,f,r
0.19139299995731562,12,14.834410795101107,4.599316044197511,1.0656038342337781,True,183.47385047712407,-60.55049641703801,-258.1172672650733,89.45139898672186,1.387402188356356,3,3,calibration,2,dot,0.5350820483873121,-1,calibration,SIM,001,999,f,r
0.20794510003179312,13,6.3124339752696415,7.068763451764722,0.6881437071408048,True,176.0165148321498,-70.9993968361831,-248.00483657559724,90.41529593503859,0.4534628368864092,3,3,calibration,2,dot,0.5350820483873121,-1,calibration,SIM,001,999,f,r
0.22440569999162108,14,6.2346440013436935,9.62381409668529,0.5355967437652965,True,169.57639628752028,-81.1619952042263,-249.1110134849747,82.44056709932467,-0.09126980215614366,3,3,calibration,2,dot,0.5350820483873121,-1,calibration,SIM,001,999,f,r
0.24105479998979717,15,8.32757042442599,9.989616878392761,1.0521105241081337,True,163.5519225345709,-91.94764477850575,-254.40830101134858,87.93692138137295,0.043702687137346666,3,3,calibration,2,dot,0.5350820483873121,-1,calibration,SIM,001,999,f,r
0.2584567000158131,16,8.143372933624255,6.3198184301168485,1.235467161581826,True,157.0352434527672,-103.42081604341942,-259.4263175660112,96.71350721084164,0.10544418282828241,3,3,calibration,2,dot,0.5350820483873121,-1,calibration,SIM,001,999,f,r
0.27581389993429184,17,5.5626943820269386,11.123163928657878,1.2412668905060689,True,149.406750345608,-116.0405166128133,-264.17414601561853,106.38833158297095,0.07098954596579699,3,3,calibration,2,dot,0.5350820483873121,-1,calibration,SIM,001,999,f,r
0.29271509998943657,18,2.026608918008236,10.1092189774464,1.3645714190842142,True,140.47040853436204,-129.97348714448802,-268.1610924179912,116.74087494105339,0.17694768581593937,3,3,calibration,2,dot,0.5350820483873121,-1,calibration,SIM,001,999,f,r
0.30883480003103614,19,8.100893934461146,7.754431652521744,1.3938378411685721,True,130.40537334220244,-145.3605050631715,-271.7701562555287,128.01939669022548,0.21913896030002297,3,3,calibration,2,dot,0.5350820483873121,-1,calibration,SIM,001,999,f,r
0.32796489994507283,20,10.09787917143231,8.233835823037628,0.9603110083701198,True,119.56750441210606,-161.53652074325694,-276.55427423885277,141.40809673869177,0.10663681554143682,3,3,calibration,2,dot,0.5350820483873121,-1,calibration,SIM,001,999,f,r
0.34329390001948923,21,7.786672645052816,5.574689730086865,0.391393338273098,False,108.38358546280841,-177.80110008730247,-264.2799829823551,146.13565168988677,0.0,3,3,calibration,2,dot,0.5350820483873121,-1,calibration,SIM,001,999,f,r
0.3600896999705583,22,6.913011915097908,0.4250047578572893,0.4241622261397967,False,96.98223676869881,-194.4651625827619,-247.85154672675748,148.3985870347875,0.0,3,3,calibration,2,dot,0.5350820483873121,-1,calibration,SIM,001,999,f,r
0.3765798000385985,23,13.43275647651928,2.1384665260877425,0.9012818418931718,True,86.13512998354108,-210.53073539595383,-234.7046332784323,139.76968411432583,-0.06757680558293364,3,3,calibration,2,dot,0.5350820483873121,-1,calibration,SIM,001,999,f,r
0.39375389995984733,24,13.882438017543475,2.599821947317035,1.2669708249026552,True,76.09527990588447,-225.42716910423175,-220.74096504467815,130.8340624535467,0.5100142888869326,3,3,calibration,2,dot,0.5350820483873121,-1,calibration,SIM,001,999,f,r
0.41015120001975447,25,16.170447540877003,6.733625826906936,1.431905392103482,True,67.19142944688795,-237.85485687670945,-205.30515563391708,123.98994141759303,1.2070799074209566,3,3,calibration,2,dot,0.5350820483873121,-1,calibration,SIM,001,999,f,r
0.4270347999408841,26,10.128998943287824,6.783488347239331,1.3162822897275688,True,58.612269020909096,-248.76297233412066,-189.05457683052606,119.94549840650163,1.6324998727171045,3,3,calibration,2,dot,0.5350820483873121,-1,calibration,SIM,001,999,f,r
0.4417856000363827,27,15.739487539407417,5.1965339222001985,1.0618275484438107,True,50.050967543876894,-258.6021322542173,-172.46348530299863,118.38692450455775,1.6446316824612126,3,3,calibration,2,dot,0.5350820483873121,-1,calibration,SIM,001,999,f,r
0.4614605000242591,28,18.419838020624546,7.203276928960554,1.0590686585341318,True,41.3955595905473,-268.12213788265916,-156.0816365415294,118.73886961328539,1.821514968611899,3,3,calibration,2,dot,0.5350820483873121,-1,calibration,SIM,001,999,f,r
0.4761968000093475,29,23.195403562881367,8.005295550116328,1.392186796005948,True,33.01194533245515,-277.2978337505826,-140.5067187820417,120.1968523679899,2.5086442172671752,3,3,calibration,2,dot,0.5350820483873121,-1,calibration,SIM,001,999,f,r
0.49474500003270805,30,26.216878041277667,6.6813460533808176,1.8577597643607389,True,25.028006847804683,-285.98169766700954,-125.86802522648125,121.95930097701952,3.3853610259495417,3,3,calibration,2,dot,0.5350820483873121,-1,calibration,SIM,001,999,f,r
0.5092977000167593,31,29.230881643313378,4.841938866524689,2.2777095656517314,True,17.08246328806699,-294.25675450153614,-111.89653559893974,123.38771628401416,4.101173899407917,3,3,calibration,2,dot,0.5350820483873121,-1,calibration,SIM,001,999,f,r
0.526494299992919,32,27.189361241971863,2.5951483252234633,2.4578094701763886,True,9.048859036983572,-302.3413956776223,-98.10551311795784,124.1787523984998,4.269691180793856,3,3,calibration,2,dot,0.5350820483873121,-1,calibration,SIM,001,999,f,r
0.5424373999703676,33,25.145394468372213,0.16136339140068223,2.255156084753834,True,0.7205319731957864,-310.43112533320596,-82.8723952290832,124.04642538854237,3.6444499977281026,3,3,calibration,2,dot,0.5350820483873121,-1,calibration,SIM,001,999,f,r
0.5598167999414727,34,25.040544872310726,-0.9761866188342756,1.84796311940983,True,-6.951722430117309,-317.9685785772566,-66.61147096967117,121.98185974353535,2.4970115334305207,3,3,calibration,2,dot,0.5350820483873121,-1,calibration,SIM,001,999,f,r
0.5770968999713659,35,25.17337529462982,1.9318294287617643,1.4859330863149125,True,-15.13571282825471,-325.9327289645604,-49.341414120220065,117.39889269213418,1.5225644743301563,3,3,calibration,2,dot,0.5350820483873121,-1,calibration,SIM,001,999,f,r
0.5924465999705717,36,22.28510717736656,-3.743130434653228,1.1816188110190202,True,-23.64708310977872,-334.4138239171811,-33.39760958295184,110.28493315206941,0.7172556713695627,3,3,calibration,2,dot,0.5350820483873121,-1,calibration,SIM,001,999,f,r
0.6104395999573171,37,17.746121798866547,-2.4522659226386194,1.1220553108747315,True,-32.87109497887525,-343.6365731561392,-20.064863280204346,98.74509209797327,-0.09090181757843066,3,3,calibration,2,dot,0.5350820483873121,-1,calibration,SIM,001,999,f,r
0.6264504999853671,38,17.69974200526854,-1.9130777507489691,1.3522777245679747,True,-41.733337766138476,-352.33783957803587,-11.42720936512526,83.67297439923787,-0.6858287423850745,3,3,calibration,2,dot,0.5350820483873121,-1,calibration,SIM,001,999,f,r
0.6435743999900296,39,21.48866103504676,-0.8612674564284502,1.439390749178093,True,-50.509123839076835,-360.2943716709712,-6.816684600062363,66.14256713369642,-0.8041813099874335,3,3,calibration,2,dot,0.5350820483873121,-1,calibration,SIM,001,999,f,r
0.6600483999354765,40,19.09256186345744,2.0976194624055076,1.2001475346076955,True,-59.019080767144466,-367.47180070063814,-6.971661408493686,47.913285222298406,-0.5917860837645466,3,3,calibration,2,dot,0.5350820483873121,-1,calibration,SIM,001,999,f,r
0.6778158999513835,41,19.657429440956818,8.0623841413183,0.9338098833584105,True,-67.38888363553593,-374.191653852628,-15.893537567953517,56.76858778265726,-0.002681392223500823,3,3,calibration,2,dot,0.5350820483873121,-1,calibration,SIM,001,999,f,r
0.6952071000123397,42,19.332097284117864,14.43901362499027,1.2647715780414932,True,-76.18741338668733,-380.6331768904174,-14.176545945168513,73.04573631873599,0.8144012674088196,3,3,calibration,2,dot,0.5350820483873121,-1,calibration,SIM,001,999,f,r
0.7095108999637887,43,10.271911026154362,12.447876186078165,2.0681998307495464,True,-86.12476026250862,-387.03484927274076,-8.460245038578385,89.8768629115693,1.754370799103821,3,3,calibration,2,dot,0.5350820483873121,-1,calibration,SIM,001,999,f,r
0.7266369999852031,44,9.152313444261791,15.060874784452288,2.7017069863815397,True,-96.32086479270609,-388.2296884649411,-2.782352251624147,108.20083926853108,1.7426027726872428,3,3,calibration,2,dot,0.5350820483873121,-1,calibration,SIM,001,999,f,r
0.7437123999698088,45,10.136128290344772,18.218535287001483,3.0913992184806234,True,-106.57964999401293,-385.539593566152,1.7537104581044458,127.29113473402788,1.5913136960226157,3,3,calibration,2,dot,0.5350820483873121,-1,calibration,SIM,001,999,f,r
0.7600242999615148,46,8.991081269427417,20.15540635183901,3.2421091656872383,True,-117.33263438264397,-382.40430555738885,5.859409460916833,146.47574336081905,1.6121908540935093,3,3,calibration,2,dot,0.5350820483873121,-1,calibration,SIM,001,999,f,r
0.77681740000844,47,9.250426886487803,18.28100266510109,3.1174660888945853,True,-129.2230513346903,-378.55171773979845,9.333912239366674,163.73630518244704,1.4296513826925816,3,3,calibration,2,dot,0.5350820483873121,-1,calibration,SIM,001,999,f,r
0.7930753999389708,48,13.388944633974258,22.72033043449553,2.7252652199697605,True,-141.6508179912754,-374.07892985625716,12.449938763309044,179.58540019062195,1.2286827644908485,3,3,calibration,2,dot,0.5350820483873121,-1,calibration,SIM,001,999,f,r
0.8095652000047266,49,16.467821750057006,19.97575041221762,2.1935501859789404,True,-154.75729888294856,-368.8498047206393,15.964920345986517,194.0491321490605,1.3858155489817028,3,3,calibration,2,dot,0.5350820483873121,-1,calibration,SIM,001,999,f,r
0.8255364999640733,50,20.772822919777866,15.795230125977547,1.5600756860001397,True,-167.57901416465967,-363.2041767540687,21.01035957518743,206.27126451374647,1.6747225345022132,3,3,calibration,2,dot,0.5350820483873121,-1,calibration,SIM,001,999,f,r
0.8426521000219509,51,21.4512544221444,10.171995243088286,1.1625184123477996,True,-180.7223117859013,-356.8465300696638,28.70095559258801,214.52041785011642,2.0173208617028133,3,3,calibration,2,dot,0.5350820483873121,-1,calibration,SIM,001,999,f,r
0.8589829000411555,52,22.39684347255021,14.01573834653814,1.5645126750450968,True,-194.3208858245917,-349.62750654424485,37.598448891802576,219.2205277977428,2.7720635908447018,3,3,calibration,2,dot,0.5350820483873121,-1,calibration,SIM,001,999,f,r
0.8763380999444053,53,27.254087830246178,13.886944691463215,2.050370140438141,True,-208.19061518368252,-341.55038830228233,47.242654349554456,223.44645109106304,3.4709050354474913,3,3,calibration,2,dot,0.5350820483873121,-1,calibration,SIM,001,999,f,r
0.8917321999324486,54,31.946199680844355,13.249804446510671,2.4886858796247964,True,-221.0164933362271,-331.31126591677054,57.81245549443674,229.00455252450203,4.018970707310516,3,3,calibration,2,dot,0.5350820483873121,-1,calibration,SIM,001,999,f,r
0.9090018999995664,55,33.87790115756137,5.704339293869867,2.9712870171540735,True,-232.53199292237954,-319.8166957937461,69.69182387426466,236.12658127251026,4.534277674552957,3,3,calibration,2,dot,0.5350820483873121,-1,calibration,SIM,001,999,f,r
0.9256796999834478,56,30.199651956547,7.165686610572986,3.220215366502402,True,-243.32694555393357,-306.57856477783,82.76930159913785,243.95197427817783,4.645791027847293,3,3,calibration,2,dot,0.5350820483873121,-1,calibration,SIM,001,999,f,r
0.9417139999568462,57,30.620854432232463,9.134867365293886,2.966752912749859,True,-253.81732386010583,-291.73855124928826,97.90228931450078,251.83492408549114,4.206921494742814,3,3,calibration,2,dot,0.5350820483873121,-1,calibration,SIM,001,999,f,r
0.9597952000331134,58,27.28379643155278,10.399946451755612,2.2819364154904394,True,-265.408633512742,-273.8659349159146,114.32093856570931,257.7188023081315,3.3995714882029353,3,3,calibration,2,dot,0.5350820483873121,-1,calibration,SIM,001,999,f,r
0.9749066999647766,59,30.99730603080236,9.039906593747325,1.533872289889507,True,-277.13957203326925,-255.00592298711481,130.66826454496163,256.0378394478773,2.7284775690988123,3,3,calibration,2,dot,0.5350820483873121,-1,calibration,SIM,001,999,f,r
0.9922742999624461,60,33.90333992446504,9.096396025498755,1.0938209106971006,True,-288.3830376614433,-236.87073342395718,141.82209020773965,247.76144701707636,2.1251879594867127,3,3,calibration,2,dot,0.5350820483873121,-1,calibration,SIM,001,999,f,r
1.0096059000352398,61,34.75507734567264,10.669819364313504,0.9447951258324119,True,-297.48100547221463,-221.80173292259985,154.07203872579018,244.77935999227827,1.7216260218866284,3,3,calibration,2,dot,0.5350820483873121,-1,calibration,SIM,001,999,f,r
1.02603970002383,62,29.662437321967012,14.727754348269894,0.7351512924627057,True,-304.1338630513705,-208.77440181917174,161.96673492547225,252.39958448591875,0.8695015821674746,3,3,calibration,2,dot,0.5350820483873121,-1,calibration,SIM,001,999,f,r
1.0419910999480635,63,31.52178793366546,11.578264745080897,0.5427749691584339,True,-308.4552865076609,-197.06135862981267,162.5795932234017,264.48940408548134,0.17899198237754446,3,3,calibration,2,dot,0.5350820483873121,-1,calibration,SIM,001,999,f,r
1.05923619994428,64,33.14978928743477,10.74250811232523,0.5206211858773546,True,-310.7723723576136,-186.41546051077722,157.4046023860632,278.2376238163999,-0.04233915124745065,3,3,calibration,2,dot,0.5350820483873121,-1,calibration,SIM,001,999,f,r
1.0750876000383869,65,28.836879031466268,8.355861681170133,0.32700749465098244,False,-311.98787172086776,-176.58929441006214,142.51870556182087,282.71802572671044,0.0,3,3,calibration,2,dot,0.5350820483873121,-1,calibration,SIM,001,999,f,r
1.0913247999269515,66,29.888822706509877,10.633358395525136,0.24382369323245812,False,-312.3317991693472,-166.8956789767802,124.8367474684362,284.64843505702845,0.0,3,3,calibration,2,dot,0.5350820483873121,-1,calibration,SIM,001,999,f,r
1.1077146999305114,67,26.092212057960605,9.829226512786153,0.5007002640566589,True,-311.8674701392356,-156.3243786143294,106.63317975852627,285.14873931859466,0.5282690411550022,3,3,calibration,2,dot,0.5350820483873121,-1,calibration,SIM,001,999,f,r
1.125025499961339,68,24.701086924958943,6.273903495281382,0.8370299330803403,True,-311.019610079933,-143.9618634596067,86.94907706317902,283.84912516853984,1.0343323719094062,3,3,calibration,2,dot,0.5350820483873121,-1,calibration,SIM,001,999,f,r
1.1410349999787286,69,25.96306795832253,9.143415527868422,1.1255204677887054,True,-309.3677811408226,-129.53880977148114,67.23138827565148,280.9074117192791,1.5775591997292617,3,3,calibration,2,dot,0.5350820483873121,-1,calibration,SIM,001,999,f,r
1.1584462999599054,70,23.3240461235843,9.912745740580673,1.1967532976345747,True,-306.3262093389796,-112.0778300277733,47.7728415215038,277.8099247290322,1.7288385118540293,3,3,calibration,2,dot,0.5350820483873121,-1,calibration,SIM,001,999,f,r
1.174756099935621,71,27.088872966340478,5.874044021875728,1.1160981423646292,True,-301.35854784561843,-93.41503103446055,30.407000687124246,275.0318355258572,1.6821821442480394,3,3,calibration,2,dot,0.5350820483873121,-1,calibration,SIM,001,999,f,r
1.1915591999422759,72,30.014153139077315,0.1632950719637316,0.9257843366922826,True,-294.7792142550592,-75.19709283273056,14.933550403469912,269.42009634537885,1.6701120442673048,3,3,calibration,2,dot,0.5350820483873121,-1,calibration,SIM,001,999,f,r
1.2083693000022322,73,26.138583737727316,-1.0436567758629378,1.174120278426441,True,-287.5294878853541,-59.7439732910472,3.0692804877794426,259.58755635491053,2.0827993240283957,3,3,calibration,2,dot,0.5350820483873121,-1,calibration,SIM,001,999,f,r
1.225014099967666,74,24.851189406811226,-5.700984965205064,1.693430701281105,True,-280.4298655134565,-47.32317507920776,-6.966192423299242,247.7359658668898,2.908576279397125,3,3,calibration,2,dot,0.5350820483873121,-1,calibration,SIM,001,999,f,r
1.241760000004433,75,25.9074711801373,-6.525609497741629,2.142124128261207,True,-274.10933260214773,-37.59462523118107,-16.328974187300023,235.1036219290575,3.7165207907443745,3,3,calibration,2,dot,0.5350820483873121,-1,calibration,SIM,001,999,f,r
1.2588889999315143,76,23.099101791202475,-7.925780165965729,2.3907438106116974,True,-268.69399518975695,-30.027756045137068,-25.55728186373333,221.69191979098906,4.179007731367824,3,3,calibration,2,dot,0.5350820483873121,-1,calibration,SIM,001,999,f,r
1.2747784999664873,77,22.89283370952347,-7.84842591991334,2.3962953135189733,True,-263.3159760599959,-23.38015324180983,-34.32044035237064,208.7516980613256,4.256992794498689,3,3,calibration,2,dot,0.5350820483873121,-1,calibration,SIM,001,999,f,r
1.2915426000254229,78,21.720200205234924,-10.989871599808769,2.288451390554605,True,-257.32671412940937,-16.843227514917658,-42.49203448856003,196.64044738935016,4.153566509293836,3,3,calibration,2,dot,0.5350820483873121,-1,calibration,SIM,001,999,f,r
1.3084559999406338,79,26.080087996122764,-11.754306791431853,2.1540883260707906,True,-250.83625518677127,-10.302825533274602,-49.252711001577666,186.0442186167478,3.9024825136060484,3,3,calibration,2,dot,0.5350820483873121,-1,calibration,SIM,001,999,f,r
1.3248404000187293,80,25.717751496421226,-9.65674163103714,1.8743072356366657,True,-243.70692190402846,-4.077566599795261,-54.57993474237511,176.25054600964984,3.1901065659531795,3,3,calibration,2,dot,0.5350820483873121,-1,calibration,SIM,001,999,f,r
1.3412326000398025,81,35.337631946647555,-9.904938674620443,1.455746285481441,True,-236.7484951005126,0.9185125725731611,-57.71351064012389,166.63983725633813,1.914439699580394,3,3,calibration,2,dot,0.5350820483873121,-1,calibration,SIM,001,999,f,r
1.3602654000278562,82,35.099226497953325,-12.048365210603947,1.4729921699889947,True,-229.60398568075158,4.367396334727326,-57.340466127686746,157.19923895206782,0.6063415671124702,3,3,calibration,2,dot,0.5350820483873121,-1,calibration,SIM,001,999,f,r
1.3768118999432772,83,41.13947392894059,-15.049815876816751,2.0110541079894992,True,-222.91357153985754,6.158158649566703,-54.62276839438862,148.80415010346698,-0.08878867636578112,3,3,calibration,2,dot,0.5350820483873121,-1,calibration,SIM,001,999,f,r
1.3927363000111654,84,40.55809217009598,-15.845153715737005,2.544871331088773,True,-216.4047349895705,6.9828566552843645,-50.83882348125281,141.27625974715008,-0.3010701594025379,3,3,calibration,2,dot,0.5350820483873121,-1,calibration,SIM,001,999,f,r
1.4106491999700665,85,45.676290940420785,-11.046504982324718,2.847099505753919,True,-209.72037765687645,7.311087196390318,-46.30181926830218,134.21949747881348,-0.44989992131064466,3,3,calibration,2,dot,0.5350820483873121,-1,calibration,SIM,001,999,f,r
1.4264997999416664,86,45.79107550347632,-7.23472384904528,2.915024356420823,True,-202.43956988707527,6.703079770437229,-40.59042484379107,127.53002513569069,-0.7210503491791527,3,3,calibration,2,dot,0.5350820483873121,-1,calibration,SIM,001,999,f,r
1.441512699937448,87,47.50031622583684,-3.735565899428424,2.8928557723977835,True,-193.9497942766588,4.478085842429399,-33.69283305599059,121.71418045250664,-0.7128294274947362,3,3,calibration,2,dot,0.5350820483873121,-1,calibration,SIM,001,999,f,r
1.4606936000054702,88,52.90253482970948,-0.634249311056283,3.0112286212751163,True,-184.6744366926879,0.13007646147691077,-25.85267149102583,117.0432282153936,-0.2268017083652927,3,3,calibration,2,dot,0.5350820483873121,-1,calibration,SIM,001,999,f,r
1.4765065000392497,89,52.34870886846203,1.446167802643867,3.2904192016024862,True,-174.88923558029163,-5.678405342985258,-17.266252789202277,113.341659157734,0.36464718240922306,3,3,calibration,2,dot,0.5350820483873121,-1,calibration,SIM,001,999,f,r
1.49279970000498,90,48.5686585771535,6.535192681996281,3.3824879233089886,True,-165.284614244944,-12.466338282298809,-7.6801720170566625,110.57265918522883,1.046595211207849,3,3,calibration,2,dot,0.5350820483873121,-1,calibration,SIM,001,999,f,r
1.5103069000178948,91,50.86176685942477,8.938093581701029,3.3449770874917446,True,-155.81500083396313,-19.853137467948518,2.798845085626686,109.3629601397606,1.7686784362479333,3,3,calibration,2,dot,0.5350820483873121,-1,calibration,SIM,001,999,f,r
1.5260048999916762,92,49.7045752253201,10.448152896354065,3.3217585111366934,True,-145.8385970256428,-28.47515866052504,13.49456226796163,110.16002861280786,2.537000405630885,3,3,calibration,2,dot,0.5350820483873121,-1,calibration,SIM,001,999,f,r
1.5427039000205696,93,49.60651085364953,10.773798115385077,3.160395117775436,True,-134.8432025809191,-38.30303549101531,23.90680622892566,113.24341274393747,3.0742988983801554,3,3,calibration,2,dot,0.5350820483873121,-1,calibration,SIM,001,999,f,r
1.5587284000357613,94,50.81190135723855,11.845553456611876,2.8459199523987593,True,-123.32283861398724,-48.707667381873264,33.056024253080984,118.22013837678462,3.286711656011347,3,3,calibration,2,dot,0.5350820483873121,-1,calibration,SIM,001,999,f,r
1.57706539996434,95,48.53519110936368,9.673469525786402,2.3838403482313475,True,-111.42266956257562,-59.345104661279464,41.08887591529776,123.86608756991384,2.9637562060149203,3,3,calibration,2,dot,0.5350820483873121,-1,calibration,SIM,001,999,f,r
1.5926922999788076,96,48.66191129154488,8.83999589308047,1.760120726165196,True,-99.59395736897508,-69.33940668700038,47.463751257440826,129.40317903887913,2.2887291725201804,3,3,calibration,2,dot,0.5350820483873121,-1,calibration,SIM,001,999,f,r
1.6107788999797776,97,48.99491706939103,14.774418518924787,1.2890254362343603,True,-87.58753101536381,-79.04488854190274,51.974507036370966,136.02278632283816,1.8916238422064384,3,3,calibration,2,dot,0.5350820483873121,-1,calibration,SIM,001,999,f,r
1.6263043000362813,98,51.34421015532658,18.72465749999904,1.2574537388792488,True,-76.04676406504741,-87.66213161973138,57.321217490594705,142.37591519337354,1.7157395797858934,3,3,calibration,2,dot,0.5350820483873121,-1,calibration,SIM,001,999,f,r
1.6438430999405682,99,52.0946695158654,21.01724463538438,1.5069421018157807,True,-64.0437444145828,-95.61986018622002,64.64553327174492,147.79328629749392,1.7280130109444054,3,3,calibration,2,dot,0.5350820483873121,-1,calibration,SIM,001,999,f,r
1.6593264000257477,100,50.45033510338127,23.016433709504668,1.790373634893188,True,-51.835090216712786,-103.1286312940532,73.20323226864889,152.61951222234248,1.8172196551328654,3,3,calibration,2,dot,0.5350820483873121,-1,calibration,SIM,001,999,f,r
1.6772165999282151,101,51.573811425619034,22.66526125571287,1.9310823164755044,True,-39.46449411087352,-110.84264479495367,82.31076515168827,157.30000979169478,1.9052856480691516,3,3,calibration,2,dot,0.5350820483873121,-1,calibration,SIM,001,999,f,r
1.6936816000379622,102,49.08964629916022,25.244786809137462,1.90976657471577,True,-27.993631524850898,-118.78216923005377,91.64912971057235,162.20754633275322,1.9789411223170563,3,3,calibration,2,dot,0.5350820483873121,-1,calibration,SIM,001,999,f,r
1.7106078999349847,103,48.58318155002027,23.609047460699443,1.7774765907647312,True,-16.54175473284459,-126.6689565196354,101.43661340106571,168.13924403463926,1.9278568707448929,3,3,calibration,2,dot,0.5350820483873121,-1,calibration,SIM,001,999,f,r
1.7266012999461964,104,47.78249325452222,22.576861002635212,1.4841681432306975,True,-4.306533417998978,-134.42975201788113,111.11021384445417,175.57548722633342,1.6905246126362927,3,3,calibration,2,dot,0.5350820483873121,-1,calibration,SIM,001,999,f,r
1.7435520000290126,105,45.49750666536262,28.793663619784674,1.270699030735836,True,9.497664732684544,-141.63774005563764,120.42023375082222,186.011253086493,1.5382389513040886,3,3,calibration,2,dot,0.5350820483873121,-1,calibration,SIM,001,999,f,r
1.7600798000348732,106,49.3844299414739,26.433554167206843,1.2706311481814478,True,24.59716960192086,-147.49489566873024,128.5932190497105,198.09058542306485,1.565935833652229,3,3,calibration,2,dot,0.5350820483873121,-1,calibration,SIM,001,999,f,r
1.777085099951364,107,52.1826869101872,21.86980248344725,0.974143872952332,True,40.21806419194578,-151.7545834155173,137.66741879172918,209.64058827849604,1.0755674288447945,3,3,calibration,2,dot,0.5350820483873121,-1,calibration,SIM,001,999,f,r
1.7935438000131398,108,50.156312354829915,19.806553211655945,0.3162106416847335,False,55.14184510313101,-154.4182161464948,147.56125005688182,205.03130292419345,0.0,3,3,calibration,2,dot,0.5350820483873121,-1,calibration,SIM,001,999,f,r
1.8105057999491692,109,50.83957356513547,25.035210753101452,0.26438395982276514,False,68.75250965552453,-156.15344017760492,157.42471446835043,197.83062283214315,0.0,3,3,calibration,2,dot,0.5350820483873121,-1,calibration,SIM,001,999,f,r
1.8271587999770418,110,49.428737640006325,21.91902278375366,0.38299507719707615,False,81.52735697628778,-156.92135910354705,167.89980476097188,190.42153854117527,0.0,3,3,calibration,2,dot,0.5350820483873121,-1,calibration,SIM,001,999,f,r
1.8438558999914676,111,49.2823312566971,18.527417217924015,0.4897501225948476,False,95.07123130746496,-156.89744644701034,178.79912770014758,183.33636776893198,0.0,3,3,calibration,2,dot,0.5350820483873121,-1,calibration,SIM,001,999,f,r
1.860299599939026,112,44.529362261421745,19.859465331763296,0.7295327956133913,True,109.98978425555852,-155.6937318184041,185.36757628502457,172.45710237871128,0.7021046068249186,3,3,calibration,2,dot,0.5350820483873121,-1,calibration,SIM,001,999,f,r
1.876138599938713,113,42.54381969561561,20.39855968905961,0.9511289637333845,True,125.77297974404078,-153.0845483568652,188.27998432816725,160.2928079807783,1.294426900639066,3,3,calibration,2,dot,0.5350820483873121,-1,calibration,SIM,001,999,f,r
1.893449499970302,114,48.56297670130592,20.996534707398908,1.041948907844145,True,140.87989337976433,-149.54134138753793,188.55434137287753,147.98652247097968,1.5968231443895702,3,3,calibration,2,dot,0.5350820483873121,-1,calibration,SIM,001,999,f,r
1.9101898999651894,115,52.06700049170716,24.073077429838904,0.6596923022112045,True,155.14832403910944,-145.17680132769829,188.0134330686069,135.95642454387027,1.0600064821467992,3,3,calibration,2,dot,0.5350820483873121,-1,calibration,SIM,001,999,f,r
1.9249042000155896,116,51.81399500804142,27.35460929650086,0.06898151498198829,False,168.43452461979197,-140.5071103095288,194.7801125340892,127.47318006710526,0.0,3,3,calibration,2,dot,0.5350820483873121,-1,calibration,SIM,001,999,f,r
1.9446742000291124,117,49.00768562851679,21.75565958986627,0.570871140893421,True,180.75198889011583,-134.99627421745268,205.78033535539114,127.03779513320924,-0.1540112158372106,3,3,calibration,2,dot,0.5350820483873121,-1,calibration,SIM,001,999,f,r
1.9600233000237495,118,46.77685685806555,15.950565187900171,0.4062528371301718,False,191.95579952799446,-128.0697617509295,215.47814406003067,121.50920037474623,0.0,3,3,calibration,2,dot,0.5350820483873121,-1,calibration,SIM,001,999,f,r
1.9767267999704927,119,53.55269823449633,18.815789921868486,0.3651859028530301,False,201.47810386705822,-119.28669909093878,224.84183625118035,115.84185550593284,0.0,3,3,calibration,2,dot,0.5350820483873121,-1,calibration,SIM,001,999,f,r
1.9916420000372455,120,49.607965528654944,18.588183068126995,0.6642391566622072,True,209.17912834516346,-108.60722401987076,231.9651300445881,109.63527629142779,0.8774774872183514,3,3,calibration,2,dot,0.5350820483873121,-1,calibration,SIM,001,999,f,r
2.0092497000005096,121,50.56329953702257,18.710340878253504,0.7160498361181323,True,214.20974123070917,-97.01468063625288,238.26584235294865,103.68851772404169,1.0898480874785785,3,3,calibration,2,dot,0.5350820483873121,-1,calibration,SIM,001,999,f,r
2.0260532000102103,122,47.388327247750645,14.204359074034041,0.7179909196717038,True,217.24951256335984,-84.40309378225368,243.4290400592401,97.77770082318135,1.27093557857601,3,3,calibration,2,dot,0.5350820483873121,-1,calibration,SIM,001,999,f,r
2.0431045999284834,123,46.68709202252111,16.177260965168628,0.8414821764663014,True,218.8128456820499,-70.8077442259825,247.33714118753073,91.89064705011468,1.5107138535371443,3,3,calibration,2,dot,0.5350820483873121,-1,calibration,SIM,001,999,f,r
2.0591588999377564,124,41.705761573488275,13.517751361845288,1.04261421397665,True,219.70349669176426,-56.499056438668035,249.97132131601757,86.08547085631608,1.6125931661309234,3,3,calibration,2,dot,0.5350820483873121,-1,calibration,SIM,001,999,f,r
2.0771174000110477,125,41.12599797987339,9.230306201095319,1.4551737041948425,True,220.08392142879885,-42.43530018478635,251.60658011657654,80.58827816075951,1.8835591747137024,3,3,calibration,2,dot,0.5350820483873121,-1,calibration,SIM,001,999,f,r
2.093615800025873,126,42.36943615530894,9.289054609716096,1.8759369453052492,True,220.2308094634879,-29.12459412181328,252.9141756409192,75.470550470385,2.3806219007155085,3,3,calibration,2,dot,0.5350820483873121,-1,calibration,SIM,001,999,f,r
2.1107186999870464,127,40.442308085791296,12.468232092402433,1.947659836110192,True,219.96016576734726,-16.373321648313215,254.21870431609005,70.47093794772142,2.4046177333290535,3,3,calibration,2,dot,0.5350820483873121,-1,calibration,SIM,001,999,f,r
2.1266933999722824,128,34.74016729077607,14.27764679984726,1.8060614198764706,True,218.907823017067,-3.714622943846136,254.9627996856452,65.16498909894449,1.8011335018048573,3,3,calibration,2,dot,0.5350820483873121,-1,calibration,SIM,001,999,f,r
2.141881400020793,129,35.23390930386523,14.285772876558223,1.8013693289724102,True,216.72396764500684,9.41952411435668,248.6634379524661,65.50545559568432,1.9592846378274553,3,3,calibration,2,dot,0.5350820483873121,-1,calibration,SIM,001,999,f,r
2.161387800006196,130,30.590409681265154,12.379401254013898,1.9374397895292694,True,213.89129866885074,20.954034225090226,242.33804392799775,72.41182410565435,0.8921477608649155,3,3,calibration,2,dot,0.5350820483873121,-1,calibration,SIM,001,999,f,r
2.1770849999738857,131,26.55243083198495,17.03112970270205,2.1907144904467253,True,210.05018273080535,30.925857862699843,236.11872263289217,82.61229467736865,0.3499040713811436,3,3,calibration,2,dot,0.5350820483873121,-1,calibration,SIM,001,999,f,r
2.194111799937673,132,19.290300641867077,13.677417433938365,2.6619810697355764,True,205.13143374465997,38.120163628744336,230.8343408094325,92.96124801971379,-0.27091029528427946,3,3,calibration,2,dot,0.5350820483873121,-1,calibration,SIM,001,999,f,r
2.2086942000314593,133,21.85620834293607,12.332274536969278,3.0775650789878997,True,199.04097310213757,44.46462678989424,226.09863747608713,102.36719914832938,-0.6872475194176879,3,3,calibration,2,dot,0.5350820483873121,-1,calibration,SIM,001,999,f,r
2.2256867999676615,134,29.881599599336862,10.685343172375648,2.82875087842388,True,192.0567029783476,49.96769859801413,221.72335138439735,110.1285254424933,-0.8055874074836507,3,3,calibration,2,dot,0.5350820483873121,-1,calibration,SIM,001,999,f,r
2.2428759000031278,135,30.07922176096111,12.192396275161947,1.893351508662498,True,184.3380550721797,55.55469771975089,217.4791682621911,116.14264017444869,-0.46873236448787825,3,3,calibration,2,dot,0.5350820483873121,-1,calibration,SIM,001,999,f,r
2.2601817999966443,136,30.281082476793078,10.683109438537723,0.9351677301106083,True,175.87206306985868,61.4903560464094,212.53814156890994,120.76058627720298,-0.10622199854475647,3,3,calibration,2,dot,0.5350820483873121,-1,calibration,SIM,001,999,f,r
2.276009100023657,137,29.239017471114842,12.440220619434559,0.3680334830429578,False,166.80283647169955,67.93670440744887,212.37133540283716,127.5469995720756,0.0,3,3,calibration,2,dot,0.5350820483873121,-1,calibration,SIM,001,999,f,r
2.2929996999446303,138,30.936650427332648,7.512814717743488,0.40559803199753525,False,156.72333956939906,74.63952614305333,212.62546388002684,135.7561836581518,0.0,3,3,calibration,2,dot,0.5350820483873121,-1,calibration,SIM,001,999,f,r
2.3087628999492154,139,29.37167763230938,8.920020666633494,0.6973292433569155,True,145.48081565427512,81.04165695272792,220.3098284379063,138.50238776277655,0.8822065632772045,3,3,calibration,2,dot,0.5350820483873121,-1,calibration,SIM,001,999,f,r
2.3256226000376046,140,28.622838622885393,7.341195115789792,0.8434149091974362,True,133.01974103613384,86.36724806194681,230.51461586770174,139.85053153688207,1.1075129674451516,3,3,calibration,2,dot,0.5350820483873121,-1,calibration,SIM,001,999,f,r
2.345655299955979,141,26.33980463259971,9.706315416226909,0.7595040387876738,True,120.0510760181375,90.39098533756903,242.50902692488353,138.8517396791474,0.8835516642842572,3,3,calibration,2,dot,0.5350820483873121,-1,calibration,SIM,001,999,f,r
2.3597997999750078,142,28.052051460321096,1.0603025584190462,0.7668679766455198,True,104.85851993176223,92.96205482467707,240.91732939721197,129.70293855031062,0.9510203122402715,3,3,calibration,2,dot,0.5350820483873121,-1,calibration,SIM,001,999,f,r
2.3775918999454007,143,31.405923562697332,1.237185874970623,1.116414526862839,True,87.99115151032771,94.50048441282689,233.3012822178239,122.63508650583358,0.8762488019709441,3,3,calibration,2,dot,0.5350820483873121,-1,calibration,SIM,001,999,f,r
2.398239600006491,144,33.56411752700099,4.505629068850326,1.3779651391503216,True,69.95230569986313,95.16664582221173,226.69771109631452,116.22871095178553,1.0730161497024018,3,3,calibration,2,dot,0.5350820483873121,-1,calibration,SIM,001,999,f,r
2.4103072999278083,145,34.806628868602616,0.1486321288379333,1.439005431886481,True,53.98480325790356,95.34414393029611,222.2628208272314,109.62853984547594,1.3674635534364337,3,3,calibration,2,dot,0.5350820483873121,-1,calibration,SIM,001,999,f,r
2.4269968000007793,146,38.229901530798415,-1.4888802940973234,1.644328588934729,True,41.02495619580323,94.82673241973804,219.48732248120362,102.92339869955848,1.7683162723512003,3,3,calibration,2,dot,0.5350820483873121,-1,calibration,SIM,001,999,f,r
2.44312039995566,147,32.44221729911746,1.3114873053851621,1.7499935780443518,True,31.279538070872764,93.39292287867009,217.20787548735868,95.98830569913164,1.8376890190456663,3,3,calibration,2,dot,0.5350820483873121,-1,calibration,SIM,001,999,f,r
2.4968757999595255,148,32.36852275896981,0.8206454973287015,1.414355168128415,True,23.65992415614314,90.77293273096558,214.71222485947374,88.35930026037775,1.2578808158040418,3,3,calibration,2,dot,0.5350820483873121,-1,calibration,SIM,001,999,f,r
2.530613899929449,149,32.79325150646259,2.529551021408863,0.8999155778773601,True,17.14689372323566,86.59028396086512,211.78361039614572,80.33068242659101,0.5589544524290632,3,3,calibration,2,dot,0.5350820483873121,-1,calibration,SIM,001,999,f,r
2.5607994999736547,150,32.47454608107112,-2.0290177994532375,0.5474073247431942,True,10.850076122895913,80.81919963184353,208.0755403274835,72.10262421874671,0.20071397070414726,3,3,calibration,2,dot,0.5350820483873121,-1,calibration,SIM,001,999,f,r
2.5773295999970287,151,33.40858796647052,-3.424827448234031,0.5268588458116629,True,4.0263105653933735,73.39065529400833,202.91513665142293,64.46164763226369,0.058818951724883176,3,3,calibration,2,dot,0.5350820483873121,-1,calibration,SIM,001,999,f,r
2.5986751000164077,152,32.98581152160486,1.0737883767014242,0.5645633251568263,True,-3.102411266828457,65.16169844045011,196.6936223113829,56.95295704566562,0.008155276500454611,3,3,calibration,2,dot,0.5350820483873121,-1,calibration,SIM,001,999,f,r
2.6123062999686226,153,38.219047593393306,1.6841399912781112,0.32938657807890825,False,-9.874769117703742,55.95893213660686,185.6500179001863,55.50294339769978,0.0,3,3,calibration,2,dot,0.5350820483873121,-1,calibration,SIM,001,999,f,r
2.626605400000699,154,34.03261500387424,-2.774920531022307,0.3117679197894323,False,-15.130570305099495,45.95179712758028,173.06881017268435,55.231044232380434,0.0,3,3,calibration,2,dot,0.5350820483873121,-1,calibration,SIM,001,999,f,r
2.643044300028123,155,33.429517470558466,-8.7823750649879,0.44188635999265136,False,-18.8464054431145,33.702812286366594,159.89375419403302,55.18300064681242,0.0,3,3,calibration,2,dot,0.5350820483873121,-1,calibration,SIM,001,999,f,r
2.659452199935913,156,32.94904122883352,-3.902823927041866,0.7590990094884799,True,-21.334214644972942,20.27711584681284,151.33966751054825,47.34254794825377,-0.2817481070088567,3,3,calibration,2,dot,0.5350820483873121,-1,calibration,SIM,001,999,f,r
2.676409099949524,157,29.609414537281356,-1.2070607337305264,0.7677322044727072,True,-23.010805417681627,6.198756324611567,141.85740198974014,38.76716149688055,-0.13905425229190665,3,3,calibration,2,dot,0.5350820483873121,-1,calibration,SIM,001,999,f,r
2.6930663000093773,158,31.665278215775086,-4.576498899395802,0.6509700229930788,True,-24.002385486261666,-6.775787950746578,129.14318466921065,31.713168371923043,0.09795158940905273,3,3,calibration,2,dot,0.5350820483873121,-1,calibration,SIM,001,999,f,r
2.7084898999892175,159,29.594693128697575,-1.374642001270713,0.6547854692312083,True,-24.10559078626393,-18.772745040928505,113.32908162794642,26.75236951029204,0.3419374477674368,3,3,calibration,2,dot,0.5350820483873121,-1,calibration,SIM,001,999,f,r
2.7271412999834865,160,22.927431328713297,2.399229914913847,0.8419778995761352,True,-23.605739521023793,-29.41608969156783,95.23862016107697,25.798383442166973,0.9033864061432649,3,3,calibration,2,dot,0.5350820483873121,-1,calibration,SIM,001,999,f,r
2.742370399995707,161,18.73105828944654,5.357447017376255,1.5385973343941863,True,-22.836393378700794,-38.652573240259905,76.57584654600794,28.603216166208522,2.1902783392692187,3,3,calibration,2,dot,0.5350820483873121,-1,calibration,SIM,001,999,f,r
2.759394899941981,162,16.429464269472263,8.607741078352646,2.3983550502404953,True,-21.961039013549232,-46.72283247820823,58.16495899986303,33.21652913016128,3.716096495990454,3,3,calibration,2,dot,0.5350820483873121,-1,calibration,SIM,001,999,f,r
2.7769718000199646,163,20.82270157544966,2.545445028779799,2.8140738793517666,True,-20.88384357542415,-54.49375041010418,40.06663953384745,38.63281692762777,4.533670284641794,3,3,calibration,2,dot,0.5350820483873121,-1,calibration,SIM,001,999,f,r
2.793191900011152,164,16.894197432101887,7.6388412081299215,2.654346422245055,True,-19.37825373913446,-63.23727407221169,22.675547544439894,44.1128707696442,4.363328192837552,3,3,calibration,2,dot,0.5350820483873121,-1,calibration,SIM,001,999,f,r
2.808914899942465,165,18.537804705695685,5.067486497920704,2.340958323950069,True,-17.569975263055557,-73.26749014052035,4.526571216832366,49.99244002244545,3.8773028267334606,3,3,calibration,2,dot,0.5350820483873121,-1,calibration,SIM,001,999,f,r
2.8250011999625713,166,14.75237633653484,5.387649775153838,2.0082689250939016,True,-15.381603855243771,-84.74931059019276,-13.58038675954872,55.70747670259672,3.316882646253531,3,3,calibration,2,dot,0.5350820483873121,-1,calibration,SIM,001,999,f,r
2.8428805000148714,167,12.919191361092645,9.830356935582852,1.8087347177376383,True,-11.706160005255454,-96.77704378936753,-30.948474104325495,60.8270850870836,3.078234326586833,3,3,calibration,2,dot,0.5350820483873121,-1,calibration,SIM,001,999,f,r
2.8592816999880597,168,9.59685376504397,10.658862495242841,1.8796459604194833,True,-6.589828050037056,-108.43501252272566,-45.37237357676227,65.15388974457382,3.3533767247897264,3,3,calibration,2,dot,0.5350820483873121,-1,calibration,SIM,001,999,f,r
2.87799950002227,169,9.45599439571172,10.516339651715553,2.0001686424259177,True,-0.05429734473325176,-119.20179214016508,-57.02593264901619,68.94285296796379,3.7262947085503346,3,3,calibration,2,dot,0.5350820483873121,-1,calibration,SIM,001,999,f,r
2.893054399988614,170,6.334083330347298,4.606068413432246,1.9460394013546884,True,6.673726930310599,-129.01709768101563,-66.58823476388176,71.9543266343219,3.6191413939551,3,3,calibration,2,dot,0.5350820483873121,-1,calibration,SIM,001,999,f,r
2.909522300004028,171,9.252131770950989,-3.692483685718572,1.6857617491123322,True,14.057883523459862,-138.7774786973906,-75.44359085416585,73.76498999259543,2.774874038480616,3,3,calibration,2,dot,0.5350820483873121,-1,calibration,SIM,001,999,f,r
2.9275212000356987,172,8.015596311752226,-1.6162617787516402,1.678563608181578,True,21.78943834168528,-148.57425441066522,-84.90781833401678,73.47308805596529,1.6414464318718958,3,3,calibration,2,dot,0.5350820483873121,-1,calibration,SIM,001,999,f,r
2.9446601000381634,173,1.0733343246673996,-0.8608258282843122,1.9630153802196924,True,29.990935305062386,-158.23249073213432,-95.69643303604828,71.60495996018291,1.2409808014556736,3,3,calibration,2,dot,0.5350820483873121,-1,calibration,SIM,001,999,f,r
2.960055600036867,174,-2.2750433000787877,1.344019735319135,2.1823353306780535,True,37.85817840117003,-167.64958156751385,-107.89112714504883,70.0068998780553,1.5938782802322171,3,3,calibration,2,dot,0.5350820483873121,-1,calibration,SIM,001,999,f,r
2.9759659999981523,175,-10.488276364109982,-3.3849316569937695,2.544629739821143,True,45.67108711193245,-176.53773716343656,-120.9536697222487,69.88807338363029,2.5440094611235464,3,3,calibration,2,dot,0.5350820483873121,-1,calibration,SIM,001,999,f,r
2.992612399975769,176,-10.086959490533461,0.8531088327018601,3.0286721281866607,True,53.152707297836685,-185.55786154121822,-135.3420149257316,71.51231528209708,3.4539190790981475,3,3,calibration,2,dot,0.5350820483873121,-1,calibration,SIM,001,999,f,r
