timestamp,frame,mouse_x,mouse_y,mouse_speed,mouse_is_moving,stim_A_x,stim_A_y,stim_B_x,stim_B_y,evidence,trial_num,phase,n_shapes,target,prop_used,block_num,difficulty_level
0.017068499932065606,1,101.0,100.0,20.0,True,305.5282106396423,0.0,-294.896390264195,-2.3227935444151298,-7.105787207194912,1,calibration,2,dot,0.25,0,calibration
0.020413899910636246,2,118.0,104.0,17.46424919657298,True,317.5600947000877,0.0,-284.1097447017444,-8.30079501136074,-4.069759469981161,1,calibration,2,dot,0.25,0,calibration
0.028598099946975708,3,118.0,104.0,0.0,False,330.97677724155017,0.0,-273.9952600027715,-16.43327460694887,0.0,1,calibration,2,dot,0.25,0,calibration
0.045324499951675534,4,144.0,105.0,20.0,True,344.81039751662337,0.0,-262.1976166199842,-23.37870351898211,-3.1528364444184187,1,calibration,2,dot,0.25,0,calibration
0.06207739992532879,5,165.0,102.0,20.0,True,359.10806477703403,-0.4422228340303049,-250.5353316042292,-29.99674427092378,-1.2614182724630996,1,calibration,2,dot,0.25,0,calibration
0.07830599998123944,6,182.0,93.0,19.235384061671343,True,373.7423279465351,-1.3487796437924298,-239.31797067718986,-36.83406788247794,1.6762572096680377,1,calibration,2,dot,0.25,0,calibration
0.09561650000978261,7,205.0,70.0,20.0,True,388.087012743032,-2.4797645418249346,-229.45322970159484,-43.32915099776366,4.378846482806209,1,calibration,2,dot,0.25,0,calibration
0.11182459990959615,8,214.0,47.0,20.0,True,399.98511685084634,-3.450550364042432,-220.25671855803023,-49.70936415997369,8.12240183960052,1,calibration,2,dot,0.25,0,calibration
0.1290890999371186,9,222.0,-6.0,20.0,True,399.9801077743515,-3.989158409760926,-211.56983261492533,-55.642381517787214,9.74905394576053,1,calibration,2,dot,0.25,0,calibration
0.1460220000008121,10,220.0,-54.0,20.0,True,399.9762798350422,-4.356095650924378,-202.96095126798073,-60.98586830774339,9.961298518162732,1,calibration,2,dot,0.25,0,calibration
0.16217099991627038,11,217.0,-66.0,12.36931687685298,True,399.97523939154104,-4.450603743248705,-194.37174662572622,-65.74467155297656,5.9730565925420755,1,calibration,2,dot,0.25,0,calibration
0.17858219996560365,12,205.0,-93.0,20.0,True,399.9756549443629,-4.4131000246980365,-185.46346509248892,-69.917804896517,8.374486130427979,1,calibration,2,dot,0.25,0,calibration
0.19558870000764728,13,195.0,-107.0,17.204650534085253,True,399.9765681875075,-4.32953819063735,-176.08037215844553,-73.57171261212083,5.715889710953022,1,calibration,2,dot,0.25,0,calibration
0.212017499958165,14,173.0,-131.0,20.0,True,399.977524003708,-4.240317424811212,-165.86576137477053,-77.04324958884547,5.442782744507063,1,calibration,2,dot,0.25,0,calibration
0.2287163999862969,15,161.0,-140.0,15.0,True,399.9784386416423,-4.1531460116340115,-155.38717511898085,-79.94604859483736,2.833463144567422,1,calibration,2,dot,0.25,0,calibration
0.24546789994928986,16,117.0,-163.0,20.0,True,399.9792878399844,-4.070540384136907,-144.85544690422608,-81.10452776051997,1.1174466029841135,1,calibration,2,dot,0.25,0,calibration
0.2628394999774173,17,94.0,-171.0,20.0,True,399.98007809753153,-3.992132900160721,-135.3753394443576,-79.34430610550687,-0.8825149947063471,1,calibration,2,dot,0.25,0,calibration
0.2790450999746099,18,71.0,-172.0,20.0,True,399.9818343041109,-3.812115779823422,-127.42736247231271,-73.63039993134038,3.2611278071415573,1,calibration,2,dot,0.25,0,calibration
0.29500619997270405,19,61.0,-170.0,10.198039027185569,True,399.98586492671745,-3.362715989459159,-121.1589868409574,-65.08678528236415,5.564842046822501,1,calibration,2,dot,0.25,0,calibration
0.3119319999823347,20,50.0,-166.0,11.704699910719626,True,399.99249309619773,-2.450605371777377,-115.90967584868015,-54.42726572088864,9.115469239762094,1,calibration,2,dot,0.25,0,calibration
0.32912609993945807,21,43.0,-164.0,7.280109889280518,True,399.99926295087334,-0.7678793902962526,-111.41083901070232,-42.96816468060515,5.722727713492217,1,calibration,2,dot,0.25,0,calibration
0.3452813000185415,22,34.0,-155.0,12.727922061357855,True,399.9963434551777,1.710328181235368,-107.49230267638582,-31.4251082360948,11.717334360757684,1,calibration,2,dot,0.25,0,calibration
0.3619765000184998,23,30.0,-150.0,6.4031242374328485,True,399.9731084751227,4.638156610952326,-104.3959664761607,-20.237494983236246,5.991273426899972,1,calibration,2,dot,0.25,0,calibration
0.37858789996244013,24,17.0,-118.0,20.0,True,399.9274263721338,7.619293626150939,-102.10935242230485,-8.933089880275075,17.583691066053298,1,calibration,2,dot,0.25,0,calibration
0.3949155999580398,25,7.0,-71.0,20.0,True,399.84623146539855,11.090138994572113,-100.67100257045291,2.436430326811694,15.489361806090663,1,calibration,2,dot,0.25,0,calibration
0.41235509992111474,26,5.0,-51.0,20.0,True,399.6871277969599,15.817707590440023,-99.96289172066064,14.011225985005174,12.754499394097603,1,calibration,2,dot,0.25,0,calibration
0.4280879999278113,27,8.0,17.0,20.0,True,399.3683961632898,22.46962718786491,-99.49016119307376,25.704503571400046,8.60888001094613,1,calibration,2,dot,0.25,0,calibration
0.4448071999941021,28,11.0,30.0,13.341664064126334,True,398.8444769463835,30.38228446588115,-99.17161056771782,37.07641601863275,2.9303448421431986,1,calibration,2,dot,0.25,0,calibration
0.4616846999851987,29,23.0,64.0,20.0,True,398.0371551033436,39.57806409157458,-99.27538235777133,47.3572332553542,1.2822590592384975,1,calibration,2,dot,0.25,0,calibration
0.47872409992851317,30,37.0,87.0,20.0,True,396.962813452041,49.19882860638128,-100.41356727138768,56.00088408201802,-3.746594854856329,1,calibration,2,dot,0.25,0,calibration
0.49544059997424483,31,56.0,108.0,20.0,True,395.64671762702596,58.85299338997464,-102.29338068269765,63.51925111233756,-8.828080569054489,1,calibration,2,dot,0.25,0,calibration
0.5120176000054926,32,82.0,136.0,20.0,True,394.2500433411412,67.57886744765923,-105.01184997820829,70.70026798024156,-11.078476515537318,1,calibration,2,dot,0.25,0,calibration
0.5289335999405012,33,99.0,152.0,20.0,True,392.7153461884858,75.99116309188693,-108.02311501635897,77.7628782830651,-13.09692394594637,1,calibration,2,dot,0.25,0,calibration
0.5455139999976382,34,134.0,178.0,20.0,True,390.8271141580428,85.17139683541777,-111.50384064423415,84.7577737133831,-16.082076185975893,1,calibration,2,dot,0.25,0,calibration
0.561446400010027,35,160.0,189.0,20.0,True,388.33878698640365,95.8800632140417,-115.77294012888899,91.1488372573284,-21.00724789456613,1,calibration,2,dot,0.25,0,calibration
0.5788891999982297,36,179.0,195.0,19.924858845171276,True,385.1349947809939,108.03256821460717,-120.89216320371264,97.02103820667206,-23.183642792407806,1,calibration,2,dot,0.25,0,calibration
0.5961670000106096,37,212.0,199.0,20.0,True,381.3520102640128,120.70892372810005,-127.54685357247757,102.20403307358988,-26.11042828306263,1,calibration,2,dot,0.25,0,calibration
0.6117914000060409,38,240.0,197.0,20.0,True,377.226236535602,133.0427242249121,-136.96497769965168,106.45762644096529,-26.802892687533557,1,calibration,2,dot,0.25,0,calibration
0.62820129992906,39,280.0,185.0,20.0,True,372.8375923295078,144.88660996080952,-151.1307868821346,109.10777490760549,-22.267694118971114,1,calibration,2,dot,0.25,0,calibration
0.6451073000207543,40,307.0,172.0,20.0,True,368.5376671086278,155.49915730360152,-168.39661662328456,109.52030076931035,-15.582922109357632,1,calibration,2,dot,0.25,0,calibration
0.6625484999967739,41,331.0,149.0,20.0,True,364.6625853196692,164.38126069590484,-186.28544893359825,107.63781867759535,-2.7056697033121613,1,calibration,2,dot,0.25,0,calibration
0.6783617999171838,42,355.0,112.0,20.0,True,361.56518552818227,171.0865763698927,-201.95893723869133,104.47367323943547,7.506962573313503,1,calibration,2,dot,0.25,0,calibration
0.6955134000163525,43,365.0,83.0,20.0,True,359.09371692362913,176.2149325851034,-215.46389551416763,100.91461498796376,16.906191732847407,1,calibration,2,dot,0.25,0,calibration
0.7119171000085771,44,373.0,44.0,20.0,True,357.0311385181586,180.3573290122345,-227.64703800939705,97.32937025957263,21.522432895206038,1,calibration,2,dot,0.25,0,calibration
0.7284588000038639,45,373.0,34.0,10.0,True,355.0617347351757,184.20413819143067,-239.01369556916177,93.96713752277446,12.156642102032254,1,calibration,2,dot,0.25,0,calibration
0.7448727999581024,46,366.0,-13.0,20.0,True,350.1321818876672,187.5205098814554,-250.88839390572826,90.56614342179687,16.87651503750122,1,calibration,2,dot,0.25,0,calibration
0.7620470999972895,47,363.0,-26.0,13.341664064126334,True,341.11897099799137,190.60870715778293,-263.62451579086985,86.85404806800686,7.893486109694129,1,calibration,2,dot,0.25,0,calibration
0.7786644999869168,48,342.0,-68.0,20.0,True,327.7728727358967,193.40173814355228,-277.4716645437161,83.21236948219982,8.109614265168949,1,calibration,2,dot,0.25,0,calibration
0.7949887999566272,49,313.0,-107.0,20.0,True,312.21898677341596,195.7167327529507,-291.64170126328185,79.95148360418341,5.788010603831481,1,calibration,2,dot,0.25,0,calibration
0.8117256999248639,50,294.0,-127.0,20.0,True,294.4274511897011,197.90002470419168,-305.42832284810174,77.46192565810166,4.226142692276005,1,calibration,2,dot,0.25,0,calibration
0.8284841999411583,51,274.0,-141.0,20.0,True,274.8964192022891,199.71267561426941,-318.4537100885776,76.36718103669143,2.0330074807414866,1,calibration,2,dot,0.25,0,calibration
0.8448080999078229,52,252.0,-155.0,20.0,True,254.12307683229977,201.66236026330105,-331.27241015251803,76.34692381210918,1.0941370034209141,1,calibration,2,dot,0.25,0,calibration
0.8624215999152511,53,226.0,-170.0,20.0,True,232.78822850015172,203.1605797991009,-344.55078085015276,77.3579483320797,-0.06610266270643983,1,calibration,2,dot,0.25,0,calibration
0.8784907999215648,54,184.0,-191.0,20.0,True,211.8948478666422,204.40090116089647,-359.159918791198,79.3074728677871,-0.7787915279342195,1,calibration,2,dot,0.25,0,calibration
0.8951604999601841,55,143.0,-215.0,20.0,True,192.16802555279565,205.1993139593932,-374.71365712405384,81.84682905351903,-1.430816037939009,1,calibration,2,dot,0.25,0,calibration
0.912305900012143,56,113.0,-229.0,20.0,True,175.3735774545181,205.66217421174827,-390.7471951953343,85.53729857190552,-2.1143093498872068,1,calibration,2,dot,0.25,0,calibration
0.9290735999820754,57,106.0,-233.0,8.06225774829855,True,161.87916742854833,204.5341899525579,-390.56617944447686,86.3600571684891,-1.5968155774670543,1,calibration,2,dot,0.25,0,calibration
0.9450694000115618,58,80.0,-240.0,20.0,True,151.10006923233374,201.00694997114135,-389.89016016718,89.36253692018118,-3.9444530107994624,1,calibration,2,dot,0.25,0,calibration
0.9625378999626264,59,70.0,-243.0,10.44030650891055,True,141.4728341689154,194.61314283069495,-388.9297802400695,93.4538712007764,-2.0741851846411046,1,calibration,2,dot,0.25,0,calibration
0.9782854999648407,60,41.0,-249.0,20.0,True,131.5151620408991,185.7051145682622,-387.663318736837,98.57561212562432,-1.5050934268601912,1,calibration,2,dot,0.25,0,calibration
0.995090699987486,61,25.0,-253.0,16.492422502470642,True,119.96845060596729,174.39881159628573,-386.37666109607954,103.50398910305474,-1.6090220831178812,1,calibration,2,dot,0.25,0,calibration
1.0121691999956965,62,-2.0,-259.0,20.0,True,107.4603424382462,160.07000596797047,-385.0902420295675,108.19198442402812,-0.6248774319433403,1,calibration,2,dot,0.25,0,calibration
1.0284423999255523,63,-21.0,-262.0,19.235384061671343,True,95.52970019554328,144.46781452535203,-383.78422354442455,112.73717114777702,1.445285340264571,1,calibration,2,dot,0.25,0,calibration
1.045532500022091,64,-45.0,-263.0,20.0,True,85.53174190200168,128.37683607081058,-382.1435646311026,118.17908449059122,5.362848815944132,1,calibration,2,dot,0.25,0,calibration
1.0616246999707073,65,-58.0,-264.0,13.038404810405298,True,78.32522850186875,113.32227456029608,-380.45426637031045,123.50931625034958,3.896554621347598,1,calibration,2,dot,0.25,0,calibration
1.0790600000182167,66,-70.0,-264.0,12.0,True,73.4031675847299,98.76140175132338,-378.66566208845296,128.88877513233498,6.0096229590752,1,calibration,2,dot,0.25,0,calibration
1.0953955999575555,67,-78.0,-264.0,8.0,True,70.75826718428254,85.50506562719255,-377.0682112099294,133.4899400514663,4.905964749323137,1,calibration,2,dot,0.25,0,calibration
1.1119970999425277,68,-84.0,-264.0,6.0,True,69.42700481122104,73.70555643016989,-375.54831003693545,137.70790401571642,4.083672493635488,1,calibration,2,dot,0.25,0,calibration
1.128493499942124,69,-89.0,-264.0,5.0,True,69.21162065959126,61.62098309854959,-373.9863630109971,141.89503261850535,3.7942655944670167,1,calibration,2,dot,0.25,0,calibration
1.1455259999493137,70,-93.0,-264.0,4.0,True,69.51801486783192,48.28264523143483,-372.441281150528,145.90233752395247,3.211553224867349,1,calibration,2,dot,0.25,0,calibration
1.161748499958776,71,-98.0,-264.0,5.0,True,70.25438711551625,32.616355731606305,-370.8853395216255,149.81343373652655,4.155296917233082,1,calibration,2,dot,0.25,0,calibration
1.1786284999689087,72,-100.0,-264.0,2.0,True,70.85905567418094,15.868012059777389,-369.49904098868905,153.2007137987258,1.688267437947975,1,calibration,2,dot,0.25,0,calibration
1.19518949999474,73,-101.0,-264.0,1.0,True,71.36118874112377,-1.9758390434072197,-368.37967736905335,155.87306791576324,0.866269824523294,1,calibration,2,dot,0.25,0,calibration
1.2121023000217974,74,-102.0,-264.0,1.0,True,71.59503512883579,-19.351474065229255,-367.71994527436703,157.42312996321888,0.8903580342031596,1,calibration,2,dot,0.25,0,calibration
1.2284015999175608,75,-102.0,-261.0,3.0,True,72.24127986992927,-35.950681888076666,-365.6821556259429,162.1004659362942,4.959921058477839,1,calibration,2,dot,0.25,0,calibration
1.245079500018619,76,-91.0,-247.0,17.804493814764857,True,73.35423518994388,-50.71840566658493,-363.82284139538586,166.2315856839125,13.37865042352397,1,calibration,2,dot,0.25,0,calibration
1.2618006999837235,77,-81.0,-237.0,14.142135623730951,True,75.3583476946739,-63.86982887358943,-362.960094879899,168.1070180711523,5.0221855938551965,1,calibration,2,dot,0.25,0,calibration
1.278287399909459,78,-40.0,-205.0,20.0,True,77.70937120196527,-76.03937923235543,-363.10741381085245,167.78857540248194,-0.3899304909866208,1,calibration,2,dot,0.25,0,calibration
1.2952934999484569,79,18.0,-179.0,20.0,True,80.96270471728839,-88.445374815641,-364.03496200225135,165.76654198003723,-11.7864072117794,1,calibration,2,dot,0.25,0,calibration
1.3117975000059232,80,57.0,-165.0,20.0,True,85.13024780087996,-102.59792629089509,-365.2998718967762,162.9601288419927,-15.954462314447703,1,calibration,2,dot,0.25,0,calibration
1.3291094999294728,81,88.0,-156.0,20.0,True,90.4007786975024,-118.13675517504578,-366.68455378791646,159.8200175614951,-19.640929442407916,1,calibration,2,dot,0.25,0,calibration
1.3452115999534726,82,128.0,-140.0,20.0,True,95.66117967897517,-133.54188776209878,-368.16585928645344,156.3774282173338,-18.46871249690555,1,calibration,2,dot,0.25,0,calibration
1.3622218000236899,83,153.0,-132.0,20.0,True,100.06491010065045,-147.0075566310041,-369.9322788269881,152.15159901187857,-19.115298026602783,1,calibration,2,dot,0.25,0,calibration
1.3790240999078378,84,180.0,-125.0,20.0,True,103.11373514043696,-158.19976640214165,-371.9998419188253,147.02420757266117,-12.543207038503489,1,calibration,2,dot,0.25,0,calibration
1.3952149999095127,85,207.0,-121.0,20.0,True,105.4773291593704,-168.05622471276214,-372.95534950250476,139.96987493460196,-7.323236288337313,1,calibration,2,dot,0.25,0,calibration
1.4118628000142053,86,248.0,-111.0,20.0,True,107.44833378505938,-178.22160752500258,-372.8305424252601,131.15355870329677,-3.5096897285462427,1,calibration,2,dot,0.25,0,calibration
1.4285184999462217,87,274.0,-105.0,20.0,True,109.25138041592358,-189.31373566641565,-371.9806640530481,120.95806277375016,-1.5506067591267616,1,calibration,2,dot,0.25,0,calibration
1.4452331999782473,88,299.0,-102.0,20.0,True,110.8789756986537,-202.3311732343588,-369.4854046826575,108.42510510944018,1.441264674943016,1,calibration,2,dot,0.25,0,calibration
1.4619666999205947,89,320.0,-96.0,20.0,True,112.97460834208569,-217.22710448191197,-365.44982693870537,93.39542100593162,2.4422058997203724,1,calibration,2,dot,0.25,0,calibration
1.4784329999238253,90,370.0,-85.0,20.0,True,115.7821659623034,-233.1319913019011,-359.82888337172983,75.8067472295213,2.6890526504021888,1,calibration,2,dot,0.25,0,calibration
1.4952869999688119,91,380.0,-82.0,10.44030650891055,True,119.16963112151925,-248.90753058661952,-353.41903542287724,57.30320184386276,1.2722573066521605,1,calibration,2,dot,0.25,0,calibration
1.5120639000087976,92,420.0,-68.0,20.0,True,123.26843351283938,-263.877967585823,-345.7493302755842,38.70285493504167,2.475482603160746,1,calibration,2,dot,0.25,0,calibration
1.5285427999915555,93,458.0,-52.0,20.0,True,128.3812121051325,-279.9624325745683,-336.4257097958126,20.984250182189392,3.5278220119131065,1,calibration,2,dot,0.25,0,calibration
1.545452899998054,94,475.0,-43.0,19.235384061671343,True,134.44410683574375,-296.8265258260552,-324.63983352502163,4.014915861140491,5.02355914925606,1,calibration,2,dot,0.25,0,calibration
1.5622684999834746,95,491.0,-36.0,17.46424919657298,True,140.95858710836185,-314.04143266278214,-311.84011039875406,-11.816555431175543,5.50010378921086,1,calibration,2,dot,0.25,0,calibration
1.5788578999927267,96,507.0,-27.0,18.35755975068582,True,148.20770984193936,-330.7313787419536,-298.46124075035203,-26.65011535106418,5.913694212136842,1,calibration,2,dot,0.25,0,calibration
1.5958323000231758,97,537.0,-12.0,20.0,True,157.2664991517025,-347.329150870518,-285.80742338495867,-40.257066783285495,4.913301630969544,1,calibration,2,dot,0.25,0,calibration
1.6115704999538139,98,568.0,1.0,20.0,True,167.86670706988977,-363.071299688521,-274.20766137892883,-53.0713954428454,2.8659893899508186,1,calibration,2,dot,0.25,0,calibration
1.628580000018701,99,578.0,6.0,11.180339887498949,True,171.5248963150646,-361.3574545295923,-263.873513634578,-64.8052161601542,0.7168411497326599,1,calibration,2,dot,0.25,0,calibration
1.6458813999779522,100,603.0,16.0,20.0,True,175.6441094649006,-359.37326947100837,-254.2140977875532,-75.6689244898091,0.3420790273537122,1,calibration,2,dot,0.25,0,calibration
1.6614630999974906,101,623.0,24.0,20.0,True,180.10527918640776,-357.15835200816196,-244.74291094911143,-85.79310831239644,0.00462760985901145,1,calibration,2,dot,0.25,0,calibration
1.6787591999163851,102,628.0,27.0,5.830951894845301,True,185.65705691267092,-354.3041874131963,-234.63487650487923,-95.67959368608527,-0.20478947511036447,1,calibration,2,dot,0.25,0,calibration
1.6949867999646813,103,640.0,33.0,13.416407864998739,True,192.01728209056853,-350.89793869236547,-224.0743959195307,-105.34365614976913,-1.1254531513043429,1,calibration,2,dot,0.25,0,calibration
1.7116537999827415,104,646.0,36.0,6.708203932499369,True,198.87818150292338,-347.0554262968528,-212.58754506551864,-115.47516178568645,-0.990938382975966,1,calibration,2,dot,0.25,0,calibration
1.7287860999349505,105,652.0,39.0,6.708203932499369,True,206.24243042731993,-342.73030197435435,-200.46888466821744,-126.03330205058732,-1.5804142691388798,1,calibration,2,dot,0.25,0,calibration
1.7455176999792457,106,659.0,43.0,8.06225774829855,True,213.6959394466452,-338.1331771122374,-188.27413974242765,-136.80345723407535,-2.6767690420084107,1,calibration,2,dot,0.25,0,calibration
1.7619619999313727,107,662.0,44.0,3.1622776601683795,True,221.40273721583407,-333.1378512768195,-176.86990993887875,-147.66078920395424,-1.2383531982338318,1,calibration,2,dot,0.25,0,calibration
1.7795221999986097,108,668.0,47.0,6.708203932499369,True,228.60726416452871,-328.23576705046844,-166.8685498458329,-157.9627266453861,-3.628022942470352,1,calibration,2,dot,0.25,0,calibration
1.7951045000227168,109,670.0,49.0,2.8284271247461903,True,235.5763078429367,-323.2704799128586,-159.0432436394238,-167.8434791595285,-2.23924870599081,1,calibration,2,dot,0.25,0,calibration
1.8117948999861255,110,671.0,51.0,2.23606797749979,True,242.6408406514222,-318.0022365455487,-153.97326321202442,-177.39060610324017,-2.4088866197633005,1,calibration,2,dot,0.25,0,calibration
1.8284074999392033,111,674.0,52.0,3.1622776601683795,True,249.71748745512903,-312.47588140382527,-150.86033546052286,-186.98091816976677,-3.1542622279016377,1,calibration,2,dot,0.25,0,calibration
1.8457059999927878,112,675.0,53.0,1.4142135623730951,True,257.13117540442687,-306.40424056324326,-151.03168398483018,-196.7951721882256,-2.329740841890165,1,calibration,2,dot,0.25,0,calibration
1.8613393999403343,113,675.0,53.0,0.0,False,264.2407962529381,-300.2945247513069,-156.20515813594426,-206.0750130455857,0.0,1,calibration,2,dot,0.25,0,calibration
1.8789069999475032,114,673.0,54.0,2.23606797749979,True,270.4721163548989,-293.80548698119935,-166.27583345611095,-212.34642719474334,1.833091874019118,1,calibration,2,dot,0.25,0,calibration
1.8950712999794632,115,665.0,56.0,8.246211251235321,True,274.9097066339228,-286.97069315875115,-179.23421263113224,-217.48340921569536,9.378899408384639,1,calibration,2,dot,0.25,0,calibration
1.911979499971494,116,644.0,61.0,20.0,True,277.6880788398017,-279.57522798553185,-194.31347999458785,-221.52398770518448,20.100127832545862,1,calibration,2,dot,0.25,0,calibration
1.9283185999374837,117,595.0,71.0,20.0,True,279.12666365051854,-270.12670515693105,-210.35768915229386,-224.22997059799397,17.654047913751995,1,calibration,2,dot,0.25,0,calibration
1.9455489999381825,118,568.0,77.0,20.0,True,279.72339924200134,-259.0354690698866,-225.85534806454731,-225.65413579388925,15.761361639172222,1,calibration,2,dot,0.25,0,calibration
1.9620538000017405,119,544.0,83.0,20.0,True,279.9509028805667,-246.63167618403685,-239.6726453173117,-225.97413639090706,14.791258980468482,1,calibration,2,dot,0.25,0,calibration
1.978266999940388,120,517.0,93.0,20.0,True,279.92370268186625,-234.94763548902625,-251.63163707988178,-225.6179701325196,11.963518395658577,1,calibration,2,dot,0.25,0,calibration
1.9959993999218568,121,500.0,102.0,19.235384061671343,True,279.1189273583284,-223.64078176638594,-262.1854574787254,-224.8513062956552,7.4231669594357665,1,calibration,2,dot,0.25,0,calibration
2.011935399961658,122,473.0,119.0,20.0,True,276.79875789966275,-212.82266535071324,-271.0289441979175,-224.0176052331471,3.881646645882224,1,calibration,2,dot,0.25,0,calibration
2.028538199956529,123,455.0,129.0,20.0,True,272.70455054884735,-202.68917419983714,-277.84299407272226,-223.15644489627033,3.008082183908749,1,calibration,2,dot,0.25,0,calibration
2.0450742999091744,124,432.0,142.0,20.0,True,267.6301442383009,-194.66690666923267,-282.6789229169676,-222.14773998191592,1.429327437577872,1,calibration,2,dot,0.25,0,calibration
2.062080599949695,125,420.0,149.0,13.892443989449804,True,262.91470111190586,-188.8634454463176,-286.4069391424277,-220.62018910587602,0.7581058615661384,1,calibration,2,dot,0.25,0,calibration
2.078854199964553,126,403.0,156.0,18.384776310850235,True,259.2391916235284,-184.79587629025812,-289.99589715121533,-217.7457050504478,1.0534536485094859,1,calibration,2,dot,0.25,0,calibration
2.0951833999715745,127,386.0,161.0,17.72004514666935,True,256.5527410472003,-181.527731329431,-294.1750871021506,-212.2015438619394,-0.43197148988333584,1,calibration,2,dot,0.25,0,calibration
2.1124133999692276,128,369.0,166.0,17.72004514666935,True,254.33747751783804,-178.90942435682447,-299.0518438786849,-202.57281655517804,-2.655794858266063,1,calibration,2,dot,0.25,0,calibration
2.128144499962218,129,343.0,175.0,20.0,True,252.0910213234484,-174.93423295645937,-304.17490336412686,-189.1300720405601,-2.1503296931274707,1,calibration,2,dot,0.25,0,calibration
2.1449418999254704,130,338.0,177.0,5.385164807134504,True,249.46275894448345,-168.3983751255304,-309.30594916893904,-172.6381756155451,-0.3259543315713197,1,calibration,2,dot,0.25,0,calibration
2.161656799959019,131,319.0,187.0,20.0,True,246.2950195250311,-159.2224641656435,-313.731044484002,-155.15709171241616,-1.2072133813023922,1,calibration,2,dot,0.25,0,calibration
2.1783507999498397,132,306.0,192.0,13.92838827718412,True,242.52562704070846,-149.21599346899947,-317.3953961587103,-138.33019305341418,-1.610067680469729,1,calibration,2,dot,0.25,0,calibration
2.195209499914199,133,291.0,195.0,15.297058540778355,True,238.35253305503352,-139.15863005318127,-320.3009768743333,-123.30224442292028,-2.726756147975634,1,calibration,2,dot,0.25,0,calibration
2.211705799913034,134,273.0,199.0,18.439088914585774,True,232.7834061645725,-129.0208591148827,-321.7781931092601,-110.40162937853111,-6.150644883745317,1,calibration,2,dot,0.25,0,calibration
2.228625599993393,135,260.0,203.0,13.601470508735444,True,225.47971890500548,-118.06853657000907,-321.98358778456725,-98.56826807866511,-6.315458045982821,1,calibration,2,dot,0.25,0,calibration
2.2454344999277964,136,240.0,207.0,20.0,True,215.77196582665925,-106.56328345958521,-319.76408791743773,-85.9613754463019,-15.182383824279974,1,calibration,2,dot,0.25,0,calibration
2.261776899918914,137,224.0,208.0,16.0312195418814,True,204.75284006531425,-94.92149285907651,-315.65706515195956,-71.89802600732912,-15.250288883579552,1,calibration,2,dot,0.25,0,calibration
2.27842149999924,138,205.0,210.0,19.1049731745428,True,192.7385211016041,-83.79609032114763,-309.59791456094547,-57.16511524278394,-20.676816833778886,1,calibration,2,dot,0.25,0,calibration
2.294924799934961,139,179.0,210.0,20.0,True,180.9319762154486,-73.29592596746626,-302.05223461512145,-43.62312173118003,-24.679640363403237,1,calibration,2,dot,0.25,0,calibration
2.3134235999314114,140,157.0,210.0,20.0,True,169.75159343014394,-63.766829701785895,-293.2503751556713,-31.789335022112212,-27.1575900517854,1,calibration,2,dot,0.25,0,calibration
2.3283225999912247,141,140.0,211.0,17.029386365926403,True,159.45383415741634,-55.39138846265423,-283.62428644000886,-21.120056224641004,-24.465014757014217,1,calibration,2,dot,0.25,0,calibration
2.344726199982688,142,133.0,212.0,7.0710678118654755,True,150.03990930357688,-48.79859551554759,-273.45866018810074,-11.967852345333561,-10.840560345086066,1,calibration,2,dot,0.25,0,calibration
2.361513499985449,143,123.0,212.0,10.0,True,141.1608654427531,-44.10050465376453,-262.5265354707186,-4.969312625232677,-17.26096214505805,1,calibration,2,dot,0.25,0,calibration
2.378264799946919,144,114.0,212.0,9.0,True,132.84580484428844,-41.425271643543425,-251.32456541269346,0.12837281118001442,-16.759173260114014,1,calibration,2,dot,0.25,0,calibration
2.3950187999289483,145,104.0,212.0,10.0,True,124.36127053657991,-39.9510927227239,-240.04678898931573,4.313790860181987,-19.227584333894598,1,calibration,2,dot,0.25,0,calibration
2.4122282000025734,146,98.0,212.0,6.0,True,115.08071260937666,-38.66422637594319,-228.5241226141975,8.546956243829015,-11.57510005374641,1,calibration,2,dot,0.25,0,calibration
2.4283603000221774,147,94.0,212.0,4.0,True,104.60031489154532,-35.84852823951964,-215.746619974927,12.744065120659112,-7.663246809068257,1,calibration,2,dot,0.25,0,calibration
2.4448897999245673,148,90.0,212.0,4.0,True,92.52072556566506,-30.52052511099616,-198.81173726996155,16.79401304301423,-7.55010839858508,1,calibration,2,dot,0.25,0,calibration
2.461997399921529,149,89.0,212.0,1.0,True,77.43445547055026,-22.038325417463945,-177.47495244173317,20.188584970448677,-1.8592497165724855,1,calibration,2,dot,0.25,0,calibration
2.4783763999585062,150,86.0,212.0,3.0,True,58.59534019476841,-10.670510460532988,-152.26826149507343,23.375972562047963,-5.5448995942012145,1,calibration,2,dot,0.25,0,calibration
2.4952723999740556,151,86.0,212.0,0.0,False,35.47040213629938,2.837489091269708,-125.84673896455075,25.573923477936923,0.0,1,calibration,2,dot,0.25,0,calibration
2.5120811999076977,152,84.0,212.0,2.0,True,9.477070750446114,17.76281993584424,-98.14715371225833,28.28954025385476,-3.72487028564255,1,calibration,2,dot,0.25,0,calibration
2.5283538999501616,153,83.0,212.0,1.0,True,-19.3416492897865,33.20731436129468,-69.52025948434697,31.23306753465807,-1.876160097212599,1,calibration,2,dot,0.25,0,calibration
2.545027600019239,154,83.0,212.0,0.0,False,-47.7446542208896,48.174801314687386,-40.012491457404245,34.03828811523531,0.0,1,calibration,2,dot,0.25,0,calibration
2.5614527999423444,155,83.0,212.0,0.0,False,-73.17845734049067,61.62747991420369,-9.427670108786486,37.51741903474519,0.0,1,calibration,2,dot,0.25,0,calibration
2.5780084999278188,156,83.0,212.0,0.0,False,-94.2444068087153,72.84318023153352,21.785246969449776,42.15590265871967,0.0,1,calibration,2,dot,0.25,0,calibration
2.595035000005737,157,83.0,212.0,0.0,False,-112.01032381041225,82.49235624440183,53.94986594686539,47.87174438957184,0.0,1,calibration,2,dot,0.25,0,calibration
2.6116122999228537,158,83.0,212.0,0.0,False,-127.050859917532,90.88375382703148,86.59395426775632,54.97537650755953,0.0,1,calibration,2,dot,0.25,0,calibration
2.628091999911703,159,83.0,212.0,0.0,False,-139.4967703032003,98.5824742658346,119.82464186913406,63.059010976878774,0.0,1,calibration,2,dot,0.25,0,calibration
2.644698299933225,160,83.0,213.0,1.0,True,-150.2641903706604,105.10382109758922,150.72275985199175,80.27493845786084,-0.03131886933092687,1,calibration,2,dot,0.25,0,calibration
2.661433200002648,161,84.0,214.0,1.4142135623730951,True,-159.9583974380849,111.02609984553503,181.68028494225203,95.61989037362125,1.672117736524612,1,calibration,2,dot,0.25,0,calibration
2.6780770999612287,162,88.0,216.0,4.47213595499958,True,-168.29538600970375,116.5907515913718,210.78177068325328,108.46786369707,6.683661704161076,1,calibration,2,dot,0.25,0,calibration
2.694985399954021,163,102.0,222.0,15.231546211727817,True,-175.29769506758655,122.88508891997584,234.69769642878165,119.39090757175592,21.628102499145676,1,calibration,2,dot,0.25,0,calibration
2.711730399983935,164,127.0,230.0,20.0,True,-181.32926856209815,129.6057872092495,254.23886295247613,128.8148085576697,27.991686639598946,1,calibration,2,dot,0.25,0,calibration
2.7282288999995217,165,161.0,236.0,20.0,True,-186.92036506271717,137.17324028714322,270.829958875344,137.70343239784864,27.91091087443077,1,calibration,2,dot,0.25,0,calibration
2.7448985999217257,166,209.0,243.0,20.0,True,-192.4477064146388,145.5082303570538,285.0464123401902,146.59038198222544,26.843792988237773,1,calibration,2,dot,0.25,0,calibration
2.7619032999500632,167,234.0,243.0,20.0,True,-198.9658172009175,155.20109431393846,298.29369053855277,155.47573229254405,27.770324446475428,1,calibration,2,dot,0.25,0,calibration
2.7781812999164686,168,264.0,243.0,20.0,True,-206.47553687053176,165.69761702772524,310.72900228968126,164.17690117908978,28.024117910081195,1,calibration,2,dot,0.25,0,calibration
2.795064599951729,169,284.0,243.0,20.0,True,-214.7929546910983,176.87276801124273,322.7859325138273,172.77727454797292,28.223315358573167,1,calibration,2,dot,0.25,0,calibration
2.811601199908182,170,310.0,243.0,20.0,True,-223.0429710388248,188.58601984714412,333.666775862089,180.6387322179114,27.72814912904056,1,calibration,2,dot,0.25,0,calibration
2.828832099912688,171,336.0,243.0,20.0,True,-231.97326766547562,201.984947383574,342.8709443338116,187.8424231479665,26.841751426682066,1,calibration,2,dot,0.25,0,calibration
2.8449261999921873,172,367.0,244.0,20.0,True,-241.61410367415638,217.71055370622616,349.66265797455344,194.2576269240682,25.059680559670472,1,calibration,2,dot,0.25,0,calibration
2.861265799961984,173,393.0,246.0,20.0,True,-252.0403395574592,235.3717260218166,348.2055220340562,196.85759935798876,22.818221246508806,1,calibration,2,dot,0.25,0,calibration
2.8786641999613494,174,417.0,246.0,20.0,True,-262.1854733640166,253.49236928445728,346.57700017734226,199.71074820368204,20.588250168291363,1,calibration,2,dot,0.25,0,calibration
2.895264699938707,175,448.0,249.0,20.0,True,-270.90491024355714,269.96134061234864,344.86269450980757,202.65666022964828,17.80693568383233,1,calibration,2,dot,0.25,0,calibration
2.911699999938719,176,466.0,250.0,18.027756377319946,True,-279.52322520965606,285.4897294098344,343.0241745161492,205.75328842454604,14.492002688720575,1,calibration,2,dot,0.25,0,calibration
2.9284357000142336,177,495.0,252.0,20.0,True,-277.496198495723,288.0900203415979,340.71747950918933,209.55094644717116,13.51798059734239,1,calibration,2,dot,0.25,0,calibration
2.944989199982956,178,513.0,252.0,18.0,True,-276.84323203492744,288.71755207547625,337.23210191871397,215.11510740876867,9.698192614452896,1,calibration,2,dot,0.25,0,calibration
2.961525999940932,179,527.0,252.0,14.0,True,-277.94366405107013,287.65833833536936,331.87614510053163,223.28955262889235,5.998155666915931,1,calibration,2,dot,0.25,0,calibration
2.9782415999798104,180,545.0,252.0,18.0,True,-280.4442736834743,285.2209833763087,324.464467055259,233.92906963125972,6.816724337505623,1,calibration,2,dot,0.25,0,calibration
2.994934199959971,181,564.0,251.0,19.026297590440446,True,-283.66728756823585,282.0157264474444,313.9965908519965,246.26547060338623,4.6209943572707495,1,calibration,2,dot,0.25,0,calibration
0.0006835999665781856,1,54.0,-1.0,20.0,True,305.9566830892273,0.0,-300.5045940212216,8.978251527375253,-21.48836782389916,2,calibration,2,dot,0.3,0,calibration
0.009276599972508848,2,54.0,-1.0,0.0,False,318.66277942835234,0.5594476591929298,-309.68795675553713,27.068536534084544,0.0,2,calibration,2,dot,0.3,0,calibration
0.02670579997356981,3,88.0,0.0,20.0,True,331.3880888497475,2.265763019731366,-311.7548576668117,50.69085962998775,-21.04896430568962,2,calibration,2,dot,0.3,0,calibration
0.042787999962456524,4,130.0,3.0,20.0,True,343.4650239858339,5.123141939059256,-311.483397222095,76.25219255381654,-18.104582397322318,2,calibration,2,dot,0.3,0,calibration
0.06025219999719411,5,197.0,12.0,20.0,True,354.9042845196453,8.626566353159314,-309.341053963052,101.3672144688111,-15.395000862191965,2,calibration,2,dot,0.3,0,calibration
0.07624299998860806,6,235.0,17.0,20.0,True,365.3855212864518,12.218258787204492,-305.4058429977324,124.66198741492991,-13.728478037204738,2,calibration,2,dot,0.3,0,calibration
0.09329819993581623,7,268.0,21.0,20.0,True,374.9182758209042,16.279481830246212,-300.22988715284004,144.9178810188344,-11.962161749928741,2,calibration,2,dot,0.3,0,calibration
0.11038590001408011,8,309.0,31.0,20.0,True,384.3693918973808,21.058974329500643,-294.53168897079496,162.9975440800711,-9.117368718692063,2,calibration,2,dot,0.3,0,calibration
0.12653649994172156,9,326.0,35.0,17.46424919657298,True,394.02848313129977,26.666854269703087,-288.6192521663954,179.5803055565851,-7.233341626861416,2,calibration,2,dot,0.3,0,calibration
0.14291219995357096,10,343.0,41.0,18.027756377319946,True,398.72239528946125,31.944506486007725,-282.1956443776355,195.19039141049439,-5.614910732083069,2,calibration,2,dot,0.3,0,calibration
0.16027899994514883,11,367.0,45.0,20.0,True,398.30761368857844,36.75656237612757,-273.3459782604407,209.5791872123867,-4.973245875407284,2,calibration,2,dot,0.3,0,calibration
0.17713500000536442,12,378.0,47.0,11.180339887498949,True,397.85768199304295,41.34325675515505,-262.19096305125714,222.38570118442072,-1.2957279735110814,2,calibration,2,dot,0.3,0,calibration
0.19285320001654327,13,387.0,47.0,9.0,True,397.34058826462393,46.04841927278974,-248.4811263910409,232.84921073506843,-0.07800552066027833,2,calibration,2,dot,0.3,0,calibration
0.21019749995321035,14,394.0,49.0,7.280109889280518,True,396.85028214747365,50.09843869294245,-233.8568914879825,241.7111667807392,0.026206071054251365,2,calibration,2,dot,0.3,0,calibration
0.2260652999393642,15,397.0,49.0,3.0,True,396.4291296618177,53.32865229474396,-217.6096294971729,247.82686788149627,0.12638927238247777,2,calibration,2,dot,0.3,0,calibration
0.2437583999708295,16,399.0,49.0,2.0,True,396.1903462822371,55.074581367098,-200.935332293741,252.12830586495625,0.032557609850556224,2,calibration,2,dot,0.3,0,calibration
0.2603228000225499,17,400.0,49.0,1.0,True,396.1209439333543,55.57155546993765,-184.0251899692691,255.22015621424316,0.0010697013667935185,2,calibration,2,dot,0.3,0,calibration
0.27662359992973506,18,400.0,49.0,0.0,False,396.2134503855301,54.90812083465517,-167.39129258236292,258.1835107466211,0.0,2,calibration,2,dot,0.3,0,calibration
0.2932346999878064,19,389.0,44.0,12.083045973594572,True,396.4073097820698,53.49060432769594,-150.5502063438644,258.20406357683606,0.0567662095943484,2,calibration,2,dot,0.3,0,calibration
0.30969109991565347,20,319.0,23.0,20.0,True,396.621562569958,51.87808886769918,-133.92952947664614,258.0558623191488,0.06210503201698803,2,calibration,2,dot,0.3,0,calibration
0.3264084999682382,21,279.0,14.0,20.0,True,396.83515410133447,50.21812889156808,-116.8352906941594,257.432071902733,0.1736630284975793,2,calibration,2,dot,0.3,0,calibration
0.3434899999992922,22,179.0,1.0,20.0,True,397.01803164856136,48.75123122447212,-97.09896774582802,256.3175151461821,0.19494966169471661,2,calibration,2,dot,0.3,0,calibration
0.35998740000650287,23,106.0,-6.0,20.0,True,397.22993643376964,46.99337826570212,-76.17631896785961,255.08648780043748,0.06510653987664705,2,calibration,2,dot,0.3,0,calibration
0.3776473000179976,24,34.0,-12.0,20.0,True,397.60021303020494,43.75009255230927,-55.25597376947162,254.302766285132,-0.49786732410871837,2,calibration,2,dot,0.3,0,calibration
0.39258079999126494,25,-92.0,-18.0,20.0,True,398.1359835428031,38.571214764443,-37.630443709112235,254.27523798452413,-1.3373123258970554,2,calibration,2,dot,0.3,0,calibration
0.40955229999963194,26,-114.0,-18.0,20.0,True,398.76556281132554,31.401049596578474,-22.898914340727796,254.62687471731144,-1.933037454745672,2,calibration,2,dot,0.3,0,calibration
0.42625979997683316,27,-144.0,-18.0,20.0,True,399.31120345690664,23.46407453527375,-10.299776486364912,253.6715366654458,-2.573893713580908,2,calibration,2,dot,0.3,0,calibration
0.4432954000076279,28,-175.0,-16.0,20.0,True,399.7183234424844,15.008727605279155,1.3642838854364676,251.00473590800328,-2.3899429399434835,2,calibration,2,dot,0.3,0,calibration
0.4597469000145793,29,-197.0,-15.0,20.0,True,399.9494836624005,6.356926787315032,12.749072260741693,246.3071582456652,-2.1654251818132186,2,calibration,2,dot,0.3,0,calibration
0.47632859996519983,30,-222.0,-15.0,20.0,True,399.98960862875924,-2.883225452854436,23.457639169858894,239.95097629881175,-1.8803246646458938,2,calibration,2,dot,0.3,0,calibration
0.49319790001027286,31,-273.0,-29.0,20.0,True,399.81075884193797,-12.30272791838104,33.643060358491745,231.94792257239072,-1.2038812526087517,2,calibration,2,dot,0.3,0,calibration
0.5097303999355063,32,-312.0,-45.0,20.0,True,399.3930453191324,-22.02715030841414,44.46234732296766,222.50789760926253,-1.3811277784894538,2,calibration,2,dot,0.3,0,calibration
0.5264932999853045,33,-351.0,-57.0,20.0,True,398.76275811084423,-31.436646510597875,57.77337218330828,213.05028270127158,-3.4652838396401298,2,calibration,2,dot,0.3,0,calibration
0.5431202999316156,34,-389.0,-73.0,20.0,True,397.90872741385124,-40.849047086675284,75.96153375281231,202.83483137427567,-6.383689859828824,2,calibration,2,dot,0.3,0,calibration
0.5598228999879211,35,-402.0,-78.0,13.92838827718412,True,396.8869092327137,-49.80744201124661,96.65405112966944,194.28962487413807,-6.26783942710486,2,calibration,2,dot,0.3,0,calibration
0.5762276999885216,36,-429.0,-103.0,20.0,True,395.75827321144925,-58.098099665065774,119.9937245613311,183.57835287785286,-10.944244250291028,2,calibration,2,dot,0.3,0,calibration
0.5933036999776959,37,-448.0,-121.0,20.0,True,394.5636868792975,-65.72288030979533,143.188352258377,173.21281693217014,-13.31190974446314,2,calibration,2,dot,0.3,0,calibration
0.609572899993509,38,-470.0,-143.0,20.0,True,393.37463112471454,-72.50103163055486,167.77278501709293,162.04131304593233,-15.519214222907681,2,calibration,2,dot,0.3,0,calibration
0.6272943000076339,39,-476.0,-150.0,9.219544457292887,True,392.2064721937855,-78.57533435694305,191.1518012107317,151.22863298262845,-8.51649244471452,2,calibration,2,dot,0.3,0,calibration
0.6430179999442771,40,-480.0,-156.0,7.211102550927978,True,390.8877224737408,-83.8679796989859,213.66621961657142,141.0321828712981,-7.957538052668621,2,calibration,2,dot,0.3,0,calibration
0.6601716999430209,41,-483.0,-166.0,10.44030650891055,True,387.2020321752653,-87.81520813540168,236.05142605089438,132.27557761965627,-8.507370910039285,2,calibration,2,dot,0.3,0,calibration
0.6762593999737874,42,-485.0,-175.0,9.219544457292887,True,381.3510813771564,-90.64135264334108,258.1751397903072,124.89911731227738,-4.766008613095392,2,calibration,2,dot,0.3,0,calibration
0.692957799998112,43,-485.0,-184.0,9.0,True,374.56816442127143,-92.1991499617551,280.0919861578588,119.6521809017159,0.08087036567423236,2,calibration,2,dot,0.3,0,calibration
0.7094016999471933,44,-483.0,-201.0,17.11724276862369,True,367.2377517605197,-93.04459092439136,301.423634497651,116.59378262059992,4.431511979485433,2,calibration,2,dot,0.3,0,calibration
0.726275600027293,45,-462.0,-239.0,20.0,True,359.2984889870069,-93.49377891808447,322.78112109024653,116.74722799138185,18.21717865131283,2,calibration,2,dot,0.3,0,calibration
0.7431235000258312,46,-437.0,-269.0,20.0,True,350.22351186202684,-93.12220378803822,343.2468549551088,119.09346306998214,24.391960774236736,2,calibration,2,dot,0.3,0,calibration
0.7596693999366835,47,-396.0,-317.0,20.0,True,338.60844454445777,-90.64860367018255,364.9864587993113,123.11951773747387,25.875707015711946,2,calibration,2,dot,0.3,0,calibration
0.7765867999987677,48,-361.0,-345.0,20.0,True,322.31914167040986,-83.06696833681077,379.4740219987688,126.48899805152193,31.294245305983885,2,calibration,2,dot,0.3,0,calibration
0.7932422999292612,49,-328.0,-374.0,20.0,True,302.517920235394,-70.86498857687657,379.65196376472926,125.95390589253155,30.226968854147714,2,calibration,2,dot,0.3,0,calibration
0.810014299931936,50,-274.0,-406.0,20.0,True,282.3244766757172,-54.98752142290465,379.3336660225052,126.90929761812747,32.18461285939947,2,calibration,2,dot,0.3,0,calibration
0.8263787999749184,51,-223.0,-422.0,20.0,True,264.8651422661773,-38.15789052432862,378.56185112201786,129.19336234912072,32.47877039744894,2,calibration,2,dot,0.3,0,calibration
0.8426295999670401,52,-187.0,-425.0,20.0,True,249.5897123736639,-20.036199641949253,377.27199004669194,132.91292460181884,30.255013526517473,2,calibration,2,dot,0.3,0,calibration
0.8597913000266999,53,-151.0,-422.0,20.0,True,235.51052487806987,-0.7110795714074065,375.4125054509253,138.07769823928479,27.050925538034676,2,calibration,2,dot,0.3,0,calibration
0.8761090999469161,54,-107.0,-409.0,20.0,True,222.6823275968469,19.37196490682187,373.03871667921163,144.3679876507492,22.70770050048723,2,calibration,2,dot,0.3,0,calibration
0.8929100999375805,55,-36.0,-375.0,20.0,True,212.13678094332238,39.13493883038279,370.357242357749,151.11423835351718,17.883614924588706,2,calibration,2,dot,0.3,0,calibration
0.9096516999416053,56,5.0,-349.0,20.0,True,203.50505303228329,58.20261285767721,367.66469770886874,157.55211854699425,13.819556242388593,2,calibration,2,dot,0.3,0,calibration
0.9261747000273317,57,47.0,-318.0,20.0,True,196.79179392752607,76.25758794512673,364.8632580356815,163.9353620656255,10.136317680110945,2,calibration,2,dot,0.3,0,calibration
0.9437082000076771,58,102.0,-271.0,20.0,True,191.65241428997487,92.49887173695008,361.54301465499765,171.13342325266598,6.174992472815727,2,calibration,2,dot,0.3,0,calibration
0.9598125999327749,59,139.0,-230.0,20.0,True,187.99030575520456,106.508136370518,356.86844655167704,180.67902992819296,1.6421698587408962,2,calibration,2,dot,0.3,0,calibration
0.9763607999775559,60,166.0,-192.0,20.0,True,185.31024859385573,119.41674885773926,350.74525215998574,192.29604282779192,-1.7846676173489229,2,calibration,2,dot,0.3,0,calibration
0.9932356999488547,61,196.0,-114.0,20.0,True,182.6939456045655,131.9694852820799,343.290010906579,205.30944550059277,-3.2693665079409207,2,calibration,2,dot,0.3,0,calibration
1.0098765000002459,62,197.0,-80.0,20.0,True,179.57775743110716,144.77650062820908,334.7435221317418,217.60994885767929,-3.203602722303971,2,calibration,2,dot,0.3,0,calibration
1.02663360000588,63,191.0,-37.0,20.0,True,175.15651557245863,158.1212458118522,325.03809474847816,228.4445472306833,-3.0739279259390107,2,calibration,2,dot,0.3,0,calibration
1.044074899982661,64,174.0,6.0,20.0,True,169.30655593758993,172.39663181732791,315.281010305621,236.7957794742074,-2.317916195328309,2,calibration,2,dot,0.3,0,calibration
1.0599638000130653,65,129.0,85.0,20.0,True,162.3891901776349,187.05298790965338,306.5572513307401,242.82304455384255,-1.9183734840289457,2,calibration,2,dot,0.3,0,calibration
1.0759941999567673,66,95.0,128.0,20.0,True,155.0780025697499,200.92131992689642,299.62004013509943,246.80574739617666,-1.0939077786805096,2,calibration,2,dot,0.3,0,calibration
1.093217400019057,67,58.0,162.0,20.0,True,147.99789648038816,213.49039930797522,294.5715110998074,249.31280600235377,0.19041067120336042,2,calibration,2,dot,0.3,0,calibration
1.1097201999509707,68,16.0,184.0,20.0,True,140.88597020250492,225.12032759482298,290.78912985420357,250.6977139683647,2.6672910762575763,2,calibration,2,dot,0.3,0,calibration
1.1264950999757275,69,-49.0,201.0,20.0,True,133.36740200850966,236.69763557050382,287.8185647899852,251.36904682290313,5.2061450035210965,2,calibration,2,dot,0.3,0,calibration
1.1429328999947757,70,-90.0,207.0,20.0,True,125.06796051465633,248.59146678123545,284.47329752359326,251.70144753553632,6.279321791572297,2,calibration,2,dot,0.3,0,calibration
1.1597235000226647,71,-125.0,208.0,20.0,True,116.36750364000895,260.66306919302673,279.54520031092574,251.8317557669011,7.847368149945773,2,calibration,2,dot,0.3,0,calibration
1.176640999969095,72,-180.0,204.0,20.0,True,106.38225411852899,272.9035304154794,272.86915617212526,251.7434628028685,8.479945406777457,2,calibration,2,dot,0.3,0,calibration
1.193066900013946,73,-212.0,194.0,20.0,True,95.53195716488241,285.03793744665734,264.7919181270823,251.1175384219094,11.215999393972943,2,calibration,2,dot,0.3,0,calibration
1.2095914999954402,74,-266.0,160.0,20.0,True,83.54988939656526,296.9157120028236,256.02231914757766,249.37830609810186,14.156720153778535,2,calibration,2,dot,0.3,0,calibration
1.2263518000254408,75,-300.0,132.0,20.0,True,71.19238355349523,308.1935561084619,246.09527483107433,246.36471896663323,15.633259767666845,2,calibration,2,dot,0.3,0,calibration
1.2435491000069305,76,-349.0,85.0,20.0,True,57.96168051408082,318.5999550803677,235.08932463698494,242.20839398461794,15.608030003553989,2,calibration,2,dot,0.3,0,calibration
1.2602619000244886,77,-377.0,50.0,20.0,True,43.34458691658816,327.4501590418717,223.69596250155683,237.22766014849134,15.10465042529324,2,calibration,2,dot,0.3,0,calibration
1.2758910999400541,78,-415.0,-2.0,20.0,True,27.93286103936442,334.293320312098,212.9641807838902,231.97204048439966,13.467897662839531,2,calibration,2,dot,0.3,0,calibration
1.2930382000049576,79,-431.0,-23.0,20.0,True,11.62168708816112,339.95505919978535,202.7526489767913,226.5042600419216,11.961021449011582,2,calibration,2,dot,0.3,0,calibration
1.3095070999115705,80,-480.0,-97.0,20.0,True,-4.28938755536036,344.64130238280495,193.7885620510063,221.1006119880664,12.184895354841158,2,calibration,2,dot,0.3,0,calibration
1.3261165999574587,81,-507.0,-151.0,20.0,True,-19.73096366141396,348.1277922827779,186.32544305878713,216.07300447902165,12.627706184612212,2,calibration,2,dot,0.3,0,calibration
1.3429162999382243,82,-527.0,-203.0,20.0,True,-34.84908124686581,350.0902898110802,180.66903534675725,211.80804403141445,12.254105467758926,2,calibration,2,dot,0.3,0,calibration
1.3597532999701798,83,-543.0,-271.0,20.0,True,-50.28836792627021,351.11209171171265,176.41822097341307,207.9547587668683,13.183969907911617,2,calibration,2,dot,0.3,0,calibration
1.3762065999908373,84,-548.0,-311.0,20.0,True,-66.95259374564435,351.2569841004829,173.00442437618986,204.16557735445687,14.096640993986524,2,calibration,2,dot,0.3,0,calibration
1.3931148999836296,85,-549.0,-359.0,20.0,True,-82.96267638397498,349.959770909812,170.1635823886944,200.11938927992333,14.574201615141217,2,calibration,2,dot,0.3,0,calibration
1.4093972999835387,86,-539.0,-426.0,20.0,True,-97.87454559720872,346.9051292744253,167.8096670836954,195.4442805736625,15.262744038745552,2,calibration,2,dot,0.3,0,calibration
1.4261013999348506,87,-523.0,-477.0,20.0,True,-110.17687936560482,341.58623023702336,165.6415710217875,189.53608760543887,13.774529851774009,2,calibration,2,dot,0.3,0,calibration
1.442674099933356,88,-499.0,-531.0,20.0,True,-121.02760230256483,334.2125968543216,163.64945318656123,182.07105079076888,12.009987132904874,2,calibration,2,dot,0.3,0,calibration
1.459389999974519,89,-452.0,-599.0,20.0,True,-130.2369527215199,324.1890146222672,161.97973911494114,172.9308864422193,9.719441789708474,2,calibration,2,dot,0.3,0,calibration
1.4759144999552518,90,-423.0,-599.0,20.0,True,-137.80598952498346,311.8261378853862,161.601745243938,162.38436427091463,9.726653126643052,2,calibration,2,dot,0.3,0,calibration
1.4932939999271184,91,-395.0,-599.0,20.0,True,-143.37561332126893,296.8702851657907,161.8797817426094,150.2890622608534,7.439420046271307,2,calibration,2,dot,0.3,0,calibration
1.509351299959235,92,-346.0,-599.0,20.0,True,-146.84148659830504,280.27908116491153,162.91038038546665,136.58104190854144,5.589095459430786,2,calibration,2,dot,0.3,0,calibration
1.5262565999291837,93,-296.0,-599.0,20.0,True,-148.63756706453137,262.22401206585914,165.6379955262789,121.19632449778308,5.4712139395423804,2,calibration,2,dot,0.3,0,calibration
1.5429301999974996,94,-265.0,-599.0,20.0,True,-148.73011125583824,243.66477430556554,169.76506316554094,104.70452820266692,4.954999820608255,2,calibration,2,dot,0.3,0,calibration
1.559796000015922,95,-239.0,-599.0,20.0,True,-147.07018322737454,225.0239556149936,175.41701114428693,85.13364336181496,3.7751636017064802,2,calibration,2,dot,0.3,0,calibration
1.5758978999219835,96,-192.0,-590.0,20.0,True,-141.4886808917203,205.2546639006696,182.02663273532335,63.6370918606592,0.46037744412071036,2,calibration,2,dot,0.3,0,calibration
1.5931776999495924,97,-154.0,-570.0,20.0,True,-132.567607871045,186.17580055985164,188.69070121387463,40.34708806523579,-3.145292076162484,2,calibration,2,dot,0.3,0,calibration
1.610037799924612,98,-101.0,-533.0,20.0,True,-120.96538585672559,168.58131997797835,194.74588594001392,17.27440639711101,-6.380984645532093,2,calibration,2,dot,0.3,0,calibration
1.6266504999948665,99,-5.0,-460.0,20.0,True,-109.52092099183575,154.645399499876,200.4674842279382,-7.053942553029302,-8.887755436607206,2,calibration,2,dot,0.3,0,calibration
1.6434026999631897,100,72.0,-394.0,20.0,True,-98.44414426521939,143.08398666838232,206.14098350252937,-32.89555795784976,-10.56349451669605,2,calibration,2,dot,0.3,0,calibration
1.6596018000273034,101,173.0,-297.0,20.0,True,-87.27882918459693,132.19948872913082,211.40743149113837,-60.806460330539394,-11.597347369052782,2,calibration,2,dot,0.3,0,calibration
1.6763812999706715,102,241.0,-230.0,20.0,True,-74.82694324467394,120.77514823309266,215.33259171989604,-90.43933423940155,-13.052615626893314,2,calibration,2,dot,0.3,0,calibration
1.6928969000000507,103,299.0,-162.0,20.0,True,-60.64798697506239,107.60789114038259,215.78442358632296,-122.00682281660983,-14.185220657952835,2,calibration,2,dot,0.3,0,calibration
1.7092704999959096,104,365.0,-64.0,20.0,True,-45.04975432508023,93.24009506888153,211.0441211996845,-152.80577543472472,-15.073524301470766,2,calibration,2,dot,0.3,0,calibration
1.726520299911499,105,383.0,-9.0,20.0,True,-28.232366929779506,78.05428289121602,197.21098341579096,-177.46571353964555,-11.499367434802217,2,calibration,2,dot,0.3,0,calibration
1.7434031999437138,106,386.0,29.0,20.0,True,-10.937035047711671,62.7823234132719,178.44688329920095,-194.02849969801105,-2.3572492154563607,2,calibration,2,dot,0.3,0,calibration
1.7596081999363378,107,369.0,91.0,20.0,True,6.535825469905774,48.17293298333112,157.15962389472344,-204.1820481623929,12.899245494672023,2,calibration,2,dot,0.3,0,calibration
1.7759766000090167,108,341.0,145.0,20.0,True,23.140457857680254,34.86639860613325,136.8272002527831,-211.44223229627875,20.98677654190019,2,calibration,2,dot,0.3,0,calibration
1.7929168000118807,109,313.0,186.0,20.0,True,40.74699819406712,21.017918629665726,118.95120352894256,-216.20826172817902,25.719855527435314,2,calibration,2,dot,0.3,0,calibration
1.8097941000014544,110,251.0,270.0,20.0,True,58.59239876515119,6.5936860968435695,103.84036828435447,-218.29971621717053,28.911080549742593,2,calibration,2,dot,0.3,0,calibration
1.8260499999159947,111,208.0,313.0,20.0,True,75.47338486706215,-8.202515426556904,89.72122445844404,-218.63385375444662,33.76041521556551,2,calibration,2,dot,0.3,0,calibration
1.8430270999670029,112,138.0,370.0,20.0,True,89.2897083281309,-21.29817168518753,75.23319220536472,-218.04029079115222,35.95608912143405,2,calibration,2,dot,0.3,0,calibration
1.8597463999176398,113,102.0,389.0,20.0,True,100.64880486078917,-32.96628383619348,61.022753391590044,-217.5755379179804,37.01046894515003,2,calibration,2,dot,0.3,0,calibration
1.8761737999739125,114,67.0,404.0,20.0,True,110.31150530848767,-43.40883723734683,47.08194790973176,-217.23612679813766,36.83689256882058,2,calibration,2,dot,0.3,0,calibration
1.892939499928616,115,31.0,414.0,20.0,True,119.30643507097922,-53.55698524321143,33.17580694835951,-217.34598783335278,36.015440432361046,2,calibration,2,dot,0.3,0,calibration
1.9095637999707833,116,-8.0,422.0,20.0,True,128.79876889481136,-65.12085981867139,19.030569367411523,-217.75257187132382,35.0055736686178,2,calibration,2,dot,0.3,0,calibration
1.9265103000216186,117,-34.0,422.0,20.0,True,138.70466017687747,-78.3231638738684,5.62389019870518,-218.78503099203428,31.944184226840584,2,calibration,2,dot,0.3,0,calibration
1.9435687999939546,118,-71.0,418.0,20.0,True,147.3113293521639,-91.76805562385618,-6.17750036635098,-219.90770235861896,28.908223517393314,2,calibration,2,dot,0.3,0,calibration
1.959435399970971,119,-107.0,406.0,20.0,True,152.93668670987347,-104.01954394747929,-16.86332023529358,-221.15388309139033,21.748116052221356,2,calibration,2,dot,0.3,0,calibration
1.976988899987191,120,-122.0,398.0,17.0,True,155.9876140735366,-114.8517490357092,-26.456585690476523,-222.57219955118987,12.374928520292755,2,calibration,2,dot,0.3,0,calibration
1.9932669999543577,121,-182.0,356.0,20.0,True,157.17860783197952,-124.33419764859332,-35.40266353797449,-223.86131186648734,8.514962499720827,2,calibration,2,dot,0.3,0,calibration
2.009950599982403,122,-197.0,343.0,19.849433241279208,True,156.22147033568436,-132.5209410907897,-43.40429329399306,-224.28398951185258,1.0109843943073153,2,calibration,2,dot,0.3,0,calibration
2.02674829994794,123,-233.0,298.0,20.0,True,152.7211955771342,-139.43684070665694,-52.17091213920692,-223.06243691595108,-9.357256547867534,2,calibration,2,dot,0.3,0,calibration
2.0430393000133336,124,-258.0,258.0,20.0,True,146.29422153459672,-144.99854536773404,-63.392801606051,-219.07791405807987,-14.79935234302712,2,calibration,2,dot,0.3,0,calibration
2.0595705999294296,125,-282.0,208.0,20.0,True,137.59641100543462,-148.59902400006945,-77.65937579297403,-211.9128137472628,-15.250989711341019,2,calibration,2,dot,0.3,0,calibration
2.076411799993366,126,-299.0,149.0,20.0,True,126.8288553166544,-150.469691751175,-93.85891152849757,-201.52938035184079,-14.4540268717725,2,calibration,2,dot,0.3,0,calibration
2.0933310999535024,127,-307.0,91.0,20.0,True,113.59003791963343,-151.24652551001958,-109.61982507442222,-188.47314544473807,-14.42323092984623,2,calibration,2,dot,0.3,0,calibration
2.109995999955572,128,-309.0,51.0,20.0,True,96.71263555441733,-151.35635478174237,-123.55963741815741,-173.18309232601322,-15.217046913705865,2,calibration,2,dot,0.3,0,calibration
2.1265668999403715,129,-308.0,5.0,20.0,True,77.16782828748134,-151.1758999650065,-135.16110393942466,-156.34378585504962,-16.093123397215003,2,calibration,2,dot,0.3,0,calibration
2.142720100004226,130,-303.0,-67.0,20.0,True,56.69037310196954,-150.88247921371686,-144.0351718007069,-138.43177997793137,-16.821976323832306,2,calibration,2,dot,0.3,0,calibration
2.1599016999825835,131,-302.0,-87.0,20.0,True,36.72585139315083,-150.26752325501832,-150.42085108680183,-120.59173414276341,-17.529895876201287,2,calibration,2,dot,0.3,0,calibration
2.1763461999362335,132,-293.0,-141.0,20.0,True,15.243902920170534,-147.52556374048834,-153.93488712460857,-100.57028171530514,-14.239937691799817,2,calibration,2,dot,0.3,0,calibration
2.192739099962637,133,-282.0,-188.0,20.0,True,-7.015294339935004,-141.77143420412662,-155.70070609806496,-79.7445710126137,-10.502703005870831,2,calibration,2,dot,0.3,0,calibration
2.2101077999686822,134,-277.0,-203.0,15.811388300841896,True,-28.94306962374302,-132.83115842708685,-155.76529608725673,-57.56593531818508,-4.721419605984217,2,calibration,2,dot,0.3,0,calibration
2.226272900006734,135,-248.0,-256.0,20.0,True,-47.37071072686322,-122.06963028960591,-153.8440305934658,-35.94906790544172,0.5115989519910125,2,calibration,2,dot,0.3,0,calibration
2.2426558999577537,136,-240.0,-269.0,15.264337522473747,True,-62.77758225056009,-109.31730699581179,-150.73608549499704,-14.593870910991509,2.739550921254131,2,calibration,2,dot,0.3,0,calibration
2.2596338000148535,137,-226.0,-289.0,20.0,True,-74.90321436757917,-95.59753403127628,-147.30017999894582,5.9557765755132515,5.603384472759343,2,calibration,2,dot,0.3,0,calibration
2.275772999972105,138,-202.0,-313.0,20.0,True,-83.66403442737416,-81.95122579143573,-143.20728152744186,24.262950546353782,8.825053628316512,2,calibration,2,dot,0.3,0,calibration
2.2929598999908194,139,-183.0,-332.0,20.0,True,-88.84582780698807,-69.34545739245084,-139.29448936925,40.6429291236868,7.987579402282446,2,calibration,2,dot,0.3,0,calibration
2.309335199999623,140,-154.0,-355.0,20.0,True,-91.26903931465438,-56.93387826907929,-135.0402861811793,55.08464126030727,7.706758934464508,2,calibration,2,dot,0.3,0,calibration
2.3259884999133646,141,-138.0,-365.0,18.867962264113206,True,-92.14583883076573,-43.71709396964579,-130.019404445165,67.969483064521,7.528901837600155,2,calibration,2,dot,0.3,0,calibration
2.3428161999909207,142,-120.0,-376.0,20.0,True,-91.059834611108,-30.043853574085283,-124.67403944297706,80.15433271124151,6.350466681402185,2,calibration,2,dot,0.3,0,calibration
2.3597653999459,143,-96.0,-386.0,20.0,True,-87.4174354751395,-16.455650517575727,-118.36107559954009,92.66680506219477,4.098294278258443,2,calibration,2,dot,0.3,0,calibration
2.375938899931498,144,-80.0,-391.0,16.76305461424021,True,-80.4551073129965,-4.065065242658942,-111.17369879909016,104.79922918893466,0.3742979716421396,2,calibration,2,dot,0.3,0,calibration
2.393472300027497,145,-60.0,-398.0,20.0,True,-68.39583859890953,7.672782866115385,-102.68664874886757,116.05767755480471,-2.831464853668316,2,calibration,2,dot,0.3,0,calibration
2.409687599982135,146,-45.0,-401.0,15.297058540778355,True,-51.248133146717436,17.643598353708374,-93.85755133690868,125.25140130509686,-3.2331131880497823,2,calibration,2,dot,0.3,0,calibration
2.4263926999410614,147,-29.0,-401.0,16.0,True,-30.446436732285566,26.408513671685135,-85.36067877670455,133.0282715023543,-2.9418497543249966,2,calibration,2,dot,0.3,0,calibration
2.4430446999613196,148,6.0,-394.0,20.0,True,-9.576337561335816,33.142015755341184,-77.7892100754147,139.73218554853767,-2.5852529887224684,2,calibration,2,dot,0.3,0,calibration
2.4591892999596894,149,48.0,-378.0,20.0,True,10.516156099149054,38.84265357199398,-71.29999796375279,145.88004566355087,-1.4590045078987424,2,calibration,2,dot,0.3,0,calibration
2.4758104999782518,150,63.0,-370.0,17.0,True,30.362661088986297,43.5579673090045,-65.1110894873951,152.0268267181766,-0.162727045417983,2,calibration,2,dot,0.3,0,calibration
2.4927289999322966,151,96.0,-346.0,20.0,True,50.221545972232036,47.89689457743417,-58.73871628010098,158.11553431660982,1.5082463455064765,2,calibration,2,dot,0.3,0,calibration
2.5097641999600455,152,140.0,-304.0,20.0,True,70.10445900379779,51.81805814412285,-51.899748452665584,164.20040307850562,3.122054697079719,2,calibration,2,dot,0.3,0,calibration
2.526841799961403,153,183.0,-250.0,20.0,True,89.06730815907939,55.815522557251114,-44.52802014227219,170.292889594612,4.152523036325036,2,calibration,2,dot,0.3,0,calibration
2.5432783999713138,154,214.0,-198.0,20.0,True,107.05623382936155,60.25716100117163,-36.64134653370325,176.2786001169013,4.482827766405664,2,calibration,2,dot,0.3,0,calibration
2.5600011999486014,155,241.0,-144.0,20.0,True,123.3617694593159,65.31071920890574,-27.64086987451617,181.96918189534574,3.2805980126243894,2,calibration,2,dot,0.3,0,calibration
2.5764872999861836,156,276.0,-51.0,20.0,True,139.6487866998293,71.04270621071049,-18.136776846075918,186.95121406761749,2.070693425099619,2,calibration,2,dot,0.3,0,calibration
2.5935430999379605,157,288.0,1.0,20.0,True,155.390767193248,76.82527083619067,-8.556740842662233,191.4352660449145,1.393506983603432,2,calibration,2,dot,0.3,0,calibration
2.6097300000255927,158,291.0,78.0,20.0,True,170.6477912099612,83.05436952176818,0.47561401448388807,195.53992326597677,0.7021664317269327,2,calibration,2,dot,0.3,0,calibration
2.6272411999525502,159,287.0,130.0,20.0,True,184.46410514186502,89.52552150674194,9.677516170981859,199.62760945332124,-0.3753221096979853,2,calibration,2,dot,0.3,0,calibration
2.643320299917832,160,277.0,188.0,20.0,True,197.8016993100895,96.65799308136972,19.070983763153677,203.80436950199393,-1.3950462530175556,2,calibration,2,dot,0.3,0,calibration
2.659797600004822,161,274.0,201.0,13.341664064126334,True,211.07008859075918,104.60345308201029,28.75744340288025,207.80059166326126,-1.9203724743816157,2,calibration,2,dot,0.3,0,calibration
2.676758899935521,162,259.0,241.0,20.0,True,224.52040811979558,112.6700405160856,38.32119825056162,211.49960399439087,-3.40351157297758,2,calibration,2,dot,0.3,0,calibration
2.6928110999288037,163,250.0,262.0,20.0,True,237.6094272449017,120.65309757219703,47.654364641576514,214.76669553293408,-4.20824706319222,2,calibration,2,dot,0.3,0,calibration
2.709646699950099,164,235.0,284.0,20.0,True,249.55458326513897,127.92904506436278,57.25085824649225,217.51291460767726,-5.259550256101989,2,calibration,2,dot,0.3,0,calibration
2.7264216999756172,165,202.0,321.0,20.0,True,260.1499753937162,135.28813580547666,66.4395434675195,219.28621012180668,-7.823641264863744,2,calibration,2,dot,0.3,0,calibration
2.742654399946332,166,165.0,352.0,20.0,True,269.5236201400284,142.83569427952037,75.04426806049972,219.933173442453,-10.438941850442458,2,calibration,2,dot,0.3,0,calibration
2.7597672999836504,167,150.0,359.0,16.55294535724685,True,278.41302857504314,151.04053763844203,82.58428464279379,218.77669122713021,-9.613056521467302,2,calibration,2,dot,0.3,0,calibration
2.7760505999904126,168,103.0,377.0,20.0,True,287.8675595678601,160.89907281419164,89.86930704443444,216.34828874834133,-12.21559093616734,2,calibration,2,dot,0.3,0,calibration
2.7929122999776155,169,72.0,385.0,20.0,True,297.48032195619476,172.08733492991595,97.0026582050917,212.12670246077727,-10.38142315420128,2,calibration,2,dot,0.3,0,calibration
2.809910099953413,170,37.0,391.0,20.0,True,307.04731175648584,184.35739481810916,103.76271620184434,206.3187083659078,-7.698106934055495,2,calibration,2,dot,0.3,0,calibration
2.826833999948576,171,1.0,395.0,20.0,True,314.9929487346201,196.47667365963696,110.20965398114933,198.86768049505994,-5.624838937090283,2,calibration,2,dot,0.3,0,calibration
2.843244899995625,172,-22.0,396.0,20.0,True,321.6770806356025,208.62377963449026,116.55007739192332,190.11729483769295,-3.5556604956551063,2,calibration,2,dot,0.3,0,calibration
2.8591184000251815,173,-56.0,392.0,20.0,True,326.8484666763809,220.42378009981053,122.4531360174322,180.41301366469426,1.7869998611707116,2,calibration,2,dot,0.3,0,calibration
2.8757069000275806,174,-79.0,385.0,20.0,True,327.5332146326456,229.61270285505833,127.78980709945539,170.89492999764124,7.375426614468699,2,calibration,2,dot,0.3,0,calibration
2.8927233999129385,175,-101.0,374.0,20.0,True,323.25595240921376,235.59624197344937,132.48886994590754,161.3600378267586,12.732567928555522,2,calibration,2,dot,0.3,0,calibration
2.9098057999508455,176,-140.0,350.0,20.0,True,319.0157271279937,241.30678781376506,136.9543853493908,151.28172229827678,15.347227961766304,2,calibration,2,dot,0.3,0,calibration
2.925906499964185,177,-177.0,321.0,20.0,True,314.82239488245426,246.75262851786619,141.33180902060724,140.28557471620672,18.92588826901168,2,calibration,2,dot,0.3,0,calibration
2.9443479999899864,178,-186.0,311.0,13.45362404707371,True,310.7322319273576,251.8838622092389,145.9545481581734,128.3610894239563,16.201265229092975,2,calibration,2,dot,0.3,0,calibration
2.9600682000163943,179,-221.0,282.0,20.0,True,305.6939691752662,257.9751871980548,150.6644890838292,114.09425990249153,17.639415015217914,2,calibration,2,dot,0.3,0,calibration
2.976219999953173,180,-248.0,258.0,20.0,True,299.66648920024227,264.9528170267322,155.37306171556355,98.57707098568228,16.212495460354607,2,calibration,2,dot,0.3,0,calibration
2.9930394999682903,181,-280.0,211.0,20.0,True,292.7813567543193,272.5418814367804,160.1442221549313,83.56252850445483,21.583194569755104,2,calibration,2,dot,0.3,0,calibration
0.0012661999789997935,1,132.0,100.0,20.0,True,-296.3787844403259,-4.890634950391162,302.4749321131045,-5.36993724425929,-4.075945536915467,3,calibration,2,dot,0.3,0,calibration
0.010200000018812716,2,184.0,133.0,20.0,True,-288.30452541580956,-15.531206845740329,307.6645756026503,-16.43846903621828,-4.20502562993514,3,calibration,2,dot,0.3,0,calibration
0.027189799933694303,3,231.0,157.0,20.0,True,-278.0612223243205,-27.922933438453065,312.51338758002726,-27.62745216373489,-5.601180311863255,3,calibration,2,dot,0.3,0,calibration
0.044376299949362874,4,340.0,222.0,20.0,True,-268.03773907802304,-40.049488748952925,315.98408509665023,-37.50099527001203,-7.015810410468855,3,calibration,2,dot,0.3,0,calibration
0.060286799911409616,5,407.0,262.0,20.0,True,-258.1034763246878,-53.46748383136114,317.5196460801235,-47.681383741487025,-9.554785107893101,3,calibration,2,dot,0.3,0,calibration
0.0768829999724403,6,475.0,299.0,20.0,True,-249.21222173951537,-67.06379225833004,317.0217489817964,-57.72321745778865,-12.03200195118792,3,calibration,2,dot,0.3,0,calibration
0.09391179995145649,7,538.0,333.0,20.0,True,-239.97080867941875,-81.76885328026138,314.3330748333357,-68.26480111797764,-14.876636834677077,3,calibration,2,dot,0.3,0,calibration
0.11032699991483241,8,596.0,359.0,20.0,True,-230.46379788634243,-95.23611122949004,310.48716751379783,-78.46706205307557,-17.934312593015434,3,calibration,2,dot,0.3,0,calibration
0.1290114999283105,9,621.0,372.0,20.0,True,-220.37643566691878,-107.76145130050355,305.2847546488417,-88.29654832795717,-20.399394523470203,3,calibration,2,dot,0.3,0,calibration
0.1440552999265492,10,639.0,385.0,20.0,True,-209.6214449911501,-119.30484223384406,298.6844479306155,-96.32102405156112,-21.828182119257594,3,calibration,2,dot,0.3,0,calibration
0.16009669995401055,11,645.0,394.0,10.816653826391969,True,-198.53988326423598,-130.74112240610208,290.0872799477417,-99.839122765181,-6.673506604419258,3,calibration,2,dot,0.3,0,calibration
0.17689759994391352,12,648.0,399.0,5.830951894845301,True,-187.0501711912641,-141.91195783952986,280.4084637953141,-99.47406430410582,-1.4749372290656129,3,calibration,2,dot,0.3,0,calibration
0.19348129990976304,13,650.0,411.0,12.165525060596439,True,-175.63410666141255,-152.94429641987682,270.146252199379,-96.62917595260483,8.17926382040573,3,calibration,2,dot,0.3,0,calibration
0.21051210002042353,14,647.0,428.0,17.26267650163207,True,-164.83765932424504,-163.18498883642235,259.5539547026835,-93.0146625133911,22.205238599831592,3,calibration,2,dot,0.3,0,calibration
0.22769899992272258,15,632.0,456.0,20.0,True,-155.75319741439495,-172.26591661626756,249.91169242573469,-89.51020024184737,34.04148888223207,3,calibration,2,dot,0.3,0,calibration
0.2436181999510154,16,581.0,507.0,20.0,True,-148.7597920788599,-180.39736206423115,240.62952738024669,-85.60353486746493,38.46435603931495,3,calibration,2,dot,0.3,0,calibration
0.26054669998120517,17,552.0,525.0,20.0,True,-143.2554126457391,-188.0877757542289,230.628301700112,-80.09487166553616,38.43987642003703,3,calibration,2,dot,0.3,0,calibration
0.27739339997060597,18,512.0,540.0,20.0,True,-139.0659207717786,-194.9597884675426,218.7383538028364,-72.62812166591458,35.33740824648517,3,calibration,2,dot,0.3,0,calibration
0.29372189997229725,19,459.0,555.0,20.0,True,-135.6788987487685,-200.586742087122,205.06957605200287,-63.514838880451215,33.62368733610108,3,calibration,2,dot,0.3,0,calibration
0.3112189999083057,20,441.0,559.0,18.439088914585774,True,-133.5587605475463,-204.66863374060895,191.02790999416044,-54.377358917712854,29.115129437580897,3,calibration,2,dot,0.3,0,calibration
0.3274259999161586,21,389.0,565.0,20.0,True,-132.5380193251942,-207.98789544930648,177.69626181150156,-46.33334070139975,26.226947395070546,3,calibration,2,dot,0.3,0,calibration
0.34422799991443753,22,337.0,561.0,20.0,True,-132.67556184672992,-211.72991905232143,165.18597840641766,-39.70242488023281,14.635407431615906,3,calibration,2,dot,0.3,0,calibration
0.36119399999734014,23,300.0,553.0,20.0,True,-135.0248241981146,-217.04244033941518,153.0642030826643,-34.02377743831507,4.137513734606461,3,calibration,2,dot,0.3,0,calibration
0.3778271999908611,24,238.0,534.0,20.0,True,-139.9775606464943,-224.0149527997658,138.6551126358199,-28.21764740003732,-0.3047974281524879,3,calibration,2,dot,0.3,0,calibration
0.39446229999884963,25,216.0,525.0,20.0,True,-147.95076577265402,-231.60701206094095,122.12197863669415,-22.510993040033515,-3.6005481936814543,3,calibration,2,dot,0.3,0,calibration
0.4102793999481946,26,140.0,499.0,20.0,True,-157.31122873151247,-238.78132540740705,103.83721128210789,-16.355214733712828,-3.088683935079486,3,calibration,2,dot,0.3,0,calibration
0.4272839999757707,27,124.0,492.0,17.46424919657298,True,-166.7644669244574,-244.5814291852378,86.7349910846205,-11.069046150781944,-4.079133617074152,3,calibration,2,dot,0.3,0,calibration
0.4438183999154717,28,92.0,479.0,20.0,True,-176.90567747418612,-248.64563562815172,71.63665693955741,-6.1276334524196665,-4.7310209355234285,3,calibration,2,dot,0.3,0,calibration
0.46040360000915825,29,81.0,472.0,13.038404810405298,True,-187.96931907350373,-250.84196892046876,57.326006686300985,-1.1735949901235285,-4.047630845693357,3,calibration,2,dot,0.3,0,calibration
0.4774061000207439,30,50.0,449.0,20.0,True,-200.22619371144543,-251.7654577802392,42.3484286664157,4.64065234191438,-6.2511520253759105,3,calibration,2,dot,0.3,0,calibration
0.4941001000115648,31,32.0,430.0,20.0,True,-212.7995060872873,-251.75260630948816,25.156855618244546,11.698980738381184,-6.530241198776298,3,calibration,2,dot,0.3,0,calibration
0.5102859999751672,32,16.0,408.0,20.0,True,-226.10563017930505,-249.93751546786893,5.764187848965566,20.097559106440833,-5.102764677160022,3,calibration,2,dot,0.3,0,calibration
0.5270841999445111,33,-8.0,375.0,20.0,True,-240.52670409989162,-245.6368719894679,-16.325121137714433,30.57947914391324,-2.9569942126917543,3,calibration,2,dot,0.3,0,calibration
0.544791099964641,34,-28.0,339.0,20.0,True,-255.23443334618685,-240.18708807008824,-41.42819138255525,41.82997542879653,-1.3199349233852333,3,calibration,2,dot,0.3,0,calibration
0.5609763999236748,35,-54.0,287.0,20.0,True,-269.10420900071557,-234.1875088394544,-67.70950077141828,52.78939611931773,0.26313066459095324,3,calibration,2,dot,0.3,0,calibration
0.5776853999122977,36,-64.0,254.0,20.0,True,-280.74966599445094,-228.70003604482446,-93.50822274709682,62.814507497145,1.3855284738283005,3,calibration,2,dot,0.3,0,calibration
0.5936506999423727,37,-72.0,225.0,20.0,True,-289.21175590377953,-222.98216694204055,-116.65525707090978,72.46854753419419,3.874656594384027,3,calibration,2,dot,0.3,0,calibration
0.6115131999831647,38,-76.0,202.0,20.0,True,-294.24356115712715,-217.00997566596106,-138.14858121064466,82.54540816302358,7.59909352021447,3,calibration,2,dot,0.3,0,calibration
0.627695299917832,39,-81.0,171.0,20.0,True,-296.69397801268724,-210.088224156524,-158.8763297632356,92.72629829844492,11.703788169711153,3,calibration,2,dot,0.3,0,calibration
0.6438032999867573,40,-81.0,151.0,20.0,True,-297.1389403957671,-199.45053070569858,-179.5381020059046,103.20302508781216,10.937669564836096,3,calibration,2,dot,0.3,0,calibration
0.6604881999082863,41,-80.0,135.0,16.0312195418814,True,-295.8357892272122,-186.00972762382878,-199.78958819250713,113.64714477752992,7.606347212948568,3,calibration,2,dot,0.3,0,calibration
0.6775589999742806,42,-72.0,114.0,20.0,True,-293.06926014529733,-170.36976264787538,-218.45851994831892,125.07068293726762,1.3357780291884813,3,calibration,2,dot,0.3,0,calibration
0.6944034999469295,43,-62.0,102.0,15.620499351813308,True,-289.25321414648636,-154.81755734383677,-234.36533787086606,138.77521644486706,-6.137331119787959,3,calibration,2,dot,0.3,0,calibration
0.7104933999944478,44,-49.0,87.0,19.849433241279208,True,-284.87061354402704,-138.36648015244944,-249.83977067283672,151.3343923311662,-8.398549946252535,3,calibration,2,dot,0.3,0,calibration
0.7271730999927968,45,-29.0,67.0,20.0,True,-279.974603833872,-120.13028569991734,-265.33174535725806,162.6092772443624,-9.764849972071614,3,calibration,2,dot,0.3,0,calibration
0.7443720999872312,46,24.0,26.0,20.0,True,-274.5606076768677,-100.6999275259981,-281.67770235591496,172.9887022723612,-12.371818520649507,3,calibration,2,dot,0.3,0,calibration
0.7602856999728829,47,53.0,10.0,20.0,True,-268.53063059847244,-81.7470617997931,-298.75214143689084,181.71324355340832,-16.09227974801937,3,calibration,2,dot,0.3,0,calibration
0.7780426999088377,48,81.0,-3.0,20.0,True,-262.01460955801036,-65.89311097904728,-317.72715735379165,187.856552474669,-18.9584131160277,3,calibration,2,dot,0.3,0,calibration
0.7937782999360934,49,124.0,-13.0,20.0,True,-255.45789650949018,-54.554598236973874,-336.1711823806859,191.94151887657844,-25.828823340418722,3,calibration,2,dot,0.3,0,calibration
0.8120294999098405,50,153.0,-13.0,20.0,True,-248.72931242730144,-47.5930577204729,-349.72713977259076,194.14151463940618,-33.317397913840985,3,calibration,2,dot,0.3,0,calibration
0.8280063999118283,51,191.0,-5.0,20.0,True,-241.45026395070585,-43.823852302017364,-351.52482743177507,190.86722007474395,-37.32148121071562,3,calibration,2,dot,0.3,0,calibration
0.843708899919875,52,248.0,13.0,20.0,True,-232.96292349663688,-41.87107014485933,-353.2477712214299,187.65929800330264,-37.65845912225317,3,calibration,2,dot,0.3,0,calibration
0.8603123999200761,53,289.0,31.0,20.0,True,-222.47320366320642,-41.060884337714306,-355.3246520777336,183.696466013469,-37.28116177634361,3,calibration,2,dot,0.3,0,calibration
0.8773023999528959,54,332.0,49.0,20.0,True,-210.3244583365158,-40.568463388204314,-358.3382324151108,177.7461988049648,-38.53246316658788,3,calibration,2,dot,0.3,0,calibration
0.8936219000024721,55,367.0,69.0,20.0,True,-197.40341554508737,-40.170831365892695,-361.7634335880028,170.66698016493612,-35.03123693744254,3,calibration,2,dot,0.3,0,calibration
0.9106719999108464,56,413.0,101.0,20.0,True,-184.9077949589065,-39.80308971350571,-362.98970994319524,161.98109517188135,-30.351270624449896,3,calibration,2,dot,0.3,0,calibration
0.9270470999181271,57,493.0,159.0,20.0,True,-172.97548766801535,-39.62866604625469,-362.05746651495605,151.9610355525495,-26.550926814743498,3,calibration,2,dot,0.3,0,calibration
0.9436631000135094,58,545.0,202.0,20.0,True,-161.3232231351662,-39.55847494493372,-359.45585617346853,141.0869643154166,-24.29855491786472,3,calibration,2,dot,0.3,0,calibration
0.9605329999467358,59,590.0,246.0,20.0,True,-149.69379343527925,-39.53207949591476,-355.2457180501836,128.360744436834,-23.11519067904645,3,calibration,2,dot,0.3,0,calibration
0.9766967999748886,60,656.0,310.0,20.0,True,-137.87380639387732,-39.52247537604679,-349.7595153993508,114.88802078891503,-21.849161479836724,3,calibration,2,dot,0.3,0,calibration
0.9945997999748215,61,703.0,383.0,20.0,True,-124.4793063236845,-39.51904079155074,-343.4360154244541,100.23295965583618,-21.981789303555182,3,calibration,2,dot,0.3,0,calibration
1.0108185999561101,62,721.0,428.0,20.0,True,-109.03932530878441,-39.51782405846867,-336.0375676636135,85.89109190512744,-20.527002526672874,3,calibration,2,dot,0.3,0,calibration
1.0275300999637693,63,734.0,481.0,20.0,True,-91.57522140011368,-39.517395276188246,-326.56169310043583,72.95173256077095,-17.62119031830178,3,calibration,2,dot,0.3,0,calibration
1.0445888999383897,64,743.0,537.0,20.0,True,-74.05860109890494,-39.517244617249766,-314.648519881649,61.55683585748863,-14.529459809495934,3,calibration,2,dot,0.3,0,calibration
1.0604143999516964,65,746.0,579.0,20.0,True,-55.09492057842337,-39.51719176959323,-300.63757890900104,52.08653197872774,-11.41592952259105,3,calibration,2,dot,0.3,0,calibration
1.0770749999210238,66,746.0,600.0,20.0,True,-34.7884925650756,-39.517173249507834,-285.1634299593024,43.58487966761737,-9.6304523084066,3,calibration,2,dot,0.3,0,calibration
1.094348100014031,67,746.0,600.0,0.0,False,-12.92728011309406,-39.517166762796826,-271.5299302017964,31.267417734462224,0.0,3,calibration,2,dot,0.3,0,calibration
1.1109030999941751,68,739.0,600.0,7.0,True,8.410476909566423,-39.517164491511735,-261.6237736040529,15.523034547463267,3.272186542932719,3,calibration,2,dot,0.3,0,calibration
1.127373999916017,69,732.0,600.0,7.0,True,29.35149853539596,-39.517163696374716,-250.39896891933975,-0.9749587216306406,3.062350102221948,3,calibration,2,dot,0.3,0,calibration
1.144179999944754,70,721.0,600.0,11.0,True,50.110957573020954,-39.51716341803932,-236.2442865439077,-16.269243292526873,3.528413780433638,3,calibration,2,dot,0.3,0,calibration
1.160256400005892,71,684.0,600.0,20.0,True,70.52305840503969,-39.517163320614436,-218.6777732878751,-32.58809607977598,5.347079632449459,3,calibration,2,dot,0.3,0,calibration
1.1775654999073595,72,651.0,600.0,20.0,True,91.30736212489322,-39.51716328651423,-198.29475313637022,-49.66685578674854,4.669995488666534,3,calibration,2,dot,0.3,0,calibration
1.1935775999445468,73,609.0,600.0,20.0,True,113.23826004035459,-39.24189301470693,-177.46159645235147,-67.00107738564535,4.624297881308943,3,calibration,2,dot,0.3,0,calibration
1.2100577999372035,74,582.0,600.0,20.0,True,137.05832510732097,-38.08117008140288,-157.92732621009432,-83.73865559063276,4.788828954285343,3,calibration,2,dot,0.3,0,calibration
1.2273397999815643,75,555.0,600.0,20.0,True,162.57122454024756,-35.44339281471807,-140.4447072313975,-100.32351087594074,5.384175445142194,3,calibration,2,dot,0.3,0,calibration
1.2435168999945745,76,505.0,600.0,20.0,True,190.16753571991595,-30.86237955820027,-125.18120045703483,-117.35131790213129,6.380463151180507,3,calibration,2,dot,0.3,0,calibration
1.2604646999388933,77,491.0,600.0,14.0,True,221.36041404681305,-23.75611550467009,-112.55927614230916,-133.6537511087586,5.079537120082591,3,calibration,2,dot,0.3,0,calibration
1.2774115999927744,78,448.0,593.0,20.0,True,253.8350249626701,-15.48874678536205,-103.09705587551397,-149.63917472706453,12.632915778694816,3,calibration,2,dot,0.3,0,calibration
1.293194399913773,79,414.0,588.0,20.0,True,284.92769403633633,-7.218321822120261,-95.90296698591524,-164.80156058077074,14.017152807931206,3,calibration,2,dot,0.3,0,calibration
1.3096984999720007,80,383.0,581.0,20.0,True,310.8580064109104,-0.4038445506789756,-91.77714101497683,-178.9876055458935,18.769623632914683,3,calibration,2,dot,0.3,0,calibration
1.32754839991685,81,360.0,578.0,20.0,True,333.2199477503212,6.343701579521802,-90.01264749415476,-191.22090676027076,19.4628337739663,3,calibration,2,dot,0.3,0,calibration
1.3436412999872118,82,309.0,564.0,20.0,True,352.9713257031317,13.982162700082103,-90.02444221690831,-202.18532492721224,25.21294905715614,3,calibration,2,dot,0.3,0,calibration
1.3602787000127137,83,294.0,558.0,16.15549442140351,True,370.3438419729952,23.124636531424027,-90.87488831665411,-213.10291480681985,23.215126900919444,3,calibration,2,dot,0.3,0,calibration
1.3769194999476895,84,253.0,530.0,20.0,True,384.7555886884869,33.3072235642426,-92.52191609339464,-224.35200647454545,33.550378497860855,3,calibration,2,dot,0.3,0,calibration
1.3935732999816537,85,221.0,501.0,20.0,True,396.6043514273928,43.77307846153733,-94.48324575490102,-235.54030377288927,35.785943932454295,3,calibration,2,dot,0.3,0,calibration
1.41016229998786,86,194.0,473.0,20.0,True,396.42165464656995,53.38418986250156,-96.49141541829302,-245.7531621541202,36.80067533035864,3,calibration,2,dot,0.3,0,calibration
1.427094699931331,87,157.0,424.0,20.0,True,395.0133509779759,62.96389877660404,-98.34654138736225,-255.20364972795272,37.98118241943393,3,calibration,2,dot,0.3,0,calibration
1.4435858000069857,88,133.0,387.0,20.0,True,393.3758376364333,72.49448505806787,-100.4300838023487,-264.2670394737995,38.782999188758,3,calibration,2,dot,0.3,0,calibration
1.4611263999249786,89,104.0,336.0,20.0,True,391.38951389278736,82.54846100786841,-102.84170574192338,-273.0561274995246,39.21118192051332,3,calibration,2,dot,0.3,0,calibration
1.477795199956745,90,65.0,245.0,20.0,True,388.8528844649098,93.77331306570917,-105.29356764043038,-281.5324742102682,39.38120073900371,3,calibration,2,dot,0.3,0,calibration
1.4937894999748096,91,34.0,142.0,20.0,True,385.49754244840744,106.73164838152874,-108.0135894088156,-290.3255453743745,39.31658751734653,3,calibration,2,dot,0.3,0,calibration
1.5209406999638304,92,3.0,18.0,20.0,True,381.482964955815,120.29441985611977,-111.24054814047005,-299.3968903044125,38.703938754856104,3,calibration,2,dot,0.3,0,calibration
1.5268993999343365,93,3.0,18.0,0.0,False,376.61582842749937,134.76096533443334,-115.42266207086982,-308.42763406339077,0.0,3,calibration,2,dot,0.3,0,calibration
1.5445342999882996,94,2.0,-2.0,20.0,True,371.08061308706635,149.32909492435473,-118.84247267116893,-317.8189991785417,38.16853111425519,3,calibration,2,dot,0.3,0,calibration
1.5604128999402747,95,2.0,-60.0,20.0,True,365.3497991749534,162.84816315458167,-122.38092130714877,-326.8225921084665,37.67970337711102,3,calibration,2,dot,0.3,0,calibration
1.576828100020066,96,7.0,-96.0,20.0,True,360.0824413599262,174.18563495384836,-126.75230669015347,-335.7098582057587,35.896795855300816,3,calibration,2,dot,0.3,0,calibration
1.5943473000079393,97,12.0,-129.0,20.0,True,354.0653758660104,183.5877020229419,-132.61411519786338,-343.68535855957555,32.42979323607394,3,calibration,2,dot,0.3,0,calibration
1.6103880999144167,98,25.0,-178.0,20.0,True,346.69011133447685,191.89611381166867,-139.73501587753265,-351.1226443986078,28.277843272100405,3,calibration,2,dot,0.3,0,calibration
1.626943300012499,99,33.0,-203.0,20.0,True,338.834099775338,199.11083871909491,-148.6456475734281,-358.16081603830696,24.397532996532174,3,calibration,2,dot,0.3,0,calibration
1.6439862999832258,100,42.0,-230.0,20.0,True,330.166454010615,205.433564698269,-159.21473488181525,-364.96371459498084,21.242366486744274,3,calibration,2,dot,0.3,0,calibration
1.66000269993674,101,61.0,-266.0,20.0,True,320.6272779582999,211.25049259530476,-167.49385976098503,-363.2434540943133,17.596876420914004,3,calibration,2,dot,0.3,0,calibration
1.67680269991979,102,76.0,-290.0,20.0,True,309.01395308296844,217.31045523859532,-176.51905291336374,-358.94431874396497,13.505107569135204,3,calibration,2,dot,0.3,0,calibration
1.6937675999943167,103,89.0,-308.0,20.0,True,295.0362589290406,223.17246584491315,-187.44909522439954,-353.3593591509272,9.02391666593152,3,calibration,2,dot,0.3,0,calibration
1.710454999934882,104,110.0,-334.0,20.0,True,278.25173053026424,228.26629312562363,-200.332098494075,-346.2182119891445,4.024577789615482,3,calibration,2,dot,0.3,0,calibration
1.7275693999836221,105,129.0,-349.0,20.0,True,259.9971923930324,231.8503951803505,-214.96345569639314,-337.328790225597,-0.4115888192221395,3,calibration,2,dot,0.3,0,calibration
1.7442677000071853,106,145.0,-359.0,18.867962264113206,True,242.96576236260216,233.92386716725375,-229.9081792947261,-327.3258759911658,-1.6922274533833492,3,calibration,2,dot,0.3,0,calibration
1.7604869999922812,107,173.0,-371.0,20.0,True,229.462645071324,234.721632862929,-244.86537814322188,-314.36394999579676,-0.23623280894540022,3,calibration,2,dot,0.3,0,calibration
1.7767564000096172,108,190.0,-378.0,18.384776310850235,True,219.37434702504427,234.18945017685138,-257.309886478225,-298.8533487722947,0.5091656663920665,3,calibration,2,dot,0.3,0,calibration
1.7937440999085084,109,208.0,-384.0,18.973665961010276,True,211.28424468493543,232.09752778828923,-266.68680010679066,-281.5848561421829,2.062485974961846,3,calibration,2,dot,0.3,0,calibration
1.8105972999474034,110,227.0,-388.0,19.4164878389476,True,203.41181536303637,227.77273689743305,-272.078537165533,-264.72488134516743,5.12935902943415,3,calibration,2,dot,0.3,0,calibration
1.826970799942501,111,254.0,-391.0,20.0,True,195.97801626817383,221.59499608316392,-274.6457444333182,-248.80019017994098,8.532002299711323,3,calibration,2,dot,0.3,0,calibration
1.8435801999876276,112,272.0,-391.0,18.0,True,189.13725370006938,214.18740659301574,-275.2314250549033,-234.89707531504746,11.4543277839179,3,calibration,2,dot,0.3,0,calibration
1.860394199960865,113,288.0,-391.0,16.0,True,183.3260111321143,205.2237825395759,-274.220032038882,-223.71960128612588,10.14576306857005,3,calibration,2,dot,0.3,0,calibration
1.877815300016664,114,319.0,-391.0,20.0,True,177.9477352540777,195.21515862376523,-272.16513153872717,-214.91637754877613,14.013307840800422,3,calibration,2,dot,0.3,0,calibration
1.8934030999662355,115,339.0,-388.0,20.0,True,173.0107949153578,183.36435590372145,-269.1633569450354,-206.44304647825447,19.745848540259338,3,calibration,2,dot,0.3,0,calibration
1.9110060000093654,116,362.0,-382.0,20.0,True,169.0203354812929,170.66526158500605,-265.2072112539327,-197.1692241256509,22.85475772630854,3,calibration,2,dot,0.3,0,calibration
1.9272257999982685,117,400.0,-366.0,20.0,True,166.16184433007052,156.80274862370183,-260.5910117663186,-186.0914055873073,25.577891956774195,3,calibration,2,dot,0.3,0,calibration
1.9435846999986097,118,432.0,-348.0,20.0,True,164.04319557766695,142.4514925741714,-255.33295803821522,-172.92879942030112,27.817960538188757,3,calibration,2,dot,0.3,0,calibration
1.960238799918443,119,460.0,-326.0,20.0,True,161.9769521049429,127.8211103778071,-249.48935198595726,-156.87899259196223,31.425335215692442,3,calibration,2,dot,0.3,0,calibration
1.9773018999258056,120,505.0,-288.0,20.0,True,159.61247230825325,113.62196133660389,-242.81122616628616,-138.83054742037547,32.64275786802996,3,calibration,2,dot,0.3,0,calibration
1.9938632999546826,121,529.0,-265.0,20.0,True,156.9885374105144,99.49601585443634,-236.05992139082375,-120.30523313069818,34.18838975720887,3,calibration,2,dot,0.3,0,calibration
2.010687700007111,122,564.0,-218.0,20.0,True,154.42629225645737,86.02244328191163,-230.54888955983512,-103.08152326039959,36.908234988799016,3,calibration,2,dot,0.3,0,calibration
2.0271486999699846,123,590.0,-183.0,20.0,True,152.37492208495192,71.89322727436092,-225.40956256595564,-86.82498596901695,36.505058359179536,3,calibration,2,dot,0.3,0,calibration
2.043593499925919,124,612.0,-151.0,20.0,True,151.15075539153597,57.54125478045222,-220.6578395209925,-71.73340290036202,36.50705188567916,3,calibration,2,dot,0.3,0,calibration
2.060784599976614,125,636.0,-117.0,20.0,True,150.6210596221627,41.9198234667201,-216.07429527156555,-56.59256672106706,35.70109640960192,3,calibration,2,dot,0.3,0,calibration
2.07694239995908,126,665.0,-63.0,20.0,True,150.41541861754638,26.808620548908493,-212.34463084917638,-41.588616178560294,37.129237993527475,3,calibration,2,dot,0.3,0,calibration
2.0936252999817953,127,689.0,-20.0,20.0,True,150.33939476886357,12.70920263927529,-209.19402311935482,-26.42533370310967,36.597952041500655,3,calibration,2,dot,0.3,0,calibration
2.1109736999496818,128,717.0,46.0,20.0,True,150.31197652241124,-0.22715223053973865,-206.75546083985176,-11.479671582629502,37.85732094435894,3,calibration,2,dot,0.3,0,calibration
2.1269395999843255,129,734.0,82.0,20.0,True,150.30221815627024,-13.236944652061744,-204.59531170836522,3.1812204961036112,37.228049442588585,3,calibration,2,dot,0.3,0,calibration
2.1436208999948576,130,747.0,115.0,20.0,True,150.29877033214427,-26.093271879937944,-202.61352261403835,17.849264168309123,38.03224931823494,3,calibration,2,dot,0.3,0,calibration
2.1601038000080734,131,760.0,160.0,20.0,True,150.29755711450485,-38.217755349654965,-200.7537303034461,32.8207836975641,38.96683912935124,3,calibration,2,dot,0.3,0,calibration
2.1766026999102905,132,765.0,197.0,20.0,True,150.29713119249197,-49.67519705606773,-199.02722049210385,47.358723136793714,39.817350902598044,3,calibration,2,dot,0.3,0,calibration
2.193411099957302,133,768.0,233.0,20.0,True,150.29698186061964,-61.09226511560621,-197.54440873259387,61.373406206476325,39.925977224519336,3,calibration,2,dot,0.3,0,calibration
2.2099285000003874,134,768.0,275.0,20.0,True,150.29692954263078,-72.90084760595771,-196.4889695972655,74.09935758479023,39.93156906016115,3,calibration,2,dot,0.3,0,calibration
2.226784099941142,135,759.0,309.0,20.0,True,150.296911220968,-84.28529191550308,-196.47011185753814,86.14522589707465,38.66016522330157,3,calibration,2,dot,0.3,0,calibration
2.243884800001979,136,750.0,336.0,20.0,True,150.2969048063127,-96.32662174835458,-196.34681701327116,97.9887601062561,37.88046349603608,3,calibration,2,dot,0.3,0,calibration
2.2600373999448493,137,727.0,377.0,20.0,True,150.2969025607687,-108.6671715383902,-196.44669623680596,109.80416851246454,34.9678094501785,3,calibration,2,dot,0.3,0,calibration
2.276639199932106,138,710.0,401.0,20.0,True,150.29690177474532,-121.76860759128019,-196.67846534203719,122.18639726930377,32.85446760019474,3,calibration,2,dot,0.3,0,calibration
2.29333479993511,139,685.0,429.0,20.0,True,150.11338799303923,-134.35001815883078,-197.05007284504043,136.14872440353068,29.990762583832073,3,calibration,2,dot,0.3,0,calibration
2.3100514999823645,140,668.0,444.0,20.0,True,149.27840144179748,-146.31688241117294,-196.98609269375484,152.9097216023842,25.33157064811573,3,calibration,2,dot,0.3,0,calibration
2.3267425999511033,141,650.0,462.0,20.0,True,147.272139997393,-158.0739047274149,-195.69796081374818,171.5343379099138,24.694395296257312,3,calibration,2,dot,0.3,0,calibration
2.3433607999468222,142,618.0,496.0,20.0,True,143.65795616941946,-170.4925862471915,-193.38900298495798,190.0578387177226,22.910204091998917,3,calibration,2,dot,0.3,0,calibration
2.3602681999327615,143,597.0,517.0,20.0,True,138.41559349338866,-183.1063557578578,-189.4382658086304,209.07438405111603,18.601542848595688,3,calibration,2,dot,0.3,0,calibration
2.3768172999843955,144,569.0,538.0,20.0,True,131.74798974474163,-195.1388102462316,-184.11416307000815,228.80310519799048,10.157943613040947,3,calibration,2,dot,0.3,0,calibration
2.393347500008531,145,529.0,554.0,20.0,True,123.95169215906662,-205.82856102678514,-177.64802189933596,249.4997937776288,-3.388667192893844,3,calibration,2,dot,0.3,0,calibration
2.4101849999278784,146,510.0,560.0,19.924858845171276,True,115.08383931836536,-215.9122735728887,-171.05647590337892,269.0735083293423,-8.419237508338185,3,calibration,2,dot,0.3,0,calibration
2.4268405999755487,147,495.0,564.0,15.524174696260024,True,104.42104510992266,-226.1236813627547,-164.20670998543412,288.061886542494,-9.394109207339236,3,calibration,2,dot,0.3,0,calibration
2.443549899966456,148,480.0,567.0,15.297058540778355,True,91.10266370455192,-236.99828473284538,-154.9889460776066,307.04765104267284,-13.574060728852212,3,calibration,2,dot,0.3,0,calibration
2.4600492999888957,149,470.0,567.0,10.0,True,72.59557159840563,-249.42154479777466,-142.04962871196244,324.51454469158443,-14.25535586302339,3,calibration,2,dot,0.3,0,calibration
2.4770230000140145,150,452.0,561.0,18.973665961010276,True,50.22774191783949,-262.55838560095873,-124.25980379901779,335.9337639783986,-36.94859533898331,3,calibration,2,dot,0.3,0,calibration
2.4935456999810413,151,420.0,545.0,20.0,True,25.91620281381545,-275.24523581521913,-106.29670848299486,340.68231027979226,-39.57736676565527,3,calibration,2,dot,0.3,0,calibration
2.510203499929048,152,394.0,531.0,20.0,True,3.099793989364951,-285.3407217216277,-89.81794661452602,340.83261223065597,-37.63533895356009,3,calibration,2,dot,0.3,0,calibration
2.527072299970314,153,376.0,521.0,20.0,True,-18.48296326180616,-292.1155647808389,-75.40520253590878,338.3191261456854,-35.14410239854992,3,calibration,2,dot,0.3,0,calibration
2.5432512999977916,154,366.0,514.0,12.206555615733702,True,-39.58362802053436,-296.0526119828629,-61.95588359093874,334.19413910651565,-18.622145529486353,3,calibration,2,dot,0.3,0,calibration
2.559950799914077,155,358.0,510.0,8.94427190999916,True,-60.1384705053859,-298.0190191897032,-48.565341366050625,329.9829369103907,-14.776050901436875,3,calibration,2,dot,0.3,0,calibration
2.576924299937673,156,349.0,500.0,13.45362404707371,True,-79.87631669433253,-298.91670660261434,-36.663762190478266,323.5480532897734,-12.605871692283204,3,calibration,2,dot,0.3,0,calibration
2.5934556999709457,157,337.0,486.0,18.439088914585774,True,-98.10194144021509,-298.4469753956209,-26.351993044996284,315.29160150301135,-12.25234236181518,3,calibration,2,dot,0.3,0,calibration
2.6102381999371573,158,321.0,464.0,20.0,True,-114.54370984692872,-296.47416355363913,-18.082762311162455,305.0422136030917,-4.550724192684779,3,calibration,2,dot,0.3,0,calibration
2.627061999985017,159,307.0,439.0,20.0,True,-128.36683445559171,-292.30226861315697,-10.496770682939236,292.99033062432983,5.249145418230068,3,calibration,2,dot,0.3,0,calibration
2.644085399922915,160,297.0,422.0,19.72308292331602,True,-140.04876413945294,-285.4662288070078,-3.5696647605187763,279.1690448860513,10.672542929226504,3,calibration,2,dot,0.3,0,calibration
2.6606127999257296,161,292.0,407.0,15.811388300841896,True,-149.72701739433973,-274.199115529755,3.3811901773874027,264.63294723616383,19.495990795023893,3,calibration,2,dot,0.3,0,calibration
2.676988299936056,162,286.0,384.0,20.0,True,-157.07678095866703,-260.1308614642481,10.307669673357903,249.87039489018525,30.190291429198084,3,calibration,2,dot,0.3,0,calibration
2.6931960999500006,163,276.0,345.0,20.0,True,-161.6345109839833,-245.8414793943757,16.409825664258264,234.96380315235982,32.994908366317716,3,calibration,2,dot,0.3,0,calibration
2.70979220001027,164,258.0,260.0,20.0,True,-163.25975203524177,-234.74628638916192,21.51492533098431,220.43197506657594,35.84576067573536,3,calibration,2,dot,0.3,0,calibration
2.727000999962911,165,253.0,218.0,20.0,True,-162.5499989655928,-226.61621412259422,25.271923403242035,205.64744220624956,38.65585687877898,3,calibration,2,dot,0.3,0,calibration
2.743859599926509,166,253.0,162.0,20.0,True,-159.1096517983973,-219.61809476788386,28.035844210203592,191.3488445770578,37.58487706689651,3,calibration,2,dot,0.3,0,calibration
2.7717597999144346,167,260.0,98.0,20.0,True,-152.5875491534925,-212.11742353008344,30.26673712344109,175.42565834169733,33.56685053727939,3,calibration,2,dot,0.3,0,calibration
2.776876899995841,168,270.0,65.0,20.0,True,-143.2770280366069,-203.80232828630028,32.94042698675558,158.24404257709517,28.228339365259387,3,calibration,2,dot,0.3,0,calibration
2.7939662999706343,169,275.0,50.0,15.811388300841896,True,-131.8227888639557,-195.44150548420544,35.97716437299235,139.16594247842974,20.404564384289866,3,calibration,2,dot,0.3,0,calibration
2.809844399918802,170,289.0,21.0,20.0,True,-118.74239678063762,-188.21362324494567,39.50147630910411,119.73736772808294,20.374343847597387,3,calibration,2,dot,0.3,0,calibration
2.826830199919641,171,306.0,-7.0,20.0,True,-104.91768086035637,-183.08016729697724,43.49843145552473,100.29719533176555,15.056469562560423,3,calibration,2,dot,0.3,0,calibration
2.8468019999563694,172,334.0,-40.0,20.0,True,-89.4210662341324,-180.1204210093083,47.83027935470855,81.72687315357385,7.942088859371388,3,calibration,2,dot,0.3,0,calibration
2.8612654999597,173,341.0,-46.0,9.219544457292887,True,-73.69930726126191,-178.85190246744816,52.56439782892811,64.24358656169083,1.12622706793945,3,calibration,2,dot,0.3,0,calibration
2.8772548999404535,174,368.0,-64.0,20.0,True,-57.97075180715173,-178.36139950956192,57.4762149591392,47.43854072053962,-0.9700927880174226,3,calibration,2,dot,0.3,0,calibration
2.897762199980207,175,390.0,-74.0,20.0,True,-43.53881293869401,-178.1804191806547,62.947624395383556,30.674862387595997,-4.5852105774306455,3,calibration,2,dot,0.3,0,calibration
2.914783600019291,176,435.0,-96.0,20.0,True,-29.82048894603193,-178.11521520680776,68.36011104095805,14.046560001968544,-4.011617731854045,3,calibration,2,dot,0.3,0,calibration
2.9275164999999106,177,460.0,-106.0,20.0,True,-16.12861971418984,-178.09202164421546,73.6108969442767,-1.7152081059503903,-5.640814899365198,3,calibration,2,dot,0.3,0,calibration
2.943760099937208,178,475.0,-110.0,15.524174696260024,True,-2.401347559493047,-177.80855920308704,78.54406006733444,-16.268398030583562,-6.310466360172678,3,calibration,2,dot,0.3,0,calibration
2.962689199950546,179,499.0,-115.0,20.0,True,11.622518295903173,-177.37900814997593,83.10717609805039,-31.440607647760746,-9.900160908143805,3,calibration,2,dot,0.3,0,calibration
2.977169999969192,180,538.0,-123.0,20.0,True,26.449329755118647,-176.88732718177192,87.40824029422046,-46.647716258994606,-10.248805606883444,3,calibration,2,dot,0.3,0,calibration
2.9939077999442816,181,584.0,-125.0,20.0,True,41.97226999725785,-176.6469712229775,92.19173041516616,-61.8920972135336,-13.154163230167624,3,calibration,2,dot,0.3,0,calibration
0.0038897000486031175,1,166.0,-77.0,20.0,True,294.87935882587516,-2.6231028011662394,-305.3444816618064,1.1393807850649613,7.188303990201623,4,calibration,2,square,0.35,0,calibration
0.009024700033478439,2,166.0,-77.0,0.0,False,281.9661301124503,-4.744542892671316,-317.40547554009675,3.7737077381203283,0.0,4,calibration,2,square,0.35,0,calibration
0.024205800029449165,3,197.0,-84.0,20.0,True,271.4577875341352,-13.267864487372808,-329.8961426813577,6.062193333915891,7.606865395874724,4,calibration,2,square,0.35,0,calibration
0.040447300067171454,4,246.0,-89.0,20.0,True,261.8476990460294,-25.25316501668318,-342.15297426209855,8.055819951459233,9.101906693162542,4,calibration,2,square,0.35,0,calibration
0.0574201000854373,5,305.0,-79.0,20.0,True,251.6912824613363,-38.709891681909134,-353.5360594910357,9.400726122322231,4.643756590622898,4,calibration,2,square,0.35,0,calibration
0.07392840005923063,6,332.0,-61.0,20.0,True,238.0704123173337,-49.48489290449774,-365.2721637615569,10.409476175988695,-4.304176727744626,4,calibration,2,square,0.35,0,calibration
0.09122010006103665,7,353.0,-42.0,20.0,True,223.47674725880378,-59.355013512448245,-378.6937100797951,11.278750796464685,-5.869681656039192,4,calibration,2,square,0.35,0,calibration
0.1075461000436917,8,372.0,-5.0,20.0,True,208.06835542487138,-66.27910486887929,-393.9369006179364,12.094844856889676,-7.453940694755029,4,calibration,2,square,0.35,0,calibration
0.1240263000363484,9,375.0,23.0,20.0,True,192.56277918992976,-72.45165208695185,-399.8087827873353,12.366778323773952,-7.930657043759486,4,calibration,2,square,0.35,0,calibration
0.1407164999982342,10,375.0,43.0,20.0,True,177.51320342065193,-80.09714593200263,-399.808712835946,12.369039593439297,-9.679923573135266,4,calibration,2,square,0.35,0,calibration
0.15733700001146644,11,364.0,70.0,20.0,True,163.0659145969856,-88.7485713547758,-399.78684797492633,13.056652950628035,-12.087671366232904,4,calibration,2,square,0.35,0,calibration
0.1741041000932455,12,352.0,88.0,20.0,True,149.58141871315868,-99.3446804566528,-399.73355278821066,14.597492089903486,-15.054358757034711,4,calibration,2,square,0.35,0,calibration
0.19101370009593666,13,336.0,103.0,20.0,True,136.11919653902692,-113.05694308864953,-399.6510338719855,16.704823406821063,-16.53234093380457,4,calibration,2,square,0.35,0,calibration
0.20721330004744232,14,261.0,135.0,20.0,True,122.91014068560159,-129.28580657191796,-399.55821709259294,18.794444758714416,-14.036362550830635,4,calibration,2,square,0.35,0,calibration
0.2244055001065135,15,229.0,144.0,20.0,True,110.41807309195008,-146.2407206588165,-399.4641871206199,20.696937166217754,-12.853632845564999,4,calibration,2,square,0.35,0,calibration
0.24080180004239082,16,149.0,169.0,20.0,True,99.64505485814617,-161.93183791542998,-399.32303993140647,23.261766483660626,-14.063336446848345,4,calibration,2,square,0.35,0,calibration
0.2580040000611916,17,92.0,185.0,20.0,True,90.04535959979695,-176.5996012075125,-399.1047667688573,26.74668469878129,-13.968517316360078,4,calibration,2,square,0.35,0,calibration
0.2746037000324577,18,74.0,188.0,18.24828759089466,True,81.19144531176985,-190.70587458041436,-398.78297162783593,31.17918439716781,-10.83519496493474,4,calibration,2,square,0.35,0,calibration
0.29111690004356205,19,22.0,189.0,20.0,True,72.65803237047233,-204.91799937087094,-398.33227318454567,36.48835621992935,-8.621773097781023,4,calibration,2,square,0.35,0,calibration
0.3076211001025513,20,-16.0,180.0,20.0,True,64.51178089560928,-219.52670477541452,-397.7831201337947,42.05459947048621,-2.556235237867608,4,calibration,2,square,0.35,0,calibration
0.3241993000265211,21,-52.0,165.0,20.0,True,56.492877704603615,-234.6918236341352,-397.1108253795397,47.98950266861228,1.9538843054416821,4,calibration,2,square,0.35,0,calibration
0.34045130002778023,22,-99.0,142.0,20.0,True,48.398558931641325,-249.6240859585014,-396.33756142096394,54.00497576042064,4.547314169202535,4,calibration,2,square,0.35,0,calibration
0.3572770000901073,23,-121.0,130.0,20.0,True,39.06814382514366,-265.9300362032625,-395.36929315548747,60.68873066501059,7.19048967591344,4,calibration,2,square,0.35,0,calibration
0.3739072000607848,24,-139.0,119.0,20.0,True,28.692959367324775,-283.41448464467,-394.12017776748127,68.33217014356421,9.9687345171649,4,calibration,2,square,0.35,0,calibration
0.3905772001016885,25,-168.0,98.0,20.0,True,17.4209796020168,-301.68064977593053,-392.6177530568545,76.49379049692078,13.160701674896654,4,calibration,2,square,0.35,0,calibration
0.4075690000317991,26,-193.0,75.0,20.0,True,6.6145198123695845,-318.64027637362665,-390.9268558783505,84.71241557804473,17.063118736284565,4,calibration,2,square,0.35,0,calibration
0.42461050010751933,27,-229.0,34.0,20.0,True,-3.7949661436621227,-334.6153061607852,-389.0971096751941,92.75472625376021,20.267034523558113,4,calibration,2,square,0.35,0,calibration
0.44065030000638217,28,-261.0,-14.0,20.0,True,-14.109145868743747,-350.00932545161334,-387.0318473497931,101.02647740571012,23.91479988755483,4,calibration,2,square,0.35,0,calibration
0.4575043000513688,29,-297.0,-78.0,20.0,True,-24.569404507391532,-365.165573085388,-384.6154441161881,109.86792137520129,26.14784327198325,4,calibration,2,square,0.35,0,calibration
0.47397200006525964,30,-331.0,-186.0,20.0,True,-34.934252175208194,-380.71341898724575,-381.78007245324466,119.34813059950001,30.170837404021373,4,calibration,2,square,0.35,0,calibration
0.4910971000790596,31,-342.0,-277.0,20.0,True,-44.75482013869535,-396.8953066394165,-378.0247308063439,130.7566552753291,33.47652401798512,4,calibration,2,square,0.35,0,calibration
0.5078384000808001,32,-344.0,-331.0,20.0,True,-52.25281569217391,-396.5723682409551,-373.286962021324,143.72488992826055,35.112235201870945,4,calibration,2,square,0.35,0,calibration
0.5240171001059934,33,-337.0,-382.0,20.0,True,-58.65330169009271,-395.67637053639044,-367.5834192122319,157.74165562794312,35.76540371550532,4,calibration,2,square,0.35,0,calibration
0.5405716000823304,34,-322.0,-446.0,20.0,True,-64.17056292290225,-394.81912169265286,-361.65619874699047,170.89410144261072,35.32227520701604,4,calibration,2,square,0.35,0,calibration
0.5575338000198826,35,-281.0,-549.0,20.0,True,-68.59255631090156,-394.0749436575939,-355.9084814538939,182.5627366939465,33.037852310226306,4,calibration,2,square,0.35,0,calibration
0.5737435000482947,36,-247.0,-599.0,20.0,True,-72.17469708464269,-393.4346363765398,-350.2738008147386,193.15347385640476,27.180670201127842,4,calibration,2,square,0.35,0,calibration
0.5904774001101032,37,-212.0,-599.0,20.0,True,-75.06636962204038,-392.8931663337595,-344.2338765278103,203.72294483105296,-12.266630078978093,4,calibration,2,square,0.35,0,calibration
0.6071802000515163,38,-163.0,-599.0,20.0,True,-78.57516230070118,-392.20650666379623,-336.99242258161587,215.49038754100744,-18.33133364548624,4,calibration,2,square,0.35,0,calibration
0.6238011000677943,39,-137.0,-599.0,20.0,True,-83.73529220229368,-391.137317114842,-326.92872252347746,227.58747949049587,-24.55977005052513,4,calibration,2,square,0.35,0,calibration
0.6405455000931397,40,-106.0,-599.0,20.0,True,-91.56454616434854,-389.3789078593201,-314.1067382496939,239.628988442558,-30.814096245588118,4,calibration,2,square,0.35,0,calibration
0.6577552000526339,41,-54.0,-597.0,20.0,True,-102.33167912636723,-386.6887992264299,-300.1999037291654,250.81904510841596,-35.62797140449612,4,calibration,2,square,0.35,0,calibration
0.6737949000671506,42,-10.0,-583.0,20.0,True,-115.4878525215708,-382.9654761462917,-287.11529803678195,260.4210286386519,-36.641826976990316,4,calibration,2,square,0.35,0,calibration
0.6904649001080543,43,47.0,-557.0,20.0,True,-129.51125668571166,-377.73919077617904,-276.8061880932096,267.88120565484047,-33.7595724569332,4,calibration,2,square,0.35,0,calibration
0.7069834000431001,44,138.0,-506.0,20.0,True,-143.0524045866008,-371.43482070508355,-269.4983155044626,273.4573431619569,-31.49132847400892,4,calibration,2,square,0.35,0,calibration
0.7236725999973714,45,194.0,-474.0,20.0,True,-155.38161118662828,-364.88909820186484,-264.15759566210255,277.73857987214706,-30.43963748750088,4,calibration,2,square,0.35,0,calibration
0.7405774000799283,46,250.0,-439.0,20.0,True,-165.5878885400288,-357.3109137294678,-259.17796631176776,280.92874700601305,-27.29649764725426,4,calibration,2,square,0.35,0,calibration
0.7571215000934899,47,364.0,-349.0,20.0,True,-174.11802218098774,-347.4767710859654,-252.62481394812042,283.5073175479556,-20.06932229190521,4,calibration,2,square,0.35,0,calibration
0.7746440001064911,48,398.0,-323.0,20.0,True,-182.53761168763353,-332.86598834805915,-243.44437412029998,285.31512793103315,-15.341093465637346,4,calibration,2,square,0.35,0,calibration
0.7906484000850469,49,463.0,-260.0,20.0,True,-191.46526125692287,-314.8357390139364,-231.80540761008672,286.5375292267097,-9.635243235121,4,calibration,2,square,0.35,0,calibration
0.8072561000008136,50,497.0,-226.0,20.0,True,-200.36411506023035,-295.8743733678182,-218.69170740485953,287.0833032125164,-7.923960206987472,4,calibration,2,square,0.35,0,calibration
0.823711600038223,51,518.0,-201.0,20.0,True,-207.52997034336494,-280.6322739642321,-204.93900053514227,287.1957594332827,-4.602806763488974,4,calibration,2,square,0.35,0,calibration
0.8405323000624776,52,538.0,-172.0,20.0,True,-213.19895837952788,-269.0024275349996,-190.83591997787642,286.606497891318,-0.8330689836803973,4,calibration,2,square,0.35,0,calibration
0.856959700002335,53,549.0,-145.0,20.0,True,-218.11181511677043,-259.7969854277398,-177.09562126262304,285.04871553902416,7.376113041014829,4,calibration,2,square,0.35,0,calibration
0.8735905000939965,54,563.0,-106.0,20.0,True,-222.8722019040635,-251.5624926051102,-163.98798424152466,282.19015593860087,10.323493026914168,4,calibration,2,square,0.35,0,calibration
0.8903869000496343,55,583.0,-54.0,20.0,True,-227.6509713716632,-243.12233595600372,-150.38570537743104,278.0710570240496,11.245268606801236,4,calibration,2,square,0.35,0,calibration
0.9068222000496462,56,591.0,-9.0,20.0,True,-232.80908174358242,-234.57509492132218,-134.83266508941978,272.6346562289873,18.24318063846102,4,calibration,2,square,0.35,0,calibration
0.9239527001045644,57,593.0,1.0,10.198039027185569,True,-237.6330251144155,-225.6525986821794,-116.30045471339417,266.2555230094429,9.209141844790524,4,calibration,2,square,0.35,0,calibration
0.9406162000959739,58,592.0,26.0,20.0,True,-241.7370744553242,-217.94552387301948,-95.34689166206526,258.6328870422296,25.59783940466741,4,calibration,2,square,0.35,0,calibration
0.9571336000226438,59,591.0,46.0,20.0,True,-244.67513270122333,-211.35805127247374,-73.16797516475062,250.1880130720521,26.690945758491097,4,calibration,2,square,0.35,0,calibration
0.9739136000862345,60,585.0,73.0,20.0,True,-247.3483790732842,-204.5746765534347,-50.7910631016049,240.76504510820138,31.330485450293516,4,calibration,2,square,0.35,0,calibration
0.9911170999985188,61,581.0,82.0,9.848857801796104,True,-250.922271327496,-196.2397778250316,-29.616844787230672,230.75953072730792,17.30969042672201,4,calibration,2,square,0.35,0,calibration
1.0075330000836402,62,577.0,90.0,8.94427190999916,True,-255.85672228824345,-185.40868456563896,-10.343784293048468,220.09347687367824,16.31192895269506,4,calibration,2,square,0.35,0,calibration
1.0248239000793546,63,574.0,94.0,5.0,True,-262.98647151718865,-172.44828111153413,7.457071058792327,208.28769351339696,9.66163783498082,4,calibration,2,square,0.35,0,calibration
1.0409367000684142,64,569.0,100.0,7.810249675906654,True,-271.671879850156,-158.1158807267501,24.274840487568895,195.390539783899,15.34149062001981,4,calibration,2,square,0.35,0,calibration
1.0574521000962704,65,554.0,116.0,20.0,True,-280.64476560439977,-143.17136453877717,40.04205873424427,182.0750647975274,39.41521623283704,4,calibration,2,square,0.35,0,calibration
1.0738419000990689,66,534.0,131.0,20.0,True,-288.85339870863163,-129.4084392025377,53.870170515159,169.11666594937032,38.38229666614458,4,calibration,2,square,0.35,0,calibration
1.0906201000325382,67,515.0,145.0,20.0,True,-295.4812212786877,-116.05784586520234,66.19455541900267,156.28179008448242,37.49558274898156,4,calibration,2,square,0.35,0,calibration
1.1078350000316277,68,501.0,155.0,17.204650534085253,True,-301.4013086125525,-102.25056078095315,77.72547661233052,143.69415929217746,31.538278403139095,4,calibration,2,square,0.35,0,calibration
1.1240087000187486,69,483.0,170.0,20.0,True,-306.9960870379566,-86.80621278819123,88.8231022655397,131.6424722038841,37.09761068798244,4,calibration,2,square,0.35,0,calibration
1.1402943000430241,70,468.0,187.0,20.0,True,-312.03186425947246,-69.7575048715574,99.02289816630997,120.6854580435561,38.12380543034055,4,calibration,2,square,0.35,0,calibration
1.156872000079602,71,445.0,213.0,20.0,True,-316.28698259654516,-53.03385166436745,108.86136977177712,110.29299793432813,37.77353913940909,4,calibration,2,square,0.35,0,calibration
1.1736178999999538,72,410.0,249.0,20.0,True,-319.70546788693673,-35.50410142235525,118.76826385895819,100.0322640675177,36.743135901623056,4,calibration,2,square,0.35,0,calibration
1.1904923000838608,73,391.0,266.0,20.0,True,-322.1486391010071,-17.87609707290537,129.9638995805127,89.70230946972993,35.25347827397536,4,calibration,2,square,0.35,0,calibration
1.20852530002594,74,371.0,284.0,20.0,True,-323.45396486414336,0.1905885425628817,142.78291605382225,78.91645711001557,34.40467063366817,4,calibration,2,square,0.35,0,calibration
1.2238331000553444,75,361.0,292.0,12.806248474865697,True,-324.08658602059097,16.257120602588277,157.3239424527606,67.98685781313993,21.18766380161755,4,calibration,2,square,0.35,0,calibration
1.240652700071223,76,343.0,304.0,20.0,True,-324.12602473447294,29.892827101658327,172.2898321352521,58.03162435146009,31.14207789726389,4,calibration,2,square,0.35,0,calibration
1.2566942000994459,77,329.0,313.0,16.64331697709324,True,-323.41376602773107,41.54273296489623,186.75594764452407,50.46107923787853,24.706028516329766,4,calibration,2,square,0.35,0,calibration
1.2735792000312358,78,312.0,320.0,18.384776310850235,True,-321.8254942613339,51.96455207470006,200.4066900250267,45.870480579696675,22.703401832529263,4,calibration,2,square,0.35,0,calibration
1.2905905999941751,79,296.0,325.0,16.76305461424021,True,-318.6481169950117,62.32939839215339,212.82675033099193,43.67128671418746,16.717671878136883,4,calibration,2,square,0.35,0,calibration
1.307238700101152,80,272.0,332.0,20.0,True,-313.1708426217043,71.92201640981028,223.40119504621586,42.7830719942301,14.944101292949723,4,calibration,2,square,0.35,0,calibration
1.3234769999980927,81,259.0,335.0,13.341664064126334,True,-304.9694188546729,79.68414339332686,231.92303374372014,42.959254372489006,5.55560011446849,4,calibration,2,square,0.35,0,calibration
1.3403179000597447,82,243.0,336.0,16.0312195418814,True,-294.31740802387463,83.35824571562185,239.34298084210053,44.34414627968798,0.7454484606982635,4,calibration,2,square,0.35,0,calibration
1.356936400057748,83,206.0,330.0,20.0,True,-283.2528981794941,80.96313800284146,247.11778102804283,47.85159134187825,0.6942314460683652,4,calibration,2,square,0.35,0,calibration
1.3736632000654936,84,177.0,318.0,20.0,True,-273.32285204330964,71.79835517840118,255.87994248919262,53.87195030250743,11.168031249555483,4,calibration,2,square,0.35,0,calibration
1.3900643000379205,85,146.0,305.0,20.0,True,-264.24899153750147,57.947073813001865,266.28397812360674,63.16886080102785,15.269677260983222,4,calibration,2,square,0.35,0,calibration
1.406851900042966,86,133.0,298.0,14.7648230602334,True,-255.61477917504217,40.47449939925069,277.4197778833218,74.50057619541755,14.62094651690886,4,calibration,2,square,0.35,0,calibration
1.4235987000865862,87,121.0,291.0,13.892443989449804,True,-247.610565809522,22.171359183360288,288.434511196904,86.82422705561297,14.821405713616562,4,calibration,2,square,0.35,0,calibration
1.4401083000702783,88,91.0,266.0,20.0,True,-240.16515640642336,3.7364300227785208,297.5948610039327,98.73379503345095,25.634399512857158,4,calibration,2,square,0.35,0,calibration
1.4568998001050204,89,64.0,238.0,20.0,True,-232.86919605735125,-15.086468333045499,304.51795796482673,110.65263608557584,27.828400861336448,4,calibration,2,square,0.35,0,calibration
1.4745453000068665,90,4.0,153.0,20.0,True,-225.21480540129548,-34.816318626286645,309.1145561370459,123.42277417616322,30.341409625271105,4,calibration,2,square,0.35,0,calibration
1.490242600091733,91,-28.0,107.0,20.0,True,-217.315592621066,-55.30984493435595,311.7709766288836,136.86477928416485,29.532601729966032,4,calibration,2,square,0.35,0,calibration
1.5072174000088125,92,-49.0,71.0,20.0,True,-208.63309407389625,-75.48382787816281,313.1145487887989,150.51456907832198,30.06416818433309,4,calibration,2,square,0.35,0,calibration
1.5237118999939412,93,-80.0,16.0,20.0,True,-199.37013675071586,-95.02651027392284,313.6675640423237,162.59718766696625,29.391740861631813,4,calibration,2,square,0.35,0,calibration
1.5402781000593677,94,-102.0,-27.0,20.0,True,-189.20783083588705,-114.03694820603832,313.87767238056824,172.98610611870785,29.393216046690632,4,calibration,2,square,0.35,0,calibration
1.5570939000463113,95,-123.0,-72.0,20.0,True,-178.73192662315833,-132.6026707500548,313.75021813739613,181.7359804336992,29.626473647724367,4,calibration,2,square,0.35,0,calibration
1.5739354999968782,96,-151.0,-142.0,20.0,True,-168.70859152116378,-150.30018975178308,312.64389691267473,189.90724224452103,29.902482253720972,4,calibration,2,square,0.35,0,calibration
1.5904158001067117,97,-164.0,-187.0,20.0,True,-158.59373694202898,-168.22043527337755,309.49055751785096,198.079303029082,29.932142010000447,4,calibration,2,square,0.35,0,calibration
1.6070183000992984,98,-177.0,-250.0,20.0,True,-148.4031359636039,-186.00463352115298,303.9519108686898,206.49660888595136,29.12647247385501,4,calibration,2,square,0.35,0,calibration
1.6242809999966994,99,-189.0,-302.0,20.0,True,-138.06129604252445,-203.84103028202435,295.61021440987093,215.04874360442855,25.4135311621355,4,calibration,2,square,0.35,0,calibration
1.640140000032261,100,-200.0,-350.0,20.0,True,-128.5867216203485,-219.95375022858855,284.56584411405436,222.84065599588882,22.128004001818336,4,calibration,2,square,0.35,0,calibration
1.6565423000138253,101,-209.0,-397.0,20.0,True,-119.8796589079393,-234.53876413839507,270.49464322215573,229.69425118352737,20.157911141822108,4,calibration,2,square,0.35,0,calibration
1.67342450004071,102,-220.0,-444.0,20.0,True,-111.76522163133698,-247.95095264912035,252.0876340105629,235.67638194903532,15.986874467123055,4,calibration,2,square,0.35,0,calibration
1.69054270000197,103,-228.0,-474.0,20.0,True,-103.45410720153734,-261.25459956885953,229.87338627318462,241.040586725179,13.185784227862127,4,calibration,2,square,0.35,0,calibration
1.7067605000920594,104,-230.0,-487.0,13.152946437965905,True,-93.55299585352734,-275.4007087928164,204.74499874097336,245.10442090942195,9.604676502202263,4,calibration,2,square,0.35,0,calibration
1.7237622000975534,105,-234.0,-495.0,8.94427190999916,True,-83.39743043022506,-291.1349264925042,179.40400620643848,247.4747922800753,1.314770786728838,4,calibration,2,square,0.35,0,calibration
1.7408041000599042,106,-236.0,-502.0,7.280109889280518,True,-71.80899601715433,-307.4063757044562,154.96728175210364,248.49402814103766,2.834997497349646,4,calibration,2,square,0.35,0,calibration
1.756881900015287,107,-238.0,-509.0,7.280109889280518,True,-60.33656711987844,-323.4924967315177,132.77936056445085,248.07147082278152,2.4048745188349145,4,calibration,2,square,0.35,0,calibration
1.773501200019382,108,-239.0,-510.0,1.4142135623730951,True,-51.02293433232778,-340.8127835683127,113.60370726099848,245.724690172874,-0.7069313088184698,4,calibration,2,square,0.35,0,calibration
1.7903859000653028,109,-240.0,-512.0,2.23606797749979,True,-40.69256690762732,-358.09481928320037,97.76610991832791,241.09254426361406,-0.3176151886181603,4,calibration,2,square,0.35,0,calibration
1.8068616000236943,110,-241.0,-513.0,1.4142135623730951,True,-30.42246291611984,-375.2627064904075,85.08585531314274,233.8058723839765,-1.0204815915663041,4,calibration,2,square,0.35,0,calibration
1.823556000017561,111,-241.0,-514.0,1.0,True,-16.921478591899493,-389.4559454206524,74.72568634215952,224.60627850440602,0.06057261501147415,4,calibration,2,square,0.35,0,calibration
1.8403553999960423,112,-241.0,-515.0,1.0,True,-3.624803912489517,-399.9835756585463,65.42055047836338,212.90597225111958,-0.12084025842990909,4,calibration,2,square,0.35,0,calibration
1.8570848000235856,113,-241.0,-515.0,0.0,False,11.692275654060623,-399.8290768441303,56.431125448396045,198.6362107827951,0.0,4,calibration,2,square,0.35,0,calibration
1.8737639000173658,114,-241.0,-515.0,0.0,False,26.495476824280235,-399.1215224813792,46.62212663296179,178.83794082170147,0.0,4,calibration,2,square,0.35,0,calibration
1.8903083000332117,115,-241.0,-515.0,0.0,False,41.19281535749815,-397.87328631478016,37.157473522992426,155.2594906280678,0.0,4,calibration,2,square,0.35,0,calibration
1.9069830001099035,116,-241.0,-515.0,0.0,False,55.384975847737785,-396.1470742670524,27.837429335281442,129.37602861665113,0.0,4,calibration,2,square,0.35,0,calibration
1.9235438000177965,117,-241.0,-515.0,0.0,False,69.1646435932497,-393.9749383864648,19.90078380491956,104.43029895560093,0.0,4,calibration,2,square,0.35,0,calibration
1.9400050000986084,118,-241.0,-515.0,0.0,False,81.94634040316761,-391.51602431385635,12.714884911541581,79.85521877230718,0.0,4,calibration,2,square,0.35,0,calibration
1.95678060001228,119,-241.0,-515.0,0.0,False,94.31881554158812,-388.7209295044864,6.04936152395025,55.41835453725383,0.0,4,calibration,2,square,0.35,0,calibration
1.9737246000440791,120,-241.0,-515.0,0.0,False,107.38719419103742,-385.31544288255094,-0.48465898077726344,31.644471894669543,0.0,4,calibration,2,square,0.35,0,calibration
1.990305400104262,121,-241.0,-515.0,0.0,False,120.68825873582979,-381.3585507148272,-6.982779185334756,9.144916438136057,0.0,4,calibration,2,square,0.35,0,calibration
2.00735920004081,122,-241.0,-515.0,0.0,False,133.729465658387,-376.98332856337606,-14.18541909170893,-11.780805350972667,0.0,4,calibration,2,square,0.35,0,calibration
2.024337400100194,123,-241.0,-515.0,0.0,False,145.8603290029579,-372.4577350829875,-22.084511997284068,-31.725818764561392,0.0,4,calibration,2,square,0.35,0,calibration
2.040485700010322,124,-241.0,-515.0,0.0,False,158.79499024618733,-367.12961072721066,-30.828094576942373,-50.93515678614398,0.0,4,calibration,2,square,0.35,0,calibration
2.0568142000120133,125,-241.0,-515.0,0.0,False,172.5373611227482,-360.87512939630295,-39.8852433866724,-69.5020687862197,0.0,4,calibration,2,square,0.35,0,calibration
2.0739350001094863,126,-213.0,-472.0,20.0,True,185.16170350689663,-351.8784902441013,-49.260042107215966,-87.46068960971718,38.52197698511634,4,calibration,2,square,0.35,0,calibration
2.0905772000551224,127,-156.0,-387.0,20.0,True,196.21630497201716,-342.8051859498383,-59.60480968844166,-106.96844496074142,39.04250254127255,4,calibration,2,square,0.35,0,calibration
2.1072565000504255,128,-91.0,-289.0,20.0,True,205.541588320078,-334.2964862461026,-69.43931084198596,-127.88156158791568,39.18727141323052,4,calibration,2,square,0.35,0,calibration
2.125048100017011,129,11.0,-149.0,20.0,True,213.11665790699968,-326.26809444629544,-78.21020797494802,-149.9699444036954,39.20968749482024,4,calibration,2,square,0.35,0,calibration
2.1470645000226796,130,11.0,-149.0,0.0,False,219.07916220345763,-318.29647368257815,-84.89957083557809,-171.99344004949782,0.0,4,calibration,2,square,0.35,0,calibration
2.178887900081463,131,443.0,349.0,20.0,True,224.03022014002718,-309.1867087483917,-90.8249962700562,-194.6140387837201,37.467778743824454,4,calibration,2,square,0.35,0,calibration
2.1921734000789,132,486.0,392.0,20.0,True,228.93265003054898,-297.0447380571935,-96.98672042286385,-216.95467803409193,35.80152222773877,4,calibration,2,square,0.35,0,calibration
2.2349976000841707,133,680.0,574.0,20.0,True,233.90593594054133,-282.4875618932385,-103.74049001350318,-237.2608174990173,35.25237175068664,4,calibration,2,square,0.35,0,calibration
2.247103300062008,134,689.0,581.0,11.40175425099138,True,239.00073306167306,-267.74666642870085,-111.51840334977658,-253.30088644318784,19.781343588954854,4,calibration,2,square,0.35,0,calibration
2.297067900071852,135,715.0,600.0,20.0,True,242.91348031181383,-255.52326645269665,-120.22675808842041,-264.9918525905953,35.27116087978324,4,calibration,2,square,0.35,0,calibration
2.306836700066924,136,715.0,600.0,0.0,False,242.54848797193225,-246.09036219090288,-130.39667934347312,-272.9550150445564,0.0,4,calibration,2,square,0.35,0,calibration
2.323489300091751,137,716.0,600.0,1.0,True,243.3526748609609,-239.12112116955464,-141.81608818803466,-278.25296023632586,1.0217582196014054,4,calibration,2,square,0.35,0,calibration
2.340247500105761,138,717.0,600.0,1.0,True,242.6299580256115,-233.6180950090184,-155.35267626162684,-281.8352252887813,0.8365093354703115,4,calibration,2,square,0.35,0,calibration
2.3568357001058757,139,718.0,600.0,1.0,True,240.06911660860675,-228.80314408686309,-171.49851949086968,-283.9453718078578,0.5219978481462257,4,calibration,2,square,0.35,0,calibration
2.37357900000643,140,718.0,600.0,0.0,False,234.82096161959802,-226.38289743940103,-188.82909912895835,-285.1616479818678,0.0,4,calibration,2,square,0.35,0,calibration
2.3904436000157148,141,718.0,600.0,0.0,False,228.1372603517234,-224.80688518836826,-204.9942138393372,-285.5807382405081,0.0,4,calibration,2,square,0.35,0,calibration
2.406723399995826,142,718.0,600.0,0.0,False,219.7852614548003,-223.9155213291294,-218.39236367625722,-285.4196444083896,0.0,4,calibration,2,square,0.35,0,calibration
2.423384500085376,143,718.0,600.0,0.0,False,209.35535358921553,-223.34161767762717,-230.4524167584446,-284.48449543678,0.0,4,calibration,2,square,0.35,0,calibration
2.4407438000198454,144,718.0,600.0,0.0,False,194.9897608275025,-222.89439175295445,-242.37880968959095,-282.65347212115347,0.0,4,calibration,2,square,0.35,0,calibration
2.456526300054975,145,718.0,600.0,0.0,False,177.82909745475257,-222.00968039726348,-254.93826459487576,-279.5666907302424,0.0,4,calibration,2,square,0.35,0,calibration
2.47374780010432,146,715.0,600.0,3.0,True,158.94929939321776,-220.57788914044642,-267.54880565431966,-275.545499459816,0.13320610896150764,4,calibration,2,square,0.35,0,calibration
2.4899460000451654,147,707.0,598.0,8.246211251235321,True,140.55763548492075,-219.50078300643725,-279.9388269989015,-270.5875289172764,1.1850132721094273,4,calibration,2,square,0.35,0,calibration
2.506574200000614,148,688.0,594.0,19.4164878389476,True,123.06356362421607,-217.71171829379273,-291.48892680440844,-264.36252742080086,3.666727879367938,4,calibration,2,square,0.35,0,calibration
2.527433400042355,149,662.0,591.0,20.0,True,106.41886916523485,-215.32291586728107,-301.4688409554348,-256.2804168799489,5.343691278613738,4,calibration,2,square,0.35,0,calibration
2.5451583000831306,150,611.0,583.0,20.0,True,90.71697000911918,-213.01919456756238,-309.1116767932827,-245.22256091686626,10.4146768130796,4,calibration,2,square,0.35,0,calibration
2.5723310000030324,151,470.0,524.0,20.0,True,75.2138011119228,-211.8174143535207,-314.9661242703163,-229.49134980203425,18.598377955271385,4,calibration,2,square,0.35,0,calibration
2.5752514000050724,152,434.0,502.0,20.0,True,60.411751439497735,-211.5562546182088,-319.5919481079048,-211.5002469140262,22.7298333239424,4,calibration,2,square,0.35,0,calibration
2.5898172000888735,153,434.0,502.0,0.0,False,46.92850080030306,-208.98593527629723,-323.66721612905536,-193.6148522186934,0.0,4,calibration,2,square,0.35,0,calibration
2.60654130007606,154,378.0,470.0,20.0,True,34.796091769884484,-209.06886736239264,-326.91277382154647,-179.1124822560831,23.32317504519327,4,calibration,2,square,0.35,0,calibration
2.623633800074458,155,327.0,444.0,20.0,True,23.116557747567246,-209.7049691598574,-329.84268112115547,-165.2375597542234,23.492111777467073,4,calibration,2,square,0.35,0,calibration
2.6397530999965966,156,255.0,408.0,20.0,True,11.643382735471496,-210.01815512126825,-332.1463035240357,-149.83649953280656,24.32556060632182,4,calibration,2,square,0.35,0,calibration
2.656874000094831,157,201.0,384.0,20.0,True,-2.131317075424178,-209.00116051816823,-333.718959238297,-130.89620634440172,24.211140726291305,4,calibration,2,square,0.35,0,calibration
2.673401200096123,158,105.0,327.0,20.0,True,-18.318220660005675,-207.29024979645018,-334.42266631293904,-110.21831604525246,25.64851506560409,4,calibration,2,square,0.35,0,calibration
2.6898884000256658,159,35.0,276.0,20.0,True,-36.18358922066223,-205.43394855619536,-334.6996193039939,-90.46691573456232,26.410381856381797,4,calibration,2,square,0.35,0,calibration
2.7073164000175893,160,-28.0,229.0,20.0,True,-52.37187329599264,-203.59769352668985,-334.8026839538491,-74.8198636600955,26.43383241095236,4,calibration,2,square,0.35,0,calibration
2.7233362999977544,161,-85.0,189.0,20.0,True,-66.78979470195068,-201.18151692379675,-334.7378314211657,-63.51052781168859,25.82940427297749,4,calibration,2,square,0.35,0,calibration
2.74012460000813,162,-105.0,173.0,20.0,True,-81.09908211872856,-198.2307120625892,-333.8777369568603,-55.525448079838526,26.866755055816615,4,calibration,2,square,0.35,0,calibration
2.756791300023906,163,-119.0,162.0,17.804493814764857,True,-97.47791999662653,-194.6293666941503,-330.54898601834117,-47.43064698459115,26.809025298069333,4,calibration,2,square,0.35,0,calibration
2.7734385000076145,164,-133.0,150.0,18.439088914585774,True,-116.31998304082859,-191.10905532948456,-323.466507816699,-36.89762221598706,29.328068449259042,4,calibration,2,square,0.35,0,calibration
2.7900019000517204,165,-140.0,143.0,9.899494936611665,True,-135.6840060315686,-187.9635775902741,-311.73419829382516,-22.988227307875363,15.65107733557306,4,calibration,2,square,0.35,0,calibration
2.8064607999986038,166,-150.0,135.0,12.806248474865697,True,-152.65966263720026,-184.54541315610825,-297.50293969123254,-7.903261383819254,20.905444325903254,4,calibration,2,square,0.35,0,calibration
2.8231703001074493,167,-155.0,132.0,5.830951894845301,True,-166.2816439042275,-180.14930909619483,-284.0614721404203,5.34459231318159,9.503939628012345,4,calibration,2,square,0.35,0,calibration
2.840479700011201,168,-157.0,130.0,2.8284271247461903,True,-177.7937582034222,-175.3402647108139,-274.49816028702617,14.945959795936874,3.9029582474178515,4,calibration,2,square,0.35,0,calibration
2.856418800074607,169,-160.0,127.0,4.242640687119285,True,-190.58750252027806,-168.67580204500035,-269.2598790696466,21.444541147991433,5.493067273696729,4,calibration,2,square,0.35,0,calibration
2.8730780000332743,170,-161.0,126.0,1.4142135623730951,True,-204.67414014553268,-161.13162889978688,-266.8439534683655,27.41120658972742,1.7116326481788637,4,calibration,2,square,0.35,0,calibration
2.890583400032483,171,-162.0,125.0,1.4142135623730951,True,-219.536344981467,-153.31050807202814,-265.6775713114176,35.03908678234662,1.5589133223604208,4,calibration,2,square,0.35,0,calibration
2.9064681000309065,172,-162.0,125.0,0.0,False,-228.48101814667748,-141.86511259176882,-264.5922676328061,45.558745435543145,0.0,4,calibration,2,square,0.35,0,calibration
2.9232735000550747,173,-163.0,125.0,1.0,True,-237.65398074723407,-132.8117862059872,-261.7275156037671,59.6977762048246,0.9103108719017142,4,calibration,2,square,0.35,0,calibration
2.9400500000920147,174,-163.0,125.0,0.0,False,-242.29569764708032,-122.32751292245415,-257.2654832041295,75.21643162279247,0.0,4,calibration,2,square,0.35,0,calibration
2.956880700075999,175,-163.0,125.0,0.0,False,-244.59448333294313,-111.76361264170666,-251.84520522373273,89.70825383846253,0.0,4,calibration,2,square,0.35,0,calibration
2.9733951000962406,176,-163.0,125.0,0.0,False,-245.43690808393185,-100.96512221559408,-247.54197251080976,101.18926231067157,0.0,4,calibration,2,square,0.35,0,calibration
2.9903018000768498,177,-158.0,125.0,5.0,True,-240.92605405246582,-91.46449515535,-244.7374029314902,111.49480707105776,0.8315722557402614,4,calibration,2,square,0.35,0,calibration
0.0009507000213488936,1,4.0,-2.0,4.47213595499958,True,-309.9006075436344,5.799799420752262,295.4238178960635,0.08576512644593137,-0.42554588223002043,5,calibration,2,square,0.39999999999999997,0,calibration
0.011181200039573014,2,4.0,-2.0,0.0,False,-333.314968104351,17.55520320041125,284.94139153081403,0.15780062550703078,0.0,5,calibration,2,square,0.39999999999999997,0,calibration
0.027284500072710216,3,5.0,-3.0,1.4142135623730951,True,-364.37309784267995,16.33754140119007,273.5937310747471,-0.464434375800055,-0.016308044165137005,5,calibration,2,square,0.39999999999999997,0,calibration
0.044588400050997734,4,6.0,-4.0,1.4142135623730951,True,-396.5163570335792,9.32149649065526,261.34039200952884,-2.591873021717519,0.050454554177091215,5,calibration,2,square,0.39999999999999997,0,calibration
0.06112640001811087,5,7.0,-4.0,1.0,True,-399.29037913616315,23.815816788409666,248.46211010508048,-6.529197685192664,0.13346824968076976,5,calibration,2,square,0.39999999999999997,0,calibration
0.07761829998344183,6,7.0,-5.0,1.0,True,-399.54737712595335,19.02349683342231,234.55396317947958,-12.668297337080759,-0.22155529709611457,5,calibration,2,square,0.39999999999999997,0,calibration
0.09472910000476986,7,7.0,-7.0,2.0,True,-399.79941548252856,12.665993045493932,220.59160146737622,-20.26645319247521,-0.2155275613109282,5,calibration,2,square,0.39999999999999997,0,calibration
0.11168159998487681,8,7.0,-8.0,1.0,True,-399.9290014507504,7.536166041542273,207.60844212694792,-29.07512368227166,-0.11096487377004455,5,calibration,2,square,0.39999999999999997,0,calibration
0.1273643000749871,9,7.0,-9.0,1.0,True,-399.9894510346197,2.9050062002654222,196.1045690787667,-38.072671305635495,-0.10784099659327018,5,calibration,2,square,0.39999999999999997,0,calibration
0.14437120000366122,10,7.0,-10.0,1.0,True,-399.9971623951409,-1.5066770839603933,185.5331453158583,-47.55783030443858,-0.13123116562578607,5,calibration,2,square,0.39999999999999997,0,calibration
0.16108150000218302,11,7.0,-10.0,0.0,False,-399.9933343664904,-2.309212501489611,175.1836326288385,-58.3285771084313,0.0,5,calibration,2,square,0.39999999999999997,0,calibration
0.17767370003275573,12,7.0,-10.0,0.0,False,-399.9909863179304,-2.6853052730050573,165.54675055052778,-69.86595740427464,0.0,5,calibration,2,square,0.39999999999999997,0,calibration
0.19445329997688532,13,7.0,-10.0,0.0,False,-399.98600613749045,-3.345877191332781,156.94213249863435,-81.92238096482666,0.0,5,calibration,2,square,0.39999999999999997,0,calibration
0.21079889999236912,14,7.0,-10.0,0.0,False,-399.9706154153293,-4.848381614803678,149.5112264856003,-93.64845600487651,0.0,5,calibration,2,square,0.39999999999999997,0,calibration
0.2274577000644058,15,7.0,-11.0,1.0,True,-399.93099372284763,-7.4296877360795355,142.55991061681257,-106.09343628289126,-0.03095467393230744,5,calibration,2,square,0.39999999999999997,0,calibration
0.24475210008677095,16,6.0,-13.0,2.23606797749979,True,-399.86230407911256,-10.494654665271863,135.0406655224237,-119.33171081933011,-0.0024958567838070495,5,calibration,2,square,0.39999999999999997,0,calibration
0.2604725999990478,17,4.0,-15.0,2.8284271247461903,True,-399.75286271273376,-14.058760719716874,126.23855809108618,-133.89290378401537,0.03259072511523513,5,calibration,2,square,0.39999999999999997,0,calibration
0.2771314000710845,18,-3.0,-17.0,7.280109889280518,True,-399.58741138775633,-18.16316768716273,115.92739446272546,-149.96940824364003,0.5995212276688399,5,calibration,2,square,0.39999999999999997,0,calibration
0.29381110006943345,19,-22.0,-25.0,20.0,True,-399.2650492413104,-24.23675832973511,104.3138923179259,-167.72365968827484,0.16547226886476807,5,calibration,2,square,0.39999999999999997,0,calibration
0.31052400008775294,20,-41.0,-35.0,20.0,True,-398.6779797414862,-32.49412976596161,91.80865893704546,-186.3882931652965,-1.5733612196430857,5,calibration,2,square,0.39999999999999997,0,calibration
0.32722300000023097,21,-73.0,-50.0,20.0,True,-397.61497728767586,-43.615706305424354,78.90413707247126,-205.15511548534903,-3.3976421489889375,5,calibration,2,square,0.39999999999999997,0,calibration
0.3439063000259921,22,-119.0,-75.0,20.0,True,-395.63227590145124,-58.94999800710724,65.74873473311403,-224.38287990318682,-5.084771730420876,5,calibration,2,square,0.39999999999999997,0,calibration
0.36087690002750605,23,-139.0,-86.0,20.0,True,-392.28462507556213,-78.18422429957126,53.232842288701264,-242.92007930302367,-6.159694474128406,5,calibration,2,square,0.39999999999999997,0,calibration
0.37796489999163896,24,-171.0,-106.0,20.0,True,-387.3645738541263,-99.74310463792031,41.64839989140518,-260.10827204334436,-6.785902217748596,5,calibration,2,square,0.39999999999999997,0,calibration
0.39383239997550845,25,-195.0,-120.0,20.0,True,-381.3765210194712,-120.6314603040386,31.374726284870743,-274.44791178081863,-8.056305314330341,5,calibration,2,square,0.39999999999999997,0,calibration
0.41123339999467134,26,-219.0,-134.0,20.0,True,-374.43805032194007,-140.69877920971544,21.47569502412591,-287.0341988470623,-9.415654960776058,5,calibration,2,square,0.39999999999999997,0,calibration
0.4274377999827266,27,-252.0,-156.0,20.0,True,-366.65101342612047,-159.89694916914087,11.597270242934902,-298.3870756779431,-9.957784227249634,5,calibration,2,square,0.39999999999999997,0,calibration
0.44433610001578927,28,-275.0,-169.0,20.0,True,-358.125221023817,-178.1749872081999,1.6102610660161432,-309.3716975569145,-11.076048470289033,5,calibration,2,square,0.39999999999999997,0,calibration
0.46102789998985827,29,-308.0,-189.0,20.0,True,-349.29681078643944,-194.9146940957053,-8.063140001013263,-319.95903894298,-10.901469228363666,5,calibration,2,square,0.39999999999999997,0,calibration
0.4773380000842735,30,-326.0,-201.0,20.0,True,-340.1821892499573,-210.41881597686609,-17.27537671407149,-329.9788819234726,-10.7696921203155,5,calibration,2,square,0.39999999999999997,0,calibration
0.4948111000703648,31,-357.0,-218.0,20.0,True,-330.67324061128426,-225.06711875267726,-26.443311590691906,-339.5270244248494,-12.20432713900989,5,calibration,2,square,0.39999999999999997,0,calibration
0.5112840000074357,32,-388.0,-237.0,20.0,True,-320.78088037310505,-238.9552819819132,-35.71285495732662,-348.8554565511027,-12.231938166279344,5,calibration,2,square,0.39999999999999997,0,calibration
0.5287748000118881,33,-397.0,-243.0,10.816653826391969,True,-310.0463875828618,-252.72759553878922,-45.322463107850986,-358.1897599998531,-6.575230968780766,5,calibration,2,square,0.39999999999999997,0,calibration
0.5440916999941692,34,-416.0,-253.0,20.0,True,-299.8851195174743,-264.7053363496666,-54.17506434244302,-366.88682143529616,-12.972706068123356,5,calibration,2,square,0.39999999999999997,0,calibration
0.5607998999767005,35,-439.0,-268.0,20.0,True,-290.3740592346229,-275.10526298783833,-63.618130186447715,-376.07622572833895,-11.628048773526196,5,calibration,2,square,0.39999999999999997,0,calibration
0.5782133999746293,36,-452.0,-276.0,15.264337522473747,True,-282.3691387756759,-283.31549457642285,-73.43894204974464,-385.8621045198244,-8.730561000175651,5,calibration,2,square,0.39999999999999997,0,calibration
0.5940162000479177,37,-464.0,-285.0,15.0,True,-275.0766264326481,-290.4011873089251,-82.97824283700326,-391.2986215356289,-7.765347270116207,5,calibration,2,square,0.39999999999999997,0,calibration
0.6111892000772059,38,-467.0,-288.0,4.242640687119285,True,-268.3323494494943,-296.6441474880542,-90.4850740220625,-389.63117352083356,-1.833422770120921,5,calibration,2,square,0.39999999999999997,0,calibration
0.6275802999734879,39,-469.0,-289.0,2.23606797749979,True,-263.1545216662749,-301.2469049245055,-97.84515411304747,-387.8483283663783,-1.3623294779874986,5,calibration,2,square,0.39999999999999997,0,calibration
0.6440432000672445,40,-471.0,-290.0,2.23606797749979,True,-259.42894735097906,-304.46119831000294,-104.91033726073881,-385.9971776267775,-1.1512746514729513,5,calibration,2,square,0.39999999999999997,0,calibration
0.6611008000327274,41,-471.0,-290.0,0.0,False,-255.07617007004495,-308.1171002433937,-111.75169011626963,-384.0723366192328,0.0,5,calibration,2,square,0.39999999999999997,0,calibration
0.6776896000374109,42,-469.0,-287.0,3.605551275463989,True,-249.35001069034283,-312.7691995205505,-118.91762888472232,-381.91438509230767,2.5741325568842113,5,calibration,2,square,0.39999999999999997,0,calibration
0.6945315999910235,43,-446.0,-264.0,20.0,True,-242.74899940838478,-317.9196805582002,-127.03184567749287,-379.29264451577444,19.87870651418463,5,calibration,2,square,0.39999999999999997,0,calibration
0.710868600057438,44,-401.0,-221.0,20.0,True,-235.75875193528714,-323.1374489066777,-136.44738072616508,-376.00812796131004,19.350816086811825,5,calibration,2,square,0.39999999999999997,0,calibration
0.7273714999901131,45,-295.0,-129.0,20.0,True,-228.3708050124852,-328.4003279808798,-146.75142087587759,-372.10753885256213,19.92393702877669,5,calibration,2,square,0.39999999999999997,0,calibration
0.7441727999830619,46,-238.0,-82.0,20.0,True,-220.1466419487816,-333.9692441508274,-157.5440958328893,-367.66813550836497,19.859583208119805,5,calibration,2,square,0.39999999999999997,0,calibration
0.7606941000558436,47,-180.0,-39.0,20.0,True,-211.5131996526239,-339.5028223339377,-169.53924226937963,-362.2933139470346,20.001949346467892,5,calibration,2,square,0.39999999999999997,0,calibration
0.7777362000197172,48,-130.0,-4.0,20.0,True,-203.72054107254345,-344.23529909802994,-182.16522226883885,-356.1121056573962,18.210919159267903,5,calibration,2,square,0.39999999999999997,0,calibration
0.7946781000355259,49,-65.0,47.0,20.0,True,-197.71651736744377,-347.71853381735247,-195.53006100018925,-348.95271204743807,13.372525391602412,5,calibration,2,square,0.39999999999999997,0,calibration
0.8103135999990627,50,-21.0,83.0,20.0,True,-192.77018971186,-350.4848840655664,-208.61030507004256,-341.2942141592555,9.55785391330217,5,calibration,2,square,0.39999999999999997,0,calibration
0.8278235000325367,51,33.0,122.0,20.0,True,-188.06156106818258,-353.03377918918505,-222.09814464370083,-332.6746370642429,8.81353716906001,5,calibration,2,square,0.39999999999999997,0,calibration
0.8439182000001892,52,107.0,174.0,20.0,True,-184.3312367428115,-354.9957678069776,-236.2100787286381,-322.807680681564,2.3745560887962283,5,calibration,2,square,0.39999999999999997,0,calibration
0.8605085000162944,53,150.0,196.0,20.0,True,-181.91142282652945,-356.24181989938745,-250.7134689330139,-311.67732752892806,-0.06826618499988557,5,calibration,2,square,0.39999999999999997,0,calibration
0.8778171000303701,54,185.0,212.0,20.0,True,-182.67996500955343,-355.84832497021586,-265.16912964148145,-299.47509526700077,-7.964327368228641,5,calibration,2,square,0.39999999999999997,0,calibration
0.8939962000586092,55,237.0,234.0,20.0,True,-186.1787049691257,-354.03035154633176,-278.45624454858046,-286.2121297404341,-12.200806029302083,5,calibration,2,square,0.39999999999999997,0,calibration
0.9109383000759408,56,268.0,244.0,20.0,True,-191.81960418696966,-351.0060390499774,-290.9119591234505,-270.93736318360783,-12.335922715080688,5,calibration,2,square,0.39999999999999997,0,calibration
0.927153900032863,57,310.0,252.0,20.0,True,-199.08865886233087,-346.93472860525,-303.0162417844185,-253.81427065067504,-11.119328936168525,5,calibration,2,square,0.39999999999999997,0,calibration
0.9445288000861183,58,335.0,255.0,20.0,True,-207.48019876359825,-341.9824076191899,-316.39082984515255,-233.19202103524387,-10.56543186322318,5,calibration,2,square,0.39999999999999997,0,calibration
0.960187999997288,59,349.0,255.0,14.0,True,-215.98750461663863,-336.67402312842245,-329.9265281380686,-211.43046880970567,-6.605666260973237,5,calibration,2,square,0.39999999999999997,0,calibration
0.9769142000004649,60,370.0,253.0,20.0,True,-223.31858239522407,-331.8566117421612,-342.8997577090387,-190.50525008298533,-7.269223079251774,5,calibration,2,square,0.39999999999999997,0,calibration
0.9939938000170514,61,383.0,252.0,13.038404810405298,True,-230.45930207850125,-326.938082953776,-353.39741287531325,-173.1179418121884,-5.206242275893172,5,calibration,2,square,0.39999999999999997,0,calibration
1.0111880999756977,62,391.0,250.0,8.246211251235321,True,-237.28280365333197,-322.0199855450191,-361.07378700510844,-158.0864059236175,-2.1347183888298744,5,calibration,2,square,0.39999999999999997,0,calibration
1.027158800046891,63,403.0,246.0,12.649110640673518,True,-246.66823977682805,-314.88851913876005,-366.0600448392897,-144.57135608974164,-4.485247436575156,5,calibration,2,square,0.39999999999999997,0,calibration
1.044430400012061,64,410.0,245.0,7.0710678118654755,True,-257.766101270011,-303.50324427512965,-368.733605435389,-132.2876274908546,-3.136336123492318,5,calibration,2,square,0.39999999999999997,0,calibration
1.0611964000854641,65,417.0,242.0,7.615773105863909,True,-272.05451558116766,-288.5960751730558,-370.1361047006822,-120.94974352849104,-3.172890191053319,5,calibration,2,square,0.39999999999999997,0,calibration
1.0776505999965593,66,421.0,240.0,4.47213595499958,True,-286.72785244937455,-270.74634067403747,-370.53294406431235,-109.76480264393496,-1.944511002507676,5,calibration,2,square,0.39999999999999997,0,calibration
1.0951374000869691,67,423.0,239.0,2.23606797749979,True,-300.53649542070184,-250.7468203321687,-369.9971797987989,-97.56714837956862,-1.0479840044729518,5,calibration,2,square,0.39999999999999997,0,calibration
1.1109168999828398,68,426.0,238.0,3.1622776601683795,True,-307.8684440790174,-229.27725153218708,-369.0188797303729,-83.30270781642703,-1.1234841695098556,5,calibration,2,square,0.39999999999999997,0,calibration
1.1279664000030607,69,427.0,237.0,1.4142135623730951,True,-321.73484877540005,-210.71497297656376,-367.1129232621686,-66.66072279166677,-0.5198931449513388,5,calibration,2,square,0.39999999999999997,0,calibration
1.1444608999881893,70,428.0,236.0,1.4142135623730951,True,-333.43450032582035,-189.77360824654886,-363.6034173369651,-46.513438472003884,-0.5471676861526501,5,calibration,2,square,0.39999999999999997,0,calibration
1.1610125000588596,71,429.0,235.0,1.4142135623730951,True,-342.40989527774474,-167.58384264188587,-357.87150022924067,-24.979439633566088,-0.592879039538021,5,calibration,2,square,0.39999999999999997,0,calibration
1.1773063000291586,72,429.0,233.0,2.0,True,-359.09054963595486,-159.5393160659136,-350.27996147090306,-3.9587417084930223,1.012307297499122,5,calibration,2,square,0.39999999999999997,0,calibration
1.1948899000417441,73,429.0,230.0,3.0,True,-369.54672967039807,-153.08564462389572,-341.9148925827818,13.871780839603165,1.7838244048458896,5,calibration,2,square,0.39999999999999997,0,calibration
1.2113601000746712,74,429.0,226.0,4.0,True,-372.16119776654097,-146.61528868768625,-333.72302061520764,28.203471084033293,2.239729959306996,5,calibration,2,square,0.39999999999999997,0,calibration
1.2277349000796676,75,423.0,219.0,9.219544457292887,True,-374.24957046714684,-141.19935908195922,-326.430098025236,39.428720908679466,11.576587517373131,5,calibration,2,square,0.39999999999999997,0,calibration
1.2443811000557616,76,407.0,201.0,20.0,True,-376.25094727871897,-135.77637744418826,-320.18163178016977,48.159723815653315,21.942682689397486,5,calibration,2,square,0.39999999999999997,0,calibration
1.260926700080745,77,392.0,191.0,18.027756377319946,True,-378.4633165563214,-129.48172852255905,-313.9762250919839,55.83003474256936,21.004359333872017,5,calibration,2,square,0.39999999999999997,0,calibration
1.2778080999851227,78,368.0,181.0,20.0,True,-381.13681237399464,-121.38669718461894,-307.0655382489995,63.37264135052187,23.84403368354652,5,calibration,2,square,0.39999999999999997,0,calibration
1.2942556000780314,79,347.0,173.0,20.0,True,-384.231138616294,-111.20446087107422,-299.57654716134016,70.91925902164847,22.29956370809891,5,calibration,2,square,0.39999999999999997,0,calibration
1.310967699973844,80,314.0,160.0,20.0,True,-387.5789299811983,-98.90689073380793,-291.35039337356,78.10225009874002,19.523283529422887,5,calibration,2,square,0.39999999999999997,0,calibration
1.3277079000836238,81,283.0,148.0,20.0,True,-390.2539850242627,-82.7807496825676,-283.3214393695032,83.86695683608819,15.29117881782486,5,calibration,2,square,0.39999999999999997,0,calibration
1.345558900036849,82,244.0,139.0,20.0,True,-390.4246619930324,-64.61720305911982,-275.0777746543943,87.84643810011222,15.191157260247653,5,calibration,2,square,0.39999999999999997,0,calibration
1.3613074000459164,83,218.0,135.0,20.0,True,-388.68956186469006,-45.78730805190289,-267.35806603028584,89.91270230954227,15.039445405595298,5,calibration,2,square,0.39999999999999997,0,calibration
1.3779433000599965,84,210.0,133.0,8.246211251235321,True,-384.43698246764353,-30.289973032133126,-259.84787001072385,90.86427693152419,4.142243639529705,5,calibration,2,square,0.39999999999999997,0,calibration
1.3947127000428736,85,173.0,129.0,20.0,True,-379.3832023137826,-17.79253980916309,-252.13515001146146,91.24300447895413,10.518358471331975,5,calibration,2,square,0.39999999999999997,0,calibration
1.4111959000583738,86,130.0,120.0,20.0,True,-372.668934246339,-8.764481027892963,-243.73421796938317,90.54145744900826,4.197064108204989,5,calibration,2,square,0.39999999999999997,0,calibration
1.4270994000835344,87,59.0,109.0,20.0,True,-365.4496847150768,-1.7446422665828507,-233.93832303428724,87.97415676284538,2.0378363801634136,5,calibration,2,square,0.39999999999999997,0,calibration
1.4450639000860974,88,29.0,106.0,20.0,True,-357.5168181795609,4.695987843139299,-223.23598736047464,82.95722286174636,0.4702801758464781,5,calibration,2,square,0.39999999999999997,0,calibration
1.4610782000236213,89,6.0,106.0,20.0,True,-349.3720027556059,13.762738034179748,-211.9453706923251,76.25512847198232,3.832783628758605,5,calibration,2,square,0.39999999999999997,0,calibration
1.4775372000876814,90,-4.0,105.0,10.04987562112089,True,-338.73311522699305,24.285008565519796,-200.86311530538555,68.42289815738975,-0.2238831211111496,5,calibration,2,square,0.39999999999999997,0,calibration
1.4946730000665411,91,-17.0,102.0,13.341664064126334,True,-324.85536137718753,33.490355653768546,-189.93663829271532,59.89966832779393,-4.086578354169399,5,calibration,2,square,0.39999999999999997,0,calibration
1.5108472000574693,92,-38.0,96.0,20.0,True,-309.65263680320015,41.17235540165363,-178.42540312926877,49.95118233635949,-8.684651686973792,5,calibration,2,square,0.39999999999999997,0,calibration
1.5273570000426844,93,-78.0,83.0,20.0,True,-294.7262407884018,48.348458669859575,-165.73840953920296,38.61132445502456,-9.759060358134734,5,calibration,2,square,0.39999999999999997,0,calibration
1.5445190999889746,94,-99.0,76.0,20.0,True,-279.76460655405447,55.341811394149516,-152.44568188505082,26.60597996557307,-10.024899576630016,5,calibration,2,square,0.39999999999999997,0,calibration
1.56087759998627,95,-121.0,67.0,20.0,True,-263.8080377497525,57.30677683628012,-138.7147175949605,14.332013873950531,-10.543526673459478,5,calibration,2,square,0.39999999999999997,0,calibration
1.577322700060904,96,-133.0,63.0,12.649110640673518,True,-247.7913921672399,56.437030926623954,-125.06620352542141,2.800126921195641,-5.180809697457133,5,calibration,2,square,0.39999999999999997,0,calibration
1.5948410000419244,97,-143.0,59.0,10.770329614269007,True,-231.95460552999307,51.21315614265212,-111.21263465586995,-8.398505988307079,-2.9813872925420206,5,calibration,2,square,0.39999999999999997,0,calibration
1.6115817000390962,98,-157.0,46.0,19.1049731745428,True,-217.29869023466748,41.48336237169845,-97.89636509781256,-18.341478770417062,-1.0334477272313103,5,calibration,2,square,0.39999999999999997,0,calibration
1.6277961999876425,99,-168.0,31.0,18.601075237738275,True,-202.17776590131476,29.99361105677843,-84.04672703958417,-27.523473270211642,1.196379919168598,5,calibration,2,square,0.39999999999999997,0,calibration
1.6446375000523403,100,-181.0,10.0,20.0,True,-186.66919696957618,18.31596090808683,-69.95981834973415,-36.18743993309609,1.8775463541118085,5,calibration,2,square,0.39999999999999997,0,calibration
1.6613304000347853,101,-195.0,-32.0,20.0,True,-170.6320593498018,6.725148718726441,-55.6860536122273,-45.08822474182739,1.3154166837467036,5,calibration,2,square,0.39999999999999997,0,calibration
1.678349700057879,102,-200.0,-62.0,20.0,True,-154.92387566336424,-4.232895075512868,-42.45044293604735,-54.249214474635195,0.06648565120383698,5,calibration,2,square,0.39999999999999997,0,calibration
1.694415200036019,103,-203.0,-93.0,20.0,True,-139.9291641623746,-14.630495906358663,-29.236738945270844,-63.34935365492169,0.055913378584664386,5,calibration,2,square,0.39999999999999997,0,calibration
1.7111169000854716,104,-205.0,-141.0,20.0,True,-125.66380377438868,-24.360964720292024,-15.119175889679752,-72.30411769135908,0.5720625311102423,5,calibration,2,square,0.39999999999999997,0,calibration
1.727403900003992,105,-205.0,-171.0,20.0,True,-110.17111787570259,-34.49013990904149,0.8087450534166187,-80.6210269656935,1.6873169011875189,5,calibration,2,square,0.39999999999999997,0,calibration
1.7441869999747723,106,-204.0,-203.0,20.0,True,-93.24295664759838,-45.24226203235644,18.23125067176621,-87.37928344233882,3.4333000103466027,5,calibration,2,square,0.39999999999999997,0,calibration
1.7606879000086337,107,-198.0,-243.0,20.0,True,-74.74719541386744,-56.15164052107345,36.255359814102654,-92.29430776555463,4.538024692527608,5,calibration,2,square,0.39999999999999997,0,calibration
1.777727200067602,108,-192.0,-272.0,20.0,True,-56.78673085567368,-66.43114340993475,53.47510701931638,-95.3677301474518,5.815199049259734,5,calibration,2,square,0.39999999999999997,0,calibration
1.794436400057748,109,-180.0,-329.0,20.0,True,-39.1613324281791,-76.49978038729921,69.17971996438582,-97.3699117218096,6.723144826514027,5,calibration,2,square,0.39999999999999997,0,calibration
1.811020000022836,110,-172.0,-363.0,20.0,True,-22.197096994646806,-86.06680180416217,83.91992841142033,-98.25597202097359,7.812599627291882,5,calibration,2,square,0.39999999999999997,0,calibration
1.827485700021498,111,-164.0,-394.0,20.0,True,-5.771890310408381,-95.187120029401,99.54747571662476,-98.22838049420048,8.806796312300749,5,calibration,2,square,0.39999999999999997,0,calibration
1.8442473000613973,112,-151.0,-426.0,20.0,True,9.874749949187638,-103.11328352058487,116.76119065673272,-96.83947899965483,9.075514562053163,5,calibration,2,square,0.39999999999999997,0,calibration
1.8607432000571862,113,-145.0,-438.0,13.416407864998739,True,24.460444723114158,-109.96034473610737,134.97257006651995,-93.8288826978792,6.568188743235652,5,calibration,2,square,0.39999999999999997,0,calibration
1.8784621000522748,114,-137.0,-450.0,14.422205101855956,True,38.68046178906723,-115.90668384616494,152.40362426158558,-89.74056696404,6.961715487827708,5,calibration,2,square,0.39999999999999997,0,calibration
1.8946922000031918,115,-127.0,-464.0,17.204650534085253,True,53.11570485863957,-121.62789637065151,168.8671980992915,-84.70455920268657,8.987304641690443,5,calibration,2,square,0.39999999999999997,0,calibration
1.9106529999990016,116,-111.0,-476.0,20.0,True,68.5134152018806,-126.03577027166645,184.19742953854058,-79.31645418172178,7.568905678952625,5,calibration,2,square,0.39999999999999997,0,calibration
1.9279366000555456,117,-100.0,-478.0,11.180339887498949,True,85.57863989738213,-127.9245712284887,198.40988831199115,-72.95779715240319,1.9291535853062984,5,calibration,2,square,0.39999999999999997,0,calibration
1.9438803000375628,118,-74.0,-474.0,20.0,True,102.5844944488228,-127.5510779637123,211.33736212492803,-64.96566738333797,1.4165334742570845,5,calibration,2,square,0.39999999999999997,0,calibration
1.9608937000157312,119,-22.0,-452.0,20.0,True,119.43234280242567,-125.42116661734619,222.32463636230932,-54.83136431411791,0.4283939536090431,5,calibration,2,square,0.39999999999999997,0,calibration
1.9775739000178874,120,64.0,-407.0,20.0,True,134.7491736694911,-122.79365154616929,231.21043383704614,-42.508893078270184,1.147591277948301,5,calibration,2,square,0.39999999999999997,0,calibration
1.994020799989812,121,122.0,-367.0,20.0,True,149.51187749541063,-119.45177543773956,237.01498716652193,-29.13288148178802,1.5945494050779208,5,calibration,2,square,0.39999999999999997,0,calibration
2.0110257000196725,122,177.0,-322.0,20.0,True,164.3821543058601,-115.39594232524269,240.52241562727272,-14.58105049640433,2.3269598781126,5,calibration,2,square,0.39999999999999997,0,calibration
2.027983000036329,123,253.0,-244.0,20.0,True,179.30132509358077,-110.41116925497818,242.32626153345356,1.1058912992931837,1.9521033864782167,5,calibration,2,square,0.39999999999999997,0,calibration
2.04418780002743,124,338.0,-142.0,20.0,True,194.05266239707052,-104.3964611129971,243.35393577543167,17.615915669271413,1.5268469508037419,5,calibration,2,square,0.39999999999999997,0,calibration
2.061073200078681,125,361.0,-113.0,20.0,True,208.04177116260598,-97.87888263041586,243.79288739508698,33.84332673144259,1.8826597883913432,5,calibration,2,square,0.39999999999999997,0,calibration
2.0777280000038445,126,417.0,-20.0,20.0,True,221.46242685057996,-89.8179934277227,243.96237358895897,49.20183372718074,0.4198873607303377,5,calibration,2,square,0.39999999999999997,0,calibration
2.094519200036302,127,438.0,25.0,20.0,True,233.89458473844275,-80.21007367262419,243.6500924011044,63.91484042737312,-0.16540367520333277,5,calibration,2,square,0.39999999999999997,0,calibration
2.1126935000065714,128,460.0,106.0,20.0,True,245.11951138230935,-69.12319295540944,242.4358507661656,78.52103124021976,-1.5074722722051392,5,calibration,2,square,0.39999999999999997,0,calibration
2.1273635000688955,129,469.0,153.0,20.0,True,255.38788261617472,-56.527595566504196,239.9160176445577,93.67581630737685,-1.1584887402287714,5,calibration,2,square,0.39999999999999997,0,calibration
2.1440487999934703,130,472.0,198.0,20.0,True,263.94492441308125,-43.65807020076219,236.64755344130066,106.98486643514633,-1.7083218373148723,5,calibration,2,square,0.39999999999999997,0,calibration
2.161135300062597,131,470.0,248.0,20.0,True,270.2373109129302,-30.99193132966083,232.2154965897098,118.49081678623435,-1.394151533974446,5,calibration,2,square,0.39999999999999997,0,calibration
2.1775906999828294,132,465.0,281.0,20.0,True,273.8444928903717,-19.992460453569826,226.54001699031127,126.791938823978,-0.15865227188004427,5,calibration,2,square,0.39999999999999997,0,calibration
2.1946561000077054,133,456.0,306.0,20.0,True,275.1333460316171,-9.43229265705656,219.51256240278542,134.11247324068944,-0.4080875770150705,5,calibration,2,square,0.39999999999999997,0,calibration
2.2107793000759557,134,439.0,338.0,20.0,True,274.5934207975462,1.0599501601761574,211.45378918302777,140.46217148082778,-0.1801030344003851,5,calibration,2,square,0.39999999999999997,0,calibration
2.227282700012438,135,424.0,357.0,20.0,True,272.40167986823394,11.34690890501347,202.54765698360328,146.90870892898556,-1.3077379075506235,5,calibration,2,square,0.39999999999999997,0,calibration
2.245017100009136,136,407.0,373.0,20.0,True,268.57690508657527,20.63033603924025,192.77920467323287,153.7575454597454,-1.5723270833933722,5,calibration,2,square,0.39999999999999997,0,calibration
2.2612987000029534,137,379.0,396.0,20.0,True,263.5777603161231,28.877359356108965,182.3147124445877,161.19563972248324,-1.084165117412197,5,calibration,2,square,0.39999999999999997,0,calibration
2.277475000009872,138,359.0,412.0,20.0,True,257.55030680547833,36.2818951959532,170.68452371116408,168.92966480202685,-0.3740211985405506,5,calibration,2,square,0.39999999999999997,0,calibration
2.294006700045429,139,337.0,428.0,20.0,True,251.1316684684003,42.90661009144468,157.7123807321749,176.31673881318983,-0.17309263311073408,5,calibration,2,square,0.39999999999999997,0,calibration
2.3113729000324383,140,297.0,449.0,20.0,True,244.48192927628915,48.47739788074163,143.33421771124264,182.46165163151932,-0.3924748415319068,5,calibration,2,square,0.39999999999999997,0,calibration
2.327271500020288,141,270.0,460.0,20.0,True,236.05357359419762,53.69905177814166,128.3703734597084,187.1044254110834,-0.2068916486110628,5,calibration,2,square,0.39999999999999997,0,calibration
2.344831500086002,142,225.0,463.0,20.0,True,224.8546618606204,57.383241404001765,110.84050105235232,190.0710440500542,-0.5259106944729863,5,calibration,2,square,0.39999999999999997,0,calibration
2.3605009000748396,143,193.0,462.0,20.0,True,210.5689769418454,59.91420824928209,91.37815287377403,191.846155113304,-0.27613970106108887,5,calibration,2,square,0.39999999999999997,0,calibration
2.3776864000828937,144,171.0,459.0,20.0,True,194.53025275525133,60.701203591576466,70.56410001554566,192.61480289336345,-0.04302641309478883,5,calibration,2,square,0.39999999999999997,0,calibration
2.3952585000079125,145,145.0,454.0,20.0,True,177.11299552193046,60.20560731575523,52.14005873636154,192.81960840269159,0.14267714653324548,5,calibration,2,square,0.39999999999999997,0,calibration
2.411005700007081,146,126.0,448.0,19.924858845171276,True,158.64033149887362,58.017523398340124,37.1863890493227,192.22259512127843,0.3496329363289818,5,calibration,2,square,0.39999999999999997,0,calibration
2.4277857000706717,147,107.0,440.0,20.0,True,140.44693487983542,54.03923627851891,25.94167582824909,190.56819949696927,0.299055581952814,5,calibration,2,square,0.39999999999999997,0,calibration
2.4444898000219837,148,67.0,421.0,20.0,True,122.72318078338259,48.4299510380729,17.14981361894568,187.5451339419256,-0.061326508099190935,5,calibration,2,square,0.39999999999999997,0,calibration
2.4608440999872983,149,35.0,406.0,20.0,True,104.99140908159126,41.712371003298635,9.63477850405243,182.71900074565585,0.11735876840653692,5,calibration,2,square,0.39999999999999997,0,calibration
2.4774650000035763,150,12.0,397.0,20.0,True,86.34083259832053,34.91973764309228,2.369219734429646,176.06005728909247,1.3396932721519783,5,calibration,2,square,0.39999999999999997,0,calibration
2.4940428000409156,151,-13.0,385.0,20.0,True,67.5656472030883,27.854498758850827,-5.504355908842516,167.4886599762057,1.3521383088552419,5,calibration,2,square,0.39999999999999997,0,calibration
2.5105955000035465,152,-30.0,376.0,19.235384061671343,True,48.43859434885533,20.491218833575207,-13.729804176790783,157.99370976056161,1.1648361821706044,5,calibration,2,square,0.39999999999999997,0,calibration
2.527715799980797,153,-60.0,353.0,20.0,True,28.982252788759073,10.970624249677819,-21.544063235493034,147.3751332561271,0.3968945360920384,5,calibration,2,square,0.39999999999999997,0,calibration
2.544152299989946,154,-86.0,323.0,20.0,True,10.638852128912923,-0.727841226881548,-27.608449220949673,135.82843901494257,-0.30049072078756733,5,calibration,2,square,0.39999999999999997,0,calibration
2.5606120000593364,155,-114.0,290.0,20.0,True,-6.387026439137998,-13.254834313633584,-31.895951303274675,121.69499496738833,1.1104705356053524,5,calibration,2,square,0.39999999999999997,0,calibration
2.5779835000867024,156,-151.0,239.0,20.0,True,-21.087172287360847,-25.484039962854695,-34.76650038234211,106.20380676790323,1.3245334008326992,5,calibration,2,square,0.39999999999999997,0,calibration
2.5937907000770792,157,-171.0,208.0,20.0,True,-34.74480508286907,-37.86718445256976,-36.701028197005975,89.95954578074792,1.3507299027492126,5,calibration,2,square,0.39999999999999997,0,calibration
2.611078800051473,158,-189.0,178.0,20.0,True,-48.179902165565295,-50.7919075399798,-37.84515904536756,74.98891777071928,1.4212000633515331,5,calibration,2,square,0.39999999999999997,0,calibration
2.6270489000016823,159,-208.0,122.0,20.0,True,-60.793411963921514,-64.87085071684572,-37.964242083831714,61.14627497435552,-0.5999456083658261,5,calibration,2,square,0.39999999999999997,0,calibration
2.6439502000575885,160,-219.0,84.0,20.0,True,-73.61419716777749,-79.59267474103183,-37.38749062393924,48.8654926851563,-0.7894369028287707,5,calibration,2,square,0.39999999999999997,0,calibration
2.660855200025253,161,-232.0,39.0,20.0,True,-86.71263884843877,-93.9475199056037,-36.49978353664348,38.208011667434675,-0.7522774582962288,5,calibration,2,square,0.39999999999999997,0,calibration
2.677323400042951,162,-242.0,-8.0,20.0,True,-99.86830943218693,-108.37075291547114,-35.489759269160906,28.8961740851866,-1.7413605151490374,5,calibration,2,square,0.39999999999999997,0,calibration
2.6940624000271782,163,-246.0,-33.0,20.0,True,-112.27068449307568,-121.96326745499402,-34.24684145593966,19.929730317614354,-2.4095247749511084,5,calibration,2,square,0.39999999999999997,0,calibration
2.7111808999907225,164,-249.0,-67.0,20.0,True,-123.35200617174011,-134.10351336079034,-32.50962241406694,9.841049169028766,-3.4357339737946013,5,calibration,2,square,0.39999999999999997,0,calibration
2.727646699990146,165,-249.0,-91.0,20.0,True,-133.96252675395212,-144.87368625152007,-30.42314724936051,-1.732277063635081,-5.43535469365149,5,calibration,2,square,0.39999999999999997,0,calibration
2.7441490000346676,166,-249.0,-123.0,20.0,True,-144.86434561010645,-154.49551911598329,-27.89810331726999,-14.980531428641711,-6.4119154825281015,5,calibration,2,square,0.39999999999999997,0,calibration
2.7618183000013232,167,-245.0,-179.0,20.0,True,-156.36698551702167,-163.63007672969613,-23.657206567283467,-28.858685119997205,-8.204471458594696,5,calibration,2,square,0.39999999999999997,0,calibration
2.7775947999907658,168,-246.0,-217.0,20.0,True,-167.4976724532138,-171.04281180040863,-17.753746618954548,-42.310187504641206,-6.576065670405784,5,calibration,2,square,0.39999999999999997,0,calibration
2.794057800085284,169,-249.0,-267.0,20.0,True,-178.14722334248208,-176.97805087562068,-10.212749651296313,-54.73339475553284,-5.679234408480919,5,calibration,2,square,0.39999999999999997,0,calibration
2.810468800016679,170,-254.0,-294.0,20.0,True,-188.0822808189124,-181.26249014870479,-2.44964471855341,-66.05874730266808,-3.0301867752109435,5,calibration,2,square,0.39999999999999997,0,calibration
2.8274539000121877,171,-260.0,-317.0,20.0,True,-198.04388376173443,-183.90785059003298,6.0705359658495865,-77.32072539848535,-2.54106867076901,5,calibration,2,square,0.39999999999999997,0,calibration
2.843668300076388,172,-272.0,-343.0,20.0,True,-208.0323105595296,-185.02672880721548,14.991560756109683,-88.62469737534069,1.2880053083703658,5,calibration,2,square,0.39999999999999997,0,calibration
2.86040490004234,173,-278.0,-355.0,13.416407864998739,True,-218.9251461472301,-184.7726022587209,24.45482648308327,-99.76881620780503,0.4551659751045071,5,calibration,2,square,0.39999999999999997,0,calibration
2.8768262000521645,174,-286.0,-366.0,13.601470508735444,True,-230.04790988695666,-183.7257046998959,33.53241467089978,-110.63469024862756,3.621292377376679,5,calibration,2,square,0.39999999999999997,0,calibration
2.8935242000734434,175,-293.0,-372.0,9.219544457292887,True,-241.05770131775208,-181.46709341470364,42.547309337164116,-120.89025439776916,5.766476635520687,5,calibration,2,square,0.39999999999999997,0,calibration
2.9104549000039697,176,-303.0,-379.0,12.206555615733702,True,-251.10248287301292,-178.57035257662855,51.17994801320746,-131.29809021828643,8.665068173094296,5,calibration,2,square,0.39999999999999997,0,calibration
2.9268001000164077,177,-309.0,-383.0,7.211102550927978,True,-260.70776743593,-174.6272473907012,59.32565545530673,-141.83239715047802,4.53738964402923,5,calibration,2,square,0.39999999999999997,0,calibration
2.9435210999799892,178,-316.0,-385.0,7.280109889280518,True,-269.29175953438346,-169.13332349622078,65.91860670417324,-153.54992012041902,6.507240572908148,5,calibration,2,square,0.39999999999999997,0,calibration
2.9600732000544667,179,-328.0,-384.0,12.041594578792296,True,-277.20588940321613,-161.42122364932067,70.3799252992589,-166.93998188135274,14.034077084830255,5,calibration,2,square,0.39999999999999997,0,calibration
2.9767265000846237,180,-336.0,-380.0,8.94427190999916,True,-283.63175846819615,-151.70485829357824,72.74691592024364,-180.97972886413584,13.023665818249382,5,calibration,2,square,0.39999999999999997,0,calibration
2.993908300064504,181,-349.0,-369.0,17.029386365926403,True,-289.3061648153074,-139.40825465172543,73.1743104884668,-194.69756703190416,26.834349802042198,5,calibration,2,square,0.39999999999999997,0,calibration
0.0003842998994514346,1,-1.0,0.0,1.0,True,294.710890848208,-1.4673405829687818,-300.4082465498989,-3.877662568295863,0.8589021434778129,6,calibration,2,square,0.39999999999999997,0,calibration
0.010136400000192225,2,-1.0,0.0,0.0,False,283.891453521369,-5.753487762153692,-301.1971229713211,-12.462122401513508,0.0,6,calibration,2,square,0.39999999999999997,0,calibration
0.026765499962493777,3,-1.0,0.0,0.0,False,272.2220545768732,-9.088451750687213,-301.6024277446104,-22.21345372891131,0.0,6,calibration,2,square,0.39999999999999997,0,calibration
0.04357079998590052,4,-1.0,0.0,0.0,False,260.766926136953,-10.819069256526733,-301.77012402042,-32.27708856956369,0.0,6,calibration,2,square,0.39999999999999997,0,calibration
0.060133499908261,5,-1.0,0.0,0.0,False,249.68556140247438,-11.242834983507585,-301.4805646513911,-42.78423032450736,0.0,6,calibration,2,square,0.39999999999999997,0,calibration
0.07685339997988194,6,-1.0,0.0,0.0,False,239.18760300004638,-10.078048412459628,-300.4849192903994,-54.3380886051026,0.0,6,calibration,2,square,0.39999999999999997,0,calibration
0.09336109994910657,7,-2.0,0.0,1.0,True,229.5362860509809,-8.140677675749501,-298.07267156918505,-66.90782347293103,1.16891156330261,6,calibration,2,square,0.39999999999999997,0,calibration
0.11019229993689805,8,-2.0,0.0,0.0,False,221.24895707332362,-3.043246252357693,-293.8704556095039,-82.90819519522478,0.0,6,calibration,2,square,0.39999999999999997,0,calibration
0.12670879997313023,9,-2.0,0.0,0.0,False,214.71488052374488,3.8477037947521255,-288.07607731069373,-102.25579676827513,0.0,6,calibration,2,square,0.39999999999999997,0,calibration
0.1433921999996528,10,-2.0,0.0,0.0,False,209.93349291771136,12.191346488250723,-280.8244655288675,-124.85352811686731,0.0,6,calibration,2,square,0.39999999999999997,0,calibration
0.15993159997742623,11,-2.0,0.0,0.0,False,207.36827986348536,21.60125906298093,-272.17598472193356,-148.53329677032931,0.0,6,calibration,2,square,0.39999999999999997,0,calibration
0.17676139995455742,12,-1.0,-1.0,1.4142135623730951,True,211.6869901204219,30.163100924528756,-261.5653553441572,-172.34506286611918,-1.7629228806261716,6,calibration,2,square,0.39999999999999997,0,calibration
0.19355389999691397,13,2.0,-4.0,4.242640687119285,True,217.99023941093924,38.242964541800895,-248.7952551288619,-195.44684297066064,-4.597014399984499,6,calibration,2,square,0.39999999999999997,0,calibration
0.210105299949646,14,20.0,-13.0,20.0,True,224.5395475173914,45.784811912650476,-235.56383133054672,-215.67494405289509,-12.30166888858976,6,calibration,2,square,0.39999999999999997,0,calibration
0.22658919997047633,15,57.0,-23.0,20.0,True,231.69479272711376,53.2893232844885,-223.05449148891609,-232.25169477268454,-6.248651787782923,6,calibration,2,square,0.39999999999999997,0,calibration
0.24373190000187606,16,133.0,-28.0,20.0,True,239.84318517176712,61.20645311545213,-211.44581845639857,-245.7254833738464,-0.6226743020516845,6,calibration,2,square,0.39999999999999997,0,calibration
0.2600041999248788,17,237.0,-24.0,20.0,True,249.58754825711515,69.65544653578036,-199.6929313142688,-257.39481634854025,1.9627678502729018,6,calibration,2,square,0.39999999999999997,0,calibration
0.2767142999218777,18,281.0,-15.0,20.0,True,260.051485759946,78.46315872131345,-187.09083776202655,-267.93548509038675,5.113205659596405,6,calibration,2,square,0.39999999999999997,0,calibration
0.29338869999628514,19,339.0,1.0,20.0,True,271.4509751097702,87.32949906421155,-175.20984562720838,-276.92143743823823,6.315130602433905,6,calibration,2,square,0.39999999999999997,0,calibration
0.3100454999366775,20,372.0,18.0,20.0,True,282.85473960174147,96.68544382942957,-162.96025475196214,-283.8354253148473,8.573480657840602,6,calibration,2,square,0.39999999999999997,0,calibration
0.32692299992777407,21,407.0,44.0,20.0,True,295.33982459035076,107.6382875253064,-150.69307146132343,-288.3049789334771,8.932150587461454,6,calibration,2,square,0.39999999999999997,0,calibration
0.3432533999439329,22,443.0,82.0,20.0,True,308.04577273759895,119.8466742263216,-136.91052331214178,-290.7504822544861,8.971137963180807,6,calibration,2,square,0.39999999999999997,0,calibration
0.3599632999394089,23,461.0,110.0,20.0,True,320.94168801991316,133.32398014337792,-122.0601419687764,-291.78264032773694,10.009781323082226,6,calibration,2,square,0.39999999999999997,0,calibration
0.37693589995615184,24,474.0,133.0,20.0,True,333.5540768974405,146.43531041694987,-106.02168593552018,-292.1791420355542,9.962709438696855,6,calibration,2,square,0.39999999999999997,0,calibration
0.39348400000017136,25,486.0,161.0,20.0,True,345.8811416349617,159.5649180399123,-89.05111615982287,-292.3249669097262,11.074224314001995,6,calibration,2,square,0.39999999999999997,0,calibration
0.41031539998948574,26,491.0,179.0,18.681541692269406,True,357.905373030576,173.42988893995746,-70.94420708088748,-292.3774154709736,11.926601571287847,6,calibration,2,square,0.39999999999999997,0,calibration
0.42677329992875457,27,496.0,202.0,20.0,True,356.80504269550516,180.80420765861263,-51.80633136501685,-292.39605443846756,13.410940927645745,6,calibration,2,square,0.39999999999999997,0,calibration
0.4434425999643281,28,497.0,213.0,11.045361017187261,True,353.63433185585416,186.92982462106903,-32.18096775005844,-292.40263447130195,8.173536258173293,6,calibration,2,square,0.39999999999999997,0,calibration
0.4601263999938965,29,497.0,218.0,5.0,True,350.56790103311613,192.61917548685355,-11.88842547306205,-291.933720779511,3.7442217784400142,6,calibration,2,square,0.39999999999999997,0,calibration
0.4765413999557495,30,497.0,222.0,4.0,True,347.63599232134277,197.86161033094638,8.147905937462568,-290.14386670482065,2.671068678868685,6,calibration,2,square,0.39999999999999997,0,calibration
0.4935406999429688,31,497.0,223.0,1.0,True,344.290740391499,203.6268304538315,26.818548909771998,-286.12928903835234,0.5478695246427432,6,calibration,2,square,0.39999999999999997,0,calibration
0.5100190999219194,32,497.0,224.0,1.0,True,340.7001666895155,209.57909346529854,41.45740212683953,-280.5123512410838,0.4076247486106776,6,calibration,2,square,0.39999999999999997,0,calibration
0.5269161999458447,33,497.0,226.0,2.0,True,337.05089597570014,215.39891717921373,51.38261526751025,-274.64107400542497,0.5197255603072433,6,calibration,2,square,0.39999999999999997,0,calibration
0.5435795999364927,34,497.0,226.0,0.0,False,337.53464818942075,214.64007377850947,57.348253711591425,-269.5667242565266,0.0,6,calibration,2,square,0.39999999999999997,0,calibration
0.5601893999846652,35,497.0,227.0,1.0,True,335.0864702391193,218.44234356618637,60.40581791811436,-264.8306813905024,-0.11888731971401056,6,calibration,2,square,0.39999999999999997,0,calibration
0.5767332999967039,36,497.0,227.0,0.0,False,335.64181803298845,217.58807409302167,62.25891851827277,-259.518080412798,0.0,6,calibration,2,square,0.39999999999999997,0,calibration
0.5937102999305353,37,497.0,227.0,0.0,False,336.6576701673862,216.0129929366921,63.29970834496593,-253.39346300974304,0.0,6,calibration,2,square,0.39999999999999997,0,calibration
0.6100057999137789,38,497.0,227.0,0.0,False,337.5222568306591,214.65955870619547,63.9780396986987,-246.03794667184383,0.0,6,calibration,2,square,0.39999999999999997,0,calibration
0.6267205999465659,39,497.0,227.0,0.0,False,337.8672739372746,214.11610215533685,64.27826665538316,-237.35543509636688,0.0,6,calibration,2,square,0.39999999999999997,0,calibration
0.6438071999000385,40,497.0,227.0,0.0,False,337.7937164193624,214.23212912071654,64.27810129126706,-226.37994112822298,0.0,6,calibration,2,square,0.39999999999999997,0,calibration
0.6600517999613658,41,497.0,227.0,0.0,False,337.3335641181878,214.95596413991518,63.66795947637875,-214.2361965107428,0.0,6,calibration,2,square,0.39999999999999997,0,calibration
0.6769485999830067,42,497.0,227.0,0.0,False,336.62115515521475,216.06989124347902,62.50774408495918,-202.55287876786468,0.0,6,calibration,2,square,0.39999999999999997,0,calibration
0.6938637999119237,43,497.0,227.0,0.0,False,335.7332064838193,217.44703737713508,60.49865160034488,-192.5004503023157,0.0,6,calibration,2,square,0.39999999999999997,0,calibration
0.7099538999609649,44,497.0,227.0,0.0,False,334.60341959162764,219.1815494004666,57.94337486929943,-183.78400904020077,0.0,6,calibration,2,square,0.39999999999999997,0,calibration
0.7267949999077246,45,497.0,227.0,0.0,False,333.18592256106723,221.33038880174254,54.44027622605259,-175.92381248162417,0.0,6,calibration,2,square,0.39999999999999997,0,calibration
0.7433605999685824,46,497.0,227.0,0.0,False,331.5660200769569,223.7498029727111,50.10068744175124,-168.55883840128456,0.0,6,calibration,2,square,0.39999999999999997,0,calibration
0.7599830999970436,47,476.0,217.0,20.0,True,326.55211519782915,231.0058788425604,44.30711365394225,-161.40629955472764,-19.26596100780829,6,calibration,2,square,0.39999999999999997,0,calibration
0.7767876998987049,48,425.0,188.0,20.0,True,321.3215100820229,238.22780517523233,36.712139464296136,-153.98251352668066,-20.507958669761447,6,calibration,2,square,0.39999999999999997,0,calibration
0.7934643999906257,49,359.0,155.0,20.0,True,315.74313578161855,245.57335402439412,27.16791104410333,-146.27686408691807,-21.081716852087155,6,calibration,2,square,0.39999999999999997,0,calibration
0.8101500999182463,50,312.0,129.0,20.0,True,310.2739837868646,252.44812335414278,16.324269838644604,-138.55298406894752,-21.624507439300768,6,calibration,2,square,0.39999999999999997,0,calibration
0.8269138999748975,51,242.0,91.0,20.0,True,304.8451024088534,258.97772787893496,5.2558203840217494,-130.83880767178263,-20.814901753366456,6,calibration,2,square,0.39999999999999997,0,calibration
0.8433032999746501,52,127.0,31.0,20.0,True,299.17067564143827,265.51253611881555,-6.316542694797956,-123.36685839759808,-19.4253274149061,6,calibration,2,square,0.39999999999999997,0,calibration
0.8612770999316126,53,52.0,-11.0,20.0,True,293.2459866439576,272.04189257761726,-18.857163662672342,-115.909647792065,-16.713969658756525,6,calibration,2,square,0.39999999999999997,0,calibration
0.8763787999050692,54,-19.0,-48.0,20.0,True,287.1860634001965,278.4316163597416,-34.01557843539649,-108.79700854227549,-14.847213825333451,6,calibration,2,square,0.39999999999999997,0,calibration
0.8935258999699727,55,-124.0,-100.0,20.0,True,280.9466929794225,284.72610646712064,-51.72407170386729,-101.99065882687069,-12.93996268467122,6,calibration,2,square,0.39999999999999997,0,calibration
0.9100347999483347,56,-198.0,-135.0,20.0,True,274.4821902791555,290.9631028490683,-72.18335352056619,-95.0930343694128,-11.739715499593068,6,calibration,2,square,0.39999999999999997,0,calibration
0.9266491999151185,57,-258.0,-171.0,20.0,True,268.37486264869585,296.6056862204325,-93.62364255749439,-88.12376853641878,-10.6907127598378,6,calibration,2,square,0.39999999999999997,0,calibration
0.9434156999923289,58,-324.0,-216.0,20.0,True,262.856589820597,301.50690404680034,-114.2328604118597,-81.2392961743549,-9.37488630865744,6,calibration,2,square,0.39999999999999997,0,calibration
0.9599539999617264,59,-350.0,-238.0,20.0,True,258.0791773345382,305.6061815905038,-133.020441659555,-75.58454507290323,-8.100772584710874,6,calibration,2,square,0.39999999999999997,0,calibration
0.9768637999659404,60,-370.0,-259.0,20.0,True,253.0337325197232,309.118885915023,-150.5108767697672,-70.24678413522919,-5.920266969813981,6,calibration,2,square,0.39999999999999997,0,calibration
0.9933210999006405,61,-379.0,-266.0,11.40175425099138,True,247.26126321109578,312.0228176491539,-168.47565902661245,-65.82193626810918,-2.170571801403927,6,calibration,2,square,0.39999999999999997,0,calibration
1.009906699997373,62,-383.0,-269.0,5.0,True,241.0769849709343,314.1071679985245,-186.79213244372963,-61.759194282798155,-0.4231204125264171,6,calibration,2,square,0.39999999999999997,0,calibration
1.0266241999343038,63,-386.0,-273.0,5.0,True,234.1454587208785,314.8641769360366,-205.38663869426338,-58.774162581793725,0.21993899191026456,6,calibration,2,square,0.39999999999999997,0,calibration
1.0435520999599248,64,-386.0,-274.0,1.0,True,226.87480110710754,313.9699533895349,-222.81356767111285,-56.12091013436868,0.2725865900908293,6,calibration,2,square,0.39999999999999997,0,calibration
1.060109099955298,65,-387.0,-275.0,1.4142135623730951,True,218.85687516529873,313.6076767050847,-238.75421788037764,-53.92811754310476,0.18972371825987983,6,calibration,2,square,0.39999999999999997,0,calibration
1.076710799941793,66,-389.0,-276.0,2.23606797749979,True,209.65914552885408,313.4770209607932,-253.25230320344093,-51.96535332497891,0.16623896485504466,6,calibration,2,square,0.39999999999999997,0,calibration
1.093181399977766,67,-389.0,-276.0,0.0,False,199.38025145199387,314.8009484627703,-267.1788243483556,-50.568100504272934,0.0,6,calibration,2,square,0.39999999999999997,0,calibration
1.1097585998941213,68,-389.0,-276.0,0.0,False,186.90683142608893,315.73467210564723,-282.4234556792296,-49.701390957090844,0.0,6,calibration,2,square,0.39999999999999997,0,calibration
1.126622699899599,69,-389.0,-276.0,0.0,False,173.30210363903845,315.959127569402,-298.3152501093204,-49.32250840359011,0.0,6,calibration,2,square,0.39999999999999997,0,calibration
1.1436410999158397,70,-389.0,-276.0,0.0,False,159.42519101448013,315.2315469607097,-314.4707165309633,-48.821371680873526,0.0,6,calibration,2,square,0.39999999999999997,0,calibration
1.1601076999213547,71,-389.0,-276.0,0.0,False,146.85269157539585,312.94969840392037,-329.1944101891076,-47.98323328446793,0.0,6,calibration,2,square,0.39999999999999997,0,calibration
1.1766717999707907,72,-389.0,-276.0,0.0,False,135.90055159304848,308.89755692730387,-343.2299787834504,-46.96830175937847,0.0,6,calibration,2,square,0.39999999999999997,0,calibration
1.1933143999194726,73,-389.0,-276.0,0.0,False,126.2393444256457,303.29309144973763,-356.98730268614725,-45.99753112620243,0.0,6,calibration,2,square,0.39999999999999997,0,calibration
1.2099978999467567,74,-389.0,-276.0,0.0,False,117.86218679590255,296.6641418540034,-371.22879574056145,-45.299038493649256,0.0,6,calibration,2,square,0.39999999999999997,0,calibration
1.2265045999083668,75,-389.0,-276.0,0.0,False,110.100891114826,289.5803886733432,-386.1094799434294,-44.74720749900472,0.0,6,calibration,2,square,0.39999999999999997,0,calibration
1.243463399936445,76,-389.0,-276.0,0.0,False,102.49022723053542,281.82716337252293,-397.6371847474842,-43.412778143020546,0.0,6,calibration,2,square,0.39999999999999997,0,calibration
1.260497699957341,77,-389.0,-276.0,0.0,False,94.62467407603691,273.7375646565594,-397.94981590021695,-40.44680487978551,0.0,6,calibration,2,square,0.39999999999999997,0,calibration
1.2774992999620736,78,-389.0,-276.0,0.0,False,86.80480521183806,264.92057076661126,-398.3077311173318,-36.7552898528002,0.0,6,calibration,2,square,0.39999999999999997,0,calibration
1.293379099923186,79,-389.0,-276.0,0.0,False,78.92969614887409,255.53063805534265,-398.6717313357322,-32.57070207670977,0.0,6,calibration,2,square,0.39999999999999997,0,calibration
1.309903199900873,80,-389.0,-276.0,0.0,False,70.72638065423476,243.81412170029185,-399.0977795225892,-26.850742636634074,0.0,6,calibration,2,square,0.39999999999999997,0,calibration
1.3267216999083757,81,-389.0,-276.0,0.0,False,62.9356712801546,230.46525482927524,-399.48619934621394,-20.2676227495239,0.0,6,calibration,2,square,0.39999999999999997,0,calibration
1.3433707999065518,82,-389.0,-276.0,0.0,False,56.57337541073341,216.28324722219773,-399.8121628677757,-12.257015256218692,0.0,6,calibration,2,square,0.39999999999999997,0,calibration
1.3605089999036863,83,-389.0,-276.0,0.0,False,52.53916545794776,203.426826471261,-399.98081728118,-3.917372471348693,0.0,6,calibration,2,square,0.39999999999999997,0,calibration
1.3770265999482945,84,-306.0,-202.0,20.0,True,56.83696753482397,192.96216662127114,-399.96237683560275,5.486083850556046,2.053183977276256,6,calibration,2,square,0.39999999999999997,0,calibration
1.3933368999278173,85,-140.0,-70.0,20.0,True,63.374979947335625,183.80664568181544,-399.72854553540355,14.733970413665428,8.13133642691243,6,calibration,2,square,0.39999999999999997,0,calibration
1.4099960000021383,86,-35.0,-1.0,20.0,True,70.55313789108801,175.20397580116054,-399.2764695818751,24.047886356891144,12.389495418987222,6,calibration,2,square,0.39999999999999997,0,calibration
1.4269997999072075,87,74.0,69.0,20.0,True,78.05436546896998,167.1811832168123,-398.71027223910386,32.09546402561658,13.723677196819555,6,calibration,2,square,0.39999999999999997,0,calibration
1.44349869992584,88,257.0,191.0,20.0,True,85.63554595012137,160.02963478709236,-398.12137912226194,38.72166687770761,14.855561939449949,6,calibration,2,square,0.39999999999999997,0,calibration
1.4599763998994604,89,381.0,263.0,20.0,True,93.66832940295129,153.47163849322814,-397.5370410671692,44.320435236579186,18.6244822211336,6,calibration,2,square,0.39999999999999997,0,calibration
1.47697709989734,90,496.0,322.0,20.0,True,101.84195483726032,147.61629536046723,-396.91800768183,49.55900703087897,21.517760535053338,6,calibration,2,square,0.39999999999999997,0,calibration
1.4932931999210268,91,637.0,373.0,20.0,True,110.05188137884014,141.93607331495906,-396.2461973484041,54.67130039545068,25.52578523672245,6,calibration,2,square,0.39999999999999997,0,calibration
1.5100142000010237,92,703.0,393.0,20.0,True,118.51034303870662,136.17934305757268,-395.5096753630839,59.76702012136808,27.12962864107312,6,calibration,2,square,0.39999999999999997,0,calibration
1.526918499963358,93,752.0,405.0,20.0,True,127.05741624215418,130.37909737986413,-394.57300237775104,65.66693075367017,27.725718196377372,6,calibration,2,square,0.39999999999999997,0,calibration
1.5434598999563605,94,769.0,409.0,17.46424919657298,True,136.0562605002375,124.62009703056569,-393.3528849041375,72.61892272398673,23.626716025618915,6,calibration,2,square,0.39999999999999997,0,calibration
1.5606733999447897,95,777.0,412.0,8.54400374531753,True,145.09498314037418,119.70890734650919,-391.8496918235122,80.33566466905259,9.655360401912557,6,calibration,2,square,0.39999999999999997,0,calibration
1.5766444999026135,96,782.0,415.0,5.830951894845301,True,154.99766742063343,115.42403020601488,-390.23763390840656,87.83273354261766,4.936794141865698,6,calibration,2,square,0.39999999999999997,0,calibration
1.593457299983129,97,784.0,416.0,2.23606797749979,True,165.68691021488095,111.30036356174405,-388.6385999323637,94.65748064792422,2.162039195763168,6,calibration,2,square,0.39999999999999997,0,calibration
1.6101293999236077,98,786.0,416.0,2.0,True,176.9319922132286,105.59860965705172,-387.21616725214676,100.31769444398883,3.0422111063373345,6,calibration,2,square,0.39999999999999997,0,calibration
1.6268445999594405,99,787.0,416.0,1.0,True,188.78956989890713,99.44632676061482,-385.6733490525427,106.09461734977694,1.3347888834462056,6,calibration,2,square,0.39999999999999997,0,calibration
1.643408100004308,100,788.0,416.0,1.0,True,200.37560363790703,93.25699263464168,-383.83150804018067,112.5760784341004,1.1117147835262637,6,calibration,2,square,0.39999999999999997,0,calibration
1.6600508999545127,101,788.0,416.0,0.0,False,209.72198892072484,84.63949223253509,-381.77712114824607,119.35757105335819,0.0,6,calibration,2,square,0.39999999999999997,0,calibration
1.6767424999270588,102,788.0,416.0,0.0,False,218.76550121708118,75.61909764765798,-379.77480150549803,125.58304081944972,0.0,6,calibration,2,square,0.39999999999999997,0,calibration
1.6939439999405295,103,788.0,416.0,0.0,False,228.3884616068836,66.1542476722084,-377.8911205836682,131.142292888372,0.0,6,calibration,2,square,0.39999999999999997,0,calibration
1.710273899952881,104,788.0,416.0,0.0,False,238.5477371718227,55.491061751292726,-376.0154634367782,136.42716465728128,0.0,6,calibration,2,square,0.39999999999999997,0,calibration
1.7269578999839723,105,788.0,416.0,0.0,False,248.86321590920124,44.88736458912241,-374.1854461225143,141.36920424935178,0.0,6,calibration,2,square,0.39999999999999997,0,calibration
1.7432959999423474,106,788.0,416.0,0.0,False,258.83422909978384,33.90922572372208,-372.0323189856797,145.6265586345033,0.0,6,calibration,2,square,0.39999999999999997,0,calibration
1.7600561999715865,107,788.0,416.0,0.0,False,268.01559917349084,22.917397323122128,-368.4400538077047,148.89453840958424,0.0,6,calibration,2,square,0.39999999999999997,0,calibration
1.776769999996759,108,788.0,416.0,0.0,False,275.8046900477468,10.274700872531735,-364.14107995323945,151.3363684431686,0.0,6,calibration,2,square,0.39999999999999997,0,calibration
1.7933086999692023,109,788.0,416.0,0.0,False,282.1958407290745,-3.176805930744907,-359.31854199852177,152.92184435950952,0.0,6,calibration,2,square,0.39999999999999997,0,calibration
1.810206099995412,110,788.0,416.0,0.0,False,287.0317045821525,-17.055806471844164,-354.3753203915508,153.85854200220874,0.0,6,calibration,2,square,0.39999999999999997,0,calibration
1.8268872000044212,111,788.0,416.0,0.0,False,290.6189724564756,-30.72047661467979,-348.9311442807331,154.14493539601816,0.0,6,calibration,2,square,0.39999999999999997,0,calibration
1.8433537998935208,112,788.0,416.0,0.0,False,292.94092096904944,-44.139131669478274,-343.4555050395199,153.88346194103048,0.0,6,calibration,2,square,0.39999999999999997,0,calibration
1.8602033999050036,113,788.0,416.0,0.0,False,294.16330151445146,-56.750019902323245,-338.2332418829211,153.01276203003275,0.0,6,calibration,2,square,0.39999999999999997,0,calibration
1.8769786999328062,114,788.0,416.0,0.0,False,294.6730744185424,-67.95176936581124,-332.79911700539407,151.02068927892614,0.0,6,calibration,2,square,0.39999999999999997,0,calibration
1.8933831999311224,115,788.0,416.0,0.0,False,294.7696740702698,-77.94399214696708,-324.8745919448073,146.92301637577336,0.0,6,calibration,2,square,0.39999999999999997,0,calibration
1.9100892998976633,116,788.0,416.0,0.0,False,293.7068228946438,-87.95886781076231,-314.29930015315824,140.56768953248974,0.0,6,calibration,2,square,0.39999999999999997,0,calibration
1.9267461999552324,117,788.0,416.0,0.0,False,290.9548990108493,-98.365495849806,-302.7938356588331,132.76462404618349,0.0,6,calibration,2,square,0.39999999999999997,0,calibration
1.94350629998371,118,788.0,416.0,0.0,False,286.2748498146873,-108.5931667640735,-292.14039980452344,123.96991709542999,0.0,6,calibration,2,square,0.39999999999999997,0,calibration
1.9601663999492303,119,755.0,401.0,20.0,True,278.9864963949843,-116.51248946645431,-282.25630578247234,114.25992106211689,25.60794803208436,6,calibration,2,square,0.39999999999999997,0,calibration
1.976816999958828,120,643.0,360.0,20.0,True,270.94817291649036,-123.25609411659025,-272.617900767831,103.7625099493134,26.445028844111743,6,calibration,2,square,0.39999999999999997,0,calibration
1.9932980999583378,121,498.0,322.0,20.0,True,262.11654397591707,-129.4197860474572,-263.5319987611322,92.89609077856936,27.28709711061287,6,calibration,2,square,0.39999999999999997,0,calibration
2.010006699943915,122,404.0,297.0,20.0,True,253.05208839178863,-134.74035301974854,-255.55742414700217,82.35306421364756,26.830892706023892,6,calibration,2,square,0.39999999999999997,0,calibration
2.0267256998922676,123,301.0,276.0,20.0,True,242.83947348262458,-139.0700858961521,-248.39101837929172,72.01373414598386,27.481654020510522,6,calibration,2,square,0.39999999999999997,0,calibration
2.043321799952537,124,99.0,228.0,20.0,True,231.02014158939863,-142.82212930586005,-242.18034753728875,62.23502765152975,26.47417953681167,6,calibration,2,square,0.39999999999999997,0,calibration
2.060492099961266,125,-39.0,188.0,20.0,True,217.0978123160503,-146.4035527925708,-236.9099870673007,52.514791376470264,24.252177754481572,6,calibration,2,square,0.39999999999999997,0,calibration
2.0766698999796063,126,-242.0,106.0,20.0,True,201.73518563064047,-150.0163865423128,-232.5611238392466,42.551856080890516,20.320027171779348,6,calibration,2,square,0.39999999999999997,0,calibration
2.093460400006734,127,-338.0,67.0,20.0,True,186.40696271737445,-152.9144510456008,-229.1244903503403,32.333536413135704,18.377068552665204,6,calibration,2,square,0.39999999999999997,0,calibration
2.110131899942644,128,-406.0,42.0,20.0,True,172.8394931368602,-154.5969153591805,-225.6538504289047,20.578060325745337,18.174548887730964,6,calibration,2,square,0.39999999999999997,0,calibration
2.1266175999771804,129,-449.0,26.0,20.0,True,160.14209140853094,-154.39918999113013,-221.86503689677505,7.995025113607671,17.359440894657183,6,calibration,2,square,0.39999999999999997,0,calibration
2.1434106999076903,130,-457.0,22.0,8.94427190999916,True,147.67283812053097,-152.48408186251712,-217.90360832904074,-5.05337366329783,5.796577135159858,6,calibration,2,square,0.39999999999999997,0,calibration
2.1600829999661073,131,-461.0,20.0,4.47213595499958,True,134.335624750761,-149.041441832827,-213.51609265787846,-17.475144293374175,2.8195601019161765,6,calibration,2,square,0.39999999999999997,0,calibration
2.1764879999682307,132,-462.0,20.0,1.0,True,121.74071218520874,-142.59297584444877,-208.90631213232317,-29.51969399316074,1.24756018094111,6,calibration,2,square,0.39999999999999997,0,calibration
2.193398299976252,133,-462.0,20.0,0.0,False,112.2024302722854,-131.36637643841925,-203.61507705643513,-41.75405713815989,0.0,6,calibration,2,square,0.39999999999999997,0,calibration
2.2103380999760702,134,-462.0,20.0,0.0,False,103.90966680598571,-117.884643604073,-198.2002145087342,-54.47264412974016,0.0,6,calibration,2,square,0.39999999999999997,0,calibration
2.2265825999202207,135,-462.0,20.0,0.0,False,97.26648002777915,-103.39884791604364,-192.76505867005946,-67.7976882823691,0.0,6,calibration,2,square,0.39999999999999997,0,calibration
2.2433069999096915,136,-462.0,20.0,0.0,False,92.42546221020532,-88.3222593837817,-186.85616746225082,-81.18677421325151,0.0,6,calibration,2,square,0.39999999999999997,0,calibration
2.2598725999705493,137,-462.0,20.0,0.0,False,89.24583741156906,-72.4999751502271,-181.27717730944332,-93.50836816111814,0.0,6,calibration,2,square,0.39999999999999997,0,calibration
2.276346999919042,138,-462.0,20.0,0.0,False,87.3448709828267,-56.112496165368796,-174.49911026635,-105.12055159831708,0.0,6,calibration,2,square,0.39999999999999997,0,calibration
2.292972999974154,139,-462.0,20.0,0.0,False,86.0308691462004,-39.17173234435042,-165.27135292677985,-117.94877463536685,0.0,6,calibration,2,square,0.39999999999999997,0,calibration
2.3097164999926463,140,-462.0,20.0,0.0,False,85.24481817137885,-20.39488457852303,-152.30625440031,-132.4379341523318,0.0,6,calibration,2,square,0.39999999999999997,0,calibration
2.3263551999116316,141,-462.0,20.0,0.0,False,84.90447026379086,-0.25408535220389794,-136.27902658648568,-148.93355591657357,0.0,6,calibration,2,square,0.39999999999999997,0,calibration
2.343186599900946,142,-462.0,20.0,0.0,False,84.968720097544,20.115526071871077,-118.5936275566367,-165.82743138556702,0.0,6,calibration,2,square,0.39999999999999997,0,calibration
2.359728999901563,143,-462.0,20.0,0.0,False,85.2242994743284,38.25670503355354,-98.09005748852547,-183.38892901252106,0.0,6,calibration,2,square,0.39999999999999997,0,calibration
2.3765612998977304,144,-462.0,20.0,0.0,False,85.3603706431971,54.468767635665614,-74.38546040152211,-200.46509209830162,0.0,6,calibration,2,square,0.39999999999999997,0,calibration
2.3933776000048965,145,-462.0,20.0,0.0,False,85.41731922969997,69.87401531972596,-46.64362352064901,-216.52074566219173,0.0,6,calibration,2,square,0.39999999999999997,0,calibration
2.409913199953735,146,-462.0,20.0,0.0,False,85.63553358514478,85.26517936606133,-15.138271711500384,-230.87102245161114,0.0,6,calibration,2,square,0.39999999999999997,0,calibration
2.427276099915616,147,-462.0,20.0,0.0,False,85.94798269427324,100.70507445591157,19.214669482410653,-243.7657427039475,0.0,6,calibration,2,square,0.39999999999999997,0,calibration
2.443071599933319,148,-462.0,20.0,0.0,False,86.49738992879081,116.17275747433577,54.04568982424259,-254.68340628425673,0.0,6,calibration,2,square,0.39999999999999997,0,calibration
2.4597963999258354,149,-462.0,20.0,0.0,False,86.97411008482551,131.9469391024631,86.5841825298715,-263.5553146927651,0.0,6,calibration,2,square,0.39999999999999997,0,calibration
2.476306299911812,150,-462.0,20.0,0.0,False,87.3942652789174,147.59312338889345,115.35437258907685,-269.79115378638653,0.0,6,calibration,2,square,0.39999999999999997,0,calibration
2.4934064999688417,151,-462.0,20.0,0.0,False,87.59198022474551,163.04924542736677,139.8563332166573,-273.7779016545958,0.0,6,calibration,2,square,0.39999999999999997,0,calibration
2.509777099941857,152,-462.0,20.0,0.0,False,87.67131258136453,179.78471634620564,162.62796982868764,-276.0053322276826,0.0,6,calibration,2,square,0.39999999999999997,0,calibration
2.526314999908209,153,-336.0,121.0,20.0,True,92.49895716091743,196.39129887820312,183.92205532366,-277.1869606831683,1.4797094251724396,6,calibration,2,square,0.39999999999999997,0,calibration
2.5431370999431238,154,-117.0,264.0,20.0,True,98.94098751854072,213.31137292780517,204.524610385339,-277.79874318910066,-0.23657208869705793,6,calibration,2,square,0.39999999999999997,0,calibration
2.559682699968107,155,57.0,342.0,20.0,True,106.08684491754036,229.1618251949044,222.8475333628685,-277.9347025799482,-3.2300487544611833,6,calibration,2,square,0.39999999999999997,0,calibration
2.576736999908462,156,327.0,441.0,20.0,True,113.79426877692477,245.01575669347227,239.2582238512584,-277.61323448290506,-4.506680258717573,6,calibration,2,square,0.39999999999999997,0,calibration
2.5930546999443322,157,496.0,483.0,20.0,True,121.70507710798138,260.66415907694426,253.8343047522616,-276.7200678989842,-6.60656946694878,6,calibration,2,square,0.39999999999999997,0,calibration
2.6097404999891296,158,628.0,509.0,20.0,True,129.1448833598537,276.109576300643,265.5324877304097,-275.19106608483895,-7.960531245520778,6,calibration,2,square,0.39999999999999997,0,calibration
2.627700899960473,159,735.0,528.0,20.0,True,135.61615679196825,291.77565299393865,274.4803725712601,-273.1167597970892,-9.222972146146757,6,calibration,2,square,0.39999999999999997,0,calibration
2.6437152998987585,160,761.0,533.0,20.0,True,140.78962980314776,307.25700695901867,280.8211693403523,-270.66923751944125,-9.875545297052241,6,calibration,2,square,0.39999999999999997,0,calibration
2.660549599910155,161,770.0,534.0,9.055385138137417,True,144.82246918799896,322.6517664473157,285.0959395708692,-267.9368107649704,-4.873717256699725,6,calibration,2,square,0.39999999999999997,0,calibration
2.6770299999043345,162,771.0,534.0,1.0,True,148.43171631221927,337.51763445816596,287.8278563925361,-264.83819767647714,-0.42539503790297345,6,calibration,2,square,0.39999999999999997,0,calibration
2.6937257999088615,163,772.0,534.0,1.0,True,151.78851849927977,352.12524763715624,289.26679071937934,-260.8512834444614,-0.11551985299840631,6,calibration,2,square,0.39999999999999997,0,calibration
2.710223999922164,164,772.0,534.0,0.0,False,146.28992996544812,365.81123694674795,289.2779354439699,-254.86994568498284,0.0,6,calibration,2,square,0.39999999999999997,0,calibration
2.7266218999866396,165,772.0,534.0,0.0,False,137.3239194785768,375.68888876175373,287.88746268877134,-247.26482108778976,0.0,6,calibration,2,square,0.39999999999999997,0,calibration
2.7432185999350622,166,772.0,533.0,1.0,True,124.0424903879888,379.99753608502886,285.47262460525246,-238.9062233767761,0.6521304733537916,6,calibration,2,square,0.39999999999999997,0,calibration
2.7599003999494016,167,772.0,533.0,0.0,False,112.92133728392753,383.7300764678337,282.94591980133663,-230.95372250498897,0.0,6,calibration,2,square,0.39999999999999997,0,calibration
2.776841399958357,168,772.0,533.0,0.0,False,101.78586539434156,386.83282901781354,280.31158687865354,-223.74854599486912,0.0,6,calibration,2,square,0.39999999999999997,0,calibration
2.793244699947536,169,772.0,533.0,0.0,False,90.33366611071578,389.66630437721676,277.39027517001364,-217.51500608257695,0.0,6,calibration,2,square,0.39999999999999997,0,calibration
2.8099445999832824,170,772.0,533.0,0.0,False,78.7045395828285,392.180564853812,274.78988707953647,-212.23478157589847,0.0,6,calibration,2,square,0.39999999999999997,0,calibration
2.8270332999527454,171,772.0,533.0,0.0,False,67.34768019329488,393.7428228482048,272.7395164806597,-207.41086598045965,0.0,6,calibration,2,square,0.39999999999999997,0,calibration
2.8431276999181136,172,772.0,533.0,0.0,False,56.407375902081,394.28611419725104,270.38015587123516,-201.9465392390905,0.0,6,calibration,2,square,0.39999999999999997,0,calibration
2.860482499934733,173,772.0,533.0,0.0,False,45.29266025850998,393.9845223428963,266.28085858969035,-194.8021677928285,0.0,6,calibration,2,square,0.39999999999999997,0,calibration
2.876587799983099,174,772.0,533.0,0.0,False,34.15106832160466,392.4056931257449,260.185962479436,-185.95395157037143,0.0,6,calibration,2,square,0.39999999999999997,0,calibration
2.8935314998961985,175,772.0,533.0,0.0,False,22.81048560334145,389.20143710984814,252.6440545983146,-176.28622385034956,0.0,6,calibration,2,square,0.39999999999999997,0,calibration
2.9097657999955118,176,772.0,533.0,0.0,False,12.049800947276385,384.4069325112811,242.67887722825637,-166.64045492759462,0.0,6,calibration,2,square,0.39999999999999997,0,calibration
2.926547299954109,177,772.0,533.0,0.0,False,1.2291543507373035,377.6730653800235,230.4219295034618,-157.41755013475998,0.0,6,calibration,2,square,0.39999999999999997,0,calibration
2.9430927999783307,178,772.0,533.0,0.0,False,-8.486558489282206,369.3946134125059,216.7207159611939,-148.77910448416674,0.0,6,calibration,2,square,0.39999999999999997,0,calibration
2.9598804999841377,179,772.0,533.0,0.0,False,-16.804689968626676,360.00955993295554,204.03487808158553,-141.25715984143096,0.0,6,calibration,2,square,0.39999999999999997,0,calibration
2.9765623999992386,180,772.0,533.0,0.0,False,-22.270903300976965,350.9096670190816,192.47982340578827,-134.66179959965385,0.0,6,calibration,2,square,0.39999999999999997,0,calibration
2.9930962999351323,181,772.0,533.0,0.0,False,-25.67713950366064,341.6512392927938,181.122202209107,-128.38009871232265,0.0,6,calibration,2,square,0.39999999999999997,0,calibration
0.0007071000291034579,1,-28.0,-15.0,20.0,True,306.19144205265457,-0.7062534394845956,-306.8445756832015,1.58842870852125,31.48380674989721,7,calibration,2,dot,0.44999999999999996,0,calibration
0.010296500055119395,2,-28.0,-15.0,0.0,False,318.8123906802673,-2.3230909075696298,-317.8602107812124,11.683943270812808,0.0,7,calibration,2,dot,0.44999999999999996,0,calibration
0.026807800051756203,3,-80.0,-28.0,20.0,True,332.8055906694685,-4.9738200293411845,-332.9078229397773,18.07566162044948,34.123128535793555,7,calibration,2,dot,0.44999999999999996,0,calibration
0.043450400000438094,4,-136.0,-40.0,20.0,True,346.4998280289333,-8.853811180673777,-349.70837436226435,23.855670490211093,34.80203194984285,7,calibration,2,dot,0.44999999999999996,0,calibration
0.06100099999457598,5,-183.0,-49.0,20.0,True,360.2957595977497,-14.424067785560108,-368.3520515030794,29.60819136111486,34.46710617020311,7,calibration,2,dot,0.44999999999999996,0,calibration
0.07771490002050996,6,-261.0,-66.0,20.0,True,373.56491494742806,-21.441557466194627,-389.1115461692873,35.07823606406906,33.09428858622234,7,calibration,2,dot,0.44999999999999996,0,calibration
0.09478809998836368,7,-278.0,-71.0,17.72004514666935,True,385.5714081125453,-29.498888007759625,-398.1830110214798,38.082669731363325,27.079385445646118,7,calibration,2,dot,0.44999999999999996,0,calibration
0.11145800002850592,8,-337.0,-84.0,20.0,True,396.5581301604759,-38.26827887487918,-398.0403332289878,39.54608859238033,31.129291847793333,7,calibration,2,dot,0.44999999999999996,0,calibration
0.12791729997843504,9,-377.0,-91.0,20.0,True,397.194071069013,-47.295559068731926,-397.9386362979836,40.5566485462145,30.52632099377867,7,calibration,2,dot,0.44999999999999996,0,calibration
0.14461359998676926,10,-414.0,-98.0,20.0,True,396.0085664671751,-56.36679239244458,-397.92659007184017,40.67467164953735,29.830732396453044,7,calibration,2,dot,0.44999999999999996,0,calibration
0.1603015000000596,11,-457.0,-107.0,20.0,True,394.57762600510296,-65.63914271360542,-397.9855644078509,40.09352220701442,28.753840450606614,7,calibration,2,dot,0.44999999999999996,0,calibration
0.17885869997553527,12,-479.0,-110.0,20.0,True,392.9900480116871,-74.55750910385802,-398.0847994202612,39.09593930998979,29.541742614805205,7,calibration,2,dot,0.44999999999999996,0,calibration
0.19443060003686696,13,-500.0,-111.0,20.0,True,391.0535382587376,-84.12568106899386,-398.18220506105587,38.091095714290994,30.287585101002303,7,calibration,2,dot,0.44999999999999996,0,calibration
0.21161430003121495,14,-507.0,-113.0,7.280109889280518,True,388.81441925180985,-93.93267472971203,-398.4056793970982,35.67792908979781,9.14659090982893,7,calibration,2,dot,0.44999999999999996,0,calibration
0.22710470005404204,15,-510.0,-114.0,3.1622776601683795,True,386.25430563481956,-103.95966226649347,-398.6560974129983,32.761501727453876,3.7807692191392053,7,calibration,2,dot,0.44999999999999996,0,calibration
0.24325970001518726,16,-512.0,-114.0,2.0,True,383.3405364654822,-114.23674147294403,-398.76882373118895,31.35961128655735,2.916409274884363,7,calibration,2,dot,0.44999999999999996,0,calibration
0.2600973000517115,17,-514.0,-114.0,2.0,True,379.9217518009868,-125.13777410705943,-398.8598638558487,30.179612404632355,2.808531977505879,7,calibration,2,dot,0.44999999999999996,0,calibration
0.27765599999111146,18,-514.0,-114.0,0.0,False,376.21908740842713,-135.86463215116083,-398.9900833505512,28.40622093697477,0.0,7,calibration,2,dot,0.44999999999999996,0,calibration
0.29459599999245256,19,-513.0,-114.0,1.0,True,372.3295566620521,-146.18721296967044,-399.4418784485336,21.123109181816027,-1.330080720186579,7,calibration,2,dot,0.44999999999999996,0,calibration
0.31145480007398874,20,-504.0,-113.0,9.055385138137417,True,368.29820084607024,-156.06548386349778,-399.7252712038368,14.822535579957728,-11.633011767885597,7,calibration,2,dot,0.44999999999999996,0,calibration
0.3271242000628263,21,-454.0,-100.0,20.0,True,363.87822872092505,-166.11030871960403,-399.822013719716,11.931359734381257,-23.23834792491097,7,calibration,2,dot,0.44999999999999996,0,calibration
0.3443395000649616,22,-381.0,-82.0,20.0,True,358.7428793398782,-176.928082912051,-399.9833650747348,3.647967035406832,-20.433669925752483,7,calibration,2,dot,0.44999999999999996,0,calibration
0.3606357000535354,23,-315.0,-62.0,20.0,True,352.81613456607363,-188.46956038006311,-399.94415784434557,-6.683607272811279,-14.45951236519712,7,calibration,2,dot,0.44999999999999996,0,calibration
0.3775584000395611,24,-241.0,-39.0,20.0,True,346.5087148437444,-199.82920341465774,-399.5845609090472,-18.225769753949017,-9.775391920566019,7,calibration,2,dot,0.44999999999999996,0,calibration
0.3940784999867901,25,-154.0,0.0,20.0,True,340.06308288408104,-210.61125245193963,-398.9178739023228,-29.402888994968883,-5.8688134948591,7,calibration,2,dot,0.44999999999999996,0,calibration
0.4104857000056654,26,-97.0,25.0,20.0,True,334.23093545865873,-219.74913374671112,-395.8894500254484,-40.511492620127704,-3.01521962342536,7,calibration,2,dot,0.44999999999999996,0,calibration
0.4274885000195354,27,-39.0,53.0,20.0,True,328.45864897777915,-228.2869157698094,-391.06661789158994,-51.71776971156759,-0.7600520473165707,7,calibration,2,dot,0.44999999999999996,0,calibration
0.44380040001124144,28,45.0,90.0,20.0,True,323.20402214320205,-235.66747775299118,-384.7480155733239,-62.8344638162112,0.29631096293623593,7,calibration,2,dot,0.44999999999999996,0,calibration
0.460456500062719,29,100.0,120.0,20.0,True,318.0986782219942,-242.5143932087747,-376.8624178845954,-73.40763699476247,2.239608464254603,7,calibration,2,dot,0.44999999999999996,0,calibration
0.4771467000246048,30,158.0,150.0,20.0,True,313.2846319882893,-248.70210968136595,-367.919357270574,-83.57022391782596,3.4567186707625597,7,calibration,2,dot,0.44999999999999996,0,calibration
0.49419980007223785,31,228.0,187.0,20.0,True,308.9636709871248,-254.05009350551268,-357.9521359411374,-94.07755666299197,3.461512343175589,7,calibration,2,dot,0.44999999999999996,0,calibration
0.5107416000682861,32,280.0,214.0,20.0,True,305.1142838711868,-258.66053772806714,-347.18540748671717,-104.91012749089425,3.273262212145644,7,calibration,2,dot,0.44999999999999996,0,calibration
0.5283276999834925,33,308.0,234.0,20.0,True,302.13189546553883,-262.1379746286309,-335.1180890950271,-115.62330115019263,2.9932212380094176,7,calibration,2,dot,0.44999999999999996,0,calibration
0.5439672999782488,34,330.0,249.0,20.0,True,299.913074943679,-264.67366222921993,-321.65220446258303,-126.83257272244909,2.645854214917856,7,calibration,2,dot,0.44999999999999996,0,calibration
0.5605441000079736,35,345.0,263.0,20.0,True,298.77833913070293,-265.95395102592227,-306.81802185070006,-138.1358777644255,2.513734486199286,7,calibration,2,dot,0.44999999999999996,0,calibration
0.5774689000099897,36,357.0,275.0,16.97056274847714,True,298.7711645641319,-265.96201086807946,-291.9845394212553,-149.07520683716956,1.5567707840835143,7,calibration,2,dot,0.44999999999999996,0,calibration
0.5937463999725878,37,363.0,282.0,9.219544457292887,True,299.65086850147037,-264.9704832737309,-277.6449279377872,-158.35619398821166,0.9826342795881156,7,calibration,2,dot,0.44999999999999996,0,calibration
0.6099005000432953,38,367.0,285.0,5.0,True,300.49491142177857,-264.01289402151826,-264.44542917976923,-166.50719432542832,0.592187839532208,7,calibration,2,dot,0.44999999999999996,0,calibration
0.6271811000769958,39,369.0,288.0,3.605551275463989,True,301.25532140203757,-263.144886568132,-250.47593418782773,-172.79608736608463,0.9136321330635173,7,calibration,2,dot,0.44999999999999996,0,calibration
0.6434259000234306,40,370.0,288.0,1.0,True,302.66393956807076,-261.52349738624866,-238.6067751163927,-182.1553045421446,-0.01890285384155188,7,calibration,2,dot,0.44999999999999996,0,calibration
0.66036440001335,41,370.0,289.0,1.0,True,306.0750394875608,-257.52295082708275,-225.3738440529137,-188.9433789153402,0.04049682550911432,7,calibration,2,dot,0.44999999999999996,0,calibration
0.67682340007741,42,371.0,291.0,2.23606797749979,True,311.44542475291667,-251.00148884115268,-210.90228261950486,-193.7474212719738,0.17586502381125288,7,calibration,2,dot,0.44999999999999996,0,calibration
0.6934697000542656,43,371.0,293.0,2.0,True,317.9120656907808,-242.75897200355064,-195.8496077595885,-196.91434318256677,0.19441379089246258,7,calibration,2,dot,0.44999999999999996,0,calibration
0.7102909999666736,44,368.0,295.0,3.605551275463989,True,324.76908515577793,-233.5059770692799,-197.35346038691785,-209.51815941913017,1.7536563706927273,7,calibration,2,dot,0.44999999999999996,0,calibration
0.726796800037846,45,359.0,305.0,13.45362404707371,True,332.3072484279721,-222.64746268985417,-189.85012895870943,-223.93885319950155,-2.5195246848216892,7,calibration,2,dot,0.44999999999999996,0,calibration
0.7437867000699043,46,350.0,313.0,12.041594578792296,True,339.8519868317719,-210.95171733478998,-182.49762428434255,-240.73256509855418,-1.1765330737161652,7,calibration,2,dot,0.44999999999999996,0,calibration
0.7605767999775708,47,342.0,318.0,9.433981132056603,True,346.931675783494,-199.09397865846313,-180.6514583524414,-259.48760686222874,2.496226402482491,7,calibration,2,dot,0.44999999999999996,0,calibration
0.7774149000179023,48,340.0,320.0,2.8284271247461903,True,352.74980259662453,-188.59368167582497,-169.02085054208547,-273.1213929692079,-0.753163643586412,7,calibration,2,dot,0.44999999999999996,0,calibration
0.794173700036481,49,335.0,324.0,6.4031242374328485,True,358.0031636974794,-178.42010756244866,-157.08220523702406,-288.35781833210314,-1.2469684676011077,7,calibration,2,dot,0.44999999999999996,0,calibration
0.8113924000645056,50,327.0,330.0,10.0,True,362.89191411037075,-168.25414905229331,-142.23193620039652,-302.5881731172096,-2.306811128236874,7,calibration,2,dot,0.44999999999999996,0,calibration
0.8275595000013709,51,307.0,344.0,20.0,True,367.7486984163374,-157.35594940481195,-127.3882600066465,-316.98085826646076,-5.407520806995643,7,calibration,2,dot,0.44999999999999996,0,calibration
0.8440548999933526,52,247.0,382.0,20.0,True,372.5334407412715,-145.66686489888343,-116.98302131043442,-333.6515853587334,-4.861086363779339,7,calibration,2,dot,0.44999999999999996,0,calibration
0.8604631000198424,53,208.0,403.0,20.0,True,377.0838538578548,-133.44574612818496,-113.19727605302941,-351.5763526587538,-0.6283108409665528,7,calibration,2,dot,0.44999999999999996,0,calibration
0.8771917000412941,54,177.0,417.0,20.0,True,381.21919483243215,-121.12772387571779,-113.27173482868417,-368.8805564349331,3.313633383194513,7,calibration,2,dot,0.44999999999999996,0,calibration
0.8938958999933675,55,137.0,429.0,20.0,True,384.9648213538755,-108.63740755365397,-114.83205925257212,-383.1626262669857,8.495707544151053,7,calibration,2,dot,0.44999999999999996,0,calibration
0.910583300050348,56,115.0,434.0,20.0,True,388.3360815346564,-95.89102032155422,-113.30507457801978,-383.6169444574489,9.978072054612987,7,calibration,2,dot,0.44999999999999996,0,calibration
0.9276488000759855,57,88.0,437.0,20.0,True,391.32006608950127,-82.8770527691976,-112.335419244294,-383.9020103922467,13.326998930680762,7,calibration,2,dot,0.44999999999999996,0,calibration
0.9442282000090927,58,44.0,438.0,20.0,True,394.22630255385076,-67.71722361939948,-111.65896970520203,-384.09930289493207,15.653105282580562,7,calibration,2,dot,0.44999999999999996,0,calibration
0.9605067999800667,59,10.0,436.0,20.0,True,396.7360853979346,-50.994887421414674,-110.9478789485727,-384.30530591811095,17.370407609305552,7,calibration,2,dot,0.44999999999999996,0,calibration
0.9770611000712961,60,-28.0,430.0,20.0,True,398.66552014263414,-32.646639174698876,-109.7028729837708,-384.66255297222096,19.12191989078955,7,calibration,2,dot,0.44999999999999996,0,calibration
0.9937259000726044,61,-73.0,426.0,20.0,True,399.7203706333559,-14.954106483925237,-108.68265672872506,-384.95204912610365,15.070477797051215,7,calibration,2,dot,0.44999999999999996,0,calibration
1.010186400031671,62,-99.0,423.0,20.0,True,399.995809493868,1.8309525786376564,-107.86965107307212,-385.180656805834,15.195537011862786,7,calibration,2,dot,0.44999999999999996,0,calibration
1.027101300074719,63,-125.0,422.0,20.0,True,399.61373507343495,17.57449119202506,-107.80492378506072,-385.19877778583003,12.982452767994621,7,calibration,2,dot,0.44999999999999996,0,calibration
1.0438076000427827,64,-160.0,419.0,20.0,True,398.6987189764047,32.238664466349995,-108.17882887049998,-385.0939378699788,15.32960041571037,7,calibration,2,dot,0.44999999999999996,0,calibration
1.0609492000658065,65,-189.0,409.0,20.0,True,397.3275446137279,46.16083070337908,-108.40860449560061,-385.0293163790472,23.358224135702766,7,calibration,2,dot,0.44999999999999996,0,calibration
1.0774458000669256,66,-240.0,380.0,20.0,True,395.5060932073516,59.79072031559475,-108.45191097506657,-385.01712040616616,28.023740611288517,7,calibration,2,dot,0.44999999999999996,0,calibration
1.0936163000296801,67,-269.0,361.0,20.0,True,393.2476024456558,73.18690573281161,-108.52202594086395,-384.9973634788821,30.098179815301624,7,calibration,2,dot,0.44999999999999996,0,calibration
1.1106035000411794,68,-297.0,341.0,20.0,True,390.6503304833202,85.97859787919727,-108.67329336536174,-384.9546925407275,31.462532359543644,7,calibration,2,dot,0.44999999999999996,0,calibration
1.1269449000246823,69,-331.0,307.0,20.0,True,387.68596560573513,98.486507057306,-108.7297733302641,-384.93874368729035,35.02034883162515,7,calibration,2,dot,0.44999999999999996,0,calibration
1.1436099000275135,70,-351.0,273.0,20.0,True,384.2831283798739,111.02466952248643,-108.42369022820226,-385.02506853099686,38.085232980461925,7,calibration,2,dot,0.44999999999999996,0,calibration
1.1607231000671163,71,-371.0,240.0,20.0,True,380.2598729875654,124.10652277572117,-108.29572139508214,-385.0610818136764,37.63578343920154,7,calibration,2,dot,0.44999999999999996,0,calibration
1.1772680999711156,72,-404.0,178.0,20.0,True,375.7601126874398,137.12890910789952,-108.36266558511507,-385.04224795116767,37.87417902712789,7,calibration,2,dot,0.44999999999999996,0,calibration
1.1941617999691516,73,-420.0,147.0,20.0,True,370.9267034996319,149.71099034772337,-108.89407797096683,-384.8922963412661,37.95585961550871,7,calibration,2,dot,0.44999999999999996,0,calibration
1.2109586000442505,74,-435.0,107.0,20.0,True,365.6029378456178,162.2790554528011,-109.78610063132425,-384.6388073351007,38.70977152402719,7,calibration,2,dot,0.44999999999999996,0,calibration
1.227187899989076,75,-443.0,82.0,20.0,True,359.76322291071034,174.84399744028536,-111.2824417333518,-384.2085607607711,38.541062441683806,7,calibration,2,dot,0.44999999999999996,0,calibration
1.2437250000657514,76,-449.0,59.0,20.0,True,353.5084122866196,187.16784564287045,-113.2313621008996,-383.6387084703197,38.071094408506795,7,calibration,2,dot,0.44999999999999996,0,calibration
1.2605646000010893,77,-453.0,28.0,20.0,True,347.19636336241535,198.63203484814227,-115.473563423635,-382.9697849050859,37.096326142118556,7,calibration,2,dot,0.44999999999999996,0,calibration
1.2771697000134736,78,-456.0,8.0,20.0,True,340.8912705415443,209.268109535523,-117.96081067575486,-382.2109981995792,36.56961570964487,7,calibration,2,dot,0.44999999999999996,0,calibration
1.2940694000571966,79,-459.0,-11.0,19.235384061671343,True,334.21058697609305,219.78007997335735,-120.82627954144151,-381.3148438917287,34.50803871820954,7,calibration,2,dot,0.44999999999999996,0,calibration
1.3111023000674322,80,-462.0,-32.0,20.0,True,326.42909665212824,231.17968089534932,-124.3683389672301,-380.1743235182147,34.47631081281568,7,calibration,2,dot,0.44999999999999996,0,calibration
1.3276100000366569,81,-463.0,-40.0,8.06225774829855,True,316.88156148548984,244.10259316631132,-129.1406758794595,-378.5798275574075,13.424881014925566,7,calibration,2,dot,0.44999999999999996,0,calibration
1.343922800035216,82,-464.0,-48.0,8.06225774829855,True,306.3570115084293,257.1874442884491,-134.98878854141853,-376.5342308052751,13.054987380119911,7,calibration,2,dot,0.44999999999999996,0,calibration
1.3605341999791563,83,-464.0,-60.0,12.0,True,295.892718458808,269.16073109399997,-141.06933802351583,-374.29859987663195,18.825724028432095,7,calibration,2,dot,0.44999999999999996,0,calibration
1.3768255000468343,84,-463.0,-73.0,13.038404810405298,True,285.530655335009,280.12897897925575,-146.59862676959798,-372.1677614050794,19.819420989297903,7,calibration,2,dot,0.44999999999999996,0,calibration
1.3937419999856502,85,-460.0,-86.0,13.341664064126334,True,274.45344879438073,290.99021365824353,-151.3628378375596,-370.25571072133465,19.238614927355957,7,calibration,2,dot,0.44999999999999996,0,calibration
1.4105477000121027,86,-457.0,-105.0,19.235384061671343,True,261.83268840518093,302.39650011618096,-156.6584673379369,-368.04636204061103,26.91907824550529,7,calibration,2,dot,0.44999999999999996,0,calibration
1.4269550000317395,87,-455.0,-114.0,9.219544457292887,True,248.4187867430823,313.50934020072674,-162.87388969124208,-365.3383309438596,11.904983688253195,7,calibration,2,dot,0.44999999999999996,0,calibration
1.4438867999706417,88,-450.0,-128.0,14.866068747318506,True,234.2892615804888,324.20447545965385,-170.46631488344596,-361.8580322309536,16.752720745182593,7,calibration,2,dot,0.44999999999999996,0,calibration
1.4601336000487208,89,-446.0,-138.0,10.770329614269007,True,220.12065074993868,333.9863756404197,-179.45431398884259,-357.48587271498417,10.771192028470926,7,calibration,2,dot,0.44999999999999996,0,calibration
1.4774961000075564,90,-443.0,-148.0,10.44030650891055,True,205.98095649301894,342.8875115285201,-189.36640258186608,-352.3355865835902,10.039705663515969,7,calibration,2,dot,0.44999999999999996,0,calibration
1.493587400065735,91,-438.0,-159.0,12.083045973594572,True,192.5400148493063,350.61138413039146,-199.57097510894323,-346.6575051748708,9.6893169767263,7,calibration,2,dot,0.44999999999999996,0,calibration
1.5102360000601038,92,-434.0,-166.0,8.06225774829855,True,179.63176803614456,357.39673741125387,-210.35361597386364,-340.22250990597354,5.133082748354795,7,calibration,2,dot,0.44999999999999996,0,calibration
1.527053700061515,93,-431.0,-172.0,6.708203932499369,True,167.16140393962067,363.3965671727444,-221.36597513792933,-333.16228035483493,4.048596552099795,7,calibration,2,dot,0.44999999999999996,0,calibration
1.5439239999977872,94,-424.0,-183.0,13.038404810405298,True,155.40130382050046,368.57893967356375,-234.5920426865286,-323.9854526181105,4.24543609399886,7,calibration,2,dot,0.44999999999999996,0,calibration
1.560406900011003,95,-419.0,-189.0,7.810249675906654,True,144.40445724987802,373.0246006986244,-243.3365924568623,-311.3722451558794,-0.1296123251231625,7,calibration,2,dot,0.44999999999999996,0,calibration
1.5774169999640435,96,-414.0,-199.0,11.180339887498949,True,134.59485797164783,376.6752237771844,-251.52040942913231,-298.8277876989879,-1.0629389336818835,7,calibration,2,dot,0.44999999999999996,0,calibration
1.5938751000212505,97,-409.0,-208.0,10.295630140987,True,125.27473196144744,379.87661356286134,-248.73453748307378,-287.2751274125011,1.4546506413118354,7,calibration,2,dot,0.44999999999999996,0,calibration
1.6114250000100583,98,-403.0,-216.0,10.0,True,115.58864632763147,382.9350660884241,-240.38863327075865,-277.1996321569896,6.479819976758883,7,calibration,2,dot,0.44999999999999996,0,calibration
1.6280314000323415,99,-395.0,-226.0,12.806248474865697,True,104.55350785948096,385.6588104683642,-229.52483963004264,-267.72390341406003,9.618904857024091,7,calibration,2,dot,0.44999999999999996,0,calibration
1.6445062999846414,100,-386.0,-237.0,14.212670403551895,True,90.8052756235603,387.4577491509929,-216.98112381524334,-258.1640276715002,10.841533112330177,7,calibration,2,dot,0.44999999999999996,0,calibration
1.6608161000767723,101,-377.0,-244.0,11.40175425099138,True,75.08240339480363,388.61868457086064,-204.46514525356358,-248.54672251256505,12.36241171426,7,calibration,2,dot,0.44999999999999996,0,calibration
1.6778465000679716,102,-367.0,-253.0,13.45362404707371,True,57.85976031536795,389.6141816786942,-192.7511795671912,-240.4860459733379,13.638790859157476,7,calibration,2,dot,0.44999999999999996,0,calibration
1.6943220000248402,103,-353.0,-262.0,16.64331697709324,True,40.071195151230036,390.32189377595705,-183.1046535512186,-234.04214431357008,20.989015303836197,7,calibration,2,dot,0.44999999999999996,0,calibration
1.711448600050062,104,-330.0,-274.0,20.0,True,22.07635680005344,390.6414506319033,-175.82481350098703,-229.5517034669028,28.127891179809303,7,calibration,2,dot,0.44999999999999996,0,calibration
1.726975500001572,105,-314.0,-282.0,17.88854381999832,True,1.8345952358281323,390.284758721175,-169.97848578757322,-226.4252661873115,26.19319953427593,7,calibration,2,dot,0.44999999999999996,0,calibration
1.74421550007537,106,-297.0,-286.0,17.46424919657298,True,-18.66271830310036,388.8589383536324,-163.83934412377016,-223.67661292657135,30.562734126756272,7,calibration,2,dot,0.44999999999999996,0,calibration
1.760349899996072,107,-269.0,-293.0,20.0,True,-38.9018466358573,386.40952641381887,-156.32573046414439,-221.21627546152433,35.609441278641754,7,calibration,2,dot,0.44999999999999996,0,calibration
1.777638899977319,108,-253.0,-295.0,16.1245154965971,True,-55.84218029150343,383.1097968502155,-147.1360126575227,-218.74295517730883,30.252878783111356,7,calibration,2,dot,0.44999999999999996,0,calibration
1.7942359000444412,109,-233.0,-295.0,20.0,True,-70.62406858815285,379.17258983624157,-137.0612590074208,-216.4664938882358,38.834393745173884,7,calibration,2,dot,0.44999999999999996,0,calibration
1.810833299998194,110,-199.0,-295.0,20.0,True,-83.24245672802607,374.34065703986624,-125.12935977669643,-214.26116459212318,38.34435458430539,7,calibration,2,dot,0.44999999999999996,0,calibration
1.827436299994588,111,-176.0,-293.0,20.0,True,-94.58055678945696,367.9747047316428,-112.24638010856714,-211.4870387962396,38.06495332144468,7,calibration,2,dot,0.44999999999999996,0,calibration
1.8448313999688253,112,-144.0,-282.0,20.0,True,-105.12448925137386,360.5862183293259,-99.05431086234871,-206.90183169656993,39.220317794546126,7,calibration,2,dot,0.44999999999999996,0,calibration
1.8610211999621242,113,-121.0,-271.0,20.0,True,-115.0797955317037,352.5012653737418,-86.17019340293994,-201.2616589917787,39.43448499482954,7,calibration,2,dot,0.44999999999999996,0,calibration
1.8778128999983892,114,-95.0,-257.0,20.0,True,-123.31822414005578,344.7084686188101,-72.37189677082782,-195.1472140925525,39.249843266003715,7,calibration,2,dot,0.44999999999999996,0,calibration
1.893548100022599,115,-56.0,-231.0,20.0,True,-130.77430094520375,336.6422020982757,-57.338212166278595,-188.25994470517844,39.191981567613745,7,calibration,2,dot,0.44999999999999996,0,calibration
1.9107460000086576,116,-32.0,-211.0,20.0,True,-137.55808444461016,328.28434918894146,-40.80342529755204,-180.44561937921776,38.985938292806864,7,calibration,2,dot,0.44999999999999996,0,calibration
1.9267767000710592,117,-4.0,-188.0,20.0,True,-144.75123375411846,319.3023583146693,-20.992483555687606,-171.65525344507452,38.844556383625005,7,calibration,2,dot,0.44999999999999996,0,calibration
1.9441985000157729,118,21.0,-162.0,20.0,True,-151.1300510375315,310.3596838579149,1.2387058240348239,-161.3590206688539,38.42397137052209,7,calibration,2,dot,0.44999999999999996,0,calibration
1.9607644999632612,119,66.0,-105.0,20.0,True,-157.27378426723024,301.6030501720136,24.74758609075798,-149.73560825909578,38.034685635867696,7,calibration,2,dot,0.44999999999999996,0,calibration
1.9774995000334457,120,102.0,-55.0,20.0,True,-162.74158909084977,293.0667138445278,46.42331873539344,-138.48630356352473,37.81942788833894,7,calibration,2,dot,0.44999999999999996,0,calibration
1.9947587000206113,121,149.0,22.0,20.0,True,-168.09554334223085,284.0348827918479,65.63013001981402,-128.02073876856292,37.31620197904406,7,calibration,2,dot,0.44999999999999996,0,calibration
2.0108327000634745,122,186.0,75.0,20.0,True,-173.4341947673066,273.38711090482377,82.04190035087942,-119.26819735279999,37.60964931530558,7,calibration,2,dot,0.44999999999999996,0,calibration
2.0275243000360206,123,221.0,140.0,20.0,True,-179.01385334531597,261.5230749386562,96.96609065929576,-110.53086108661387,37.05013473848715,7,calibration,2,dot,0.44999999999999996,0,calibration
2.0442089000716805,124,244.0,186.0,20.0,True,-184.6064099716078,248.741028336346,111.69647857801843,-101.60696524500213,36.89265319588579,7,calibration,2,dot,0.44999999999999996,0,calibration
2.0602484999690205,125,262.0,237.0,20.0,True,-189.94773585640442,235.17703311867976,126.88999117328528,-91.78668781231697,35.815146069925134,7,calibration,2,dot,0.44999999999999996,0,calibration
2.076851599966176,126,289.0,324.0,20.0,True,-194.90852780265374,220.6435914887347,142.11960210610388,-81.72182622188053,35.46921209674405,7,calibration,2,dot,0.44999999999999996,0,calibration
2.0935066000092775,127,301.0,365.0,20.0,True,-200.64342890398737,204.66587406573058,157.56760900681468,-71.34515258523716,35.330662859104095,7,calibration,2,dot,0.44999999999999996,0,calibration
2.1101555000059307,128,312.0,412.0,20.0,True,-206.71000033264312,188.3238474564213,173.51785857494804,-60.25152451810993,34.70353508128425,7,calibration,2,dot,0.44999999999999996,0,calibration
2.127153499983251,129,317.0,450.0,20.0,True,-214.8364361392314,169.22655425936142,189.1854201052891,-48.592291204730124,33.198517140684174,7,calibration,2,dot,0.44999999999999996,0,calibration
2.1439605000196025,130,323.0,506.0,20.0,True,-223.71039917975227,149.12227441677052,205.55791870444438,-36.09221729787233,32.81426603762849,7,calibration,2,dot,0.44999999999999996,0,calibration
2.160857900045812,131,325.0,542.0,20.0,True,-233.21349294349852,128.5362934966075,221.39279679014095,-23.522388946023728,31.880003761501374,7,calibration,2,dot,0.44999999999999996,0,calibration
2.1778624000726268,132,325.0,582.0,20.0,True,-242.04446502926285,110.29113480609112,236.86344606829246,-10.438392292548588,30.91722727273688,7,calibration,2,dot,0.44999999999999996,0,calibration
2.1956598999677226,133,323.0,600.0,18.110770276274835,True,-250.4617310415113,93.0049661662927,249.91771073996702,2.653657310579419,26.641914044214623,7,calibration,2,dot,0.44999999999999996,0,calibration
2.2104939999990165,134,323.0,600.0,0.0,False,-258.6985072307848,76.08238449831396,266.7276569901664,8.727167570845834,0.0,7,calibration,2,dot,0.44999999999999996,0,calibration
2.2273840999696404,135,317.0,600.0,6.0,True,-266.50279219155044,59.292646361285705,275.66721153429427,23.018983924146333,-5.710908520097403,7,calibration,2,dot,0.44999999999999996,0,calibration
2.24372420005966,136,309.0,600.0,8.0,True,-273.35747876220944,44.36142733334161,282.3719267742591,39.59593979399466,-6.337366386777898,7,calibration,2,dot,0.44999999999999996,0,calibration
2.2608063999796286,137,297.0,600.0,12.0,True,-279.5994335206329,31.288184353935286,287.9621349477087,57.498434971447374,-8.747190276002208,7,calibration,2,dot,0.44999999999999996,0,calibration
2.2772279999917373,138,262.0,600.0,20.0,True,-285.3294035022889,19.589640198279156,292.8797695911507,76.7408437576365,-13.74952505022006,7,calibration,2,dot,0.44999999999999996,0,calibration
2.293784199981019,139,228.0,600.0,20.0,True,-290.9414001672521,8.758576239633204,297.18647039711107,96.68423314917518,-13.422645858676553,7,calibration,2,dot,0.44999999999999996,0,calibration
2.3104694000212476,140,192.0,600.0,20.0,True,-295.7999879403723,-0.7257858589390516,299.9243591457299,116.25800012019636,-11.88915978887442,7,calibration,2,dot,0.44999999999999996,0,calibration
2.327012600027956,141,166.0,600.0,20.0,True,-300.37318603882005,-10.13382096662439,300.70784046763526,134.76975093395248,-9.589330666173531,7,calibration,2,dot,0.44999999999999996,0,calibration
2.343827800010331,142,140.0,600.0,20.0,True,-305.20433968964466,-19.95632661054477,299.56681781272067,152.84039642154258,-7.566664338337034,7,calibration,2,dot,0.44999999999999996,0,calibration
2.3613477000035346,143,102.0,600.0,20.0,True,-311.2838899245569,-30.374315189774375,297.0492457503487,170.28905710054173,-7.224262663707406,7,calibration,2,dot,0.44999999999999996,0,calibration
2.3777501999866217,144,75.0,600.0,20.0,True,-318.03200139205086,-39.642081441816536,293.17681048121676,188.4078122485388,-7.592366151582828,7,calibration,2,dot,0.44999999999999996,0,calibration
2.39471590006724,145,33.0,600.0,20.0,True,-325.3018879439239,-48.1148145247614,287.439438786523,206.87878680511284,-7.090916085474611,7,calibration,2,dot,0.44999999999999996,0,calibration
2.410483199986629,146,10.0,600.0,20.0,True,-332.8119515059246,-56.11006784393325,280.3689299213974,225.760572701479,-6.679268474557674,7,calibration,2,dot,0.44999999999999996,0,calibration
2.427568000042811,147,-14.0,600.0,20.0,True,-340.5383152512616,-63.294724196503935,272.3095412461902,244.03530005134076,-6.575950990152691,7,calibration,2,dot,0.44999999999999996,0,calibration
2.443920599995181,148,-57.0,588.0,20.0,True,-348.2461046230521,-69.70479454989022,262.5066604959947,260.35860713918555,-12.939723312927573,7,calibration,2,dot,0.44999999999999996,0,calibration
2.4605501000769436,149,-94.0,571.0,20.0,True,-356.04926416023096,-75.2626760566969,250.85970172715605,274.9664944864469,-14.846062426701057,7,calibration,2,dot,0.44999999999999996,0,calibration
2.4770294000627473,150,-132.0,553.0,20.0,True,-364.14763166186697,-79.92316638313743,238.21252559102686,288.18882579783656,-13.629898485291873,7,calibration,2,dot,0.44999999999999996,0,calibration
2.494050699984655,151,-172.0,532.0,20.0,True,-372.4016876323771,-83.66683644494681,225.21293063193826,300.2184201831185,-13.284099673538465,7,calibration,2,dot,0.44999999999999996,0,calibration
2.5105052000144497,152,-194.0,516.0,20.0,True,-380.84143478692863,-86.48616440914435,212.51315005985956,310.6980177737243,-14.079894703330599,7,calibration,2,dot,0.44999999999999996,0,calibration
2.526954200002365,153,-215.0,500.0,20.0,True,-389.9546539514267,-89.08068175324597,200.84930636592168,319.9164835440119,-13.629633036108004,7,calibration,2,dot,0.44999999999999996,0,calibration
2.543620100012049,154,-252.0,469.0,20.0,True,-389.9051483227567,-89.29711815847733,189.79481346768262,328.2766654484856,-13.505270751718506,7,calibration,2,dot,0.44999999999999996,0,calibration
2.560400400077924,155,-273.0,447.0,20.0,True,-389.8620794076658,-89.48496544074236,180.01300262350614,334.74525713616504,-13.323143874740673,7,calibration,2,dot,0.44999999999999996,0,calibration
2.5769934999989346,156,-296.0,423.0,20.0,True,-389.91508147079685,-89.2537351690216,171.33896650676724,339.63472781798447,-11.543984182570938,7,calibration,2,dot,0.44999999999999996,0,calibration
2.59374929999467,157,-335.0,364.0,20.0,True,-390.0968569668544,-88.45587704941683,163.9932833075609,342.11007546206525,-8.46945664722195,7,calibration,2,dot,0.44999999999999996,0,calibration
2.610259599983692,158,-355.0,334.0,20.0,True,-390.40142952504556,-87.10180150146644,156.29164070213267,343.35072069324065,-4.7427112491227845,7,calibration,2,dot,0.44999999999999996,0,calibration
2.626958300010301,159,-376.0,298.0,20.0,True,-390.80825448858855,-85.2578924415952,147.9613240438275,343.2887767561527,-1.416361043663339,7,calibration,2,dot,0.44999999999999996,0,calibration
2.6436741000507027,160,-385.0,271.0,20.0,True,-391.24187701943265,-83.24538225217745,139.66630192929836,341.7007049462083,1.8840679600406018,7,calibration,2,dot,0.44999999999999996,0,calibration
2.6600274000084028,161,-397.0,234.0,20.0,True,-391.6586284831672,-81.26203747559136,131.26135235726207,338.787525842531,4.257975894555813,7,calibration,2,dot,0.44999999999999996,0,calibration
2.6768407999770716,162,-407.0,196.0,20.0,True,-392.0547312598187,-79.32898396419405,122.30313213442953,334.45031136630286,6.301734279993165,7,calibration,2,dot,0.44999999999999996,0,calibration
2.6947333000134677,163,-423.0,130.0,20.0,True,-392.4193643873436,-77.5051124367496,111.71739334367346,328.677531655824,7.034990210327532,7,calibration,2,dot,0.44999999999999996,0,calibration
2.710574600030668,164,-433.0,56.0,20.0,True,-392.7611114693108,-75.75426930141722,100.33512201062041,322.2923901125167,7.587998425631146,7,calibration,2,dot,0.44999999999999996,0,calibration
2.727562400046736,165,-434.0,40.0,16.0312195418814,True,-393.1328096015618,-73.80104345320724,87.9603286035698,315.21049843986526,6.491153629402006,7,calibration,2,dot,0.44999999999999996,0,calibration
2.743932000012137,166,-436.0,6.0,20.0,True,-393.5492644292836,-71.54702276943351,74.22354803334915,307.21366843794976,8.698732065780767,7,calibration,2,dot,0.44999999999999996,0,calibration
2.760829500039108,167,-436.0,-26.0,20.0,True,-394.01126249507337,-68.9574145907342,59.977627557857026,298.0885161748562,10.223982969027157,7,calibration,2,dot,0.44999999999999996,0,calibration
2.7768370000412688,168,-436.0,-66.0,20.0,True,-394.409732209078,-66.64055175914581,45.818749632486416,288.3339833699445,11.082213972989477,7,calibration,2,dot,0.44999999999999996,0,calibration
2.7937498000683263,169,-431.0,-87.0,20.0,True,-394.72824585844194,-64.72721160004848,33.301514449530266,277.7782763381919,13.343855819698511,7,calibration,2,dot,0.44999999999999996,0,calibration
2.810402699979022,170,-427.0,-108.0,20.0,True,-394.98142656883766,-63.16385569014836,21.83275501608675,267.3732680118544,13.800688956401014,7,calibration,2,dot,0.44999999999999996,0,calibration
2.827307900064625,171,-415.0,-138.0,20.0,True,-395.1475418316067,-62.116182951294256,12.11482489778345,257.1717356209996,14.858692720965383,7,calibration,2,dot,0.44999999999999996,0,calibration
2.84364530001767,172,-408.0,-154.0,17.46424919657298,True,-395.2463694162881,-61.48420498992539,4.17288513021494,248.01343413597334,13.168373534388833,7,calibration,2,dot,0.44999999999999996,0,calibration
2.860703599988483,173,-394.0,-181.0,20.0,True,-395.1646412597654,-62.00730842441794,-2.176590518795992,239.28547370844998,14.068689584821064,7,calibration,2,dot,0.44999999999999996,0,calibration
2.877128900028765,174,-384.0,-198.0,19.72308292331602,True,-394.9639144614902,-63.273266655489486,-7.26032012855248,230.24585268577,14.069737713002056,7,calibration,2,dot,0.44999999999999996,0,calibration
2.894001999986358,175,-375.0,-212.0,16.64331697709324,True,-394.6702400630199,-65.07996318835961,-11.309062223748931,221.02234576237043,12.118997157322784,7,calibration,2,dot,0.44999999999999996,0,calibration
2.9108479999704286,176,-359.0,-232.0,20.0,True,-394.3431432682531,-67.03346445853784,-14.296019295406612,211.57889154672839,16.003936059317315,7,calibration,2,dot,0.44999999999999996,0,calibration
2.9268322000280023,177,-344.0,-245.0,19.849433241279208,True,-393.9412684554886,-69.35616056040475,-15.785324447915583,202.4902461447364,17.63028045348021,7,calibration,2,dot,0.44999999999999996,0,calibration
2.9439949999796227,178,-329.0,-260.0,20.0,True,-393.18385005956804,-73.52863423412045,-16.24136638109313,192.7096393582702,16.255911100115753,7,calibration,2,dot,0.44999999999999996,0,calibration
2.960264900000766,179,-309.0,-282.0,20.0,True,-392.145915264116,-78.87700008030657,-15.892812695535056,182.81811121639984,15.801125564590228,7,calibration,2,dot,0.44999999999999996,0,calibration
2.9776719000656158,180,-292.0,-294.0,20.0,True,-390.81151966349114,-85.24292403661822,-14.11210932190818,173.0020055746217,18.22691690980996,7,calibration,2,dot,0.44999999999999996,0,calibration
2.9935546000488102,181,-268.0,-307.0,20.0,True,-389.40665943171473,-91.44645203742205,-11.230473378358386,163.9484213903762,20.3294313656994,7,calibration,2,dot,0.44999999999999996,0,calibration
0.003250500070862472,1,114.0,-3.0,20.0,True,299.68697205087574,-6.317126563879562,-301.3822516134054,3.705487782541868,-7.016600024249431,8,calibration,2,dot,0.44999999999999996,0,calibration
0.009545800043269992,2,114.0,-3.0,0.0,False,299.08760234829,-19.947668436302312,-308.80842939093276,6.632879230309598,0.0,8,calibration,2,dot,0.44999999999999996,0,calibration
0.025780400028452277,3,141.0,1.0,20.0,True,299.21349012135914,-36.41983864075203,-313.7072881870573,13.328008267619113,-6.537585368952577,8,calibration,2,dot,0.44999999999999996,0,calibration
0.04241210001055151,4,244.0,45.0,20.0,True,301.2865203804047,-54.545362011253566,-317.6911537488619,20.160951301871684,3.2397233870509035,8,calibration,2,dot,0.44999999999999996,0,calibration
0.058733300073072314,5,314.0,80.0,20.0,True,305.61378028875316,-73.5721262441238,-321.12435252276344,26.199509010261234,3.688513802470273,8,calibration,2,dot,0.44999999999999996,0,calibration
0.07559880008921027,6,387.0,129.0,20.0,True,312.3609530456623,-91.84258519081646,-324.51072499883884,31.88510064982698,5.7824658771265005,8,calibration,2,dot,0.44999999999999996,0,calibration
0.0922429000493139,7,451.0,181.0,20.0,True,320.69665650278927,-108.43952876387871,-328.71707143498,37.773200021861186,5.542880650376265,8,calibration,2,dot,0.44999999999999996,0,calibration
0.10886770009528846,8,521.0,246.0,20.0,True,330.45788069900624,-124.23407628795557,-334.0654160069911,43.65541298065281,4.081408261651601,8,calibration,2,dot,0.44999999999999996,0,calibration
0.12612240004818887,9,548.0,290.0,20.0,True,341.6024897784005,-138.59644174720947,-340.9263205540542,48.740834402392885,8.802048437971647,8,calibration,2,dot,0.44999999999999996,0,calibration
0.14222380006685853,10,567.0,351.0,20.0,True,353.9113767864922,-151.80363392191663,-349.9586756767863,52.502749375876775,11.765143055021568,8,calibration,2,dot,0.44999999999999996,0,calibration
0.15878450009040534,11,566.0,397.0,20.0,True,365.36914995417914,-162.80474274959124,-361.84880190555697,55.03297722172456,18.230622181110498,8,calibration,2,dot,0.44999999999999996,0,calibration
0.17564999999012798,12,549.0,448.0,20.0,True,363.7948901403913,-166.2927476101727,-376.8679728490377,55.64931761458367,23.581321980893122,8,calibration,2,dot,0.44999999999999996,0,calibration
0.19268990005366504,13,492.0,540.0,20.0,True,362.7477505170524,-168.5647338407957,-393.7698699008276,53.747090007539086,26.61557810787478,8,calibration,2,dot,0.44999999999999996,0,calibration
0.20867940003518015,14,448.0,596.0,20.0,True,362.1294688675478,-169.88892776666688,-397.0890326500719,48.16949396693069,26.96328878877642,8,calibration,2,dot,0.44999999999999996,0,calibration
0.22601720003876835,15,386.0,600.0,20.0,True,361.5766735775115,-171.06229603457834,-398.15111986862746,38.414655372107674,34.38240467549865,8,calibration,2,dot,0.44999999999999996,0,calibration
0.24209590000100434,16,348.0,600.0,20.0,True,360.97852266676875,-172.32093945112152,-399.0184799176972,28.00451185381154,32.68003737164196,8,calibration,2,dot,0.44999999999999996,0,calibration
0.2590899000642821,17,310.0,600.0,20.0,True,360.2023713841899,-173.9374935119111,-399.6145253504488,17.55651243657275,31.29532818092369,8,calibration,2,dot,0.44999999999999996,0,calibration
0.27587060001678765,18,248.0,600.0,20.0,True,359.3214353559538,-175.75012402196785,-399.95653639609,5.896523894903915,30.06600894432338,8,calibration,2,dot,0.44999999999999996,0,calibration
0.2924003000371158,19,197.0,599.0,20.0,True,358.2609025466844,-177.9020115300416,-399.9477370432053,-6.465882307861364,28.863904331584624,8,calibration,2,dot,0.44999999999999996,0,calibration
0.3086887000827119,20,132.0,582.0,20.0,True,357.2802370092515,-179.86337104205822,-399.49968061692226,-20.00012967400836,27.327149372253512,8,calibration,2,dot,0.44999999999999996,0,calibration
0.32580190000589937,21,23.0,530.0,20.0,True,356.384403480608,-181.63192713774524,-398.59204409672765,-33.531811504783796,25.181941566619592,8,calibration,2,dot,0.44999999999999996,0,calibration
0.3422856000252068,22,-39.0,486.0,20.0,True,355.55051875806305,-183.2589114091652,-397.203834093373,-47.213495756237116,23.023971093317257,8,calibration,2,dot,0.44999999999999996,0,calibration
0.3585848000366241,23,-109.0,435.0,20.0,True,354.51188686361724,-185.2601470160214,-395.3080338601365,-61.0864826752464,21.804298553051005,8,calibration,2,dot,0.44999999999999996,0,calibration
0.3754492000443861,24,-199.0,351.0,20.0,True,353.3986512308643,-187.3750071599891,-392.82159165357723,-75.4400234010453,19.887914117656713,8,calibration,2,dot,0.44999999999999996,0,calibration
0.3920207000337541,25,-258.0,279.0,20.0,True,352.2205720166388,-189.58024329626687,-389.7279531853616,-90.06732207603697,17.485640499330053,8,calibration,2,dot,0.44999999999999996,0,calibration
0.4093416000250727,26,-304.0,206.0,20.0,True,351.1468731369071,-191.5616701904974,-386.1069999338665,-104.50542857703253,15.646835213699566,8,calibration,2,dot,0.44999999999999996,0,calibration
0.42591320001520216,27,-353.0,84.0,20.0,True,349.884587182823,-193.8576169561194,-381.9839722187021,-118.69391293584444,12.585994648296628,8,calibration,2,dot,0.44999999999999996,0,calibration
0.4421757000964135,28,-381.0,-7.0,20.0,True,348.3586078896265,-196.5865720470283,-377.3887720891506,-132.5809741291831,10.534367596581355,8,calibration,2,dot,0.44999999999999996,0,calibration
0.45968279999215156,29,-398.0,-151.0,20.0,True,346.57509995844117,-199.7140457974764,-372.2855024213634,-146.29936666600102,7.351225934519039,8,calibration,2,dot,0.44999999999999996,0,calibration
0.47543580003548414,30,-394.0,-275.0,20.0,True,344.64320971117587,-203.02969733509042,-365.8446276341294,-161.28458623191187,4.791945277813918,8,calibration,2,dot,0.44999999999999996,0,calibration
0.4930632000323385,31,-390.0,-310.0,20.0,True,342.5637842462199,-206.51889434845742,-358.4014501114596,-177.59891457682548,3.0288779186496306,8,calibration,2,dot,0.44999999999999996,0,calibration
0.508991300011985,32,-364.0,-411.0,20.0,True,340.19666363649577,-210.39541356834988,-349.2649754901637,-194.971733581705,0.9453030113775451,8,calibration,2,dot,0.44999999999999996,0,calibration
0.5251378000248224,33,-343.0,-456.0,20.0,True,337.4296249696543,-214.8051400521842,-339.7141191846403,-211.17366603486332,-0.05564838777943004,8,calibration,2,dot,0.44999999999999996,0,calibration
0.5419518999988213,34,-311.0,-502.0,20.0,True,334.1791080789297,-219.82794118030355,-330.39361501809776,-225.47740275972888,1.2931957002368577,8,calibration,2,dot,0.44999999999999996,0,calibration
0.558877500006929,35,-257.0,-554.0,20.0,True,330.4880579434581,-225.33895259533236,-321.60704863986916,-237.84218773201874,4.211223639923666,8,calibration,2,dot,0.44999999999999996,0,calibration
0.5756025000009686,36,-213.0,-579.0,20.0,True,326.2952132518844,-231.36861024976417,-313.2597139771608,-248.09381744766108,9.128377437606947,8,calibration,2,dot,0.44999999999999996,0,calibration
0.593123700004071,37,-134.0,-599.0,20.0,True,321.63418450940594,-237.80549059046015,-305.0103086448706,-256.82167020718657,15.236203180176926,8,calibration,2,dot,0.44999999999999996,0,calibration
0.609010300016962,38,-76.0,-599.0,20.0,True,316.1292840419338,-245.07606119556917,-297.23602532646856,-264.33149010684065,21.581514599506253,8,calibration,2,dot,0.44999999999999996,0,calibration
0.6255312000866979,39,-22.0,-592.0,20.0,True,309.7128892239708,-253.1361812316453,-290.48507718266035,-270.8137834754589,25.67074803728324,8,calibration,2,dot,0.44999999999999996,0,calibration
0.6434407000197098,40,56.0,-566.0,20.0,True,301.5528070088608,-261.0990046069588,-284.7061280496918,-276.0831707741592,27.75556536168277,8,calibration,2,dot,0.44999999999999996,0,calibration
0.6596091000828892,41,187.0,-477.0,20.0,True,291.34431820695914,-267.65326794431024,-279.7409068711663,-280.1698677636113,25.623876893671273,8,calibration,2,dot,0.44999999999999996,0,calibration
0.6761470000492409,42,280.0,-392.0,20.0,True,279.42719586166106,-272.20481245206514,-275.59642261530024,-284.79932260097524,18.39931108263446,8,calibration,2,dot,0.44999999999999996,0,calibration
0.6921417000703514,43,421.0,-242.0,20.0,True,265.26920148099083,-274.8462493771757,-273.6666119955255,-291.1072373256301,6.210914638600525,8,calibration,2,dot,0.44999999999999996,0,calibration
0.7085874000331387,44,508.0,-138.0,20.0,True,249.01224742446374,-275.78342134363993,-273.86783577106746,-291.5414353570889,-6.291813077802873,8,calibration,2,dot,0.44999999999999996,0,calibration
0.725437100045383,45,585.0,-24.0,20.0,True,230.56326598282467,-275.2870045807238,-277.77051566410586,-287.825538525852,-2.9213915117652167,8,calibration,2,dot,0.44999999999999996,0,calibration
0.7419818000635132,46,660.0,182.0,20.0,True,210.69911836168038,-273.37125823861606,-284.4232792721386,-281.2532634621029,2.8150797367630718,8,calibration,2,dot,0.44999999999999996,0,calibration
0.7586625000694767,47,689.0,326.0,20.0,True,190.08470111443629,-269.79879129182586,-292.0886676177753,-273.284120009328,4.281764087292169,8,calibration,2,dot,0.44999999999999996,0,calibration
0.775408299989067,48,690.0,466.0,20.0,True,169.01996108644965,-264.18592255326695,-300.0425127050124,-264.52691842166547,3.7328916253320554,8,calibration,2,dot,0.44999999999999996,0,calibration
0.7917094000149518,49,657.0,600.0,20.0,True,147.97084956862278,-256.47670297814625,-307.43912029833854,-255.8929215710816,1.7783039317192562,8,calibration,2,dot,0.44999999999999996,0,calibration
0.8084801000077277,50,621.0,600.0,20.0,True,127.19503101755015,-247.2503272154465,-312.47026896690755,-249.72451023427485,1.6998181637307619,8,calibration,2,dot,0.44999999999999996,0,calibration
0.8252282000612468,51,573.0,600.0,20.0,True,107.23626671746857,-236.59712733414963,-316.90771953337503,-244.06863235605624,2.3556209661953487,8,calibration,2,dot,0.44999999999999996,0,calibration
0.8419893000973389,52,501.0,600.0,20.0,True,89.49944265655965,-225.35423637690067,-321.2183993838622,-238.3668179450939,3.106684550141141,8,calibration,2,dot,0.44999999999999996,0,calibration
0.8591210000449792,53,459.0,600.0,20.0,True,74.5893351889423,-214.04395012006543,-325.52428026200687,-232.45202292065002,4.04550146573275,8,calibration,2,dot,0.44999999999999996,0,calibration
0.8757272000657395,54,401.0,600.0,20.0,True,63.01852345674351,-203.45565334240953,-330.1973582783374,-225.76471067464752,5.126031943508316,8,calibration,2,dot,0.44999999999999996,0,calibration
0.8922506000380963,55,367.0,600.0,20.0,True,53.463597920904036,-192.9705532978067,-334.56948702154915,-219.23334225007267,6.235813085395854,8,calibration,2,dot,0.44999999999999996,0,calibration
0.910075300023891,56,332.0,600.0,20.0,True,44.64106777358148,-181.97124832448256,-338.35414857504026,-213.3458931923922,6.700820852715903,8,calibration,2,dot,0.44999999999999996,0,calibration
0.9255018000258133,57,297.0,600.0,20.0,True,36.141894857942624,-170.92575868823886,-341.4490166207499,-208.3568310584581,5.546830870414916,8,calibration,2,dot,0.44999999999999996,0,calibration
0.9427636000327766,58,278.0,600.0,19.0,True,27.828197156490752,-159.66250906951356,-344.90213139897617,-202.58953516024314,2.7150365759621415,8,calibration,2,dot,0.44999999999999996,0,calibration
0.9593149999855086,59,247.0,600.0,20.0,True,20.06298058744011,-147.14268268976332,-349.4724895291532,-194.59953510297993,1.3981356968076009,8,calibration,2,dot,0.44999999999999996,0,calibration
0.9771860000910237,60,220.0,595.0,20.0,True,12.265098275503702,-132.71429067880493,-355.5406045640075,-183.27814519538342,1.2056526448041727,8,calibration,2,dot,0.44999999999999996,0,calibration
0.9930545000825077,61,158.0,560.0,20.0,True,4.737369578526896,-116.3446075855093,-362.68328217130346,-168.70339899791793,2.0764633474021257,8,calibration,2,dot,0.44999999999999996,0,calibration
1.0091594000114128,62,122.0,533.0,20.0,True,-2.536505409663561,-98.56103209262002,-370.3604564825287,-151.10636079944803,1.3859728944925276,8,calibration,2,dot,0.44999999999999996,0,calibration
1.0260150000685826,63,96.0,512.0,20.0,True,-9.238132437397516,-78.39498992098572,-377.5674899819557,-132.0711569901839,1.554076838020948,8,calibration,2,dot,0.44999999999999996,0,calibration
1.0418995000654832,64,69.0,489.0,20.0,True,-15.415473354029416,-56.96073367089656,-383.69004264502195,-113.0572915607889,1.1618574199832765,8,calibration,2,dot,0.44999999999999996,0,calibration
1.0593143000733107,65,29.0,445.0,20.0,True,-20.947394001918482,-34.84900794548686,-383.1630713406776,-94.65550407585665,-4.086667115696667,8,calibration,2,dot,0.44999999999999996,0,calibration
1.0755506000714377,66,2.0,405.0,20.0,True,-25.534527231600805,-13.725404881532079,-369.7643677365515,-87.08597587569116,-4.07120971996334,8,calibration,2,dot,0.44999999999999996,0,calibration
1.092983200098388,67,-30.0,359.0,20.0,True,-29.315526995165094,6.412598554795352,-351.6663895566267,-90.2098307392581,5.566322137449713,8,calibration,2,dot,0.44999999999999996,0,calibration
1.108497100067325,68,-73.0,290.0,20.0,True,-32.38037577378047,25.381610942420764,-333.0995491794871,-100.11090782536183,13.722484056450108,8,calibration,2,dot,0.44999999999999996,0,calibration
1.125506000011228,69,-93.0,261.0,20.0,True,-34.98102301507876,43.30343237469653,-314.94666265944517,-114.06196649358058,15.692674484345748,8,calibration,2,dot,0.44999999999999996,0,calibration
1.1423409000271931,70,-117.0,218.0,20.0,True,-37.19463438582622,60.808623436461616,-298.60683234297386,-129.03297468143313,20.714023732296596,8,calibration,2,dot,0.44999999999999996,0,calibration
1.1584925000788644,71,-134.0,187.0,20.0,True,-39.10146672063287,78.36118101064602,-283.38323721764584,-144.66673939425425,22.249774135957416,8,calibration,2,dot,0.44999999999999996,0,calibration
1.1756120000500232,72,-151.0,149.0,20.0,True,-40.63555494593686,95.96860986912334,-267.98064845250593,-160.5054670647195,24.872702901826823,8,calibration,2,dot,0.44999999999999996,0,calibration
1.1924059999873862,73,-179.0,83.0,20.0,True,-41.75568913980331,113.94181497595086,-252.77273780176623,-176.23990007861653,25.700296845446235,8,calibration,2,dot,0.44999999999999996,0,calibration
1.2084360000444576,74,-195.0,39.0,20.0,True,-42.75276925598712,132.35724111908166,-237.93747428748557,-191.24175468362597,26.957621356448804,8,calibration,2,dot,0.44999999999999996,0,calibration
1.2260007000295445,75,-208.0,-10.0,20.0,True,-44.17508483036085,150.52462395871282,-223.4875101973343,-205.49369465071095,28.795105840387155,8,calibration,2,dot,0.44999999999999996,0,calibration
1.2418301000725478,76,-220.0,-66.0,20.0,True,-46.62827902286581,167.19687501879224,-208.56024074040317,-219.64200588392362,29.14911353369739,8,calibration,2,dot,0.44999999999999996,0,calibration
1.258999300072901,77,-227.0,-107.0,20.0,True,-49.976545962166945,181.68612831415626,-191.12137814864082,-234.8457568819061,28.869127058334723,8,calibration,2,dot,0.44999999999999996,0,calibration
1.275594100006856,78,-235.0,-158.0,20.0,True,-53.67812325509071,194.54209144493936,-173.4649986148599,-248.9303029307327,28.027899513391038,8,calibration,2,dot,0.44999999999999996,0,calibration
1.2919602000620216,79,-238.0,-190.0,20.0,True,-56.885204275529304,206.34877332516479,-153.62180935657076,-262.62840524666075,28.503144020204566,8,calibration,2,dot,0.44999999999999996,0,calibration
1.3097056000260636,80,-241.0,-214.0,20.0,True,-59.75080556980113,217.41094242783566,-133.9694204145547,-275.15018612668933,27.16136764238918,8,calibration,2,dot,0.44999999999999996,0,calibration
1.3252420000499114,81,-243.0,-249.0,20.0,True,-62.730824792612935,227.90080468761528,-112.56779047556196,-287.9937062382277,28.191904705961495,8,calibration,2,dot,0.44999999999999996,0,calibration
1.342046600067988,82,-243.0,-271.0,20.0,True,-66.34427750929217,237.67957471582326,-92.36503651242265,-299.16383309287016,28.43750184698379,8,calibration,2,dot,0.44999999999999996,0,calibration
1.3594524000072852,83,-242.0,-291.0,20.0,True,-70.28639899450395,246.28688878195092,-73.26736952815237,-308.36466002070426,28.146394867662305,8,calibration,2,dot,0.44999999999999996,0,calibration
1.3754571999888867,84,-242.0,-314.0,20.0,True,-74.08768706172405,253.8030198764535,-53.96023003525457,-316.5093814196752,25.620924817443562,8,calibration,2,dot,0.44999999999999996,0,calibration
1.3920955000212416,85,-242.0,-328.0,14.0,True,-77.70171521994625,261.01592250133035,-33.18718482088557,-323.8970321979055,17.207798852720316,8,calibration,2,dot,0.44999999999999996,0,calibration
1.4086866000434384,86,-240.0,-341.0,13.152946437965905,True,-81.4867815716024,268.37883986038327,-9.676578358215554,-330.59144445945174,17.959797311635246,8,calibration,2,dot,0.44999999999999996,0,calibration
1.4257542000850663,87,-236.0,-362.0,20.0,True,-85.85054285840738,276.3032301122998,16.63898563782943,-337.3503313770131,27.52710713206963,8,calibration,2,dot,0.44999999999999996,0,calibration
1.4419911000877619,88,-232.0,-378.0,16.492422502470642,True,-90.98145229345768,284.23558043579465,45.32740986005807,-344.36098083340585,23.290823663346153,8,calibration,2,dot,0.44999999999999996,0,calibration
1.4637561000417918,89,-215.0,-414.0,20.0,True,-96.81650935918957,292.07652024651406,75.64287705730709,-349.84884784611614,31.231955602187924,8,calibration,2,dot,0.44999999999999996,0,calibration
1.4758795000379905,90,-215.0,-414.0,0.0,False,-103.5531015591108,299.65687317487556,101.40013150554783,-337.6653810273943,0.0,8,calibration,2,dot,0.44999999999999996,0,calibration
1.4921919000335038,91,-197.0,-435.0,20.0,True,-110.89330485257408,306.9907753892827,129.75773064333194,-336.6676708725879,32.41427760229143,8,calibration,2,dot,0.44999999999999996,0,calibration
1.508832500083372,92,-190.0,-441.0,9.219544457292887,True,-118.56886051846486,313.8929121615353,157.18020522441603,-336.76184703200306,16.237504949489768,8,calibration,2,dot,0.44999999999999996,0,calibration
1.5253420000663027,93,-160.0,-458.0,20.0,True,-126.11520151557734,319.70206040889957,182.4717947132577,-336.0848355397574,36.93328214360403,8,calibration,2,dot,0.44999999999999996,0,calibration
1.5420545000815764,94,-139.0,-464.0,20.0,True,-134.1652633521456,324.6086087436097,204.463530876795,-333.70148820541607,37.80686491658025,8,calibration,2,dot,0.44999999999999996,0,calibration
1.5589572000317276,95,-112.0,-466.0,20.0,True,-142.48488435050422,328.63508656259523,223.814987696018,-330.0060309210301,37.91109301170099,8,calibration,2,dot,0.44999999999999996,0,calibration
1.5753670000704005,96,-66.0,-460.0,20.0,True,-151.38212969474728,332.2162535252043,238.09159316814458,-321.42245295351523,37.17002170498378,8,calibration,2,dot,0.44999999999999996,0,calibration
1.5922484000911936,97,-33.0,-447.0,20.0,True,-160.290950111058,335.06337131888705,249.83937497141414,-312.37843509738815,35.46148267666048,8,calibration,2,dot,0.44999999999999996,0,calibration
1.6092543000122532,98,36.0,-409.0,20.0,True,-169.71988048154833,337.1976434378545,259.7593906536599,-304.17932041353384,34.91813773266076,8,calibration,2,dot,0.44999999999999996,0,calibration
1.625424800091423,99,84.0,-379.0,20.0,True,-179.59766222167352,338.44291170784743,268.3591044928292,-296.6199437593615,35.34127824937816,8,calibration,2,dot,0.44999999999999996,0,calibration
1.6419076999882236,100,134.0,-343.0,20.0,True,-189.3779899330559,338.558902417374,275.20017132979206,-289.2376116132303,35.69463013105856,8,calibration,2,dot,0.44999999999999996,0,calibration
1.6587369000772014,101,216.0,-277.0,20.0,True,-198.3479424977046,336.992855791206,280.20576661386116,-281.8715951712103,36.63377091089661,8,calibration,2,dot,0.44999999999999996,0,calibration
1.6751654000254348,102,275.0,-229.0,20.0,True,-205.65768487686702,333.80130773925896,284.21042324245025,-273.7795755241394,37.462076318249814,8,calibration,2,dot,0.44999999999999996,0,calibration
1.6921875000698492,103,370.0,-149.0,20.0,True,-211.64089987304683,329.3499059599315,287.6862209325042,-264.4541401911526,37.37811116338626,8,calibration,2,dot,0.44999999999999996,0,calibration
1.70875850005541,104,436.0,-85.0,20.0,True,-216.91051229080108,323.94773680251484,290.18696545483203,-253.39026453313866,36.73806533518878,8,calibration,2,dot,0.44999999999999996,0,calibration
1.725029000081122,105,540.0,24.0,20.0,True,-221.9459406671824,317.695460639105,291.66488837536195,-239.8777651090564,35.81507165465737,8,calibration,2,dot,0.44999999999999996,0,calibration
1.7424452000996098,106,611.0,95.0,20.0,True,-226.75682887203612,310.6815679621805,292.2294827176279,-223.08498227423118,34.27104695213601,8,calibration,2,dot,0.44999999999999996,0,calibration
1.7584930000593886,107,673.0,158.0,20.0,True,-231.27462418979172,303.37511184708853,292.0494918223447,-203.21996933954557,33.62919223208631,8,calibration,2,dot,0.44999999999999996,0,calibration
1.7754975000862032,108,728.0,222.0,20.0,True,-235.81260392237175,295.8463659802971,290.280154517189,-180.75295659516308,33.81836509813117,8,calibration,2,dot,0.44999999999999996,0,calibration
1.792341300053522,109,793.0,326.0,20.0,True,-240.52169309194258,287.60311083150475,286.17062550525804,-157.78686326156068,34.81204145076255,8,calibration,2,dot,0.44999999999999996,0,calibration
1.8086904000956565,110,813.0,378.0,20.0,True,-245.22359673552495,278.0896902170916,278.7525210544442,-136.65130319480326,35.15155754239913,8,calibration,2,dot,0.44999999999999996,0,calibration
1.8250727000413463,111,828.0,431.0,20.0,True,-249.2159018037295,267.5677717165891,268.80464012733864,-118.77379042075488,34.092388230185584,8,calibration,2,dot,0.44999999999999996,0,calibration
1.8417225000448525,112,831.0,459.0,20.0,True,-252.00008046941778,256.7443809581587,256.52509017122657,-104.32060019562024,33.56543751034423,8,calibration,2,dot,0.44999999999999996,0,calibration
1.8590949000790715,113,827.0,486.0,20.0,True,-253.505413057219,246.090292537491,243.2183118736935,-93.45753166797633,33.96118087003301,8,calibration,2,dot,0.44999999999999996,0,calibration
1.8758441000245512,114,816.0,525.0,20.0,True,-254.13845347391148,235.20358902290036,229.08363912738773,-85.27082431085819,33.24695409839582,8,calibration,2,dot,0.44999999999999996,0,calibration
1.89216240006499,115,807.0,543.0,20.0,True,-254.38125242194624,223.84748277893297,214.7775424349774,-79.8454971436084,32.39945697730177,8,calibration,2,dot,0.44999999999999996,0,calibration
1.9107571000931785,116,799.0,555.0,14.422205101855956,True,-254.47047901419688,212.08347597618808,198.87904336021316,-76.16668307054549,22.438286808627723,8,calibration,2,dot,0.44999999999999996,0,calibration
1.9251593000954017,117,788.0,569.0,17.804493814764857,True,-254.46157132023373,199.94268222846478,182.14511464748733,-73.31834636452251,27.201296503197437,8,calibration,2,dot,0.44999999999999996,0,calibration
1.942438800004311,118,777.0,579.0,14.866068747318506,True,-254.18315361171216,187.35869147252095,163.90206204013418,-71.00800127093838,22.41009199544446,8,calibration,2,dot,0.44999999999999996,0,calibration
1.9588338000467047,119,751.0,600.0,20.0,True,-253.3125244684941,174.2683461539937,144.95466013595194,-67.87501713676463,30.97204871785136,8,calibration,2,dot,0.44999999999999996,0,calibration
1.975597699987702,120,722.0,600.0,20.0,True,-251.58052294498438,160.64431371019788,126.03177969063009,-68.30566491673893,22.51709054684469,8,calibration,2,dot,0.44999999999999996,0,calibration
1.9961571000749245,121,651.0,600.0,20.0,True,-248.79935897182378,146.61960684888376,107.99852567677817,-69.22249210064903,23.86453853061316,8,calibration,2,dot,0.44999999999999996,0,calibration
2.008745300001465,122,636.0,600.0,15.0,True,-244.8012387964856,132.5885763985747,92.19454000705724,-70.72522512423177,19.043248412454805,8,calibration,2,dot,0.44999999999999996,0,calibration
2.025258500012569,123,606.0,600.0,20.0,True,-239.60208203860284,119.47038332152938,78.43356285496569,-73.26348340740623,27.037192823394243,8,calibration,2,dot,0.44999999999999996,0,calibration
2.04189029999543,124,580.0,600.0,20.0,True,-233.73454775664598,108.06775292444112,66.8251383301164,-76.70769906771045,28.3249145329213,8,calibration,2,dot,0.44999999999999996,0,calibration
2.058835700037889,125,553.0,600.0,20.0,True,-227.56625722355483,98.74957669527069,57.410950425648466,-80.80195484532445,29.380236628741017,8,calibration,2,dot,0.44999999999999996,0,calibration
2.075319900061004,126,518.0,600.0,20.0,True,-220.93146947085728,91.13214203184064,50.17545675316114,-85.04545618366149,30.38776725246457,8,calibration,2,dot,0.44999999999999996,0,calibration
2.0919973000418395,127,498.0,600.0,20.0,True,-213.56519138321156,84.46746016422102,43.155309500370024,-90.31816423359255,30.822450321307535,8,calibration,2,dot,0.44999999999999996,0,calibration
2.109262500074692,128,456.0,589.0,20.0,True,-205.56542003606683,78.26835895601957,35.77616026711467,-97.68589793343267,29.460952713497672,8,calibration,2,dot,0.44999999999999996,0,calibration
2.1253482000902295,129,427.0,574.0,20.0,True,-197.29460790362495,72.43497923318924,28.26288936870896,-107.30890278640227,27.395725852535698,8,calibration,2,dot,0.44999999999999996,0,calibration
2.142852700082585,130,387.0,551.0,20.0,True,-188.71448032421515,67.18139730843325,20.767545804124033,-118.06891826931272,27.671155242741513,8,calibration,2,dot,0.44999999999999996,0,calibration
2.15888950007502,131,359.0,535.0,20.0,True,-179.64118959482445,62.40330368608836,13.54732767413757,-128.95972278345795,28.60660892613862,8,calibration,2,dot,0.44999999999999996,0,calibration
2.175133000011556,132,335.0,514.0,20.0,True,-169.7124703244627,57.83615450347486,7.182223982937817,-140.38562801773605,27.000656759968535,8,calibration,2,dot,0.44999999999999996,0,calibration
2.1917379000224173,133,298.0,473.0,20.0,True,-158.9107133892786,53.22361504942761,1.8496565074180493,-151.58518192747604,25.658008683049175,8,calibration,2,dot,0.44999999999999996,0,calibration
2.208402600022964,134,235.0,382.0,20.0,True,-146.69328189808772,48.299594714771715,-2.3807048140681566,-162.58865476631115,23.845774701682558,8,calibration,2,dot,0.44999999999999996,0,calibration
2.225133700063452,135,187.0,302.0,20.0,True,-132.84079790440413,43.107209984012194,-5.762733528741316,-173.16870448271885,23.084537947987673,8,calibration,2,dot,0.44999999999999996,0,calibration
2.242376000038348,136,143.0,174.0,20.0,True,-117.27265466088413,37.588574035500194,-7.962712350417989,-183.69750280765396,19.652348235959597,8,calibration,2,dot,0.44999999999999996,0,calibration
2.258640700019896,137,115.0,80.0,20.0,True,-99.88169078427327,31.889653286965803,-9.694794408683343,-194.18511038435017,19.298688648681537,8,calibration,2,dot,0.44999999999999996,0,calibration
2.275052700075321,138,102.0,-18.0,20.0,True,-81.23594993216955,26.037607049086088,-10.478686983033302,-205.09660498352576,16.536115501235567,8,calibration,2,dot,0.44999999999999996,0,calibration
2.292838399996981,139,92.0,-176.0,20.0,True,-61.290957378187095,20.082963615459143,-10.61491730325833,-216.61115382902042,15.47401684005025,8,calibration,2,dot,0.44999999999999996,0,calibration
2.3095750000793487,140,95.0,-300.0,20.0,True,-40.595218326019854,14.45355458931302,-10.187834916036016,-227.95171974385562,14.283527110295495,8,calibration,2,dot,0.44999999999999996,0,calibration
2.3253520000725985,141,106.0,-366.0,20.0,True,-18.911401321362327,9.110089098279404,-9.048799543863359,-238.5560893087927,12.053462097009046,8,calibration,2,dot,0.44999999999999996,0,calibration
2.3426545000402257,142,118.0,-407.0,20.0,True,3.486492713076764,3.70790457443782,-7.11530251495529,-247.90782054982336,9.972744032655411,8,calibration,2,dot,0.44999999999999996,0,calibration
2.35855620005168,143,126.0,-426.0,20.0,True,26.050906553335732,-2.252549547379621,-4.207888298716126,-256.9578482469063,7.7118354215665,8,calibration,2,dot,0.44999999999999996,0,calibration
2.3750685000559315,144,133.0,-435.0,11.40175425099138,True,48.359339013664524,-8.785969618958955,0.709735303529234,-266.11588796888464,1.9933559410110284,8,calibration,2,dot,0.44999999999999996,0,calibration
2.391967400093563,145,148.0,-441.0,16.15549442140351,True,70.3500020613763,-15.593375550208439,8.890008563640789,-274.68591926532423,-1.406249273877,8,calibration,2,dot,0.44999999999999996,0,calibration
2.408953200094402,146,162.0,-441.0,14.0,True,93.3603612139922,-23.479196048140953,20.123595930019818,-281.9886075450826,-1.5060498457806377,8,calibration,2,dot,0.44999999999999996,0,calibration
2.425357900094241,147,198.0,-431.0,20.0,True,117.61199034091982,-32.85754295121901,33.09634925868659,-287.6506994288069,-0.5224188948955288,8,calibration,2,dot,0.44999999999999996,0,calibration
2.4420373000903055,148,231.0,-418.0,20.0,True,141.65762232391813,-42.87899658584963,46.22386233380832,-292.221689401556,0.8066507985971549,8,calibration,2,dot,0.44999999999999996,0,calibration
2.4587271000491455,149,276.0,-393.0,20.0,True,163.8229692761455,-52.441547413094995,58.59488148984379,-295.6734109024645,2.02416269055514,8,calibration,2,dot,0.44999999999999996,0,calibration
2.475897700060159,150,350.0,-341.0,20.0,True,183.792373099749,-61.24687888803617,70.69136906515608,-298.55709638227046,2.9177590840115153,8,calibration,2,dot,0.44999999999999996,0,calibration
2.4921529000857845,151,394.0,-303.0,20.0,True,202.41904438632582,-70.07910454300651,81.95878100053305,-300.7902913993062,4.2301293241220295,8,calibration,2,dot,0.44999999999999996,0,calibration
2.5089117999887094,152,433.0,-265.0,20.0,True,219.64016765934997,-79.33767218749828,92.14764692838659,-302.73243552869627,5.45027231410573,8,calibration,2,dot,0.44999999999999996,0,calibration
2.5255169000010937,153,486.0,-206.0,20.0,True,235.36870255826233,-89.19152325115017,101.49822789466623,-304.37493198202964,7.162636313131796,8,calibration,2,dot,0.44999999999999996,0,calibration
2.5419335000915453,154,522.0,-140.0,20.0,True,249.96862693718396,-99.58678807526442,111.78922706854478,-305.8785668921735,9.32015145922488,8,calibration,2,dot,0.44999999999999996,0,calibration
2.5583865999942645,155,532.0,-111.0,20.0,True,263.362072075538,-110.13311146889461,124.58333241786298,-307.3991362968206,10.817560853099781,8,calibration,2,dot,0.44999999999999996,0,calibration
2.575236100004986,156,552.0,-33.0,20.0,True,275.0457248802724,-120.19455038691223,138.87905687302884,-310.1043060515253,10.156565090148774,8,calibration,2,dot,0.44999999999999996,0,calibration
2.5919645000249147,157,556.0,5.0,20.0,True,284.79987748166394,-129.37529881802152,153.77342193619455,-313.7400923340962,9.424867201287313,8,calibration,2,dot,0.44999999999999996,0,calibration
2.6086405999958515,158,552.0,63.0,20.0,True,293.1874718683535,-138.0281141131017,167.41212291084142,-320.1418736094583,5.560638558754162,8,calibration,2,dot,0.44999999999999996,0,calibration
2.625099700060673,159,537.0,110.0,20.0,True,300.39539187212733,-146.3743748124534,173.084565702401,-332.7433346164242,-1.4755497965374142,8,calibration,2,dot,0.44999999999999996,0,calibration
2.642108300002292,160,518.0,155.0,20.0,True,306.0344452171717,-154.2821044888474,171.41688630594933,-345.28310549224466,2.2795400234054086,8,calibration,2,dot,0.44999999999999996,0,calibration
2.658637100015767,161,485.0,213.0,20.0,True,309.6949498426441,-161.22132429307143,165.52970381302057,-355.37109389650647,9.961289774000159,8,calibration,2,dot,0.44999999999999996,0,calibration
2.6754140000557527,162,468.0,233.0,20.0,True,311.6103866866005,-167.1443365933731,158.7289858042825,-362.8965280887235,15.863680716472235,8,calibration,2,dot,0.44999999999999996,0,calibration
2.6920573000097647,163,450.0,244.0,20.0,True,312.44311724475705,-172.40574083821977,151.8043237068927,-369.5497385671509,18.04905560366112,8,calibration,2,dot,0.44999999999999996,0,calibration
2.7086861000861973,164,411.0,249.0,20.0,True,312.49356623476007,-177.1808291857711,145.23409708567593,-372.7023705904062,14.299621778177798,8,calibration,2,dot,0.44999999999999996,0,calibration
2.725396200083196,165,383.0,243.0,20.0,True,311.71011232726545,-181.69101457256596,139.8165447459878,-374.76837355264274,7.73525402508379,8,calibration,2,dot,0.44999999999999996,0,calibration
2.7419418999925256,166,333.0,225.0,20.0,True,309.9079756358392,-186.14430877603124,135.53476597039986,-376.33804911721177,3.299736142268972,8,calibration,2,dot,0.44999999999999996,0,calibration
2.7583418000722304,167,287.0,202.0,20.0,True,306.6970696105254,-190.8045982119687,131.1904960614404,-377.8743888425798,0.6185251687793425,8,calibration,2,dot,0.44999999999999996,0,calibration
2.775030600023456,168,274.0,192.0,16.401219466856727,True,302.0056288903829,-195.65745730233408,125.97964830288927,-379.6434224551775,-0.16330821187470776,8,calibration,2,dot,0.44999999999999996,0,calibration
2.7919555000262335,169,233.0,161.0,20.0,True,295.3203524315456,-200.8507582076541,118.67253686703249,-381.99061375057744,-0.12005794169676509,8,calibration,2,dot,0.44999999999999996,0,calibration
2.80841669999063,170,201.0,128.0,20.0,True,286.3859913374526,-206.19922336782372,108.6042153211874,-384.97418668589864,0.640359161697095,8,calibration,2,dot,0.44999999999999996,0,calibration
2.8252360000042245,171,170.0,76.0,20.0,True,275.1814402686369,-211.25754157473824,96.20875903278011,-388.257485034574,3.0847375802793597,8,calibration,2,dot,0.44999999999999996,0,calibration
2.842457800055854,172,124.0,-28.0,20.0,True,261.79872015603587,-215.30330206697857,83.3275997767182,-391.2243743882161,5.969379440590917,8,calibration,2,dot,0.44999999999999996,0,calibration
2.859074000036344,173,110.0,-107.0,20.0,True,246.5013958981159,-217.94038586814247,72.24284092170288,-393.4221294431231,10.984446646080375,8,calibration,2,dot,0.44999999999999996,0,calibration
2.875290900003165,174,102.0,-230.0,20.0,True,229.0160562496415,-219.31939916048734,63.217057595178666,-394.97291505748575,13.900658525710996,8,calibration,2,dot,0.44999999999999996,0,calibration
2.8919020000612363,175,109.0,-310.0,20.0,True,210.01599087538517,-219.8932606051956,54.76984482954628,-396.2325883838272,15.950550580836751,8,calibration,2,dot,0.44999999999999996,0,calibration
2.908689400064759,176,123.0,-389.0,20.0,True,190.46101315014386,-220.112353469321,46.1722127334722,-397.3262221038211,16.113833628111728,8,calibration,2,dot,0.44999999999999996,0,calibration
2.925419200095348,177,155.0,-500.0,20.0,True,171.93060103377434,-220.13103244171575,36.95541869109642,-398.28921279563394,16.01538342931014,8,calibration,2,dot,0.44999999999999996,0,calibration
2.941819900064729,178,173.0,-544.0,20.0,True,155.06681239976243,-219.28006532529182,27.031589751299272,-399.08557121940333,16.296792324457293,8,calibration,2,dot,0.44999999999999996,0,calibration
2.958568700007163,179,194.0,-578.0,20.0,True,139.2690669583703,-216.55027462704774,14.915620683773891,-399.721808586444,16.625218726557208,8,calibration,2,dot,0.44999999999999996,0,calibration
2.9757033000933006,180,225.0,-599.0,20.0,True,124.11732644755197,-211.1871961961241,-0.8766191711377768,-399.9990394223826,9.672123005750116,8,calibration,2,dot,0.44999999999999996,0,calibration
2.9927794000832364,181,244.0,-599.0,19.0,True,109.82283051959334,-203.45029152298721,-6.3540929333115725,-387.40181390955166,9.133174211241304,8,calibration,2,dot,0.44999999999999996,0,calibration
0.0036007999442517757,1,-39.0,79.0,20.0,True,-305.5461233804781,1.9925106163047344,297.65489252325403,1.8204488885728907,-3.5950367646327286,9,calibration,2,square,0.44999999999999996,0,calibration
0.008325599948875606,2,-39.0,79.0,0.0,False,-317.82687749715296,-0.903178861520922,292.23003511971206,5.620610854592166,0.0,9,calibration,2,square,0.44999999999999996,0,calibration
0.024773199926130474,3,-55.0,94.0,20.0,True,-331.613865077175,-0.3925400387822727,285.653210906408,8.94007496207673,-4.1020702492902394,9,calibration,2,square,0.44999999999999996,0,calibration
0.04168060002848506,4,-90.0,124.0,20.0,True,-345.74052544489086,-0.09717555887178209,277.8234296282265,11.23035697115792,-2.774657912557008,9,calibration,2,square,0.44999999999999996,0,calibration
0.05879909999202937,5,-146.0,159.0,20.0,True,-362.52463838991827,-1.4323703431819976,268.1327229194697,12.779498222618681,-2.354610102080412,9,calibration,2,square,0.44999999999999996,0,calibration
0.07523690001107752,6,-182.0,178.0,20.0,True,-382.09448276310815,-4.518280995234596,256.98436558444786,13.78431535068043,-2.43654058607232,9,calibration,2,square,0.44999999999999996,0,calibration
0.09140759997535497,7,-219.0,190.0,20.0,True,-399.8695758200735,-10.213830499597794,245.16456518512052,14.541634063906155,-2.6968018220511403,9,calibration,2,square,0.44999999999999996,0,calibration
0.10806260001845658,8,-273.0,195.0,20.0,True,-399.59663939082196,-17.95900296679665,234.0168341854458,14.887822157215979,-2.5013938644878175,9,calibration,2,square,0.44999999999999996,0,calibration
0.12515460001304746,9,-315.0,192.0,20.0,True,-399.07429498874524,-27.197556493845983,223.59885155047536,14.50336466462056,-2.0898948411950524,9,calibration,2,square,0.44999999999999996,0,calibration
0.14255460002459586,10,-349.0,187.0,20.0,True,-398.3134070806824,-36.69372888898902,214.37014347250064,13.015243155585335,-1.8425714250679337,9,calibration,2,square,0.44999999999999996,0,calibration
0.1580741999205202,11,-384.0,181.0,20.0,True,-397.41219312834284,-45.426300233682916,206.2663026493343,9.510075453349517,-1.269022861261544,9,calibration,2,square,0.44999999999999996,0,calibration
0.17512999998871237,12,-404.0,174.0,20.0,True,-396.31722555249274,-54.154009365646864,199.4284776849089,4.033461284822112,0.03546514350949215,9,calibration,2,square,0.44999999999999996,0,calibration
0.19156629999633878,13,-439.0,146.0,20.0,True,-394.8100446667968,-64.2263857787583,193.73006936894447,-3.325582747823664,0.3282524370860007,9,calibration,2,square,0.44999999999999996,0,calibration
0.20834210002794862,14,-470.0,108.0,20.0,True,-392.7525873377704,-75.79845077234086,188.9871980067137,-11.999440860286153,0.27934983459583895,9,calibration,2,square,0.44999999999999996,0,calibration
0.22501409996766597,15,-512.0,53.0,20.0,True,-390.19712873609546,-88.01250323736342,185.73381007162425,-21.99526471374558,1.0351884249879584,9,calibration,2,square,0.44999999999999996,0,calibration
0.24189349997323006,16,-580.0,-56.0,20.0,True,-387.0894748667348,-100.80544850054223,183.65022934189318,-33.46109055355019,1.3574711239003245,9,calibration,2,square,0.44999999999999996,0,calibration
0.2585052999202162,17,-617.0,-123.0,20.0,True,-383.23403440503324,-114.59352020791485,183.14947600318936,-46.68657715195492,2.1124999488719265,9,calibration,2,square,0.44999999999999996,0,calibration
0.2758934999583289,18,-644.0,-191.0,20.0,True,-378.7250333422014,-128.7142149101972,184.1679793127615,-61.194455935737565,1.9707089710571624,9,calibration,2,square,0.44999999999999996,0,calibration
0.2922715999884531,19,-676.0,-287.0,20.0,True,-373.78267128213906,-142.43073632186412,186.85060340269553,-76.49321362197206,2.3651387006669267,9,calibration,2,square,0.44999999999999996,0,calibration
0.3087747999234125,20,-689.0,-347.0,20.0,True,-368.84987562541147,-154.75712988782925,190.4465156832473,-92.13718725157862,1.7059293591424751,9,calibration,2,square,0.44999999999999996,0,calibration
0.3255213999655098,21,-697.0,-453.0,20.0,True,-363.6166483393133,-166.68213176727787,195.78505446238756,-110.2118021164243,0.8471247250680447,9,calibration,2,square,0.44999999999999996,0,calibration
0.34188690001610667,22,-692.0,-514.0,20.0,True,-357.9202715073469,-178.5863355470039,202.9574351835903,-130.6428018125955,-0.22979925534116985,9,calibration,2,square,0.44999999999999996,0,calibration
0.3585423999466002,23,-685.0,-567.0,20.0,True,-352.03885971231523,-189.91745905117008,212.58199101999625,-153.03462609391303,-0.1864951817100624,9,calibration,2,square,0.44999999999999996,0,calibration
0.3758659999584779,24,-670.0,-599.0,20.0,True,-345.4622073026128,-201.63299165961553,223.42687423381963,-174.56567160330218,-2.488614613910205,9,calibration,2,square,0.44999999999999996,0,calibration
0.39184029994066805,25,-655.0,-599.0,15.0,True,-337.790309873338,-214.23750034873515,235.08439442755235,-195.17292188677644,-2.483184292871314,9,calibration,2,square,0.44999999999999996,0,calibration
0.4079353000270203,26,-643.0,-599.0,12.0,True,-329.6617297006789,-226.54611886050154,246.999072317018,-214.39301176885047,-1.4230931373590137,9,calibration,2,square,0.44999999999999996,0,calibration
0.42484679992776364,27,-620.0,-599.0,20.0,True,-321.7042118457126,-237.71074876986276,258.47645371655307,-232.60171991557442,-1.6183423714491962,9,calibration,2,square,0.44999999999999996,0,calibration
0.44127349997870624,28,-601.0,-599.0,19.0,True,-312.6859299760384,-249.4544230816925,268.65162373994497,-249.30757206797375,-0.33166611960889314,9,calibration,2,square,0.44999999999999996,0,calibration
0.4578865999355912,29,-577.0,-599.0,20.0,True,-303.1343396617296,-260.97810658721386,277.09749099277326,-264.42269233058505,1.2108116098211053,9,calibration,2,square,0.44999999999999996,0,calibration
0.4746284999419004,30,-540.0,-599.0,20.0,True,-293.3250610439943,-271.95662993120243,284.57902679132354,-278.4550007930216,1.5845141108973093,9,calibration,2,square,0.44999999999999996,0,calibration
0.49131329997908324,31,-513.0,-599.0,20.0,True,-284.19853791016715,-281.4803564189219,282.72276219145203,-282.9626119098346,1.1883094531570115,9,calibration,2,square,0.44999999999999996,0,calibration
0.5080337999388576,32,-484.0,-599.0,20.0,True,-274.61647123351594,-290.83636933377414,279.580178874831,-286.0680401238795,0.903339399055858,9,calibration,2,square,0.44999999999999996,0,calibration
0.5249303999589756,33,-444.0,-598.0,20.0,True,-263.4111289368787,-301.02255256408796,276.66706581335427,-288.88636986578143,0.31715598730175154,9,calibration,2,square,0.44999999999999996,0,calibration
0.541694900020957,34,-411.0,-590.0,20.0,True,-251.08399203216322,-311.37891538315915,273.8875758517778,-291.5228906861975,1.4256482162236084,9,calibration,2,square,0.44999999999999996,0,calibration
0.558226199937053,35,-359.0,-561.0,20.0,True,-239.03198582655892,-320.72372807731534,271.2737871061855,-293.9566846136824,2.174318157457715,9,calibration,2,square,0.44999999999999996,0,calibration
0.5751706999726593,36,-312.0,-523.0,20.0,True,-228.72172342473996,-328.156019651654,268.48603663030036,-296.50505583303806,2.7654294276047064,9,calibration,2,square,0.44999999999999996,0,calibration
0.5918374999891967,37,-254.0,-465.0,20.0,True,-220.32043855556546,-333.8546155958957,265.78708659774696,-298.9267880232244,0.5002348306520177,9,calibration,2,square,0.44999999999999996,0,calibration
0.6085053000133485,38,-156.0,-357.0,20.0,True,-213.56907925025544,-338.2133178752696,262.8478721669304,-301.5145039584613,-1.3775631736228733,9,calibration,2,square,0.44999999999999996,0,calibration
0.6247745000291616,39,-95.0,-281.0,20.0,True,-209.97602087293964,-340.45568090188596,259.6354500072693,-304.28511810393024,-4.776574300917398,9,calibration,2,square,0.44999999999999996,0,calibration
0.6414883999386802,40,-44.0,-211.0,20.0,True,-209.87531354528792,-340.51777158360926,255.99256779297139,-307.3561537284734,-6.2181806092487335,9,calibration,2,square,0.44999999999999996,0,calibration
0.6582667999900877,41,19.0,-85.0,20.0,True,-211.96759150285197,-339.21930981664366,252.1701594916173,-310.4999366537332,0.7877111751195809,9,calibration,2,square,0.44999999999999996,0,calibration
0.6747467999812216,42,43.0,0.0,20.0,True,-214.32378198593582,-337.735571823942,248.26418007160595,-313.6317855278275,7.442371906384951,9,calibration,2,square,0.44999999999999996,0,calibration
0.6914351999294013,43,57.0,75.0,20.0,True,-215.38670289083447,-337.05870144207137,244.37020329808033,-316.6752338596356,4.133880946926382,9,calibration,2,square,0.44999999999999996,0,calibration
0.7084943000227213,44,60.0,164.0,20.0,True,-216.01545222102013,-336.6560921797616,240.68045937671153,-319.4885232276976,5.3457042908745445,9,calibration,2,square,0.44999999999999996,0,calibration
0.7247565999859944,45,58.0,208.0,20.0,True,-215.42731495452512,-337.03274614120784,236.92667505600855,-322.28209793115184,1.5340093844402047,9,calibration,2,square,0.44999999999999996,0,calibration
0.741799799958244,46,56.0,244.0,20.0,True,-212.5419644076558,-338.85972520459666,232.83898116776476,-325.24761159577685,3.881000759674056,9,calibration,2,square,0.44999999999999996,0,calibration
0.7582393999909982,47,41.0,297.0,20.0,True,-207.87468489874024,-341.61446058609926,228.34274324722128,-328.4198404578103,2.458101768284462,9,calibration,2,square,0.44999999999999996,0,calibration
0.7754793999483809,48,24.0,337.0,20.0,True,-200.9902660287499,-342.2627811320231,223.52512827282862,-331.7175259624,3.833048961501314,9,calibration,2,square,0.44999999999999996,0,calibration
0.7921996000222862,49,-10.0,406.0,20.0,True,-192.49024035341154,-340.53641142791173,218.65827148368308,-334.9456079899659,4.382985805566398,9,calibration,2,square,0.44999999999999996,0,calibration
0.8082552999258041,50,-39.0,457.0,20.0,True,-182.66685891423512,-335.72792617778487,213.74213888182658,-338.1039752298425,1.734559050066793,9,calibration,2,square,0.44999999999999996,0,calibration
0.8251411999808624,51,-49.0,470.0,16.401219466856727,True,-171.85355295437202,-327.5328370506357,208.22149361315064,-340.05591022982725,-5.2122230340813145,9,calibration,2,square,0.44999999999999996,0,calibration
0.8416932999389246,52,-73.0,511.0,20.0,True,-160.16532612600136,-316.4188636000718,201.8554755385267,-340.8754043964037,-3.2453587043820784,9,calibration,2,square,0.44999999999999996,0,calibration
0.857993199955672,53,-87.0,529.0,20.0,True,-146.98476197335066,-301.238235007506,194.14834278717862,-341.1894907380219,-7.755184108220129,9,calibration,2,square,0.44999999999999996,0,calibration
0.8744491999968886,54,-99.0,547.0,20.0,True,-132.33523070402828,-283.9053391690364,184.7190757920686,-341.2005039074535,-5.526293129885527,9,calibration,2,square,0.44999999999999996,0,calibration
0.8913520999485627,55,-115.0,568.0,20.0,True,-116.80097670664743,-264.75475594896426,173.60155517587614,-340.87146592633366,-7.866946235202685,9,calibration,2,square,0.44999999999999996,0,calibration
0.9078224999830127,56,-123.0,580.0,14.422205101855956,True,-102.15403229517253,-246.7329970343087,160.63234719717167,-339.4372873932814,-5.003826329741188,9,calibration,2,square,0.44999999999999996,0,calibration
0.9248619999270886,57,-131.0,593.0,15.264337522473747,True,-88.42460284186296,-229.8664606528827,146.86725864935934,-336.68849704961895,-5.359157191771696,9,calibration,2,square,0.44999999999999996,0,calibration
0.9414186999201775,58,-144.0,600.0,14.7648230602334,True,-77.77213512136524,-212.8260331303767,133.31590253790355,-332.87655114156416,-15.365185482012727,9,calibration,2,square,0.44999999999999996,0,calibration
0.9582926000002772,59,-154.0,600.0,10.0,True,-67.42770611131505,-197.2539479539192,122.12957516903953,-328.6762622266344,-14.895107719646008,9,calibration,2,square,0.44999999999999996,0,calibration
0.9752258999506012,60,-174.0,600.0,20.0,True,-62.831976623492594,-179.91337455099944,113.37711933283406,-324.44117527422867,-23.126824931328336,9,calibration,2,square,0.44999999999999996,0,calibration
0.9913424999685958,61,-187.0,600.0,13.0,True,-62.226483328465754,-161.79109961949467,107.0501775491854,-319.9010242312985,-10.996110394282198,9,calibration,2,square,0.44999999999999996,0,calibration
1.0080100999912247,62,-200.0,600.0,13.0,True,-64.61509465080064,-142.72271144751514,102.51311584794496,-315.09115407440515,-7.304468028347957,9,calibration,2,square,0.44999999999999996,0,calibration
1.0249276999384165,63,-220.0,600.0,20.0,True,-69.91202188759287,-123.29946863193626,99.7300297495321,-309.6324442571788,-3.8222529869520727,9,calibration,2,square,0.44999999999999996,0,calibration
1.0414839999284595,64,-229.0,600.0,9.0,True,-77.92636123623389,-104.51967766377891,97.99507808050183,-303.41827405755464,1.1123751688861439,9,calibration,2,square,0.44999999999999996,0,calibration
1.0583330999361351,65,-238.0,600.0,9.0,True,-88.98018774028168,-84.90178899410782,97.13130096262609,-295.89469188265304,3.3915068780012327,9,calibration,2,square,0.44999999999999996,0,calibration
1.074985499959439,66,-249.0,600.0,11.0,True,-101.49543744181312,-65.7079222524992,96.67330043782853,-287.39070616772256,5.416535650107422,9,calibration,2,square,0.44999999999999996,0,calibration
1.0916663999669254,67,-257.0,599.0,8.06225774829855,True,-115.03414996140455,-47.60580900767596,97.00371318143121,-277.91730871005575,5.268860553485917,9,calibration,2,square,0.44999999999999996,0,calibration
1.1085685000289232,68,-269.0,595.0,12.649110640673518,True,-127.95106188137451,-33.04160674504209,98.26119749512857,-267.87499331488783,10.429744142635622,9,calibration,2,square,0.44999999999999996,0,calibration
1.1247635999461636,69,-277.0,593.0,8.246211251235321,True,-138.97787183565967,-20.686309215016266,101.12144923836802,-256.5439346081059,7.731866045055171,9,calibration,2,square,0.44999999999999996,0,calibration
1.1414782999781892,70,-284.0,591.0,7.280109889280518,True,-148.74658519481022,-10.196746522216513,105.00706751154502,-244.7526307891573,7.397353185411334,9,calibration,2,square,0.44999999999999996,0,calibration
1.158116600010544,71,-293.0,588.0,9.486832980505138,True,-158.05212116059488,-0.8815028442550048,109.76192256331173,-233.00714364392599,10.396176689842926,9,calibration,2,square,0.44999999999999996,0,calibration
1.1746262999949977,72,-301.0,582.0,10.0,True,-168.10977771991813,7.045838554011058,115.13182163980318,-222.15403064147498,11.494323993925805,9,calibration,2,square,0.44999999999999996,0,calibration
1.191108200000599,73,-309.0,576.0,10.0,True,-178.50389832535697,14.414455032568217,121.61410616977598,-211.26666761640286,12.304433108946087,9,calibration,2,square,0.44999999999999996,0,calibration
1.207966799964197,74,-321.0,568.0,14.422205101855956,True,-189.08778535165195,21.364860304967813,129.1869982514228,-200.1936311620964,19.016717997881425,9,calibration,2,square,0.44999999999999996,0,calibration
1.2244518999941647,75,-328.0,562.0,9.219544457292887,True,-199.94870397659417,27.59530695311006,137.9080758655347,-188.91650209649669,12.11485117760791,9,calibration,2,square,0.44999999999999996,0,calibration
1.2415365999331698,76,-334.0,557.0,7.810249675906654,True,-212.0386598177837,33.441241553470846,147.2886827206832,-178.16633759552008,10.937319739262568,9,calibration,2,square,0.44999999999999996,0,calibration
1.2586364999879152,77,-345.0,548.0,14.212670403551895,True,-227.94060185108268,39.10046986047098,156.95165767112928,-168.03339926827067,21.45032746658907,9,calibration,2,square,0.44999999999999996,0,calibration
1.2748388999607414,78,-361.0,530.0,20.0,True,-248.25148581256948,43.29033470177502,166.51502857352045,-158.41178727064363,29.962213539614247,9,calibration,2,square,0.44999999999999996,0,calibration
1.2917622999520972,79,-376.0,514.0,20.0,True,-270.5346814034362,46.612185730311474,176.3169606632046,-149.34130810254203,31.327617601757538,9,calibration,2,square,0.44999999999999996,0,calibration
1.3081469000317156,80,-390.0,499.0,20.0,True,-291.33729114395493,48.70300212344574,187.0920315036478,-140.3294196940098,31.96385268633015,9,calibration,2,square,0.44999999999999996,0,calibration
1.324982399935834,81,-397.0,489.0,12.206555615733702,True,-309.11517358492966,49.13550942357732,200.78613309025204,-129.6412612764059,18.425649290045833,9,calibration,2,square,0.44999999999999996,0,calibration
1.3416694999905303,82,-409.0,475.0,18.439088914585774,True,-324.2843904829137,49.299906683363965,217.8962369570558,-116.77461627906666,29.852656082873548,9,calibration,2,square,0.44999999999999996,0,calibration
1.3582543999655172,83,-417.0,464.0,13.601470508735444,True,-336.4141321073172,48.77350990474802,237.72450719371813,-102.82714256350802,21.341423773894824,9,calibration,2,square,0.44999999999999996,0,calibration
1.3747309999307618,84,-426.0,452.0,15.0,True,-346.44740187288454,47.863521725768294,258.80864877418867,-89.5857741082882,24.050808493817044,9,calibration,2,square,0.44999999999999996,0,calibration
1.3916497000027448,85,-443.0,427.0,20.0,True,-354.9383633955156,46.44510060768258,279.3495506798836,-77.53900964411616,31.885159974213728,9,calibration,2,square,0.44999999999999996,0,calibration
1.4085080999648198,86,-453.0,409.0,20.0,True,-363.22568550178136,44.41149165553615,298.87754140959726,-66.09985000679667,30.817165495966293,9,calibration,2,square,0.44999999999999996,0,calibration
1.4251122999703512,87,-470.0,378.0,20.0,True,-372.34631411389216,41.7127227970063,317.7820880429576,-55.119990198468734,31.32028892112799,9,calibration,2,square,0.44999999999999996,0,calibration
1.4418148000258952,88,-485.0,350.0,20.0,True,-383.35926176906145,38.2846040611744,337.7714506540163,-44.24584323140847,30.978276921554286,9,calibration,2,square,0.44999999999999996,0,calibration
1.4582507000304759,89,-496.0,330.0,20.0,True,-396.67999983653027,33.69350743354422,360.07101876832195,-32.98020843182401,31.327514599738176,9,calibration,2,square,0.44999999999999996,0,calibration
1.475021000020206,90,-507.0,303.0,20.0,True,-399.09408073581955,26.905663374671125,383.87837197136855,-21.491855425462486,28.842373609541866,9,calibration,2,square,0.44999999999999996,0,calibration
1.4923145999200642,91,-518.0,266.0,20.0,True,-399.5331397280251,19.320203390914504,399.903895238142,-8.767814628581375,27.042926184406404,9,calibration,2,square,0.44999999999999996,0,calibration
1.508024499984458,92,-532.0,233.0,20.0,True,-399.799952196149,12.649040436214154,399.97111693592757,4.806830247321171,29.702319532096585,9,calibration,2,square,0.44999999999999996,0,calibration
1.5252958999481052,93,-545.0,189.0,20.0,True,-399.96124050031693,5.568311902868305,399.6050476425981,17.770928466372588,26.78233065176128,9,calibration,2,square,0.44999999999999996,0,calibration
1.541406499920413,94,-551.0,163.0,20.0,True,-399.9924659009134,-2.455040225061867,398.9470787315325,29.00393717370827,25.11037565173108,9,calibration,2,square,0.44999999999999996,0,calibration
1.557843599934131,95,-559.0,122.0,20.0,True,-399.83885028789655,-11.353140554622973,398.1767547003809,38.148027685225216,24.27221430892307,9,calibration,2,square,0.44999999999999996,0,calibration
1.575271699926816,96,-563.0,93.0,20.0,True,-399.44765938692296,-21.013505426481323,397.33282716027827,46.11533867186127,23.0685435985235,9,calibration,2,square,0.44999999999999996,0,calibration
1.5914723000023514,97,-570.0,66.0,20.0,True,-398.8454683310341,-30.36926722524025,396.4068303397303,53.494157251127085,26.766913568364963,9,calibration,2,square,0.44999999999999996,0,calibration
1.6083994000218809,98,-574.0,46.0,20.0,True,-398.0359855494757,-39.589824546941294,395.39916726292927,60.493789167005104,25.86325462687984,9,calibration,2,square,0.44999999999999996,0,calibration
1.6245444000232965,99,-577.0,30.0,16.278820596099706,True,-397.13910210309024,-47.75493252797336,394.3283883333892,67.12020675170626,21.242490396213448,9,calibration,2,square,0.44999999999999996,0,calibration
1.6413823999464512,100,-578.0,26.0,4.123105625617661,True,-396.31641758172066,-54.1599220382675,393.28233189350817,73.00005082467047,5.7056039035104975,9,calibration,2,square,0.44999999999999996,0,calibration
1.6580308999400586,101,-578.0,24.0,2.0,True,-395.3548964654461,-60.78244681481983,392.35658673051415,77.82229018205835,2.073352506118839,9,calibration,2,square,0.44999999999999996,0,calibration
1.674566000001505,102,-578.0,23.0,1.0,True,-394.3449681744866,-67.0227280514836,391.52575135732724,81.89985362673355,1.040670187280024,9,calibration,2,square,0.44999999999999996,0,calibration
1.6911975999828428,103,-578.0,22.0,1.0,True,-393.28330356901284,-72.99481580114883,390.72339259515087,85.64596008531663,1.0574691290920244,9,calibration,2,square,0.44999999999999996,0,calibration
1.7076178999850526,104,-579.0,22.0,1.0,True,-393.5469400297307,-71.55980710731089,389.9065689478115,89.29091494292963,1.860949091542163,9,calibration,2,square,0.44999999999999996,0,calibration
1.724583699950017,105,-579.0,27.0,5.0,True,-395.09792723443627,-62.4309850559168,388.84366688910893,93.8115276510924,0.08279863162283352,9,calibration,2,square,0.44999999999999996,0,calibration
1.7412233999930322,106,-577.0,40.0,13.152946437965905,True,-396.70564477891236,-51.231156541185136,387.5235973164395,99.12346605585392,-1.4583254870808315,9,calibration,2,square,0.44999999999999996,0,calibration
1.7581210000207648,107,-567.0,85.0,20.0,True,-398.0508247326203,-39.440346470090944,385.98738243226387,104.94637012821971,-3.5215369270498464,9,calibration,2,square,0.44999999999999996,0,calibration
1.7747479999670759,108,-559.0,116.0,20.0,True,-399.08636398478325,-27.019883075340818,384.60390134719916,109.90832119777808,-3.8701775558023077,9,calibration,2,square,0.44999999999999996,0,calibration
1.791265400010161,109,-543.0,163.0,20.0,True,-399.7491960184676,-14.16263685154453,383.6569665401677,113.16948363051185,-4.571897878198659,9,calibration,2,square,0.44999999999999996,0,calibration
1.8080707000335678,110,-529.0,203.0,20.0,True,-399.99870293626105,-1.0186507295322422,383.27209573447595,114.46615495989496,-2.6802145483224793,9,calibration,2,square,0.44999999999999996,0,calibration
1.8247396999504417,111,-510.0,251.0,20.0,True,-399.8272533250186,11.754467175137385,383.51151659328053,113.6614122748873,0.22995145464232092,9,calibration,2,square,0.44999999999999996,0,calibration
1.841733600012958,112,-471.0,342.0,20.0,True,-399.2429531614873,24.598055835664535,384.22170291489505,111.23705771539522,3.4400967761396606,9,calibration,2,square,0.44999999999999996,0,calibration
1.8580181000288576,113,-440.0,400.0,20.0,True,-398.08308778515936,39.11336369366702,385.3367885984338,107.310574281596,4.598206810748096,9,calibration,2,square,0.44999999999999996,0,calibration
1.875369800021872,114,-402.0,461.0,20.0,True,-396.30493319401495,54.243892984255254,386.81063416833643,101.87017863088967,5.902827473702068,9,calibration,2,square,0.44999999999999996,0,calibration
1.8913081999635324,115,-353.0,555.0,20.0,True,-394.113345051061,68.37156757500412,388.698657301698,94.41055985353104,11.521573792742718,9,calibration,2,square,0.44999999999999996,0,calibration
1.9078597000334412,116,-306.0,600.0,20.0,True,-391.82479036726795,80.45702985846856,390.96681794716454,84.52778989343507,2.735691729135514,9,calibration,2,square,0.44999999999999996,0,calibration
1.92460469994694,117,-254.0,600.0,20.0,True,-391.6928411893199,81.09696764391504,393.6550569396504,70.96263908452542,-31.784961755590118,9,calibration,2,square,0.44999999999999996,0,calibration
1.9414105999749154,118,-169.0,600.0,20.0,True,-392.94453649974054,74.79700017383084,396.185453227104,55.10976910888098,-28.989543703548573,9,calibration,2,square,0.44999999999999996,0,calibration
1.9580882999580353,119,-113.0,600.0,20.0,True,-394.731057208525,64.71006471206883,398.18903374154434,38.019645026949796,-18.26837341322046,9,calibration,2,square,0.44999999999999996,0,calibration
1.975681799929589,120,-54.0,600.0,20.0,True,-395.7046901650201,52.68722384857749,399.42678022891886,21.406710068549902,-7.666123384690775,9,calibration,2,square,0.44999999999999996,0,calibration
1.9915069999406114,121,-22.0,600.0,20.0,True,-394.57291551561036,38.69986862288059,399.9653888211543,5.261914589085231,-2.474083805114787,9,calibration,2,square,0.44999999999999996,0,calibration
2.007798400009051,122,19.0,600.0,20.0,True,-392.17495359809743,24.06332481888967,399.8745869545011,-10.015723037659166,0.637566247021199,9,calibration,2,square,0.44999999999999996,0,calibration
2.0246110999723896,123,45.0,600.0,20.0,True,-388.450223892537,9.85842041947115,399.2341265032552,-24.740902068898837,3.9027987945720826,9,calibration,2,square,0.44999999999999996,0,calibration
2.041256299940869,124,70.0,600.0,20.0,True,-382.5913466318793,-4.423454622728594,398.0902773669344,-39.04012123338345,7.992641748107522,9,calibration,2,square,0.44999999999999996,0,calibration
2.058347799931653,125,90.0,600.0,20.0,True,-374.39271807879516,-19.507775659932182,396.304945447761,-53.42810799862578,12.01364158595579,9,calibration,2,square,0.44999999999999996,0,calibration
2.0753431000048295,126,110.0,600.0,20.0,True,-364.53705005675164,-34.876650449256815,393.2558546872069,-67.22308960272201,15.112692607356257,9,calibration,2,square,0.44999999999999996,0,calibration
2.0912092999788,127,120.0,600.0,10.0,True,-353.82988708373324,-49.689533357851175,389.30332428689024,-81.42216046766235,8.539824263140783,9,calibration,2,square,0.44999999999999996,0,calibration
2.1080536999506876,128,130.0,600.0,10.0,True,-343.1846564452447,-63.28521297430194,385.3598441107926,-96.09373024094316,8.760635868387293,9,calibration,2,square,0.44999999999999996,0,calibration
2.1247035999549553,129,146.0,600.0,16.0,True,-331.8621014481955,-76.03434128593803,381.275842879203,-112.87554324791623,14.407897518856666,9,calibration,2,square,0.44999999999999996,0,calibration
2.141289099934511,130,157.0,600.0,11.0,True,-319.9285659468343,-87.41336797079623,377.6357701853875,-130.05432702225016,10.241134660074492,9,calibration,2,square,0.44999999999999996,0,calibration
2.1582862000213936,131,164.0,600.0,7.0,True,-307.2631721052409,-97.73140716987467,372.072587995716,-146.84001246993333,6.830750356546467,9,calibration,2,square,0.44999999999999996,0,calibration
2.1747978000203148,132,172.0,600.0,8.0,True,-294.5163166257696,-106.94337106068224,365.87520314896693,-161.66426853421314,8.243554109734214,9,calibration,2,square,0.44999999999999996,0,calibration
2.1922917999327183,133,174.0,600.0,2.0,True,-282.4020631405064,-114.9671964579598,359.1542762243646,-176.0914701788614,2.1490938366853793,9,calibration,2,square,0.44999999999999996,0,calibration
2.209056799998507,134,176.0,600.0,2.0,True,-270.2898325751289,-122.15221621759841,352.0650674298257,-189.86887131816067,2.206521683637123,9,calibration,2,square,0.44999999999999996,0,calibration
2.225159600027837,135,178.0,600.0,2.0,True,-257.84402041918435,-128.73491139394912,344.7679042181223,-202.81787944124565,2.250848909629963,9,calibration,2,square,0.44999999999999996,0,calibration
2.241632099961862,136,178.0,600.0,0.0,False,-246.32543623846945,-138.3836185616168,337.34197145885634,-214.94276980687712,0.0,9,calibration,2,square,0.44999999999999996,0,calibration
2.2583462999900803,137,179.0,598.0,2.23606797749979,True,-236.12086208645758,-149.2214662692092,329.81673735568114,-226.3203918343498,0.5457888290536453,9,calibration,2,square,0.44999999999999996,0,calibration
2.2748917000135407,138,179.0,595.0,3.0,True,-228.2064923799493,-160.32432115469615,321.8427718267122,-237.52311513387264,-0.37191963324779453,9,calibration,2,square,0.44999999999999996,0,calibration
2.291473599965684,139,166.0,583.0,17.69180601295413,True,-223.78839417672725,-171.1763651403594,313.6288144386003,-248.26793339825025,-9.472086321152489,9,calibration,2,square,0.44999999999999996,0,calibration
2.3083161999238655,140,154.0,573.0,15.620499351813308,True,-220.10011583077645,-181.61630428504006,305.18768417406534,-258.57393029551713,-7.820189242303458,9,calibration,2,square,0.44999999999999996,0,calibration
2.3257520999759436,141,138.0,560.0,20.0,True,-216.41543195866592,-191.32645022220086,296.7696830796905,-268.1935032859298,-9.797432430001432,9,calibration,2,square,0.44999999999999996,0,calibration
2.3416180999483913,142,92.0,524.0,20.0,True,-212.92651848234044,-200.5273407396932,289.25231942246864,-276.2844470988589,-9.279051957991944,9,calibration,2,square,0.44999999999999996,0,calibration
2.3588024999480695,143,60.0,500.0,20.0,True,-209.49080647845992,-208.8864619153224,283.19892202715795,-282.4860537489518,-8.763861747158701,9,calibration,2,square,0.44999999999999996,0,calibration
2.3746454999782145,144,36.0,484.0,20.0,True,-206.0534174359643,-216.96003892324887,279.20463908386915,-286.434581561037,-6.57743411536742,9,calibration,2,square,0.44999999999999996,0,calibration
2.3914513000054285,145,26.0,476.0,12.806248474865697,True,-202.30950249308685,-225.27494889758086,276.5795564956173,-288.9701523145386,-2.3988000941204617,9,calibration,2,square,0.44999999999999996,0,calibration
2.4080515999812633,146,16.0,469.0,12.206555615733702,True,-198.30343499200774,-233.96202769840806,274.5906043650489,-290.8607914354172,-0.7614406027849773,9,calibration,2,square,0.44999999999999996,0,calibration
2.4259814999531955,147,-6.0,454.0,20.0,True,-193.43192856802875,-243.4771870440486,272.61347388632555,-292.71469702703644,-1.4191879318557508,9,calibration,2,square,0.44999999999999996,0,calibration
2.441321999998763,148,-70.0,398.0,20.0,True,-187.43645699686775,-253.63799864079016,270.594270373332,-294.58231590019807,-1.7198934426548989,9,calibration,2,square,0.44999999999999996,0,calibration
2.4577718999935314,149,-96.0,379.0,20.0,True,-180.39663570269087,-264.90929468291944,269.2796437456964,-295.7845051117297,0.09246058333012203,9,calibration,2,square,0.44999999999999996,0,calibration
2.4747534999623895,150,-108.0,372.0,13.892443989449804,True,-173.37916510617853,-276.44329476869376,268.65700588064357,-296.3501530137075,1.5885710558509112,9,calibration,2,square,0.44999999999999996,0,calibration
2.4912795999553055,151,-120.0,366.0,13.416407864998739,True,-166.70563457806716,-287.05693854601026,269.3782942959173,-295.69466441284015,3.393767584552675,9,calibration,2,square,0.44999999999999996,0,calibration
2.5075257000280544,152,-125.0,362.0,6.4031242374328485,True,-160.7939373581227,-296.3740449607705,271.09396551042295,-294.12252865741783,2.2904740236763037,9,calibration,2,square,0.44999999999999996,0,calibration
2.524551899987273,153,-139.0,354.0,16.1245154965971,True,-154.9556620402653,-304.81227239021405,274.6472442015246,-290.80730948947644,7.094223774968017,9,calibration,2,square,0.44999999999999996,0,calibration
2.540898000006564,154,-177.0,319.0,20.0,True,-148.41304586169994,-313.3772669182334,279.0318049182302,-286.60295156204285,9.293368406038375,9,calibration,2,square,0.44999999999999996,0,calibration
2.5593047000002116,155,-205.0,294.0,20.0,True,-140.86377113926522,-321.8124540113836,284.0881213653876,-281.5917955109573,9.13278935280748,9,calibration,2,square,0.44999999999999996,0,calibration
2.5751197999343276,156,-227.0,274.0,20.0,True,-131.83799892994398,-329.60136635944065,289.0798123463915,-276.46493827206206,8.126814949724078,9,calibration,2,square,0.44999999999999996,0,calibration
2.5911691000219434,157,-239.0,264.0,15.620499351813308,True,-120.87783098616185,-334.909703176234,294.1687581019112,-271.0438004396693,3.935901373996984,9,calibration,2,square,0.44999999999999996,0,calibration
2.6090421000262722,158,-253.0,250.0,19.79898987322333,True,-108.78689841645665,-339.34953643830926,300.0096213340411,-264.5642211392259,6.299216455373304,9,calibration,2,square,0.44999999999999996,0,calibration
2.626027400023304,159,-297.0,196.0,20.0,True,-96.63577469642965,-343.65651578717876,306.7297558635189,-256.74278347775635,9.61932947049743,9,calibration,2,square,0.44999999999999996,0,calibration
2.6412164999637753,160,-345.0,138.0,20.0,True,-85.01689570519906,-347.6404904218092,314.5563944608788,-247.09163220103596,11.621596235504805,9,calibration,2,square,0.44999999999999996,0,calibration
2.659003800014034,161,-355.0,123.0,18.027756377319946,True,-72.3409546405204,-351.1722340171189,323.30027901656086,-235.53541047539736,11.895270321201359,9,calibration,2,square,0.44999999999999996,0,calibration
2.675063299946487,162,-385.0,82.0,20.0,True,-57.38348652456882,-353.33085958207187,332.7367262678001,-222.0051147892477,10.616067373658716,9,calibration,2,square,0.44999999999999996,0,calibration
2.6909135000314564,163,-407.0,47.0,20.0,True,-39.877821982598185,-354.89150379085487,340.63144211283884,-205.015079418379,10.743217384897772,9,calibration,2,square,0.44999999999999996,0,calibration
2.708176099928096,164,-415.0,32.0,17.0,True,-21.829315907349553,-356.4188708830695,345.8621684736255,-185.12609386676863,9.834828518716263,9,calibration,2,square,0.44999999999999996,0,calibration
2.7251470999326557,165,-447.0,-26.0,20.0,True,-3.753620973104418,-355.2623239036801,347.8733286825114,-162.1214989859971,7.526463313701813,9,calibration,2,square,0.44999999999999996,0,calibration
2.7412945999531075,166,-462.0,-59.0,20.0,True,13.503064750859565,-352.79099282852866,347.25650950376956,-139.276161115607,7.203712551122717,9,calibration,2,square,0.44999999999999996,0,calibration
2.7580885000061244,167,-476.0,-101.0,20.0,True,28.97379631298297,-348.78476097282703,344.7934529316774,-119.24138069712002,7.181116044354797,9,calibration,2,square,0.44999999999999996,0,calibration
2.7748661999357864,168,-484.0,-124.0,20.0,True,40.3182700637409,-340.8050309308201,341.60329407717467,-104.49856905118122,0.8310366248894008,9,calibration,2,square,0.44999999999999996,0,calibration
2.7913629999384284,169,-490.0,-143.0,19.924858845171276,True,44.105094093170564,-329.4402182346023,337.62061695089045,-93.6176682032888,-4.1423738748581,9,calibration,2,square,0.44999999999999996,0,calibration
2.8076983999926597,170,-495.0,-161.0,18.681541692269406,True,42.795641498128106,-318.0274099661763,332.6267335741072,-84.59475020704147,-3.9851923480699667,9,calibration,2,square,0.44999999999999996,0,calibration
2.8249122999841347,171,-496.0,-167.0,6.082762530298219,True,39.8153064798433,-306.85810588948544,326.19283549739214,-75.90591011614374,-1.312500794691559,9,calibration,2,square,0.44999999999999996,0,calibration
2.841505500022322,172,-496.0,-171.0,4.0,True,42.64218670040082,-295.9735208952342,318.20275595886545,-66.54016598598706,-0.8284884746500571,9,calibration,2,square,0.44999999999999996,0,calibration
2.8582532999571413,173,-497.0,-172.0,1.4142135623730951,True,35.756168603090835,-287.54337741941697,309.0400987381456,-57.404957541651484,-0.14397876530497553,9,calibration,2,square,0.44999999999999996,0,calibration
2.8751284999307245,174,-497.0,-173.0,1.0,True,38.50785756811298,-277.64390817231646,299.13271704095024,-49.07014536805374,-0.31970878487833276,9,calibration,2,square,0.44999999999999996,0,calibration
2.892305099987425,175,-497.0,-173.0,0.0,False,39.620196641970985,-266.97145447376175,288.793447592649,-41.368153098950316,0.0,9,calibration,2,square,0.44999999999999996,0,calibration
2.908146800007671,176,-496.0,-173.0,1.0,True,45.07575139512294,-258.62668919430416,276.9119641462186,-32.81011704358904,1.3586297979622008,9,calibration,2,square,0.44999999999999996,0,calibration
2.924870099988766,177,-493.0,-168.0,5.830951894845301,True,48.17128415907843,-249.01412714503698,263.69064650940464,-23.736959512471326,5.323308220153454,9,calibration,2,square,0.44999999999999996,0,calibration
2.9420690999832004,178,-478.0,-147.0,20.0,True,51.02160443777253,-239.32485983292347,249.31852641375878,-14.649147688321687,20.021249664930956,9,calibration,2,square,0.44999999999999996,0,calibration
2.9581334999529645,179,-461.0,-119.0,20.0,True,53.61218348739497,-229.3199434712334,234.3028836322841,-5.2762253259133605,18.90421606247394,9,calibration,2,square,0.44999999999999996,0,calibration
2.974693199968897,180,-441.0,-85.0,20.0,True,55.89714383209021,-219.09811848783323,217.9701622777418,5.296179300004997,18.180688835547517,9,calibration,2,square,0.44999999999999996,0,calibration
2.991838700021617,181,-401.0,-24.0,20.0,True,57.942085835218,-208.40852645597096,200.33187593523238,16.821450613569816,18.52007286414142,9,calibration,2,square,0.44999999999999996,0,calibration
0.0013034000294283032,1,3.0,0.0,3.0,True,305.05679303711145,5.510881763979399,-296.54450414143275,-5.218568234380048,0.37201857166003716,10,calibration,2,square,0.39999999999999997,0,calibration
0.01095210004132241,2,6.0,0.0,3.0,True,316.0217239291394,16.881577270313624,-288.59405121079425,-16.82021895728695,0.38657465829824167,10,calibration,2,square,0.39999999999999997,0,calibration
0.02868839993607253,3,11.0,2.0,5.385164807134504,True,328.1649208060575,31.610065411378628,-278.73027663347995,-30.089713423068808,3.346086932532912,10,calibration,2,square,0.39999999999999997,0,calibration
0.04450489999726415,4,127.0,78.0,20.0,True,340.5124407891146,47.440832996623726,-268.2458203123872,-43.47871167269035,17.246753454303335,10,calibration,2,square,0.39999999999999997,0,calibration
0.060919999959878623,5,238.0,164.0,20.0,True,353.0388231482196,63.46558687583543,-257.90491604802827,-56.69968977457425,19.29540917632313,10,calibration,2,square,0.39999999999999997,0,calibration
0.07809800002723932,6,324.0,241.0,20.0,True,363.8999442157243,77.43301336693796,-247.80341130378565,-69.58589519663724,20.985144443641413,10,calibration,2,square,0.39999999999999997,0,calibration
0.09448830003384501,7,421.0,355.0,20.0,True,373.5712092882004,90.34652033584585,-237.70652948478744,-82.65073155568503,24.088295125255435,10,calibration,2,square,0.39999999999999997,0,calibration
0.11083889997098595,8,453.0,425.0,20.0,True,381.9726034562772,103.1484780365214,-227.36143597456902,-95.48625451711725,28.71368578488502,10,calibration,2,square,0.39999999999999997,0,calibration
0.1277661999920383,9,464.0,470.0,20.0,True,383.32903902973294,114.27531595467798,-217.11349876310885,-108.18315094427196,31.18600061207026,10,calibration,2,square,0.39999999999999997,0,calibration
0.14390719996299595,10,459.0,524.0,20.0,True,380.2328595689867,124.1892608239184,-206.2343833332618,-121.1708492159518,33.33557910029861,10,calibration,2,square,0.39999999999999997,0,calibration
0.16133329994045198,11,441.0,562.0,20.0,True,376.99605450199425,133.6935858219435,-195.58630977663,-133.6262033584306,32.563351346213906,10,calibration,2,square,0.39999999999999997,0,calibration
0.17730270000174642,12,396.0,600.0,20.0,True,373.7808795681778,142.43543824919178,-185.10949172555365,-145.41741760018735,27.20758686321752,10,calibration,2,square,0.39999999999999997,0,calibration
0.19414499995764345,13,350.0,600.0,20.0,True,370.6949904852244,150.2838116004494,-176.2316674404346,-155.12564648286778,7.636736325117807,10,calibration,2,square,0.39999999999999997,0,calibration
0.21086620003916323,14,299.0,600.0,20.0,True,367.7072290287539,157.45283014285764,-168.80629267544427,-164.31971404534787,7.328626386780116,10,calibration,2,square,0.39999999999999997,0,calibration
0.22777719993609935,15,247.0,600.0,20.0,True,364.74038002723296,164.20857218059484,-163.3548154182382,-172.9088091894602,4.829296175178316,10,calibration,2,square,0.39999999999999997,0,calibration
0.24431270000059158,16,154.0,597.0,20.0,True,362.3192835185103,169.48373606524424,-159.8232956586902,-181.43515712958077,-2.6222819741289505,10,calibration,2,square,0.39999999999999997,0,calibration
0.26110589993186295,17,94.0,582.0,20.0,True,361.32793413567595,171.58707414384278,-157.91156869839855,-189.2673531757023,-18.10388418255474,10,calibration,2,square,0.39999999999999997,0,calibration
0.27852379996329546,18,7.0,544.0,20.0,True,362.3769817225312,169.36033513685652,-156.99032708655832,-196.72215798440374,-24.935893418991597,10,calibration,2,square,0.39999999999999997,0,calibration
0.2945826000068337,19,-55.0,500.0,20.0,True,364.5845336036312,164.55430063362894,-156.6174650872666,-204.01798824510408,-22.792371852760777,10,calibration,2,square,0.39999999999999997,0,calibration
0.3109237999888137,20,-99.0,464.0,20.0,True,367.18718998695806,158.6618023012521,-156.7108742341814,-211.60379439156787,-19.708107461081028,10,calibration,2,square,0.39999999999999997,0,calibration
0.3275687999557704,21,-161.0,387.0,20.0,True,369.95497432825806,152.09640682730765,-157.49033860602432,-219.82820816095455,-16.96057275622315,10,calibration,2,square,0.39999999999999997,0,calibration
0.3440680999774486,22,-212.0,317.0,20.0,True,372.94666685125566,144.60561429121114,-160.2524687072183,-230.02153214682048,-17.142601942392794,10,calibration,2,square,0.39999999999999997,0,calibration
0.3606455000117421,23,-271.0,185.0,20.0,True,375.89251774888913,136.76554792929787,-165.34402092914078,-241.7210468855382,-14.890238485168204,10,calibration,2,square,0.39999999999999997,0,calibration
0.37798700004350394,24,-310.0,103.0,20.0,True,378.64592832669206,128.946736917293,-173.21594305228453,-254.46213732371558,-15.36001152582346,10,calibration,2,square,0.39999999999999997,0,calibration
0.39479839999694377,25,-334.0,43.0,20.0,True,381.02416223563483,121.73983650651333,-182.9220017400418,-266.2666830417175,-13.583621452236606,10,calibration,2,square,0.39999999999999997,0,calibration
0.4112069000257179,26,-357.0,-20.0,20.0,True,383.1910275976538,114.73724926393407,-193.2082133115546,-276.66423169672316,-12.280357654147247,10,calibration,2,square,0.39999999999999997,0,calibration
0.427679399959743,27,-366.0,-52.0,20.0,True,385.50589521289504,106.70147494812046,-202.63213590797602,-284.71551576161806,-9.490034721503141,10,calibration,2,square,0.39999999999999997,0,calibration
0.4443223000271246,28,-373.0,-79.0,20.0,True,387.82971561310774,97.91890362670529,-210.72220169829674,-290.4048624278796,-7.798236104738615,10,calibration,2,square,0.39999999999999997,0,calibration
0.46155699994415045,29,-378.0,-110.0,20.0,True,389.9910224026054,88.92132728075161,-218.1390064735185,-294.0233967114148,-2.493880129936646,10,calibration,2,square,0.39999999999999997,0,calibration
0.47746409999672323,30,-380.0,-142.0,20.0,True,391.80064548256007,80.57452574759151,-226.3318711684968,-296.66831980235486,3.074814122767436,10,calibration,2,square,0.39999999999999997,0,calibration
0.4940486999694258,31,-379.0,-164.0,20.0,True,393.3053640134058,72.8758577190168,-235.2326934240946,-298.57171910361376,8.423751349371626,10,calibration,2,square,0.39999999999999997,0,calibration
0.510913799982518,32,-372.0,-200.0,20.0,True,394.61034057136266,65.44218145930964,-244.93656081104308,-299.9014367703332,14.25125520496038,10,calibration,2,square,0.39999999999999997,0,calibration
0.527561099966988,33,-362.0,-221.0,20.0,True,395.6589875198081,58.7704483120586,-254.7985496572946,-300.4995435359408,22.956115709797263,10,calibration,2,square,0.39999999999999997,0,calibration
0.5440337000181898,34,-349.0,-241.0,20.0,True,396.5336173234585,52.54607818261049,-264.3761857124707,-300.17533614227074,27.682929205172456,10,calibration,2,square,0.39999999999999997,0,calibration
0.5608837000327185,35,-323.0,-276.0,20.0,True,397.2586590534536,46.74994980801475,-269.90163479934847,-295.21705156145555,31.059413733733226,10,calibration,2,square,0.39999999999999997,0,calibration
0.5774330999702215,36,-304.0,-300.0,20.0,True,397.852750892933,41.39068261004884,-275.46545819471794,-290.032379815727,34.28086863254342,10,calibration,2,square,0.39999999999999997,0,calibration
0.594156299950555,37,-283.0,-321.0,20.0,True,398.3073769738469,36.759127413661496,-281.0541580786987,-284.62002780316396,37.428270594595965,10,calibration,2,square,0.39999999999999997,0,calibration
0.6110790999373421,38,-246.0,-350.0,20.0,True,398.64464064703134,32.90061524347565,-286.7789347449753,-278.85093255454103,38.41853887504245,10,calibration,2,square,0.39999999999999997,0,calibration
0.627507199998945,39,-220.0,-366.0,20.0,True,398.8915604476611,29.75773855033242,-292.0312696184779,-272.9317413426087,38.12555746030646,10,calibration,2,square,0.39999999999999997,0,calibration
0.6445440000388771,40,-193.0,-381.0,20.0,True,399.10458416372,26.749409330004383,-297.5469463039934,-266.7901447328176,38.015705298241954,10,calibration,2,square,0.39999999999999997,0,calibration
0.6609446000074968,41,-149.0,-394.0,20.0,True,399.25139994946613,24.460573141106522,-303.7028841728161,-260.3162656176388,37.28058444049808,10,calibration,2,square,0.39999999999999997,0,calibration
0.6775699999416247,42,-123.0,-398.0,20.0,True,399.35151711957144,22.767647535409694,-311.02698980546,-251.51980361902778,35.54615766162654,10,calibration,2,square,0.39999999999999997,0,calibration
0.694242800003849,43,-80.0,-394.0,20.0,True,399.3810188883168,22.244139716562415,-320.10909619725226,-239.85446948468214,31.539231052492703,10,calibration,2,square,0.39999999999999997,0,calibration
0.7108075999421999,44,-51.0,-383.0,20.0,True,399.33793188998027,23.0046985164656,-330.3914308389277,-225.48060321944774,26.333946015844273,10,calibration,2,square,0.39999999999999997,0,calibration
0.7278224999317899,45,-11.0,-366.0,20.0,True,399.2726533397585,24.111165360244122,-341.31579767808086,-208.57498952505154,26.01102213529166,10,calibration,2,square,0.39999999999999997,0,calibration
0.7446180999977514,46,60.0,-326.0,20.0,True,399.18130889615554,25.578948921956144,-350.985547152673,-191.85709705387163,23.7907297543782,10,calibration,2,square,0.39999999999999997,0,calibration
0.7609080999391153,47,109.0,-293.0,20.0,True,399.0729255750569,27.217642678326634,-359.12103760170595,-176.15924713699843,21.05611332961617,10,calibration,2,square,0.39999999999999997,0,calibration
0.7784249000251293,48,171.0,-250.0,20.0,True,398.9618475694861,28.800072637792866,-365.3889705191066,-162.76025381826932,19.911935945357268,10,calibration,2,square,0.39999999999999997,0,calibration
0.7951130999717861,49,251.0,-189.0,20.0,True,398.84345556016643,30.39568977380797,-371.32801765280095,-148.71282159262907,17.87851390020743,10,calibration,2,square,0.39999999999999997,0,calibration
0.8113842000020668,50,308.0,-142.0,20.0,True,398.7178677637528,32.000967577973846,-377.58669600357473,-132.01623764182983,16.64035793557935,10,calibration,2,square,0.39999999999999997,0,calibration
0.8280303999781609,51,388.0,-58.0,20.0,True,398.5649198988239,33.852690085782974,-384.44756823170377,-110.4539147370046,12.83116678921429,10,calibration,2,square,0.39999999999999997,0,calibration
0.8448697000276297,52,435.0,-1.0,20.0,True,398.3662589167196,36.1154226985806,-390.86056406041695,-85.01775968803655,10.30243696369026,10,calibration,2,square,0.39999999999999997,0,calibration
0.8614105000160635,53,473.0,70.0,20.0,True,398.07842115716136,39.160830034892086,-395.787029355989,-57.901877288750526,4.419800673763666,10,calibration,2,square,0.39999999999999997,0,calibration
0.8780421999981627,54,516.0,173.0,20.0,True,397.70907173142604,42.7492018934551,-398.6111513011271,-33.30390455171794,1.4586811386022513,10,calibration,2,square,0.39999999999999997,0,calibration
0.8946589999832213,55,539.0,262.0,20.0,True,397.2570816736483,46.76335167774351,-399.8044831343524,-12.505009623081625,-2.5359811569926705,10,calibration,2,square,0.39999999999999997,0,calibration
0.9111693999730051,56,545.0,318.0,20.0,True,396.69341755695416,51.32574857694697,-399.9655756643622,5.247693157512487,-5.888286802466318,10,calibration,2,square,0.39999999999999997,0,calibration
0.9276534999953583,57,544.0,362.0,20.0,True,396.02013635754133,56.28544749181943,-399.42221743837916,21.491677845346665,-8.523198551698707,10,calibration,2,square,0.39999999999999997,0,calibration
0.9445648000109941,58,537.0,408.0,20.0,True,395.3182862400523,61.02009967402579,-398.0368970811973,39.58065893807702,-11.152400269253882,10,calibration,2,square,0.39999999999999997,0,calibration
0.9611573999281973,59,503.0,487.0,20.0,True,394.7084992969533,64.84751793821457,-395.6482289863325,58.84283218862419,-16.30118514175593,10,calibration,2,square,0.39999999999999997,0,calibration
0.9782568999798968,60,468.0,557.0,20.0,True,394.37824471907896,66.82664208456261,-392.19273813346535,78.64385643758207,-20.01779756655673,10,calibration,2,square,0.39999999999999997,0,calibration
0.994255100027658,61,428.0,600.0,20.0,True,394.76223595199264,64.51958668639546,-388.33439273726583,95.89785929508004,-31.628409527274908,10,calibration,2,square,0.39999999999999997,0,calibration
1.0113312000175938,62,368.0,600.0,20.0,True,395.7989555785318,57.820297153710655,-384.3183841416008,110.90256809825901,-4.668776900834896,10,calibration,2,square,0.39999999999999997,0,calibration
1.0276459000306204,63,337.0,600.0,20.0,True,394.56832342633123,48.5921125874282,-380.16203818400265,124.40588701418007,2.2557271973400934,10,calibration,2,square,0.39999999999999997,0,calibration
1.04565680003725,64,291.0,600.0,20.0,True,391.4764583594397,36.44430974404749,-375.8825421535327,136.79296218811,4.780794295913958,10,calibration,2,square,0.39999999999999997,0,calibration
1.0622462999308482,65,263.0,600.0,20.0,True,386.0115790294758,21.54590774193069,-371.5199559336836,148.23266287506885,6.829465285029716,10,calibration,2,square,0.39999999999999997,0,calibration
1.0779871999984607,66,240.0,600.0,20.0,True,377.9813616544752,4.510668963190511,-367.19788879083865,158.63704002392018,7.756578711712714,10,calibration,2,square,0.39999999999999997,0,calibration
1.0940832999767736,67,218.0,600.0,20.0,True,368.11376186891573,-12.540711203841806,-362.57074070730954,168.94513305494448,8.016156323543024,10,calibration,2,square,0.39999999999999997,0,calibration
1.1108819999499246,68,189.0,600.0,20.0,True,357.1186077318582,-29.657966237628088,-357.950184423598,178.5263719205434,6.837868560789428,10,calibration,2,square,0.39999999999999997,0,calibration
1.127623699954711,69,161.0,598.0,20.0,True,345.76562483508104,-47.0352133949723,-353.4861376127912,187.2099103028225,7.719587369627678,10,calibration,2,square,0.39999999999999997,0,calibration
1.144526300020516,70,118.0,580.0,20.0,True,335.4860563113068,-66.09144830311291,-349.4240887716637,194.68643041078246,15.49074640527843,10,calibration,2,square,0.39999999999999997,0,calibration
1.1609107999829575,71,38.0,534.0,20.0,True,326.2804499649384,-85.75167180539597,-345.751576333376,201.1363902007432,17.63410507818063,10,calibration,2,square,0.39999999999999997,0,calibration
1.1779507999308407,72,-3.0,505.0,20.0,True,317.7111401927242,-105.67634438551693,-342.4541249018966,206.70068296373918,19.245628801401395,10,calibration,2,square,0.39999999999999997,0,calibration
1.195106399944052,73,-52.0,472.0,20.0,True,308.89160387908754,-125.16779226319512,-339.7303234387641,211.1475960938051,17.17633099091999,10,calibration,2,square,0.39999999999999997,0,calibration
1.2109758999431506,74,-84.0,445.0,20.0,True,300.19219779515515,-144.82821878279492,-337.36861705132327,214.90094515584988,18.542051765422617,10,calibration,2,square,0.39999999999999997,0,calibration
1.227728300029412,75,-129.0,389.0,20.0,True,292.315048014398,-164.66998489099942,-335.3604319014042,218.02151433953404,22.047280699550033,10,calibration,2,square,0.39999999999999997,0,calibration
1.244546200032346,76,-200.0,286.0,20.0,True,284.2457719538236,-185.49555623529542,-333.9992762537604,220.10107555839932,22.201277247862848,10,calibration,2,square,0.39999999999999997,0,calibration
1.2612676999997348,77,-243.0,218.0,20.0,True,276.43241736399557,-206.09926032539633,-333.43797176232056,220.9504898999545,21.37112052722321,10,calibration,2,square,0.39999999999999997,0,calibration
1.2878795999567956,78,-340.0,13.0,20.0,True,270.04580600360555,-225.72994319035254,-333.70493480866804,220.5470845065575,21.98583274097227,10,calibration,2,square,0.39999999999999997,0,calibration
1.2944114999845624,79,-340.0,13.0,0.0,False,266.8645504485539,-243.45039871328478,-334.5311701400134,219.29180605930847,0.0,10,calibration,2,square,0.39999999999999997,0,calibration
1.3111559000099078,80,-351.0,-20.0,20.0,True,263.98471009071284,-259.27306806251414,-335.7962479516007,217.3496718691498,20.620121896156363,10,calibration,2,square,0.39999999999999997,0,calibration
1.3275410999776796,81,-378.0,-89.0,20.0,True,261.4248340699828,-274.13131143881486,-337.7945140462939,214.23087144533625,16.503437678578813,10,calibration,2,square,0.39999999999999997,0,calibration
1.3441021000035107,82,-412.0,-192.0,20.0,True,259.44334262828505,-288.4515759014887,-340.25702450836604,210.29778237706927,15.624237483523649,10,calibration,2,square,0.39999999999999997,0,calibration
1.3609465999761596,83,-430.0,-247.0,20.0,True,257.97536181046877,-301.2070466843977,-343.1687020986716,205.51214538297535,13.670179011279945,10,calibration,2,square,0.39999999999999997,0,calibration
1.377826299984008,84,-446.0,-303.0,20.0,True,254.5006035746342,-308.59268102167766,-346.0526955592784,200.61787531562928,12.153912024631898,10,calibration,2,square,0.39999999999999997,0,calibration
1.3947328999638557,85,-454.0,-328.0,20.0,True,250.44054881872668,-311.8966679965898,-349.02381311329566,195.40311635144226,7.752168590634698,10,calibration,2,square,0.39999999999999997,0,calibration
1.4109318000264466,86,-458.0,-348.0,20.0,True,247.30006198725914,-314.39255611591346,-351.814667335104,190.33244559950924,5.778040914732312,10,calibration,2,square,0.39999999999999997,0,calibration
1.4277200000360608,87,-459.0,-371.0,20.0,True,245.0370964887447,-316.1594871965186,-354.6311807762736,185.03168815428882,4.99134821575411,10,calibration,2,square,0.39999999999999997,0,calibration
1.4443198000080884,88,-459.0,-386.0,15.0,True,243.69005088570907,-317.19892669950906,-357.51662403308836,179.3930420612332,1.2910732038878092,10,calibration,2,square,0.39999999999999997,0,calibration
1.4610585999907926,89,-459.0,-396.0,10.0,True,243.11226175550274,-317.64198114248677,-361.00227121176295,172.2711820936653,-0.6468199167137345,10,calibration,2,square,0.39999999999999997,0,calibration
1.4775619000429288,90,-459.0,-413.0,17.0,True,243.36486017020982,-317.4484916239707,-363.5345308228553,162.89599826136526,-3.1820148237823602,10,calibration,2,square,0.39999999999999997,0,calibration
1.4948090999387205,91,-455.0,-430.0,17.46424919657298,True,244.74829865787308,-316.38310685634997,-365.1407660910302,150.8622798836754,-1.7293345237717788,10,calibration,2,square,0.39999999999999997,0,calibration
1.5111287999898195,92,-449.0,-457.0,20.0,True,246.68431567632396,-314.87592540444206,-365.84693731575,136.94412229852807,-3.867440933992232,10,calibration,2,square,0.39999999999999997,0,calibration
1.5278885000152513,93,-444.0,-475.0,18.681541692269406,True,249.5544807320445,-312.60607982980696,-366.0058968537254,121.70762790006339,-4.4669636960728,10,calibration,2,square,0.39999999999999997,0,calibration
1.5444944000337273,94,-438.0,-490.0,16.15549442140351,True,253.5786662747163,-309.3507071437466,-364.5229164448546,105.76096083194808,-3.936458255061458,10,calibration,2,square,0.39999999999999997,0,calibration
1.5609462999273092,95,-428.0,-507.0,19.72308292331602,True,258.9043566676428,-304.9074188971367,-360.5371995474154,89.98397503984997,-4.501697778472682,10,calibration,2,square,0.39999999999999997,0,calibration
1.5776390000246465,96,-419.0,-513.0,10.816653826391969,True,266.2572207868489,-298.5081110771753,-353.5349408748196,74.35002603643684,0.22141454261200935,10,calibration,2,square,0.39999999999999997,0,calibration
1.594337199931033,97,-404.0,-515.0,15.132745950421556,True,275.63786128305713,-289.8685381811937,-343.52779961106046,58.54887324378285,4.656194178087194,10,calibration,2,square,0.39999999999999997,0,calibration
1.6106276999926195,98,-356.0,-497.0,20.0,True,286.8308504480857,-278.79753089155565,-330.9091491779403,40.656776955418664,14.887888977998935,10,calibration,2,square,0.39999999999999997,0,calibration
1.627622599946335,99,-286.0,-462.0,20.0,True,300.33693600846857,-264.19259048853934,-315.89452881457083,20.807378841723203,16.26158874170613,10,calibration,2,square,0.39999999999999997,0,calibration
1.64400490000844,100,-225.0,-423.0,20.0,True,315.3675583274032,-246.05548795873662,-299.7449306314195,-0.6741582322940864,18.451779201780035,10,calibration,2,square,0.39999999999999997,0,calibration
1.6607993999496102,101,-132.0,-364.0,20.0,True,330.6055398515547,-225.1665539538724,-283.2558107093538,-21.863377105081195,18.00589595057223,10,calibration,2,square,0.39999999999999997,0,calibration
1.6783267999999225,102,-75.0,-327.0,20.0,True,343.81960324766993,-204.42133064485915,-267.1273949456628,-42.3095785725763,18.03251778906946,10,calibration,2,square,0.39999999999999997,0,calibration
1.6944025999400765,103,13.0,-265.0,20.0,True,354.59184546632935,-185.1070585601285,-251.5721274913466,-61.31459923961293,18.385778896042584,10,calibration,2,square,0.39999999999999997,0,calibration
1.7109361999901012,104,80.0,-212.0,20.0,True,363.3248630664127,-167.31719540373743,-236.0728459824038,-79.22798718422318,18.85792023445773,10,calibration,2,square,0.39999999999999997,0,calibration
1.7281271000392735,105,174.0,-134.0,20.0,True,370.76475584063513,-150.11161123122426,-220.6812345286084,-95.70587445274525,18.115150386300343,10,calibration,2,square,0.39999999999999997,0,calibration
1.7452636000234634,106,243.0,-70.0,20.0,True,377.4515546080917,-132.40212960498314,-204.05794275363752,-112.52363414162264,18.163145806486046,10,calibration,2,square,0.39999999999999997,0,calibration
1.7611414999701083,107,298.0,-15.0,20.0,True,383.41048325552237,-114.00176020468636,-187.45167889924912,-129.16081604162875,18.35172236481626,10,calibration,2,square,0.39999999999999997,0,calibration
1.778326899977401,108,373.0,92.0,20.0,True,388.29106857798786,-96.07312872267846,-171.291992524208,-145.6748890883308,22.59917514115122,10,calibration,2,square,0.39999999999999997,0,calibration
1.7942644000286236,109,412.0,166.0,20.0,True,392.1261096773692,-78.56010470417438,-157.01470614424224,-160.72991470875795,25.69996466480451,10,calibration,2,square,0.39999999999999997,0,calibration
1.810765599948354,110,438.0,241.0,20.0,True,394.4929861988844,-63.311644284401375,-144.67746467279937,-174.87408369761698,29.61246133974283,10,calibration,2,square,0.39999999999999997,0,calibration
1.8278723999392241,111,454.0,295.0,20.0,True,396.1379275305995,-48.560938435385026,-133.97746890247817,-187.683429524167,30.761966703749057,10,calibration,2,square,0.39999999999999997,0,calibration
1.8442903000395745,112,462.0,370.0,20.0,True,396.1130091110763,-34.748351783659345,-125.44613312635586,-198.76939907402289,34.350135661468826,10,calibration,2,square,0.39999999999999997,0,calibration
1.8613193000201136,113,461.0,408.0,20.0,True,394.37262351838314,-19.708280444494285,-118.34394764850913,-207.9479657914246,36.055177633771,10,calibration,2,square,0.39999999999999997,0,calibration
1.8779725999338552,114,448.0,466.0,20.0,True,390.4889952644921,-5.471617348253105,-112.34398130251292,-216.5490917908898,38.487777080869606,10,calibration,2,square,0.39999999999999997,0,calibration
1.8943234999896958,115,423.0,506.0,20.0,True,384.76055615660465,7.104912932624645,-107.31818762554808,-225.08314176060992,39.821177432356194,10,calibration,2,square,0.39999999999999997,0,calibration
1.9114247999386862,116,414.0,518.0,15.0,True,378.33478341208325,17.871607062761527,-103.21902624471383,-235.02469876640444,29.44140555743301,10,calibration,2,square,0.39999999999999997,0,calibration
1.9283273000037298,117,377.0,540.0,20.0,True,370.8662884370549,26.482734074336683,-100.49730587470499,-244.92609279618452,33.39765922193628,10,calibration,2,square,0.39999999999999997,0,calibration
1.9445517000276595,118,327.0,546.0,20.0,True,362.1202122330482,32.86554984961293,-98.35131563307277,-256.2278478656583,23.49044728485221,10,calibration,2,square,0.39999999999999997,0,calibration
1.9612828999524936,119,291.0,546.0,20.0,True,353.20656869519837,38.25603246789005,-96.89354875868277,-267.7176220810435,19.631250414168623,10,calibration,2,square,0.39999999999999997,0,calibration
1.9779158999444917,120,253.0,544.0,20.0,True,344.49823352935806,43.17884393283123,-95.77400362728964,-280.4997613892319,17.564762668386596,10,calibration,2,square,0.39999999999999997,0,calibration
1.9942856000270694,121,199.0,541.0,20.0,True,336.28517689761503,47.8388764238438,-95.26029748623073,-292.69256032291776,16.552937550270734,10,calibration,2,square,0.39999999999999997,0,calibration
2.0109879999654368,122,163.0,534.0,20.0,True,328.0654263213339,51.800634110890954,-95.40712176839051,-303.6517693261935,11.947807728003049,10,calibration,2,square,0.39999999999999997,0,calibration
2.027546099969186,123,123.0,519.0,20.0,True,319.27544087052985,55.01170270381429,-96.22582355454183,-313.1547705260213,6.5760906698550325,10,calibration,2,square,0.39999999999999997,0,calibration
2.044900399981998,124,75.0,491.0,20.0,True,309.9266990179359,57.50760048199124,-97.60181717195964,-321.3582178948404,1.295229054355329,10,calibration,2,square,0.39999999999999997,0,calibration
2.061291199992411,125,-11.0,431.0,20.0,True,300.7359265768516,59.73670862457392,-99.12029170444637,-328.71484886914953,-1.2800291380028073,10,calibration,2,square,0.39999999999999997,0,calibration
2.0778371000196785,126,-58.0,384.0,20.0,True,292.1348259405188,61.57738981117413,-100.79511847888061,-335.69669959464886,-6.181340829828422,10,calibration,2,square,0.39999999999999997,0,calibration
2.0942556000081822,127,-110.0,330.0,20.0,True,284.3188723165667,63.353410169363656,-103.13095615657224,-342.1807038303737,-7.919797922728695,10,calibration,2,square,0.39999999999999997,0,calibration
2.1109583999495953,128,-174.0,222.0,20.0,True,276.604934652129,64.86092334192406,-106.63839234205665,-348.3001289472912,-13.29120671954962,10,calibration,2,square,0.39999999999999997,0,calibration
2.1284470999380574,129,-211.0,140.0,20.0,True,268.8306213353543,66.41033642256701,-111.32892777784018,-354.2538848031488,-14.906490784509302,10,calibration,2,square,0.39999999999999997,0,calibration
2.1447632999625057,130,-250.0,44.0,20.0,True,260.4240348257661,67.9440702946769,-118.34312840846604,-360.49303760428467,-13.859777124297686,10,calibration,2,square,0.39999999999999997,0,calibration
2.1613040999509394,131,-293.0,-73.0,20.0,True,250.92133925334466,69.25697749287269,-127.02052061612713,-366.43276290620486,-12.031651387332882,10,calibration,2,square,0.39999999999999997,0,calibration
2.17769679997582,132,-309.0,-131.0,20.0,True,239.26496196284918,69.91110343120569,-136.68400796121506,-371.0178436289048,-8.839828780507005,10,calibration,2,square,0.39999999999999997,0,calibration
2.1942547999788076,133,-318.0,-193.0,20.0,True,225.7637196115027,70.11017103782437,-145.3155968574624,-372.6706016175135,-5.821568712068295,10,calibration,2,square,0.39999999999999997,0,calibration
2.21130580001045,134,-320.0,-219.0,20.0,True,211.48669002958914,70.29422628351097,-152.95805531055416,-369.59955805657216,-2.914269455277406,10,calibration,2,square,0.39999999999999997,0,calibration
2.229064799961634,135,-319.0,-234.0,15.033296378372908,True,197.5008735754404,70.50706316809644,-161.84679057482822,-365.79450020554947,-0.4571989119530384,10,calibration,2,square,0.39999999999999997,0,calibration
2.2442603999515995,136,-318.0,-243.0,9.055385138137417,True,181.88744056380048,70.82757180368787,-172.37757041624013,-360.9514831904617,0.23297325167702604,10,calibration,2,square,0.39999999999999997,0,calibration
2.2609883999684826,137,-317.0,-246.0,3.1622776601683795,True,164.4812216871579,71.72585695793164,-183.98608198070886,-355.17477618404706,0.08931756857114677,10,calibration,2,square,0.39999999999999997,0,calibration
2.2782500999746844,138,-316.0,-248.0,2.23606797749979,True,146.31700884319,74.38410982975894,-195.27077510514493,-349.09787222186833,-0.09864288488600298,10,calibration,2,square,0.39999999999999997,0,calibration
2.2940180000150576,139,-314.0,-249.0,2.23606797749979,True,138.17464908900834,87.68264733951327,-205.64670693849777,-343.0880818759981,0.2219097267027779,10,calibration,2,square,0.39999999999999997,0,calibration
2.3109710999997333,140,-312.0,-249.0,2.0,True,135.40997890349732,102.9171094442017,-214.72478938545035,-337.4807621530063,1.5919542943377207,10,calibration,2,square,0.39999999999999997,0,calibration
2.327731000026688,141,-310.0,-249.0,2.0,True,133.11877948568858,118.17829686918202,-223.43274390342162,-331.77975970783393,1.5951027657325243,10,calibration,2,square,0.39999999999999997,0,calibration
2.3441751999780536,142,-308.0,-248.0,2.23606797749979,True,129.55924865773292,133.3672542562159,-233.99334323945143,-324.41811805080226,1.7366678833812028,10,calibration,2,square,0.39999999999999997,0,calibration
2.3607979000080377,143,-306.0,-246.0,2.8284271247461903,True,123.34889286918738,149.01324635544884,-246.3167329891068,-314.8645403221036,1.476323918051485,10,calibration,2,square,0.39999999999999997,0,calibration
2.3776784000219777,144,-303.0,-242.0,5.0,True,114.62293455431454,164.49661982374334,-259.2167793156901,-302.6970101155757,1.4495746767601347,10,calibration,2,square,0.39999999999999997,0,calibration
2.393920399947092,145,-298.0,-237.0,7.0710678118654755,True,104.44476791147461,179.3898896535735,-269.661101519371,-290.35571793319036,0.7202633523968577,10,calibration,2,square,0.39999999999999997,0,calibration
2.4109071999555454,146,-294.0,-234.0,5.0,True,93.62392108776409,192.15377258146816,-277.31043149289195,-277.63384067013857,-0.808149827017089,10,calibration,2,square,0.39999999999999997,0,calibration
2.4286004999885336,147,-288.0,-229.0,7.810249675906654,True,83.23059573019992,202.68573063385287,-282.54143292679413,-263.7788196162445,-3.2139713023418097,10,calibration,2,square,0.39999999999999997,0,calibration
2.44469269993715,148,-287.0,-222.0,7.0710678118654755,True,72.24264920675158,210.2156665708633,-286.40400678632074,-248.74221959879276,-3.398940397263654,10,calibration,2,square,0.39999999999999997,0,calibration
2.4614346999442205,149,-287.0,-222.0,0.0,False,61.31171831671074,208.70601139594592,-288.98123947662475,-232.5500803825021,0.0,10,calibration,2,square,0.39999999999999997,0,calibration
2.478382800007239,150,-287.0,-222.0,0.0,False,51.37975556075084,203.70152229397812,-290.3623336198215,-215.57110880060267,0.0,10,calibration,2,square,0.39999999999999997,0,calibration
2.495003700023517,151,-287.0,-222.0,0.0,False,42.93105558881266,196.99083639680504,-290.2395401091692,-197.30428182675135,0.0,10,calibration,2,square,0.39999999999999997,0,calibration
2.5119641999481246,152,-287.0,-222.0,0.0,False,35.12402000040999,189.37797588058123,-287.618365584474,-178.50121081976735,0.0,10,calibration,2,square,0.39999999999999997,0,calibration
2.527817099937238,153,-287.0,-222.0,0.0,False,28.08708331952365,180.65893645150945,-281.8563829682532,-159.61035363884523,0.0,10,calibration,2,square,0.39999999999999997,0,calibration
2.544171200017445,154,-287.0,-222.0,0.0,False,21.949796422377098,171.70725797857673,-273.60585723789046,-143.28271081523727,0.0,10,calibration,2,square,0.39999999999999997,0,calibration
2.56114050000906,155,-287.0,-222.0,0.0,False,16.461814739342415,162.39245342054798,-264.3234875280047,-130.2429515898993,0.0,10,calibration,2,square,0.39999999999999997,0,calibration
2.5777485999278724,156,-287.0,-222.0,0.0,False,11.580582574079504,152.79001187049593,-254.29680714682655,-121.17206667556223,0.0,10,calibration,2,square,0.39999999999999997,0,calibration
2.594578900025226,157,-287.0,-222.0,0.0,False,7.196016035184472,142.53377690933468,-243.58199047445953,-114.170908947245,0.0,10,calibration,2,square,0.39999999999999997,0,calibration
2.6112345999572426,158,-287.0,-222.0,0.0,False,2.937940746257114,131.62548302663302,-231.8388115878398,-107.91328180262038,0.0,10,calibration,2,square,0.39999999999999997,0,calibration
2.6281806000042707,159,-287.0,-222.0,0.0,False,-1.59793808390567,119.57070324953666,-218.75921585582677,-101.56872107546064,0.0,10,calibration,2,square,0.39999999999999997,0,calibration
2.6440154999727383,160,-287.0,-222.0,0.0,False,-6.295463249245774,106.51419084186846,-204.66558171330044,-94.89030340335168,0.0,10,calibration,2,square,0.39999999999999997,0,calibration
2.6613568000029773,161,-287.0,-222.0,0.0,False,-10.124626246430964,92.67437236512144,-189.40578662308,-87.91735159544987,0.0,10,calibration,2,square,0.39999999999999997,0,calibration
2.6781103999819607,162,-287.0,-222.0,0.0,False,-12.527053403052914,78.68226159110242,-173.22459119981903,-80.10378699791913,0.0,10,calibration,2,square,0.39999999999999997,0,calibration
2.694660000037402,163,-287.0,-222.0,0.0,False,-13.58034692939202,64.24441196525672,-155.56527335809042,-71.73150458874974,0.0,10,calibration,2,square,0.39999999999999997,0,calibration
2.7118722000159323,164,-287.0,-222.0,0.0,False,-13.991488467914978,49.05105454026218,-136.33849904157987,-63.11077027845313,0.0,10,calibration,2,square,0.39999999999999997,0,calibration
2.727869899943471,165,-287.0,-222.0,0.0,False,-14.143885767258867,32.53554814074788,-117.05508123432136,-54.50949583619947,0.0,10,calibration,2,square,0.39999999999999997,0,calibration
2.7449045999674127,166,-287.0,-222.0,0.0,False,-14.511531509073324,14.616328703153606,-97.85023146038614,-44.64933611911791,0.0,10,calibration,2,square,0.39999999999999997,0,calibration
2.761076599941589,167,-287.0,-222.0,0.0,False,-15.015675990989134,-4.920203881784023,-80.33053348500623,-33.39343830902868,0.0,10,calibration,2,square,0.39999999999999997,0,calibration
2.7779605999821797,168,-287.0,-222.0,0.0,False,-16.100839280440958,-26.08161781142004,-63.96616557019553,-21.224010183326747,0.0,10,calibration,2,square,0.39999999999999997,0,calibration
2.7945823000045493,169,-287.0,-222.0,0.0,False,-17.704412758811767,-48.75292120836063,-48.70425939704012,-8.766840217396581,0.0,10,calibration,2,square,0.39999999999999997,0,calibration
2.81098850001581,170,-287.0,-222.0,0.0,False,-19.865047659432495,-72.45352925306179,-33.03184874276951,4.369631472807322,0.0,10,calibration,2,square,0.39999999999999997,0,calibration
2.8275143000064418,171,-287.0,-222.0,0.0,False,-22.504182385647542,-98.38600302226085,-16.939490135121464,18.44456801678692,0.0,10,calibration,2,square,0.39999999999999997,0,calibration
2.8445651000365615,172,-287.0,-222.0,0.0,False,-25.367497716381962,-125.78655874946244,-0.9958899673385382,32.63711460909933,0.0,10,calibration,2,square,0.39999999999999997,0,calibration
2.8614134000381455,173,-287.0,-222.0,0.0,False,-28.841629283263728,-153.94253133114123,14.134507700692817,46.94565235507869,0.0,10,calibration,2,square,0.39999999999999997,0,calibration
2.878169000032358,174,-287.0,-222.0,0.0,False,-32.948624272582066,-180.43137225820007,29.530046085740693,61.777745199584466,0.0,10,calibration,2,square,0.39999999999999997,0,calibration
2.894189600017853,175,-287.0,-222.0,0.0,False,-38.71556792548853,-205.42939970395133,45.947323208067814,77.59166296861241,0.0,10,calibration,2,square,0.39999999999999997,0,calibration
2.911682900041342,176,-287.0,-222.0,0.0,False,-46.18480193012303,-229.20316705935363,62.907996785707354,94.0259337560789,0.0,10,calibration,2,square,0.39999999999999997,0,calibration
2.92807649995666,177,-287.0,-222.0,0.0,False,-55.62032538295382,-252.40794830875552,80.44701120270383,111.31766179321113,0.0,10,calibration,2,square,0.39999999999999997,0,calibration
2.9446518999757245,178,-287.0,-222.0,0.0,False,-66.01814770767173,-275.69809254105354,97.09609366099258,128.21857943843133,0.0,10,calibration,2,square,0.39999999999999997,0,calibration
2.961784499930218,179,-287.0,-222.0,0.0,False,-77.22440366371625,-298.4498011716206,112.86423518269241,143.79154585898928,0.0,10,calibration,2,square,0.39999999999999997,0,calibration
2.9785890999482945,180,-287.0,-222.0,0.0,False,-88.59953243937713,-319.33635913807325,126.68917825735103,156.90652333069352,0.0,10,calibration,2,square,0.39999999999999997,0,calibration
2.994565899949521,181,-287.0,-222.0,0.0,False,-99.90674853334345,-337.35913192215264,139.1560335511535,168.76256346625462,0.0,10,calibration,2,square,0.39999999999999997,0,calibration
0.000773100065998733,1,7.0,-1.0,7.0710678118654755,True,-307.86183281500394,1.7235634437029117,308.37737546325036,1.2534769239160277,13.826711923337541,1,test,2,img_B,0.2399999999999999,1,level_1
0.010491900029592216,2,9.0,-1.0,2.0,True,-323.56682103856224,5.904793495499577,327.00813347663035,4.350240416708427,3.905608309492354,1,test,2,img_B,0.2399999999999999,1,level_1
0.02594459999818355,3,10.0,-1.0,1.0,True,-340.0575142144122,12.812919583800237,347.83226909770804,8.05068356565958,1.9069161925737967,1,test,2,img_B,0.2399999999999999,1,level_1
0.042977600009180605,4,14.0,-1.0,4.0,True,-354.0410249762609,21.56543711617413,369.27532595450896,12.12257638811523,7.320369726735727,1,test,2,img_B,0.2399999999999999,1,level_1
0.059378799982368946,5,20.0,-1.0,6.0,True,-366.51907717964014,31.535770150041426,390.8193693738155,17.205122653745573,10.527125554724154,1,test,2,img_B,0.2399999999999999,1,level_1
0.07603460003156215,6,23.0,-1.0,3.0,True,-377.51309315027856,42.054010801536634,399.3549311676109,22.707684869065677,5.04579177349914,1,test,2,img_B,0.2399999999999999,1,level_1
0.09302969998680055,7,29.0,-1.0,6.0,True,-387.2018946956523,53.15836282952272,398.93658626184754,29.14790115503107,9.550975354708223,1,test,2,img_B,0.2399999999999999,1,level_1
0.10949950001668185,8,34.0,-1.0,5.0,True,-394.70274953460336,64.88250542191011,398.24059471666874,37.475708395091985,7.391468365149951,1,test,2,img_B,0.2399999999999999,1,level_1
0.12643679999746382,9,39.0,-1.0,5.0,True,-392.8049617374026,75.52656509121611,397.29545330182697,46.436222775930425,6.971872643300326,1,test,2,img_B,0.2399999999999999,1,level_1
0.14337439998053014,10,48.0,1.0,9.219544457292887,True,-390.5991430838389,86.21084283412819,396.04141032571323,56.13556187676433,11.048645470118156,1,test,2,img_B,0.2399999999999999,1,level_1
0.15974050003569573,11,56.0,2.0,8.06225774829855,True,-388.16628843094674,96.57604529976908,394.755650468101,64.55986697249651,9.246082957879894,1,test,2,img_B,0.2399999999999999,1,level_1
0.17666170001029968,12,65.0,3.0,9.055385138137417,True,-385.27543352390717,107.53064829603406,393.41317282942026,72.29160009495347,8.864666857063666,1,test,2,img_B,0.2399999999999999,1,level_1
0.19317380001302809,13,78.0,5.0,13.152946437965905,True,-382.1880520389833,118.03513408577716,391.94469905015995,79.87085129432106,10.453967504550777,1,test,2,img_B,0.2399999999999999,1,level_1
0.20975010003894567,14,88.0,6.0,10.04987562112089,True,-378.5443222439676,129.2447139996651,390.30314158611935,87.54117698549433,6.739972669062467,1,test,2,img_B,0.2399999999999999,1,level_1
0.22639490000437945,15,100.0,10.0,12.649110640673518,True,-374.6420719778288,140.1546214156329,388.3906785190446,95.66964429491809,5.4539572709883215,1,test,2,img_B,0.2399999999999999,1,level_1
0.24307880003470927,16,112.0,13.0,12.36931687685298,True,-369.9927169462294,152.0045703482213,386.22103802424425,104.08318686260176,3.591339893235669,1,test,2,img_B,0.2399999999999999,1,level_1
0.25964489998295903,17,123.0,16.0,11.40175425099138,True,-364.66307517076825,164.38017400829904,383.8903802965882,112.37515702209679,0.9612517274428075,1,test,2,img_B,0.2399999999999999,1,level_1
0.2764411000534892,18,131.0,19.0,8.54400374531753,True,-358.54929424789344,177.32005976295392,381.50385295243126,120.22815885827127,-0.42197137217959196,1,test,2,img_B,0.2399999999999999,1,level_1
0.29255830007605255,19,141.0,23.0,10.770329614269007,True,-351.976318238186,190.03334286248614,378.7815349629649,128.5478462328336,-2.419429408310842,1,test,2,img_B,0.2399999999999999,1,level_1
0.3099379000486806,20,145.0,26.0,5.0,True,-345.1317117172306,202.02248107323788,375.59649042400395,137.57643832128778,-1.6908573586313613,1,test,2,img_B,0.2399999999999999,1,level_1
0.32654809998348355,21,151.0,31.0,7.810249675906654,True,-337.2920562795368,213.18165719240068,371.86541702868476,147.36387487468693,-3.5073682358303735,1,test,2,img_B,0.2399999999999999,1,level_1
0.3428651000140235,22,154.0,37.0,6.708203932499369,True,-327.2357991710168,224.67401144106785,367.8829672596647,157.04178552291248,-1.7008361080756973,1,test,2,img_B,0.2399999999999999,1,level_1
0.3599785000551492,23,157.0,44.0,7.615773105863909,True,-316.5299707116642,235.58109454887355,363.6488268543943,166.27816874989043,-1.984011190382322,1,test,2,img_B,0.2399999999999999,1,level_1
0.37661610008217394,24,159.0,56.0,12.165525060596439,True,-305.0673542408655,246.2538276327485,358.35280105905593,174.58128278401725,-0.5993656501070006,1,test,2,img_B,0.2399999999999999,1,level_1
0.39287350000813603,25,159.0,63.0,7.0,True,-293.0981730830047,256.42139268522175,352.57152378106815,181.51035003208463,0.8429324238892824,1,test,2,img_B,0.2399999999999999,1,level_1
0.4094477000180632,26,158.0,71.0,8.06225774829855,True,-279.28095769705243,266.7309873792243,345.6811164110257,188.24187120765149,2.3231295941748473,1,test,2,img_B,0.2399999999999999,1,level_1
0.42633470008149743,27,151.0,87.0,17.46424919657298,True,-264.21610079915655,276.2116517710951,336.6366642216043,195.14914047214486,12.67675254156745,1,test,2,img_B,0.2399999999999999,1,level_1
0.44310949998907745,28,144.0,103.0,17.46424919657298,True,-248.9309544523332,284.3585151404612,325.0630515567243,202.7801815082851,13.303110553084313,1,test,2,img_B,0.2399999999999999,1,level_1
0.46027290006168187,29,136.0,115.0,14.422205101855956,True,-234.38513262105675,291.4516032365946,311.4653217052359,210.16052691365147,14.686437317459346,1,test,2,img_B,0.2399999999999999,1,level_1
0.47644890006631613,30,126.0,127.0,15.620499351813308,True,-220.44439603628106,297.91907148225465,296.547265043427,217.097556400787,18.148615111728972,1,test,2,img_B,0.2399999999999999,1,level_1
0.4932760000228882,31,119.0,134.0,9.899494936611665,True,-207.08779632244256,303.86724407451806,282.01886354651305,223.0237424303588,12.672193357671627,1,test,2,img_B,0.2399999999999999,1,level_1
0.5101418000413105,32,113.0,138.0,7.211102550927978,True,-194.38799772996452,309.362351018663,266.9945062462856,227.6612701052361,10.831019456392482,1,test,2,img_B,0.2399999999999999,1,level_1
0.5261166000273079,33,107.0,143.0,7.810249675906654,True,-182.8568161104443,314.222457717918,252.5448913045922,231.76841749897562,10.725470402852443,1,test,2,img_B,0.2399999999999999,1,level_1
0.5430758000584319,34,98.0,146.0,9.486832980505138,True,-172.51972654554325,318.57707204026434,237.5416784666225,234.38595112269905,16.511124046816548,1,test,2,img_B,0.2399999999999999,1,level_1
0.5609933000523597,35,85.0,153.0,14.7648230602334,True,-162.64769691717984,322.60462918726563,223.0944022003529,236.81104055363997,23.371992643040425,1,test,2,img_B,0.2399999999999999,1,level_1
0.5767138000810519,36,72.0,159.0,14.317821063276353,True,-152.07565223740946,326.8271925425234,208.6917882086888,238.59125064803058,23.484992888886424,1,test,2,img_B,0.2399999999999999,1,level_1
0.59375690005254,37,59.0,163.0,13.601470508735444,True,-141.23759143453265,331.23205887685884,195.5635772804387,239.71689148747836,23.831451051270758,1,test,2,img_B,0.2399999999999999,1,level_1
0.6100423000752926,38,43.0,166.0,16.278820596099706,True,-130.3924289786916,336.0571402001466,184.52819066333217,239.99581535441638,29.46969903126391,1,test,2,img_B,0.2399999999999999,1,level_1
0.6261064000427723,39,36.0,167.0,7.0710678118654755,True,-120.32660196645034,341.08417743861435,175.60487220978032,239.4169696438619,12.736241876804785,1,test,2,img_B,0.2399999999999999,1,level_1
0.6433148999931291,40,29.0,167.0,7.0,True,-110.26282139367139,346.56485278752956,167.61205459696168,237.5706348099017,12.967885829364114,1,test,2,img_B,0.2399999999999999,1,level_1
0.6597150000743568,41,16.0,169.0,13.152946437965905,True,-99.67358864194878,352.5114919332574,159.97980336250745,234.9213159055027,21.980954876548513,1,test,2,img_B,0.2399999999999999,1,level_1
0.6764881000854075,42,7.0,169.0,9.0,True,-88.42651675876144,359.1953555172135,152.24994492524613,230.82368253980297,15.68871796365192,1,test,2,img_B,0.2399999999999999,1,level_1
0.6932258000597358,43,-5.0,169.0,12.0,True,-76.74616761241947,366.65455856633076,144.9640297000816,225.9183427123997,20.06782179628251,1,test,2,img_B,0.2399999999999999,1,level_1
0.7096192000899464,44,-14.0,169.0,9.0,True,-65.21372394366595,374.7828287071484,137.67836057536627,219.89300487190545,14.291902508466348,1,test,2,img_B,0.2399999999999999,1,level_1
0.7262996999779716,45,-22.0,169.0,8.0,True,-54.07440091878191,383.44261886220653,130.8593198152141,213.03280547105106,11.955759924512943,1,test,2,img_B,0.2399999999999999,1,level_1
0.7430463000200689,46,-27.0,169.0,5.0,True,-43.40368681033246,392.41089063027795,124.06396790808532,205.0802757156804,7.075801860734234,1,test,2,img_B,0.2399999999999999,1,level_1
0.7596171000041068,47,-34.0,168.0,7.0710678118654755,True,-32.91495860625991,398.64345661248245,118.0613455146181,196.3437181870559,10.59718955069686,1,test,2,img_B,0.2399999999999999,1,level_1
0.7766162999905646,48,-42.0,166.0,8.246211251235321,True,-22.975811594832926,399.3395949333834,112.83472307073663,186.83699682702698,12.61650677926906,1,test,2,img_B,0.2399999999999999,1,level_1
0.7926569000119343,49,-53.0,163.0,11.40175425099138,True,-14.265419087536756,399.74554133630676,108.28789598453234,176.12199534499652,16.368728117182723,1,test,2,img_B,0.2399999999999999,1,level_1
0.8095084000378847,50,-59.0,161.0,6.324555320336759,True,-7.33597433810236,399.9327236930115,104.02396917754508,163.66706714141105,8.847019021888535,1,test,2,img_B,0.2399999999999999,1,level_1
0.8263212000019848,51,-66.0,159.0,7.280109889280518,True,-2.3214712733232443,399.99326340718176,99.88639127226064,150.1124571339697,8.965859482172043,1,test,2,img_B,0.2399999999999999,1,level_1
0.843050800031051,52,-78.0,152.0,13.892443989449804,True,0.7202624217325004,399.9993515270292,96.27254059115684,135.8345406482117,20.375164930137437,1,test,2,img_B,0.2399999999999999,1,level_1
0.8598835000302643,53,-88.0,141.0,14.866068747318506,True,2.276060081400687,399.9935243857154,93.54430896746177,121.45643796762928,25.467047000787172,1,test,2,img_B,0.2399999999999999,1,level_1
0.8769501000642776,54,-97.0,134.0,11.40175425099138,True,2.8980766366783266,399.98950130198153,90.68226146545756,107.52325013262161,16.451197818138688,1,test,2,img_B,0.2399999999999999,1,level_1
0.8932485000696033,55,-104.0,127.0,9.899494936611665,True,2.768802735637537,399.99041704947274,87.92720712080893,92.79380529254959,15.09280435349058,1,test,2,img_B,0.2399999999999999,1,level_1
0.9100200000684708,56,-109.0,120.0,8.602325267042627,True,1.4473387373154882,399.9973815046537,85.51535888027257,77.11083997683805,13.76669424881962,1,test,2,img_B,0.2399999999999999,1,level_1
0.9266115000937134,57,-117.0,108.0,14.422205101855956,True,-1.3648477368970249,399.9976714815414,83.15380089021278,60.429848823234785,21.814856188030568,1,test,2,img_B,0.2399999999999999,1,level_1
0.9429686000803486,58,-123.0,100.0,10.0,True,-5.674428688415021,399.9597490486513,80.74123673326072,44.267160209202785,13.34118697346323,1,test,2,img_B,0.2399999999999999,1,level_1
0.9598720000358298,59,-130.0,89.0,13.038404810405298,True,-11.475119081291954,399.8353681730397,78.94918843044212,28.696895183799214,17.09120083967125,1,test,2,img_B,0.2399999999999999,1,level_1
0.9766548000043258,60,-135.0,83.0,7.810249675906654,True,-18.931698908279785,399.55173729624335,77.339087891569,12.858485020615817,7.787647554441065,1,test,2,img_B,0.2399999999999999,1,level_1
0.9934364000800997,61,-137.0,78.0,5.385164807134504,True,-28.150995904850834,399.0081721338111,77.17600083692874,-3.728537589519231,6.9699294996414745,1,test,2,img_B,0.2399999999999999,1,level_1
1.0103046000003815,62,-140.0,72.0,6.708203932499369,True,-39.07735606513787,398.08662404426303,77.52143215348275,-20.421546565636444,7.106494163890885,1,test,2,img_B,0.2399999999999999,1,level_1
1.0261449000099674,63,-143.0,65.0,7.615773105863909,True,-51.877199571762084,396.62167888882675,78.37022602527884,-36.46784351274788,7.80115539091355,1,test,2,img_B,0.2399999999999999,1,level_1
1.043528200010769,64,-147.0,54.0,11.704699910719626,True,-66.75843406737336,394.3897963701295,79.55552537738751,-52.14225395780888,11.794835247632603,1,test,2,img_B,0.2399999999999999,1,level_1
1.0601905999938026,65,-153.0,26.0,20.0,True,-83.49581095036578,391.1885089745618,80.7866009667777,-67.88274551747725,22.41830483421742,1,test,2,img_B,0.2399999999999999,1,level_1
1.0763814999954775,66,-157.0,11.0,15.524174696260024,True,-101.78828426291993,386.83219254194836,81.98818349770673,-83.74818865044341,15.317937647560768,1,test,2,img_B,0.2399999999999999,1,level_1
1.0934350000461563,67,-158.0,-4.0,15.033296378372908,True,-121.85733421101645,380.98660094416,84.15171690198653,-98.68533144452789,17.10515986819082,1,test,2,img_B,0.2399999999999999,1,level_1
1.110381199978292,68,-161.0,-32.0,20.0,True,-144.71138172077528,372.9056395396349,87.45223009656415,-113.95593424859953,20.166203782761,1,test,2,img_B,0.2399999999999999,1,level_1
1.1265548000810668,69,-161.0,-57.0,20.0,True,-168.6203409468639,362.7219053475588,91.7510451713626,-128.77614600867545,21.753809158184904,1,test,2,img_B,0.2399999999999999,1,level_1
1.143259200034663,70,-161.0,-61.0,4.0,True,-190.8265736190609,351.54689417033563,96.50706166560566,-142.847960092312,4.161218277762632,1,test,2,img_B,0.2399999999999999,1,level_1
1.159413899993524,71,-161.0,-77.0,16.0,True,-209.68923711528427,340.6323881224598,101.0337780042063,-154.66698201820185,15.865910231907113,1,test,2,img_B,0.2399999999999999,1,level_1
1.1762301999842748,72,-158.0,-88.0,11.40175425099138,True,-226.5897884251931,329.6317153755479,106.2573573168426,-164.93645593580322,14.450417190971846,1,test,2,img_B,0.2399999999999999,1,level_1
1.1932716000592336,73,-156.0,-109.0,20.0,True,-243.07965648539138,317.66693344278707,111.38849602685987,-174.362007732765,20.481908685252677,1,test,2,img_B,0.2399999999999999,1,level_1
1.2094455000478774,74,-152.0,-122.0,13.601470508735444,True,-258.55905276323904,305.2002887190256,117.1235017408986,-182.74208073098882,17.033049440274024,1,test,2,img_B,0.2399999999999999,1,level_1
1.226842200034298,75,-149.0,-133.0,11.40175425099138,True,-272.35928470044496,292.95122467308784,122.9395405227291,-190.10849898391717,13.465884908978637,1,test,2,img_B,0.2399999999999999,1,level_1
1.2429908000631258,76,-145.0,-145.0,12.649110640673518,True,-284.32618063638387,281.3514226100988,128.75373134277055,-196.23249193431042,15.214384494110636,1,test,2,img_B,0.2399999999999999,1,level_1
1.2595882000168785,77,-141.0,-150.0,6.4031242374328485,True,-294.71662663826714,270.44798017911,134.8494978533431,-200.74535370739275,9.918209889863979,1,test,2,img_B,0.2399999999999999,1,level_1
1.2767450000392273,78,-139.0,-154.0,4.47213595499958,True,-303.5159037468406,260.5342514387285,140.88389459711425,-204.29866895047368,5.306380822405034,1,test,2,img_B,0.2399999999999999,1,level_1
1.2927196000237018,79,-135.0,-162.0,8.94427190999916,True,-310.86442086700623,251.72070204697272,147.81771448540965,-207.3074590246338,9.227728007300934,1,test,2,img_B,0.2399999999999999,1,level_1
1.3093838000204414,80,-131.0,-167.0,6.4031242374328485,True,-317.13829634671447,243.76895001271902,157.20433237038367,-209.94469200171824,7.451835423984698,1,test,2,img_B,0.2399999999999999,1,level_1
1.3264270999934524,81,-125.0,-174.0,9.219544457292887,True,-322.7216780727304,236.32756610670916,168.50286666979446,-212.03657263643046,9.427108540809753,1,test,2,img_B,0.2399999999999999,1,level_1
1.3425617000320926,82,-114.0,-186.0,16.278820596099706,True,-327.790290434175,229.24555720248802,181.59052752219316,-212.90122313583794,14.308992036838731,1,test,2,img_B,0.2399999999999999,1,level_1
1.3593263999791816,83,-109.0,-191.0,7.0710678118654755,True,-332.5581270933774,222.27256264358192,194.45261099946399,-212.20554431012152,5.5793813129530685,1,test,2,img_B,0.2399999999999999,1,level_1
1.3770238000433892,84,-106.0,-194.0,4.242640687119285,True,-337.5450314101815,214.62374465631615,208.28271916338923,-209.85084042157064,2.751793872978111,1,test,2,img_B,0.2399999999999999,1,level_1
1.3931416000705212,85,-101.0,-196.0,5.385164807134504,True,-343.15561587616804,205.53399546704637,222.0449474865155,-205.44563402587187,6.4549463952162025,1,test,2,img_B,0.2399999999999999,1,level_1
1.4101392000447959,86,-96.0,-198.0,5.385164807134504,True,-349.0138876874116,195.42084382511194,236.5774242467849,-198.88819435090494,5.838260805051783,1,test,2,img_B,0.2399999999999999,1,level_1
1.4264128999784589,87,-88.0,-200.0,8.246211251235321,True,-354.5366919569838,185.21267250433698,251.44211912504764,-189.61596363726392,9.417511529292568,1,test,2,img_B,0.2399999999999999,1,level_1
1.4428683000151068,88,-81.0,-200.0,7.0,True,-359.3324056264848,175.7276935109643,266.70380846773753,-176.60536998485276,9.218325486436429,1,test,2,img_B,0.2399999999999999,1,level_1
1.4600155000807717,89,-72.0,-199.0,9.055385138137417,True,-363.6999430836294,166.50030450712313,282.4104237252538,-160.75987245274666,11.997191815859738,1,test,2,img_B,0.2399999999999999,1,level_1
1.4768537000054494,90,-58.0,-197.0,14.142135623730951,True,-367.60697694862677,157.02776608699523,297.96367541583436,-143.27850684880332,17.987155757338446,1,test,2,img_B,0.2399999999999999,1,level_1
1.4928234000690281,91,-50.0,-195.0,8.246211251235321,True,-371.21224198609866,147.2277739143292,311.8105662866394,-126.50314358339263,11.274171596385672,1,test,2,img_B,0.2399999999999999,1,level_1
1.509738799999468,92,-41.0,-192.0,9.486832980505138,True,-374.50566557587956,137.23281609785423,322.7850721671159,-111.45433332534806,13.392820457902236,1,test,2,img_B,0.2399999999999999,1,level_1
1.5265228999778628,93,-30.0,-189.0,11.40175425099138,True,-377.41678834761126,126.61559219712859,330.3857371086863,-99.92812330412337,14.362007376513116,1,test,2,img_B,0.2399999999999999,1,level_1
1.5439022000646219,94,-23.0,-186.0,7.615773105863909,True,-379.8186686594792,115.20430575361905,334.99081426140106,-91.09776581931786,10.274293779089263,1,test,2,img_B,0.2399999999999999,1,level_1
1.559461300028488,95,-13.0,-179.0,12.206555615733702,True,-381.64510867479385,103.39393913420086,337.28211014784335,-84.42800442254041,18.31529377360616,1,test,2,img_B,0.2399999999999999,1,level_1
1.576438600081019,96,-5.0,-175.0,8.94427190999916,True,-382.9295976654779,91.41999081843204,338.42306538631044,-78.49870417057676,10.270094202484518,1,test,2,img_B,0.2399999999999999,1,level_1
1.5932219000533223,97,2.0,-171.0,8.06225774829855,True,-383.7043732069738,79.89867533412162,338.59355110207616,-72.09522695787217,8.6455399963435,1,test,2,img_B,0.2399999999999999,1,level_1
1.609948500059545,98,12.0,-163.0,12.806248474865697,True,-384.1373521346778,67.65336339095343,337.6833313095158,-64.64144771102053,15.07723316613638,1,test,2,img_B,0.2399999999999999,1,level_1
1.6262700000079349,99,19.0,-159.0,8.06225774829855,True,-384.0985290445812,55.320952509565636,336.23478965129163,-55.30772519286431,6.8571163897259675,1,test,2,img_B,0.2399999999999999,1,level_1
1.6429783999919891,100,27.0,-154.0,9.433981132056603,True,-383.34293174074696,42.44909593018944,333.8652143478849,-45.02567425884534,7.598322764439559,1,test,2,img_B,0.2399999999999999,1,level_1
1.6596982000628486,101,39.0,-146.0,14.422205101855956,True,-381.5162942779863,29.66452295219519,330.7080247406439,-34.69573836495274,10.3654573459167,1,test,2,img_B,0.2399999999999999,1,level_1
1.676503400085494,102,49.0,-140.0,11.661903789690601,True,-378.40647608772343,17.043786486011825,326.6748100774454,-25.449015747741942,4.934852891974852,1,test,2,img_B,0.2399999999999999,1,level_1
1.6931299000279978,103,63.0,-128.0,18.439088914585774,True,-373.9042132859841,4.521811257415255,321.79509416869024,-17.26710938867397,9.69057630601811,1,test,2,img_B,0.2399999999999999,1,level_1
1.709421299980022,104,68.0,-123.0,7.0710678118654755,True,-367.81140213604095,-7.511859421476952,316.1935081988999,-9.152149725258084,3.4767029389821964,1,test,2,img_B,0.2399999999999999,1,level_1
1.72643500007689,105,74.0,-116.0,9.219544457292887,True,-359.8935569584806,-19.267474764454516,310.06109014948544,-0.8427243460438767,4.523456359982913,1,test,2,img_B,0.2399999999999999,1,level_1
1.7427910000551492,106,82.0,-104.0,14.422205101855956,True,-349.7931693345173,-31.61680565300845,303.80514961180114,7.3641763904031965,8.917615094833733,1,test,2,img_B,0.2399999999999999,1,level_1
1.7592238000361249,107,86.0,-96.0,8.94427190999916,True,-338.75593702229065,-44.19438392204759,297.58213168300045,15.084401874832198,7.092924578280564,1,test,2,img_B,0.2399999999999999,1,level_1
1.7763983000768349,108,90.0,-88.0,8.94427190999916,True,-328.23499012352994,-56.08082122111722,290.74486538393467,22.918726641379344,6.7365574104283965,1,test,2,img_B,0.2399999999999999,1,level_1
1.7932419000426307,109,97.0,-70.0,19.313207915827967,True,-318.5969437595291,-66.72387180010696,282.8360609220258,31.653076155727355,17.287969757638,1,test,2,img_B,0.2399999999999999,1,level_1
1.8095183999976143,110,100.0,-51.0,19.235384061671343,True,-308.4403585960075,-77.53411037394669,272.91574958483585,41.311471618880674,22.897566059142093,1,test,2,img_B,0.2399999999999999,1,level_1
1.8264575999928638,111,104.0,-30.0,20.0,True,-297.3338688764579,-88.8782596566679,261.45826754317204,51.64470949747829,21.799762222409438,1,test,2,img_B,0.2399999999999999,1,level_1
1.842933600069955,112,108.0,-3.0,20.0,True,-286.1368243864844,-100.20913650588432,248.57877533565522,61.726523049239326,21.89892634065131,1,test,2,img_B,0.2399999999999999,1,level_1
1.8594268000451848,113,110.0,6.0,9.219544457292887,True,-275.6912382770332,-110.64149744900543,235.44123598070496,71.31641693401303,8.63573503448413,1,test,2,img_B,0.2399999999999999,1,level_1
1.8759235000470653,114,112.0,15.0,9.219544457292887,True,-265.66135684194893,-120.65080050861114,222.51512727648796,80.41916386972653,8.488489212589668,1,test,2,img_B,0.2399999999999999,1,level_1
1.892727900063619,115,114.0,31.0,16.1245154965971,True,-255.97677045167995,-130.4696524342476,207.40661560793868,91.33945602571661,17.7386519814225,1,test,2,img_B,0.2399999999999999,1,level_1
1.9095867000287399,116,117.0,42.0,11.40175425099138,True,-247.17235014119132,-140.0998745362053,189.37453023232834,104.33430279327074,10.091530919673309,1,test,2,img_B,0.2399999999999999,1,level_1
1.926312500028871,117,118.0,53.0,11.045361017187261,True,-239.33038084462822,-149.4602535594384,167.3485168611767,118.26820594170184,12.825442564408597,1,test,2,img_B,0.2399999999999999,1,level_1
1.9430926000932232,118,122.0,70.0,17.46424919657298,True,-232.39799415855214,-158.7208493966804,144.0899465673846,131.23365487400665,15.995676943186142,1,test,2,img_B,0.2399999999999999,1,level_1
1.9600765000795946,119,122.0,78.0,8.0,True,-225.84307055096494,-168.84259477253408,120.71334175603266,141.86108962261605,10.025742566159463,1,test,2,img_B,0.2399999999999999,1,level_1
1.976427200017497,120,123.0,89.0,11.045361017187261,True,-219.61052504167924,-181.1756034220272,98.08137810015467,150.88495035513154,12.511699635315882,1,test,2,img_B,0.2399999999999999,1,level_1
1.99278139998205,121,123.0,94.0,5.0,True,-214.0651817017777,-194.2522022422816,76.79723126877902,158.55994942700224,6.299283407712096,1,test,2,img_B,0.2399999999999999,1,level_1
2.009757100022398,122,123.0,97.0,3.0,True,-209.29805396712732,-207.8818156374959,56.84630754364759,165.4610789777928,3.812487009155573,1,test,2,img_B,0.2399999999999999,1,level_1
2.02616270002909,123,123.0,100.0,3.0,True,-205.85882541155,-221.55884975678475,38.57502399962396,171.70221170450756,3.8791570278545136,1,test,2,img_B,0.2399999999999999,1,level_1
2.0429717000806704,124,123.0,107.0,7.0,True,-203.55207349869536,-235.85404133728008,21.075295236583653,177.44581629393997,9.093515749588931,1,test,2,img_B,0.2399999999999999,1,level_1
2.0597460999852046,125,121.0,120.0,13.152946437965905,True,-202.44210034447406,-249.36406344850352,4.520003759295076,182.82245234800192,19.037838440937257,1,test,2,img_B,0.2399999999999999,1,level_1
2.0763199999928474,126,114.0,149.0,20.0,True,-202.00653666212298,-261.2046417557719,-11.277825539804395,187.8749263005196,29.99312418606657,1,test,2,img_B,0.2399999999999999,1,level_1
2.093172700027935,127,110.0,170.0,20.0,True,-202.00671782528374,-271.88479953553895,-26.052703830735737,192.7277018992917,29.33280780083525,1,test,2,img_B,0.2399999999999999,1,level_1
2.110073500080034,128,103.0,188.0,19.313207915827967,True,-202.69860008958685,-281.6397915119279,-39.862541327541734,196.71281829002695,29.175864064022793,1,test,2,img_B,0.2399999999999999,1,level_1
2.1264458000659943,129,101.0,197.0,9.219544457292887,True,-204.44927223573674,-290.56042395221726,-52.74443435224951,200.67885167641788,13.00606480229959,1,test,2,img_B,0.2399999999999999,1,level_1
2.142984200036153,130,100.0,204.0,7.0710678118654755,True,-208.24145070937266,-299.22665779806334,-64.33959752779043,204.45932656601457,9.132628483459193,1,test,2,img_B,0.2399999999999999,1,level_1
2.1589824000839144,131,97.0,212.0,8.54400374531753,True,-213.51073963123835,-307.4623617464592,-75.39150304770342,207.82494501812198,10.322364695786977,1,test,2,img_B,0.2399999999999999,1,level_1
2.1758461000863463,132,95.0,217.0,5.385164807134504,True,-220.2148101256274,-315.4557925621726,-86.21225727811235,211.04534633119982,5.888917272048605,1,test,2,img_B,0.2399999999999999,1,level_1
2.192978800041601,133,94.0,219.0,2.23606797749979,True,-228.49027324477834,-323.34118991166963,-97.71788971423543,214.2855945748847,2.160428198980818,1,test,2,img_B,0.2399999999999999,1,level_1
2.2094893000321463,134,92.0,225.0,6.324555320336759,True,-233.31523946747615,-324.9061388035539,-110.43642710934587,218.72760442857458,6.280280065480853,1,test,2,img_B,0.2399999999999999,1,level_1
2.226459600031376,135,90.0,229.0,4.47213595499958,True,-236.20259593697165,-322.8131559782465,-124.5903062441775,224.5550363100161,4.3243918935027335,1,test,2,img_B,0.2399999999999999,1,level_1
2.242918400093913,136,85.0,237.0,9.433981132056603,True,-239.36495505931435,-320.47530059187466,-140.56167329067546,232.32090028382441,8.57273510703754,1,test,2,img_B,0.2399999999999999,1,level_1
2.259683500044048,137,83.0,243.0,6.324555320336759,True,-243.20405202652023,-317.5717069858107,-158.76626423176654,243.29495068001654,5.9511319775275755,1,test,2,img_B,0.2399999999999999,1,level_1
2.2762238000286743,138,79.0,249.0,7.211102550927978,True,-247.85567903949536,-313.95471388063385,-179.42736286418656,255.90955592703355,4.768674200424471,1,test,2,img_B,0.2399999999999999,1,level_1
2.2936794999986887,139,73.0,255.0,8.48528137423857,True,-253.36293106050425,-309.5274223141306,-201.8258489128365,269.4437835623815,3.475315538289928,1,test,2,img_B,0.2399999999999999,1,level_1
2.309213600005023,140,69.0,260.0,6.4031242374328485,True,-259.29803084760886,-304.5727026484029,-224.48977274243188,285.4580674974385,2.5616685407546527,1,test,2,img_B,0.2399999999999999,1,level_1
2.326109000016004,141,64.0,264.0,6.4031242374328485,True,-265.5927620150866,-299.0994563104347,-246.7698978258791,301.2827949479671,1.3553121988000187,1,test,2,img_B,0.2399999999999999,1,level_1
2.342386699980125,142,57.0,268.0,8.06225774829855,True,-272.3843539787602,-292.9279155484732,-258.08769185449586,305.59899102127093,0.48005190192729347,1,test,2,img_B,0.2399999999999999,1,level_1
2.359457900049165,143,52.0,271.0,5.830951894845301,True,-279.05137353572087,-286.5838985843894,-260.5908946465491,303.46727274503775,0.12055061329985885,1,test,2,img_B,0.2399999999999999,1,level_1
2.3762931000674143,144,47.0,274.0,5.830951894845301,True,-285.9931551768608,-279.65678105846814,-261.38346026891423,302.78488518723805,-0.16133991102817055,1,test,2,img_B,0.2399999999999999,1,level_1
2.3928479000460356,145,38.0,276.0,9.219544457292887,True,-293.6244329009911,-271.6333786624379,-261.3737973007574,302.7932266160895,-1.1273408683579087,1,test,2,img_B,0.2399999999999999,1,level_1
2.4097705000313,146,34.0,278.0,4.47213595499958,True,-302.56242083284087,-261.64094002997865,-260.1539720935666,303.84191745698905,-0.5013870497481947,1,test,2,img_B,0.2399999999999999,1,level_1
2.426207000040449,147,27.0,280.0,7.280109889280518,True,-311.90658961354706,-250.42819201449015,-258.31444954371904,305.4073429977174,-1.4523576942640575,1,test,2,img_B,0.2399999999999999,1,level_1
2.442545900004916,148,24.0,281.0,3.1622776601683795,True,-320.9040514275261,-238.7898443765976,-255.89911073568084,307.4339687228589,-0.7549944546707256,1,test,2,img_B,0.2399999999999999,1,level_1
2.4591365000233054,149,20.0,282.0,4.123105625617661,True,-329.5186252842954,-226.7542184629607,-252.37558702906935,310.3329874050334,-1.4995443312391692,1,test,2,img_B,0.2399999999999999,1,level_1
2.476956900092773,150,14.0,282.0,6.0,True,-337.6378816901211,-214.13913767930646,-247.4587057399757,314.2677026891184,-3.2637763837308205,1,test,2,img_B,0.2399999999999999,1,level_1
2.4926192000275478,151,9.0,282.0,5.0,True,-344.2029602820404,-200.52467916146952,-241.22183985068378,319.07996486625586,-3.196296769438625,1,test,2,img_B,0.2399999999999999,1,level_1
2.5094817000208423,152,5.0,282.0,4.0,True,-348.8382823538219,-186.3191755045678,-233.609113246887,324.6949063474866,-2.8173910546649807,1,test,2,img_B,0.2399999999999999,1,level_1
2.5262039999943227,153,-2.0,280.0,7.280109889280518,True,-351.83152769294253,-171.95138380295236,-225.28680414372874,330.5236086555773,-5.3814567426982585,1,test,2,img_B,0.2399999999999999,1,level_1
2.5428718000184745,154,-5.0,278.0,3.605551275463989,True,-353.3747552072468,-157.7335043461915,-215.846776145779,335.79221863198075,-1.9297206230208335,1,test,2,img_B,0.2399999999999999,1,level_1
2.5595341000007465,155,-9.0,275.0,5.0,True,-353.65514665621725,-143.2433637841805,-205.93369106075426,337.5962612976298,-1.5504481348988945,1,test,2,img_B,0.2399999999999999,1,level_1
2.5758459999924526,156,-15.0,271.0,7.211102550927978,True,-352.4883091765412,-128.11210491263375,-195.74114319753582,337.27246507289914,-1.420490866598803,1,test,2,img_B,0.2399999999999999,1,level_1
2.5926485999953,157,-17.0,270.0,2.23606797749979,True,-348.56014603819494,-111.35127272934704,-186.01773841756983,335.99772237618544,-0.4230592682607966,1,test,2,img_B,0.2399999999999999,1,level_1
2.6097751000197604,158,-20.0,268.0,3.605551275463989,True,-342.15767162636024,-94.08478912026267,-177.0047472082991,333.4524131304473,0.5747150065275393,1,test,2,img_B,0.2399999999999999,1,level_1
2.626147700008005,159,-25.0,260.0,9.433981132056603,True,-333.5340108480303,-76.87568248162387,-168.74821434896833,329.5951746793827,8.248345241560187,1,test,2,img_B,0.2399999999999999,1,level_1
2.6430352000752464,160,-30.0,252.0,9.433981132056603,True,-323.6129303525095,-61.191916385461305,-160.93546028106448,324.5129591654557,9.604861831291563,1,test,2,img_B,0.2399999999999999,1,level_1
2.659671000088565,161,-40.0,233.0,20.0,True,-312.13197163586335,-46.54775717992943,-153.10787491899706,318.37172173389627,23.271265742333853,1,test,2,img_B,0.2399999999999999,1,level_1
2.6760546000441536,162,-45.0,220.0,13.92838827718412,True,-298.9113128494472,-32.99742687505876,-145.23922320150285,311.1779118651213,17.878122206209873,1,test,2,img_B,0.2399999999999999,1,level_1
2.692909999983385,163,-47.0,208.0,12.165525060596439,True,-283.9632544121612,-20.48075646322016,-136.98050510774326,303.0598322477871,16.223179833897046,1,test,2,img_B,0.2399999999999999,1,level_1
2.7090976000763476,164,-48.0,202.0,6.082762530298219,True,-267.48395315965126,-9.28100731598224,-127.70271670132547,292.73901836907936,7.993246845158747,1,test,2,img_B,0.2399999999999999,1,level_1
2.725871999980882,165,-50.0,195.0,7.280109889280518,True,-250.03769755360833,0.4792095358332418,-117.84227999393697,280.6313964275665,9.327857419203687,1,test,2,img_B,0.2399999999999999,1,level_1
2.742915000068024,166,-52.0,183.0,12.165525060596439,True,-232.40101204676287,8.760486881388207,-107.40719042746731,267.6762854291852,15.001478733624394,1,test,2,img_B,0.2399999999999999,1,level_1
2.759187199990265,167,-53.0,174.0,9.055385138137417,True,-214.2618131077108,16.235300351587853,-97.51140858341381,254.79734971506863,10.880875002223792,1,test,2,img_B,0.2399999999999999,1,level_1
2.776418299996294,168,-54.0,167.0,7.0710678118654755,True,-194.3585313525343,23.45537028086361,-87.94592553734435,241.09909394593043,8.493831736307994,1,test,2,img_B,0.2399999999999999,1,level_1
2.7936870000557974,169,-54.0,158.0,9.0,True,-172.8519983514562,30.0279132211436,-77.85768234124806,226.17954397529843,10.085939796024896,1,test,2,img_B,0.2399999999999999,1,level_1
2.809396900003776,170,-54.0,151.0,7.0,True,-151.34587878309853,35.414210450569556,-67.17021371286452,209.13881375029104,7.630843723372795,1,test,2,img_B,0.2399999999999999,1,level_1
2.8262112999800593,171,-54.0,145.0,6.0,True,-131.4361875464005,38.991197316984426,-56.34876224360693,189.3307261585572,6.326444556882516,1,test,2,img_B,0.2399999999999999,1,level_1
2.8432271000929177,172,-54.0,135.0,10.0,True,-112.96738939737499,41.05089934781542,-45.88130628873195,167.00718817575327,10.162437393872159,1,test,2,img_B,0.2399999999999999,1,level_1
2.8597939000464976,173,-53.0,128.0,7.0710678118654755,True,-94.8349089389781,41.99763877534007,-35.71071281806706,144.32644775575395,6.1627296996573255,1,test,2,img_B,0.2399999999999999,1,level_1
2.876143000088632,174,-51.0,120.0,8.246211251235321,True,-77.18246373611912,42.37416631832051,-26.002584027672945,122.53984069087647,6.292449970531764,1,test,2,img_B,0.2399999999999999,1,level_1
2.8927607000805438,175,-48.0,106.0,14.317821063276353,True,-59.87874307883701,42.51498470703295,-16.366877556414593,100.7466416160118,11.131443385897494,1,test,2,img_B,0.2399999999999999,1,level_1
2.9109071000711992,176,-44.0,94.0,12.649110640673518,True,-42.737154722584535,42.5660778928162,-5.967822529759317,79.07531895144237,8.585175586505462,1,test,2,img_B,0.2399999999999999,1,level_1
2.9262545000528917,177,-39.0,77.0,17.72004514666935,True,-25.106626595474538,42.58432185778712,5.25021589904256,57.4011158756643,12.413519883552084,1,test,2,img_B,0.2399999999999999,1,level_1
2.9423953000223264,178,-33.0,51.0,20.0,True,-6.828775263058262,42.590779515516324,16.377943079498316,36.58560292510839,14.816069506275817,1,test,2,img_B,0.2399999999999999,1,level_1
2.959737400058657,179,-30.0,42.0,9.486832980505138,True,12.36361453264573,42.59305414971941,28.189960208462693,16.718952224428836,6.270159889758936,1,test,2,img_B,0.2399999999999999,1,level_1
2.9760620000306517,180,-27.0,27.0,15.297058540778355,True,32.39189769079077,42.5938531624901,39.533703358129884,-3.071798445894345,11.506252853214159,1,test,2,img_B,0.2399999999999999,1,level_1
2.992524200002663,181,-24.0,15.0,12.36931687685298,True,53.1081724679608,42.59413339511974,50.89788691299667,-22.38856026226327,8.864247260402468,1,test,2,img_B,0.2399999999999999,1,level_1
0.0011926000006496906,1,21.0,8.0,20.0,True,303.85130879239625,-3.7821844748131923,-304.6927244926586,-1.7333421256485881,-28.34500734411033,2,test,2,img_B,0.2399999999999999,1,level_1
0.010491999913938344,2,21.0,8.0,0.0,False,311.53437503834294,-11.948375485514271,-314.3232154216115,-5.398352840579264,0.0,2,test,2,img_B,0.2399999999999999,1,level_1
0.027153100003488362,3,29.0,12.0,8.94427190999916,True,319.10255429655376,-20.844307511958476,-323.53938923230237,-7.646138731048032,-10.857165680329132,2,test,2,img_B,0.2399999999999999,1,level_1
0.04413519997615367,4,37.0,13.0,8.06225774829855,True,325.4583264852716,-29.218019296406446,-331.3547786927044,-9.50074537347205,-12.054875090021467,2,test,2,img_B,0.2399999999999999,1,level_1
0.0605810999404639,5,48.0,15.0,11.180339887498949,True,330.97911763401186,-36.90102959485857,-338.435766889943,-10.030909997407372,-15.913398589867484,2,test,2,img_B,0.2399999999999999,1,level_1
0.07732039992697537,6,57.0,16.0,9.055385138137417,True,335.42074074203714,-43.71211177025889,-345.7640757757047,-10.051245119317327,-13.081217330523074,2,test,2,img_B,0.2399999999999999,1,level_1
0.09388749999925494,7,70.0,18.0,13.152946437965905,True,338.7986723777738,-50.00388296155147,-353.26132022544255,-9.539219815548305,-17.220669824733804,2,test,2,img_B,0.2399999999999999,1,level_1
0.11081809992901981,8,79.0,18.0,9.0,True,340.96231850301,-55.7186695984025,-360.4435087638016,-8.213020385295426,-12.037079614716111,2,test,2,img_B,0.2399999999999999,1,level_1
0.12697719992138445,9,88.0,20.0,9.219544457292887,True,342.3563667596332,-60.88816763785132,-366.5668035330224,-5.167274990723204,-7.579777459353364,2,test,2,img_B,0.2399999999999999,1,level_1
0.1441812999546528,10,100.0,20.0,12.0,True,343.14783731290737,-66.1505443493357,-372.73207765658685,-0.41246150530841597,-11.287070069262313,2,test,2,img_B,0.2399999999999999,1,level_1
0.16048449999652803,11,113.0,22.0,13.152946437965905,True,343.0450646369997,-71.9426726345027,-379.3685425131254,6.527951967698764,-5.308518727316196,2,test,2,img_B,0.2399999999999999,1,level_1
0.17712020000908524,12,118.0,22.0,5.0,True,341.3473435584398,-78.19586201905055,-385.98230449631063,15.12438076705214,-1.7388195409010785,2,test,2,img_B,0.2399999999999999,1,level_1
0.1940220999531448,13,130.0,23.0,12.041594578792296,True,337.51350357772924,-83.78455619361038,-391.29354912360014,24.90994897768476,2.7674297766529805,2,test,2,img_B,0.2399999999999999,1,level_1
0.2106256999541074,14,138.0,24.0,8.06225774829855,True,331.8235480049808,-88.44690600302631,-395.1583636392846,34.73944004357112,4.825074274334984,2,test,2,img_B,0.2399999999999999,1,level_1
0.2277534999884665,15,145.0,25.0,7.0710678118654755,True,325.08605793886414,-91.76528487182253,-397.4131573277059,45.417864137628385,5.978930689639782,2,test,2,img_B,0.2399999999999999,1,level_1
0.24412379995919764,16,148.0,26.0,3.1622776601683795,True,318.07855123373554,-93.96882572659312,-395.8589044259532,57.408429578625935,3.796850864426883,2,test,2,img_B,0.2399999999999999,1,level_1
0.26086739997845143,17,151.0,27.0,3.1622776601683795,True,311.348261273482,-94.94848667590122,-393.52091249533095,71.70279930966473,4.1004253160070565,2,test,2,img_B,0.2399999999999999,1,level_1
0.27777249994687736,18,157.0,30.0,6.708203932499369,True,304.6131424467427,-95.33305233818672,-390.35155780652406,87.3250325967298,9.379189132090843,2,test,2,img_B,0.2399999999999999,1,level_1
0.29433029994834214,19,160.0,33.0,4.242640687119285,True,297.41546446905005,-95.47598718599218,-386.5753284362875,102.75950293951627,6.129730257143207,2,test,2,img_B,0.2399999999999999,1,level_1
0.31166000000666827,20,163.0,36.0,4.242640687119285,True,288.9065215335994,-95.43958213547623,-382.5100239459839,116.98752745845529,5.974383819801695,2,test,2,img_B,0.2399999999999999,1,level_1
0.32786489999853075,21,168.0,42.0,7.810249675906654,True,279.4444631506017,-95.14525505699913,-378.13846517388936,130.42737885864025,10.583927990630864,2,test,2,img_B,0.2399999999999999,1,level_1
0.34382629999890924,22,169.0,48.0,6.082762530298219,True,269.814278679843,-94.54542541512801,-373.53691047894,143.07402458115288,6.3537844613092265,2,test,2,img_B,0.2399999999999999,1,level_1
0.360709699918516,23,170.0,53.0,5.0990195135927845,True,261.47983724887877,-93.53132504400048,-367.60024121602237,157.7024497524441,5.073686833475026,2,test,2,img_B,0.2399999999999999,1,level_1
0.3772091999417171,24,170.0,61.0,8.0,True,254.66271989998546,-92.04646208987265,-360.5867988182581,173.1391362979527,6.060986976040604,2,test,2,img_B,0.2399999999999999,1,level_1
0.3940410999348387,25,169.0,65.0,4.123105625617661,True,248.76562802434347,-89.01018435940797,-352.9881741915542,188.14714688485975,1.402203741952809,2,test,2,img_B,0.2399999999999999,1,level_1
0.4110548999160528,26,166.0,71.0,6.708203932499369,True,243.35643709369376,-84.27258567827835,-345.6631641273736,201.28829316543067,0.36799294650921266,2,test,2,img_B,0.2399999999999999,1,level_1
0.42671709996648133,27,162.0,74.0,5.0,True,238.23928952011116,-77.56256444278993,-339.00549686280374,212.3093806142431,-0.7534208359096056,2,test,2,img_B,0.2399999999999999,1,level_1
0.44339329993817955,28,156.0,79.0,7.810249675906654,True,233.86531006990882,-69.97490288939969,-332.2596304011873,222.71851742876345,-0.8890350712999715,2,test,2,img_B,0.2399999999999999,1,level_1
0.4604099999414757,29,148.0,83.0,8.94427190999916,True,230.5844270161627,-61.425911396825775,-325.4156372430302,232.60409075876677,-0.6214721360704534,2,test,2,img_B,0.2399999999999999,1,level_1
0.47675819997675717,30,130.0,91.0,19.697715603592208,True,228.55752217542266,-52.145324398607045,-318.3333671258269,242.2062496599407,0.713153475572103,2,test,2,img_B,0.2399999999999999,1,level_1
0.49360709998290986,31,116.0,95.0,14.560219778561036,True,227.67238632677785,-41.031959420393974,-311.32646977031675,251.14901795617683,2.5219057704896484,2,test,2,img_B,0.2399999999999999,1,level_1
0.5105394999263808,32,107.0,99.0,9.848857801796104,True,228.56083963516065,-27.64028393184458,-304.42672357864836,259.46940083788144,2.751883915556353,2,test,2,img_B,0.2399999999999999,1,level_1
0.5270600999938324,33,96.0,101.0,11.180339887498949,True,232.6354332821352,-11.714238194026255,-298.1923398032085,266.6108183901918,5.750402459873963,2,test,2,img_B,0.2399999999999999,1,level_1
0.5436830999096856,34,87.0,102.0,9.055385138137417,True,240.8931418673635,5.534329065615413,-292.40519512052435,272.9454192078117,6.62858192733045,2,test,2,img_B,0.2399999999999999,1,level_1
0.560973500018008,35,73.0,103.0,14.035668847618199,True,252.99052625390942,22.628080281219322,-286.61836964778763,279.0159676083864,12.564657029974146,2,test,2,img_B,0.2399999999999999,1,level_1
0.5770674999803305,36,61.0,103.0,12.0,True,266.9950139059512,38.310711479789205,-281.0671771718789,284.60717123191336,11.827076929058709,2,test,2,img_B,0.2399999999999999,1,level_1
0.5938346999464557,37,52.0,103.0,9.0,True,282.92492611376014,52.3470675875833,-275.8025408080076,289.71185423425,9.552884999636094,2,test,2,img_B,0.2399999999999999,1,level_1
0.6104465000098571,38,41.0,103.0,11.0,True,299.0755276350645,64.60765497170439,-271.1180298210595,294.1003466607054,12.051325134323381,2,test,2,img_B,0.2399999999999999,1,level_1
0.6272048999089748,39,32.0,103.0,9.0,True,315.47702742123454,75.47821109146581,-266.7958824267312,298.0267724888853,9.98611147461272,2,test,2,img_B,0.2399999999999999,1,level_1
0.6439662999473512,40,20.0,103.0,12.0,True,330.67957869440147,85.0918564833437,-262.6097817669982,301.7218959908107,12.953389827331545,2,test,2,img_B,0.2399999999999999,1,level_1
0.6605187000241131,41,-3.0,102.0,20.0,True,345.557543888672,94.37580202473777,-257.9466651655728,305.71803664481405,19.184347744135096,2,test,2,img_B,0.2399999999999999,1,level_1
0.677062299917452,42,-14.0,100.0,11.180339887498949,True,360.51711237635766,103.21399791752165,-252.33024584989477,310.36985522007717,8.297808624112124,2,test,2,img_B,0.2399999999999999,1,level_1
0.6941562999272719,43,-24.0,98.0,10.198039027185569,True,375.8085825622913,111.65391125220587,-246.16523138208166,315.28190379183866,6.347033684950847,2,test,2,img_B,0.2399999999999999,1,level_1
0.7115693999221548,44,-33.0,97.0,9.055385138137417,True,382.67422130661254,116.44930376510528,-239.6400013458192,320.269682853335,5.384877336559671,2,test,2,img_B,0.2399999999999999,1,level_1
0.7269936000229791,45,-39.0,95.0,6.324555320336759,True,382.23793546891505,117.87349442712521,-232.57311609376086,325.43777542018387,2.0939090859137095,2,test,2,img_B,0.2399999999999999,1,level_1
0.7438803999684751,46,-49.0,91.0,10.770329614269007,True,382.22460954421445,117.9166988122241,-223.9444784536801,331.43456453742,1.1602429408569797,2,test,2,img_B,0.2399999999999999,1,level_1
0.7606006999267265,47,-57.0,87.0,8.94427190999916,True,382.6432415667568,116.55106041252743,-213.7163643368275,338.12026797376166,-0.11080344822397407,2,test,2,img_B,0.2399999999999999,1,level_1
0.777025599963963,48,-64.0,82.0,8.602325267042627,True,383.3759658441278,114.11778482376089,-201.55107146905786,344.16467859472573,-0.8217362215884394,2,test,2,img_B,0.2399999999999999,1,level_1
0.7938181000063196,49,-75.0,75.0,13.038404810405298,True,384.2983841463869,110.97185202778252,-188.71703116741182,349.67006223922,-1.0514338330152044,2,test,2,img_B,0.2399999999999999,1,level_1
0.8104689000174403,50,-81.0,70.0,7.810249675906654,True,385.22507945487183,107.71090083639464,-176.00663891329032,352.2159123447609,-0.24079455109443731,2,test,2,img_B,0.2399999999999999,1,level_1
0.8271507999161258,51,-86.0,65.0,7.0710678118654755,True,385.9292330518685,105.16000701786099,-164.31197553329434,352.0808314733762,0.8218643567048111,2,test,2,img_B,0.2399999999999999,1,level_1
0.8435970999998972,52,-88.0,62.0,3.605551275463989,True,386.2439797287905,103.99801980454082,-153.41752982354456,349.965218658209,1.2050778882109578,2,test,2,img_B,0.2399999999999999,1,level_1
0.8606513999402523,53,-91.0,59.0,4.242640687119285,True,386.1938052950851,104.18418666814021,-143.15165271888705,347.45413954971247,1.4935021978272622,2,test,2,img_B,0.2399999999999999,1,level_1
0.8770532999187708,54,-94.0,53.0,6.708203932499369,True,385.907095125234,105.24121783789637,-133.51346618130688,344.53114923517495,3.590303401889391,2,test,2,img_B,0.2399999999999999,1,level_1
0.8940499000018463,55,-96.0,48.0,5.385164807134504,True,385.3020723911295,107.43515723961481,-124.78275959930566,341.4611107391174,3.5174119842773046,2,test,2,img_B,0.2399999999999999,1,level_1
0.9109927999088541,56,-98.0,41.0,7.280109889280518,True,384.3526167792393,110.78387055411632,-116.99700640356818,337.57987391274077,6.32549446391493,2,test,2,img_B,0.2399999999999999,1,level_1
0.927151900017634,57,-100.0,27.0,14.142135623730951,True,383.0359180763818,115.25400410998029,-110.24265834937688,333.2280241190291,15.189162521641943,2,test,2,img_B,0.2399999999999999,1,level_1
0.9439274999313056,58,-100.0,18.0,9.0,True,381.6491643682862,119.76608592163667,-104.57389611489243,328.2330733734655,11.05102934610959,2,test,2,img_B,0.2399999999999999,1,level_1
0.9609394000144675,59,-100.0,9.0,9.0,True,380.1762366845678,124.36249056833601,-99.19193026568225,322.05396311277457,12.129431185348059,2,test,2,img_B,0.2399999999999999,1,level_1
0.976907099946402,60,-99.0,-2.0,11.045361017187261,True,378.67317006471137,128.86671514841294,-93.49875921620654,314.7314494751021,15.289975594389325,2,test,2,img_B,0.2399999999999999,1,level_1
0.9947930999333039,61,-97.0,-9.0,7.280109889280518,True,376.8883005449612,133.9970481478265,-87.37927312251215,306.72015069658295,9.928193334424423,2,test,2,img_B,0.2399999999999999,1,level_1
1.0101438999408856,62,-95.0,-19.0,10.198039027185569,True,375.0204531235741,139.13899431499857,-81.85743058681211,299.04185059266365,14.585528867262441,2,test,2,img_B,0.2399999999999999,1,level_1
1.0267202999675646,63,-93.0,-25.0,6.324555320336759,True,373.15073462270846,144.07820532798502,-76.881010985347,291.7293783529035,8.801573583081092,2,test,2,img_B,0.2399999999999999,1,level_1
1.043414199957624,64,-89.0,-32.0,8.06225774829855,True,371.3765709360018,148.59152923305146,-71.75797422196432,284.6924333036624,10.355860862474156,2,test,2,img_B,0.2399999999999999,1,level_1
1.0608958000084385,65,-87.0,-38.0,6.324555320336759,True,369.47079964668274,153.26881029237765,-66.66698306810177,277.2712828132954,9.75396412608449,2,test,2,img_B,0.2399999999999999,1,level_1
1.0771160000003874,66,-83.0,-48.0,10.770329614269007,True,367.30617303250904,158.38615865097722,-61.10003017037846,269.14564792275655,17.19790566052996,2,test,2,img_B,0.2399999999999999,1,level_1
1.0945648999186233,67,-79.0,-55.0,8.06225774829855,True,364.8201718333547,164.0312233188594,-55.1315697455074,260.3844394866264,13.01366722784126,2,test,2,img_B,0.2399999999999999,1,level_1
1.1102721999632195,68,-71.0,-67.0,14.422205101855956,True,361.8073687562621,170.57381954353417,-48.276217571282466,250.72629267858147,23.967087735542425,2,test,2,img_B,0.2399999999999999,1,level_1
1.1274320000084117,69,-66.0,-75.0,9.433981132056603,True,357.9343298818774,178.55815717018186,-40.553136402048864,240.36318812376427,16.79517071629857,2,test,2,img_B,0.2399999999999999,1,level_1
1.1439660999458283,70,-58.0,-87.0,14.422205101855956,True,353.32359718310425,187.51649440406962,-31.92157094346325,229.5626827326641,26.029899498231583,2,test,2,img_B,0.2399999999999999,1,level_1
1.1601367999101058,71,-54.0,-93.0,7.211102550927978,True,348.0477741568808,197.13636626569158,-21.543666410268965,217.1889041322664,13.249538888134014,2,test,2,img_B,0.2399999999999999,1,level_1
1.1776351999724284,72,-48.0,-102.0,10.816653826391969,True,342.5806729054827,206.49087764748035,-10.439745852048068,203.6994293508584,20.561554077914927,2,test,2,img_B,0.2399999999999999,1,level_1
1.1938810999272391,73,-41.0,-113.0,13.038404810405298,True,336.45160802278406,216.3338056312116,1.3983250998360273,189.4657748571498,25.746603131908184,2,test,2,img_B,0.2399999999999999,1,level_1
1.2105362999718636,74,-35.0,-121.0,10.0,True,329.6691125363035,225.86928326893883,12.781640559150862,176.3980686220309,19.9700966261976,2,test,2,img_B,0.2399999999999999,1,level_1
1.22699090000242,75,-27.0,-132.0,13.601470508735444,True,320.51934251747866,234.75135552580883,25.335181974093103,163.24771580272406,26.88270914579697,2,test,2,img_B,0.2399999999999999,1,level_1
1.2439158000051975,76,-23.0,-137.0,6.4031242374328485,True,309.7066706393016,242.93349475265012,40.01661318934764,149.16255996936235,12.554740253097368,2,test,2,img_B,0.2399999999999999,1,level_1
1.2602424999931827,77,-17.0,-141.0,7.211102550927978,True,296.82361764901026,250.9526084305337,58.25962568022496,134.83305802852638,14.39686287261413,2,test,2,img_B,0.2399999999999999,1,level_1
1.2770254999632016,78,-13.0,-147.0,7.211102550927978,True,282.30156083406797,258.0500571641027,76.87912865517274,118.03926881290093,13.217226344296572,2,test,2,img_B,0.2399999999999999,1,level_1
1.29390519997105,79,-4.0,-154.0,11.40175425099138,True,266.053882768477,263.3305076599912,97.58961319126209,102.00758544052505,22.12462340887374,2,test,2,img_B,0.2399999999999999,1,level_1
1.310328399995342,80,3.0,-159.0,8.602325267042627,True,249.32424176455066,266.7951294667677,118.93843887012096,85.86391253711092,16.467655645782056,2,test,2,img_B,0.2399999999999999,1,level_1
1.3276800999883562,81,9.0,-167.0,10.0,True,232.53841425253427,268.9477372689254,139.91507721675532,69.21186869212498,16.64213461994656,2,test,2,img_B,0.2399999999999999,1,level_1
1.343732999986969,82,19.0,-177.0,14.142135623730951,True,215.57922232585392,270.3296461358827,160.34124971994117,53.56480661240791,24.798752970576047,2,test,2,img_B,0.2399999999999999,1,level_1
1.3606810999335721,83,25.0,-184.0,9.219544457292887,True,197.383317960838,271.203312327905,180.95953869671672,38.057446129355334,15.331508557897395,2,test,2,img_B,0.2399999999999999,1,level_1
1.3771383999846876,84,30.0,-189.0,7.0710678118654755,True,177.9026599206212,271.85139397417726,201.36676890150332,23.171814112803325,12.149569141103223,2,test,2,img_B,0.2399999999999999,1,level_1
1.3935590999899432,85,41.0,-196.0,13.038404810405298,True,156.56856254344183,272.23478186663436,222.10464376895743,9.760314452545801,24.162052789027964,2,test,2,img_B,0.2399999999999999,1,level_1
1.4110035999910906,86,46.0,-200.0,6.4031242374328485,True,134.65740476999295,272.04788101045085,241.31265984665504,-2.9550077060334043,11.342914435837784,2,test,2,img_B,0.2399999999999999,1,level_1
1.4275213999208063,87,56.0,-206.0,11.661903789690601,True,114.05629807981578,270.50865445989444,259.88576381903937,-14.269893008912138,21.186794524519243,2,test,2,img_B,0.2399999999999999,1,level_1
1.4440251999767497,88,66.0,-212.0,11.661903789690601,True,97.3877000493399,267.296473164899,277.2894021636204,-24.562484258457562,20.34564116462517,2,test,2,img_B,0.2399999999999999,1,level_1
1.461587299942039,89,70.0,-214.0,4.47213595499958,True,84.72846985574812,262.2016341136805,293.8771793527334,-33.920549847411834,7.430582603358654,2,test,2,img_B,0.2399999999999999,1,level_1
1.4784406999824569,90,80.0,-217.0,10.44030650891055,True,75.496809913896,255.83604164685423,309.83475674528944,-42.08024026462837,16.798912723332002,2,test,2,img_B,0.2399999999999999,1,level_1
1.4933597999624908,91,86.0,-218.0,6.082762530298219,True,69.10305254820446,248.37472312168538,325.4385940497506,-49.84252301418133,8.96222795718974,2,test,2,img_B,0.2399999999999999,1,level_1
1.51064170000609,92,93.0,-218.0,7.0,True,65.35170598851404,239.7830106603779,339.6864543848909,-56.97924826265624,9.059753906605872,2,test,2,img_B,0.2399999999999999,1,level_1
1.5268916999921203,93,105.0,-214.0,12.649110640673518,True,63.38362991448683,229.67718653333952,352.25415296331795,-63.607156529699004,14.968556673068566,2,test,2,img_B,0.2399999999999999,1,level_1
1.5434882999397814,94,114.0,-209.0,10.295630140987,True,62.65188195339917,217.49623425894418,366.0202324108543,-72.59029225697114,10.335404690454531,2,test,2,img_B,0.2399999999999999,1,level_1
1.5607788999332115,95,121.0,-202.0,9.899494936611665,True,62.82768400222773,203.04655463381806,379.1532826002652,-82.36895849880725,8.348368341733979,2,test,2,img_B,0.2399999999999999,1,level_1
1.577023799996823,96,134.0,-186.0,20.0,True,64.47329103399208,186.52523811116635,389.31603797039526,-91.83149012748167,13.765032145647522,2,test,2,img_B,0.2399999999999999,1,level_1
1.593789399950765,97,139.0,-172.0,14.866068747318506,True,69.59485053959516,166.9089413186513,387.75936876427863,-98.19710757210807,4.153383080695508,2,test,2,img_B,0.2399999999999999,1,level_1
1.610510699916631,98,144.0,-155.0,17.72004514666935,True,78.19919034553449,145.38302147874242,386.0095302321421,-104.8648776758024,0.36151404220732675,2,test,2,img_B,0.2399999999999999,1,level_1
1.62719039991498,99,147.0,-142.0,13.341664064126334,True,90.0615358115716,122.84725834075934,383.7823595166839,-112.74351654887644,-1.7531544869499014,2,test,2,img_B,0.2399999999999999,1,level_1
1.644307899987325,100,148.0,-121.0,20.0,True,104.26488635367964,101.38744854978559,381.231012622096,-121.0905240517658,-3.5382602591141077,2,test,2,img_B,0.2399999999999999,1,level_1
1.6602933999383822,101,148.0,-106.0,15.0,True,121.11352245950138,80.14960402828729,378.4336757079621,-129.5683336705424,-3.2143704536396016,2,test,2,img_B,0.2399999999999999,1,level_1
1.678152099950239,102,146.0,-92.0,14.142135623730951,True,140.13419147453044,59.39902177295467,375.17332421105516,-138.72626571931693,-2.024428806804418,2,test,2,img_B,0.2399999999999999,1,level_1
1.693836999940686,103,141.0,-70.0,20.0,True,159.28331239567382,39.95809164053759,371.58756318731713,-148.06310439981846,-0.5680737295939409,2,test,2,img_B,0.2399999999999999,1,level_1
1.711228200001642,104,137.0,-55.0,15.524174696260024,True,176.85334601390298,23.670151189663688,366.84726896971773,-157.69337880130664,1.4396071110715796,2,test,2,img_B,0.2399999999999999,1,level_1
1.7270587999373674,105,133.0,-41.0,14.560219778561036,True,193.01729225940755,9.817575999075205,358.9560588252819,-166.80218621532865,4.185178727951847,2,test,2,img_B,0.2399999999999999,1,level_1
1.7437042000237852,106,126.0,-23.0,19.313207915827967,True,208.4303269406686,-2.2995602329215235,347.70951118211707,-175.26729352008013,11.395820632534141,2,test,2,img_B,0.2399999999999999,1,level_1
1.7600366999395192,107,123.0,-15.0,8.54400374531753,True,224.1454837208293,-14.249377949055571,333.95498977547663,-182.87985172130308,5.981191770044114,2,test,2,img_B,0.2399999999999999,1,level_1
1.7769480999559164,108,119.0,-10.0,6.4031242374328485,True,239.46267412173896,-25.700053485872743,319.7828212680663,-189.3104974536592,7.774036727498783,2,test,2,img_B,0.2399999999999999,1,level_1
1.793939600000158,109,115.0,-4.0,7.211102550927978,True,254.01123674444375,-37.32841122242087,305.44048615407775,-195.275526228799,8.259900700951508,2,test,2,img_B,0.2399999999999999,1,level_1
1.8100591999245808,110,110.0,2.0,7.810249675906654,True,267.1077162902958,-48.64893601912834,291.37156150496844,-201.37912937731718,9.905350018057572,2,test,2,img_B,0.2399999999999999,1,level_1
1.827100900001824,111,107.0,5.0,4.242640687119285,True,278.9307563656593,-59.699615324493315,277.9974707204278,-207.89598169190856,5.62297772233398,2,test,2,img_B,0.2399999999999999,1,level_1
1.8438050999538973,112,102.0,9.0,6.4031242374328485,True,289.6264528249399,-70.09483019271494,266.16385383506986,-214.1949068499788,8.907575933974325,2,test,2,img_B,0.2399999999999999,1,level_1
1.8611044000135735,113,98.0,10.0,4.123105625617661,True,299.7031514378603,-80.14842880490168,256.63090701065835,-219.9463538690879,6.446319725746257,2,test,2,img_B,0.2399999999999999,1,level_1
1.8776126999873668,114,86.0,13.0,12.36931687685298,True,308.6373190839186,-89.88382174597133,248.94435359415397,-225.10435017000165,18.616782510072067,2,test,2,img_B,0.2399999999999999,1,level_1
1.893732399912551,115,77.0,13.0,9.0,True,316.1935279634071,-99.8205131876449,243.48711473884836,-229.79820167126587,12.27100473491178,2,test,2,img_B,0.2399999999999999,1,level_1
1.9105190999107435,116,68.0,13.0,9.0,True,321.92654162312607,-110.24259168342473,239.78846406440374,-234.19964797240073,10.127820881302052,2,test,2,img_B,0.2399999999999999,1,level_1
1.9279413999756798,117,59.0,13.0,9.0,True,325.784159200693,-121.26994064571662,237.43337601374762,-238.14589002011212,7.584034841194633,2,test,2,img_B,0.2399999999999999,1,level_1
1.9442595000145957,118,55.0,12.0,4.123105625617661,True,327.9450360144193,-132.15571316855784,235.60300524102396,-242.5909381971972,2.2456744363458716,2,test,2,img_B,0.2399999999999999,1,level_1
1.9603266000049189,119,50.0,11.0,5.0990195135927845,True,328.5991861701922,-142.65695085569843,234.22483849641029,-247.65395117018548,1.5909196579229792,2,test,2,img_B,0.2399999999999999,1,level_1
1.9772168999770656,120,45.0,9.0,5.385164807134504,True,327.3100138312739,-153.13280397486315,233.27797026917847,-253.4481402052749,0.1844806059852771,2,test,2,img_B,0.2399999999999999,1,level_1
1.993763200007379,121,42.0,7.0,3.605551275463989,True,322.85499447510796,-165.5598046700176,233.55668179337687,-259.29261831624933,-1.0402433104767606,2,test,2,img_B,0.2399999999999999,1,level_1
2.011388699989766,122,41.0,6.0,1.4142135623730951,True,314.5923013228598,-180.38320775845926,234.65930479148753,-265.1345983085421,-0.5631647849408119,2,test,2,img_B,0.2399999999999999,1,level_1
2.026864300016314,123,38.0,3.0,4.242640687119285,True,302.87120370589224,-197.35714765782836,237.32959928781614,-271.3202943966643,-2.6079835069247626,2,test,2,img_B,0.2399999999999999,1,level_1
2.0439779999433085,124,38.0,3.0,0.0,False,288.98592307636096,-213.84844108804486,242.25329706693336,-276.3211046241275,0.0,2,test,2,img_B,0.2399999999999999,1,level_1
2.060551599948667,125,37.0,2.0,1.4142135623730951,True,273.976230861552,-228.95464555852385,247.1815699870532,-282.2342450962462,-1.2862616067810184,2,test,2,img_B,0.2399999999999999,1,level_1
2.0766883000032976,126,37.0,-3.0,5.0,True,259.0282028084137,-241.57084394500845,252.89420583967558,-287.7146843705119,0.23652370087028862,2,test,2,img_B,0.2399999999999999,1,level_1
2.094192499993369,127,36.0,-7.0,4.123105625617661,True,245.0737950596534,-251.94539938753903,259.54363516780535,-293.178736181122,-1.4221491360268788,2,test,2,img_B,0.2399999999999999,1,level_1
2.1105626999633387,128,36.0,-19.0,12.0,True,232.1020600892289,-259.675558468693,267.38795180103295,-297.4956860723336,-0.0005817526029865405,2,test,2,img_B,0.2399999999999999,1,level_1
2.127474099979736,129,36.0,-24.0,5.0,True,219.42504248468464,-265.2272183526769,270.671485511595,-294.51136978212986,0.0899409390828948,2,test,2,img_B,0.2399999999999999,1,level_1
2.1436342999804765,130,36.0,-28.0,4.0,True,206.66513309599313,-268.53241673722806,274.9076426852764,-290.56116050364403,0.4409112983954344,2,test,2,img_B,0.2399999999999999,1,level_1
2.1610371000133455,131,36.0,-29.0,1.0,True,193.31040528771518,-270.3140581386482,279.30326581593584,-286.33841115811316,0.20820401709160177,2,test,2,img_B,0.2399999999999999,1,level_1
2.177570999949239,132,36.0,-31.0,2.0,True,177.96043698502447,-270.7101985407148,283.6325109378579,-282.05070242615227,0.5865457468721286,2,test,2,img_B,0.2399999999999999,1,level_1
2.1934330000076443,133,36.0,-32.0,1.0,True,155.9163479910436,-269.7461654183644,287.63636848552903,-277.9663999919,0.34451487891979415,2,test,2,img_B,0.2399999999999999,1,level_1
2.210890999995172,134,36.0,-34.0,2.0,True,127.15857311529903,-266.8976272412537,291.32805174269856,-274.09481255179486,0.7792437301332606,2,test,2,img_B,0.2399999999999999,1,level_1
2.2268839000025764,135,36.0,-35.0,1.0,True,95.26495907342365,-261.7863291239995,294.6747199851566,-270.49364022407167,0.44436390100357287,2,test,2,img_B,0.2399999999999999,1,level_1
2.2436562000075355,136,36.0,-35.0,0.0,False,66.87397100614436,-254.50523294811188,298.91122650744103,-265.8045873716578,0.0,2,test,2,img_B,0.2399999999999999,1,level_1
2.260222899960354,137,36.0,-35.0,0.0,False,44.68151850717478,-245.48434407219418,303.0742407378129,-261.0478971399659,0.0,2,test,2,img_B,0.2399999999999999,1,level_1
2.2768023000098765,138,36.0,-35.0,0.0,False,28.824663088716854,-235.04175773222144,306.9258562876182,-256.508320999753,0.0,2,test,2,img_B,0.2399999999999999,1,level_1
2.2936248999321833,139,36.0,-35.0,0.0,False,17.604281742840108,-222.61752896928596,310.78166402756443,-251.82286890641618,0.0,2,test,2,img_B,0.2399999999999999,1,level_1
2.3105448000133038,140,36.0,-35.0,0.0,False,9.459565166185923,-208.05762063036818,314.2854977147649,-247.4361047345001,0.0,2,test,2,img_B,0.2399999999999999,1,level_1
2.32861490000505,141,36.0,-36.0,1.0,True,1.8890144434827008,-191.3165084284309,316.7091793648783,-244.32620757099582,0.9550816258815141,2,test,2,img_B,0.2399999999999999,1,level_1
2.3432568999705836,142,36.0,-39.0,3.0,True,-6.373938177433814,-172.82043470855984,319.28172633205105,-240.95472444097308,2.6685577155623363,2,test,2,img_B,0.2399999999999999,1,level_1
2.3602605999913067,143,36.0,-43.0,4.0,True,-16.0269992770829,-152.80701946064482,322.5362057157289,-236.58063319405713,3.150401823138048,2,test,2,img_B,0.2399999999999999,1,level_1
2.3780349999433383,144,36.0,-48.0,5.0,True,-26.13185304581306,-131.55331595586716,326.7796935795276,-230.68383528992666,3.439787135590486,2,test,2,img_B,0.2399999999999999,1,level_1
2.393381799920462,145,36.0,-57.0,9.0,True,-34.97829126184298,-109.37126933498222,331.70659384602,-223.54135098247826,5.648126080497993,2,test,2,img_B,0.2399999999999999,1,level_1
2.4127305999863893,146,36.0,-60.0,3.0,True,-41.07468416672572,-83.7700670829536,336.918228779127,-215.60637076936257,1.7511308887789463,2,test,2,img_B,0.2399999999999999,1,level_1
2.4270363999530673,147,36.0,-65.0,5.0,True,-43.72034996884017,-56.97001059506627,342.0493577490177,-207.36980701993372,2.7171851463348307,2,test,2,img_B,0.2399999999999999,1,level_1
2.443734799977392,148,37.0,-65.0,1.0,True,-42.810527006783914,-30.454722135228494,347.2610771379125,-198.5188764450796,0.7926995826451332,2,test,2,img_B,0.2399999999999999,1,level_1
2.460554699995555,149,37.0,-67.0,2.0,True,-39.21764029668888,-7.615861084837981,352.3780938957634,-189.2872920784398,0.88987493192155,2,test,2,img_B,0.2399999999999999,1,level_1
2.4768494999734685,150,37.0,-68.0,1.0,True,-34.30985311821548,13.220898652319974,357.70855543867503,-179.01002588116776,0.3997703442726952,2,test,2,img_B,0.2399999999999999,1,level_1
2.4937496000202373,151,38.0,-70.0,2.23606797749979,True,-28.778585524047728,31.80425865867778,362.776746207345,-168.50232167899512,1.3719878328745403,2,test,2,img_B,0.2399999999999999,1,level_1
2.510181699995883,152,40.0,-75.0,5.385164807134504,True,-23.17264597493252,47.96690159828723,367.5614433493357,-157.7928558679165,2.694857641356726,2,test,2,img_B,0.2399999999999999,1,level_1
2.527934900019318,153,43.0,-85.0,10.44030650891055,True,-14.838192245776654,64.27738243907564,372.10879152890624,-146.74824451044378,2.8868921421402645,2,test,2,img_B,0.2399999999999999,1,level_1
2.543753599980846,154,47.0,-91.0,7.211102550927978,True,-6.241677440730381,78.81233304985851,376.75374613199887,-134.37490381579929,0.8754357823397588,2,test,2,img_B,0.2399999999999999,1,level_1
2.5606560999294743,155,51.0,-101.0,10.770329614269007,True,1.867476861207912,90.59840097207639,381.30224488335733,-120.8660334705834,-0.8325039408400744,2,test,2,img_B,0.2399999999999999,1,level_1
2.5772045999765396,156,54.0,-107.0,6.708203932499369,True,8.104445443042998,97.03238761148009,385.46483364525955,-106.84971699930887,-1.7687609712556007,2,test,2,img_B,0.2399999999999999,1,level_1
2.593465199926868,157,57.0,-111.0,5.0,True,14.931620282120363,101.06754981533143,388.8170728320953,-93.9216901161874,-2.7674909089317734,2,test,2,img_B,0.2399999999999999,1,level_1
2.6104850999545306,158,59.0,-114.0,3.605551275463989,True,23.976453972067652,103.89370540807911,391.45409781901964,-82.2416518602189,-2.8853217874695183,2,test,2,img_B,0.2399999999999999,1,level_1
2.6268765999702737,159,63.0,-118.0,5.656854249492381,True,35.344980657823115,105.51802811161663,393.60221876802524,-71.25512880409093,-5.688842539378097,2,test,2,img_B,0.2399999999999999,1,level_1
2.643972299993038,160,66.0,-121.0,4.242640687119285,True,49.77449402158955,106.21357470706992,395.3969374134065,-60.50836210061163,-4.812298266250505,2,test,2,img_B,0.2399999999999999,1,level_1
2.660780799924396,161,70.0,-125.0,5.656854249492381,True,66.07729003035136,106.4824227453216,396.9307957011983,-49.45648010133314,-6.820154780285395,2,test,2,img_B,0.2399999999999999,1,level_1
2.6767494999803603,162,74.0,-130.0,6.4031242374328485,True,83.81281976954263,106.49350128422932,398.2092244688042,-37.8075858519619,-8.201098630697333,2,test,2,img_B,0.2399999999999999,1,level_1
2.6941928999731317,163,78.0,-134.0,5.656854249492381,True,102.29332289576939,105.95217739525714,399.12921465654796,-26.37934812779245,-7.547337067322187,2,test,2,img_B,0.2399999999999999,1,level_1
2.711315199965611,164,84.0,-139.0,7.810249675906654,True,122.84526243271512,104.59647831321126,399.68394657306965,-15.325537863630545,-11.009081897147874,2,test,2,img_B,0.2399999999999999,1,level_1
2.7280837999423966,165,89.0,-143.0,6.4031242374328485,True,145.2772404425045,102.7434414244774,398.76055422647005,-5.490382798960887,-9.76219847793998,2,test,2,img_B,0.2399999999999999,1,level_1
2.7438614999409765,166,91.0,-145.0,2.8284271247461903,True,169.6554345089952,101.11437310782523,395.5514803789199,4.751869728122692,-4.635387658705445,2,test,2,img_B,0.2399999999999999,1,level_1
2.7603979000123218,167,96.0,-148.0,5.830951894845301,True,195.58914205671547,99.907600013633,390.90349409177657,15.668916221707923,-9.852930066762696,2,test,2,img_B,0.2399999999999999,1,level_1
2.7775869999313727,168,101.0,-149.0,5.0990195135927845,True,223.38744196097946,99.09361073264607,385.6821844889067,27.474278968856026,-7.96410606670604,2,test,2,img_B,0.2399999999999999,1,level_1
2.7940602999879047,169,105.0,-149.0,4.0,True,250.42848892912602,98.46609188334979,379.291483331987,37.779119414910134,-6.107087143129963,2,test,2,img_B,0.2399999999999999,1,level_1
2.810299100005068,170,112.0,-148.0,7.0710678118654755,True,274.36763632442967,98.00173652500794,370.7986522310443,46.87462286757231,-11.025720975682336,2,test,2,img_B,0.2399999999999999,1,level_1
2.8275810999330133,171,117.0,-145.0,5.830951894845301,True,293.4821603240351,97.61406815647275,359.39715884949635,55.53135650058961,-7.106230985869612,2,test,2,img_B,0.2399999999999999,1,level_1
2.8447862999746576,172,129.0,-135.0,15.620499351813308,True,308.92687973981964,97.25715618796438,344.4856919841617,64.64991322181665,-16.786322885388163,2,test,2,img_B,0.2399999999999999,1,level_1
2.860673399991356,173,136.0,-127.0,10.63014581273465,True,321.809934067712,97.08799139108227,327.16270096865304,73.77681369248265,-9.358358691535168,2,test,2,img_B,0.2399999999999999,1,level_1
2.877582299988717,174,141.0,-118.0,10.295630140987,True,332.92426157498835,97.01993459059268,308.4714813748334,83.08978598576378,-5.406388951066843,2,test,2,img_B,0.2399999999999999,1,level_1
2.894007599912584,175,149.0,-105.0,15.264337522473747,True,343.15700626662925,97.08244450655413,289.08380300023754,92.20386840593349,-9.78855803716226,2,test,2,img_B,0.2399999999999999,1,level_1
2.911277599981986,176,152.0,-96.0,9.486832980505138,True,353.2929901484608,97.73828627951002,269.4800764357262,101.78621632254436,-2.3177817605681525,2,test,2,img_B,0.2399999999999999,1,level_1
2.9267955999821424,177,156.0,-87.0,9.848857801796104,True,363.6136656228896,99.50421748770204,249.75866859210052,111.09919237852661,-5.234497840741051,2,test,2,img_B,0.2399999999999999,1,level_1
2.9434478000039235,178,157.0,-84.0,3.1622776601683795,True,374.6593920730763,102.63206123932503,229.55071248179902,120.80152243297441,-1.3825577983026969,2,test,2,img_B,0.2399999999999999,1,level_1
2.960602100007236,179,157.0,-83.0,1.0,True,385.3602887180542,107.22615296250211,210.35338912352168,129.07587294593975,0.01376350928497605,2,test,2,img_B,0.2399999999999999,1,level_1
2.977299500023946,180,158.0,-80.0,3.1622776601683795,True,384.44464158383016,110.46410076346235,193.02723882084703,136.90713495661876,-1.9958930306414706,2,test,2,img_B,0.2399999999999999,1,level_1
2.99419549992308,181,158.0,-79.0,1.0,True,383.05692765374783,115.1841576627245,178.54463861885063,142.93290993980625,-0.17636217090454304,2,test,2,img_B,0.2399999999999999,1,level_1
0.002930500078946352,1,43.0,3.0,20.0,True,-294.980506333176,-5.389654787466057,292.65376693753404,1.969973638913838,-31.489047740370665,3,test,2,img_B,0.2399999999999999,1,level_1
0.007578100077807903,2,43.0,3.0,0.0,False,-283.6867544537398,-17.25715640389741,275.85780864177855,4.530887476155135,0.0,3,test,2,img_B,0.2399999999999999,1,level_1
0.02378420007880777,3,48.0,4.0,5.0990195135927845,True,-271.0330102037677,-30.200551730771963,256.10498153807555,8.286979376658186,-7.505416052470803,3,test,2,img_B,0.2399999999999999,1,level_1
0.04076840006746352,4,59.0,8.0,11.704699910719626,True,-258.0704682248836,-42.99917493398938,235.34223558424196,12.498325988071759,-15.00247636471897,3,test,2,img_B,0.2399999999999999,1,level_1
0.057248500059358776,5,78.0,16.0,20.0,True,-244.60869038147547,-55.92592529583769,213.03127278838258,16.793694759756647,-24.552903933607624,3,test,2,img_B,0.2399999999999999,1,level_1
0.073683200054802,6,94.0,26.0,18.867962264113206,True,-229.62015891492297,-70.34860157545562,190.0587519301159,21.989362136130893,-17.99537193853914,3,test,2,img_B,0.2399999999999999,1,level_1
0.09106030000839382,7,108.0,34.0,16.1245154965971,True,-213.40226288659773,-86.29272917467601,167.04942946393714,27.04090512491719,-16.333741699489718,3,test,2,img_B,0.2399999999999999,1,level_1
0.10765670007094741,8,130.0,55.0,20.0,True,-197.0396856824776,-102.26127921950058,146.236195932143,32.53573197996862,-11.17144248354516,3,test,2,img_B,0.2399999999999999,1,level_1
0.12356310000177473,9,143.0,71.0,20.0,True,-181.674314703301,-116.29684150560863,127.26970464395256,37.18271625622507,-7.398679935939143,3,test,2,img_B,0.2399999999999999,1,level_1
0.14033970003947616,10,153.0,85.0,17.204650534085253,True,-168.28285676201568,-128.84295437367027,109.41939213417723,40.462399007731925,-5.0313376608913085,3,test,2,img_B,0.2399999999999999,1,level_1
0.1569378999993205,11,164.0,106.0,20.0,True,-156.89797190813115,-140.13905043216988,91.8913262112367,42.15756616612067,-1.6408712619895904,3,test,2,img_B,0.2399999999999999,1,level_1
0.17394540004897863,12,170.0,123.0,18.027756377319946,True,-146.33699614647801,-151.55955967060697,75.15525134853044,42.502909187798245,2.7596842387309257,3,test,2,img_B,0.2399999999999999,1,level_1
0.19080380001105368,13,174.0,146.0,20.0,True,-134.24879175800743,-163.985190493799,59.18415855979148,41.118892102207504,6.618718886766385,3,test,2,img_B,0.2399999999999999,1,level_1
0.20715380006004125,14,177.0,167.0,20.0,True,-119.70608386327774,-177.94565461831726,45.77329842883242,38.49325852904002,5.090894217409598,3,test,2,img_B,0.2399999999999999,1,level_1
0.22369090002030134,15,178.0,178.0,11.045361017187261,True,-104.06183723716944,-192.67991854763216,33.99656902929695,34.249894094205466,2.1442194693624486,3,test,2,img_B,0.2399999999999999,1,level_1
0.2403013000730425,16,178.0,185.0,7.0,True,-89.11581709973436,-206.74160868618563,24.057086197918913,29.02105652325235,1.5376010205866413,3,test,2,img_B,0.2399999999999999,1,level_1
0.25724690000060946,17,176.0,192.0,7.280109889280518,True,-75.48012240138603,-220.23768506029796,15.099491277746026,23.363629025885324,4.298710737973984,3,test,2,img_B,0.2399999999999999,1,level_1
0.2742105000652373,18,174.0,195.0,3.605551275463989,True,-62.23316645395495,-233.32822183613425,7.064330900716458,17.47603488607149,3.3714073113803513,3,test,2,img_B,0.2399999999999999,1,level_1
0.29103920003399253,19,170.0,199.0,5.656854249492381,True,-49.24982623197896,-246.3768369896163,0.13422639706417971,11.410722062623346,6.03244614668438,3,test,2,img_B,0.2399999999999999,1,level_1
0.3072059000842273,20,165.0,201.0,5.385164807134504,True,-35.959666366879084,-259.8553796022428,-6.385979841569847,4.4194158081810215,6.882252854076101,3,test,2,img_B,0.2399999999999999,1,level_1
0.323878200026229,21,160.0,203.0,5.385164807134504,True,-23.47302794958587,-273.0071880582169,-11.912353517105624,-2.9097626727719685,6.306425048968086,3,test,2,img_B,0.2399999999999999,1,level_1
0.3409429000457749,22,151.0,205.0,9.219544457292887,True,-11.874400283164968,-285.52460122633215,-16.50945142415224,-10.762031994722216,10.405217368097041,3,test,2,img_B,0.2399999999999999,1,level_1
0.3570049999980256,23,141.0,205.0,10.0,True,-1.8401895738706973,-297.1498396043439,-20.24787204317519,-19.07339453140309,10.636149405587517,3,test,2,img_B,0.2399999999999999,1,level_1
0.37377499998547137,24,124.0,205.0,17.0,True,6.688091595631645,-308.18725732476224,-23.539718194652508,-27.93047540502711,16.31657353793385,3,test,2,img_B,0.2399999999999999,1,level_1
0.39030960004311055,25,94.0,203.0,20.0,True,13.931491932500645,-318.8222937256248,-26.54834847950539,-37.47761483839206,17.400807306705918,3,test,2,img_B,0.2399999999999999,1,level_1
0.40721770003437996,26,77.0,200.0,17.26267650163207,True,19.441365333713392,-328.85257126720313,-29.23613971504018,-47.57458799043231,12.827603436687008,3,test,2,img_B,0.2399999999999999,1,level_1
0.4238199000246823,27,55.0,195.0,20.0,True,23.23854741947958,-338.01226935579746,-31.430622820304077,-57.88520676004011,11.769301306190139,3,test,2,img_B,0.2399999999999999,1,level_1
0.44020610000006855,28,42.0,191.0,13.601470508735444,True,25.507435201312738,-346.7354818654005,-33.0160509063345,-68.41737405979107,5.2917440477976925,3,test,2,img_B,0.2399999999999999,1,level_1
0.4571435999823734,29,34.0,189.0,8.246211251235321,True,26.347988542130704,-354.8549712887072,-33.87278274923302,-79.24156590630396,1.459400906748512,3,test,2,img_B,0.2399999999999999,1,level_1
0.47377040004357696,30,23.0,184.0,12.083045973594572,True,24.24542345067895,-362.8144991982669,-33.450814218997756,-91.77772083577793,-3.0164264227649884,3,test,2,img_B,0.2399999999999999,1,level_1
0.49018149997573346,31,16.0,180.0,8.06225774829855,True,18.359611541363225,-370.0206479253733,-31.51104466194615,-105.5726128184738,-4.53974526097117,3,test,2,img_B,0.2399999999999999,1,level_1
0.5069856999907643,32,10.0,173.0,9.219544457292887,True,8.334517081494626,-376.25750663534586,-27.72160403971597,-119.82682197795106,-3.5687736823707326,3,test,2,img_B,0.2399999999999999,1,level_1
0.5237191000487655,33,1.0,154.0,20.0,True,-4.551548663047617,-380.5986704468,-22.611949618676658,-133.07980399443474,-0.09943028414508781,3,test,2,img_B,0.2399999999999999,1,level_1
0.5407210000557825,34,-6.0,138.0,17.46424919657298,True,-19.995188574301633,-383.39892359252167,-16.841961007607118,-145.4389538214283,1.794375955932046,3,test,2,img_B,0.2399999999999999,1,level_1
0.5576409000204876,35,-10.0,121.0,17.46424919657298,True,-38.343612605559954,-384.3521169694935,-10.662860450032687,-156.92744762713335,8.20052152448019,3,test,2,img_B,0.2399999999999999,1,level_1
0.5737988000037149,36,-14.0,105.0,16.492422502470642,True,-60.6582171885108,-382.9819692883875,-4.357144898355156,-167.69412793298673,8.773001146780915,3,test,2,img_B,0.2399999999999999,1,level_1
0.5906064000446349,37,-16.0,85.0,20.0,True,-85.9416115387989,-378.3402953113513,1.9430491257672093,-177.52166365292913,17.315683620112758,3,test,2,img_B,0.2399999999999999,1,level_1
0.607763500069268,38,-19.0,57.0,20.0,True,-113.14633639525066,-371.21272258649884,8.339198941503149,-187.3610290077646,18.490675619108444,3,test,2,img_B,0.2399999999999999,1,level_1
0.6238779000705108,39,-20.0,20.0,20.0,True,-139.50159142813885,-363.37150897062253,15.037238766600046,-197.32193218176855,21.472466890563812,3,test,2,img_B,0.2399999999999999,1,level_1
0.6410161000676453,40,-22.0,-4.0,20.0,True,-163.41522641120895,-355.5948701634036,22.552527799569212,-208.6715789061529,20.285273911601713,3,test,2,img_B,0.2399999999999999,1,level_1
0.6582221999997273,41,-22.0,-36.0,20.0,True,-184.06398254991527,-347.33757359057125,31.364176994364342,-221.10787016627907,23.744977616338396,3,test,2,img_B,0.2399999999999999,1,level_1
0.6740045000333339,42,-21.0,-53.0,17.029386365926403,True,-202.38030776177538,-336.82994430543215,41.60076142626906,-234.57542041523928,23.466014502526683,3,test,2,img_B,0.2399999999999999,1,level_1
0.6902617000741884,43,-21.0,-63.0,10.0,True,-218.5100799374823,-323.986020526624,52.119787398532736,-248.70002486571184,14.24946183068716,3,test,2,img_B,0.2399999999999999,1,level_1
0.7069507000269368,44,-20.0,-80.0,17.029386365926403,True,-230.34527766489086,-310.7223190320926,62.555960883667495,-263.21713131292137,27.737304884233396,3,test,2,img_B,0.2399999999999999,1,level_1
0.723793699988164,45,-20.0,-89.0,9.0,True,-236.99934210134606,-297.8158769880303,72.63856828668706,-278.6451597014278,15.533268847360073,3,test,2,img_B,0.2399999999999999,1,level_1
0.7402683000545949,46,-18.0,-97.0,8.246211251235321,True,-239.5475493141045,-285.7014408545733,83.40005445917103,-294.70723827855795,15.999769731860752,3,test,2,img_B,0.2399999999999999,1,level_1
0.7570230000419542,47,-15.0,-106.0,9.486832980505138,True,-240.20021438419644,-273.4314710376697,94.26627476280194,-311.58878013443115,18.338168164436656,3,test,2,img_B,0.2399999999999999,1,level_1
0.7741026000585407,48,-11.0,-112.0,7.211102550927978,True,-239.53161250873393,-261.7281782470614,105.11066225732765,-328.6116668206592,12.971631762861932,3,test,2,img_B,0.2399999999999999,1,level_1
0.7906189999775961,49,-7.0,-121.0,9.848857801796104,True,-237.41980860408313,-250.91357395150354,114.44696987760102,-346.13027896535255,17.890296982986346,3,test,2,img_B,0.2399999999999999,1,level_1
0.8069918000837788,50,-3.0,-128.0,8.06225774829855,True,-234.18213569000758,-240.40654874319594,122.94640298524324,-363.4919917868347,13.557491480045519,3,test,2,img_B,0.2399999999999999,1,level_1
0.823936800006777,51,3.0,-135.0,9.219544457292887,True,-229.71859799685828,-229.1572906791026,130.66787334168708,-378.0554283122526,13.239378259012652,3,test,2,img_B,0.2399999999999999,1,level_1
0.8407322000712156,52,15.0,-150.0,19.209372712298546,True,-224.3765811195048,-217.0536774286595,132.71241640442858,-377.3425692021741,27.600222412879308,3,test,2,img_B,0.2399999999999999,1,level_1
0.8572029999922961,53,28.0,-167.0,20.0,True,-217.64648587306755,-203.82446415969576,134.89539529508062,-376.56769952849635,28.273568098484105,3,test,2,img_B,0.2399999999999999,1,level_1
0.8736694999970496,54,42.0,-183.0,20.0,True,-210.2144410665285,-191.16823328908345,137.54778237204076,-375.6069855108312,25.80009600508137,3,test,2,img_B,0.2399999999999999,1,level_1
0.8905050000175834,55,58.0,-206.0,20.0,True,-201.36123194227605,-178.3398059661142,139.95393121084257,-374.71708946701483,26.900341251947854,3,test,2,img_B,0.2399999999999999,1,level_1
0.9075341999996454,56,64.0,-216.0,11.661903789690601,True,-191.91705110567494,-166.79188375833067,141.75757590807387,-374.0384868869334,15.583003397626703,3,test,2,img_B,0.2399999999999999,1,level_1
0.9249117000726983,57,70.0,-228.0,13.416407864998739,True,-181.53965636358873,-156.101825308751,142.67749394339447,-373.68855042940856,17.840677449082037,3,test,2,img_B,0.2399999999999999,1,level_1
0.9406159999780357,58,71.0,-233.0,5.0990195135927845,True,-171.39802295928345,-147.3508106931737,142.2288091061863,-373.8595536564981,7.564695787446175,3,test,2,img_B,0.2399999999999999,1,level_1
0.9575514000607654,59,71.0,-239.0,6.0,True,-161.4513832641416,-139.46468753003683,140.7870561876893,-374.4048675030874,9.562257253546916,3,test,2,img_B,0.2399999999999999,1,level_1
0.9738669000798836,60,69.0,-247.0,8.246211251235321,True,-151.87855120176835,-131.91852159736197,138.84167917838522,-375.13062807897506,14.109837653277012,3,test,2,img_B,0.2399999999999999,1,level_1
0.9906852000858635,61,63.0,-254.0,9.219544457292887,True,-142.49766377777635,-124.21572535339708,136.8344585540985,-375.8674380046863,15.489991307915753,3,test,2,img_B,0.2399999999999999,1,level_1
1.0073857000097632,62,50.0,-264.0,16.401219466856727,True,-134.04537252972028,-117.11064639802368,135.6178464677451,-376.30811806211557,24.393139196558106,3,test,2,img_B,0.2399999999999999,1,level_1
1.0241663000779226,63,41.0,-269.0,10.295630140987,True,-125.8073086673689,-110.34527607316586,135.38298106742474,-376.39267851181336,12.256579793751975,3,test,2,img_B,0.2399999999999999,1,level_1
1.0410546000348404,64,33.0,-271.0,8.246211251235321,True,-117.33900374846627,-104.43256625082358,136.23734758949848,-376.084279280294,5.39518707627562,3,test,2,img_B,0.2399999999999999,1,level_1
1.057110800058581,65,22.0,-274.0,11.40175425099138,True,-107.17221620640782,-99.10657229391538,138.40006101681317,-375.29378240325593,5.45656723714656,3,test,2,img_B,0.2399999999999999,1,level_1
1.0735827999887988,66,17.0,-274.0,5.0,True,-95.0966547432656,-94.75124679375317,142.64444967945977,-373.7011653388896,0.18310495019845274,3,test,2,img_B,0.2399999999999999,1,level_1
1.0904530000407249,67,9.0,-275.0,8.06225774829855,True,-82.09016140714814,-90.60565444784756,149.39778277225327,-371.05296455187454,0.40237908195640004,3,test,2,img_B,0.2399999999999999,1,level_1
1.1071318000322208,68,1.0,-275.0,8.0,True,-69.12986629493028,-85.94133977206417,159.53950220190222,-366.8066891935986,-0.45162953602921796,3,test,2,img_B,0.2399999999999999,1,level_1
1.123765500029549,69,-12.0,-274.0,13.038404810405298,True,-57.53393517564536,-80.12785333493007,172.84575961370092,-360.7275195816958,-1.777589410518098,3,test,2,img_B,0.2399999999999999,1,level_1
1.1404474000446498,70,-20.0,-272.0,8.246211251235321,True,-46.82670256998733,-72.86943983302451,188.57623371195237,-352.7591303978043,-1.9610538732822516,3,test,2,img_B,0.2399999999999999,1,level_1
1.1574423999991268,71,-35.0,-264.0,17.0,True,-35.80508770138543,-63.481436536922565,205.64273593539636,-343.0904620606712,-4.67795551731056,3,test,2,img_B,0.2399999999999999,1,level_1
1.1738158999942243,72,-41.0,-259.0,7.810249675906654,True,-24.123757112650487,-52.03257839623995,223.3548964081373,-331.83217181356946,-1.7547044815703376,3,test,2,img_B,0.2399999999999999,1,level_1
1.1919304999755695,73,-48.0,-253.0,9.219544457292887,True,-11.252396477128444,-39.457789183445044,240.70055693388704,-318.27422278442907,-1.0059670060006314,3,test,2,img_B,0.2399999999999999,1,level_1
1.2074607000686228,74,-57.0,-243.0,13.45362404707371,True,2.0857683905305127,-26.691062106482356,256.69509119935555,-302.87651276626707,0.03868638321160615,3,test,2,img_B,0.2399999999999999,1,level_1
1.2237794999964535,75,-63.0,-237.0,8.48528137423857,True,16.44656664170964,-14.605245345208578,270.47097778057633,-286.90192378475837,1.3526294730766553,3,test,2,img_B,0.2399999999999999,1,level_1
1.242526000016369,76,-69.0,-229.0,10.0,True,30.771008184828652,-2.907364908055442,281.7717772897139,-271.60962771568984,2.455044122504378,3,test,2,img_B,0.2399999999999999,1,level_1
1.2576135999988765,77,-80.0,-215.0,17.804493814764857,True,44.7208048152948,8.341749886556235,291.00515976942467,-256.868866482609,5.79988946483689,3,test,2,img_B,0.2399999999999999,1,level_1
1.274942500051111,78,-89.0,-201.0,16.64331697709324,True,59.45781706567285,21.494182018258535,299.15112406305064,-241.92206461678853,5.378721291815657,3,test,2,img_B,0.2399999999999999,1,level_1
1.291079599992372,79,-98.0,-180.0,20.0,True,75.6447484031947,36.4325132462719,306.89208139649577,-226.39725350809044,6.258200799097622,3,test,2,img_B,0.2399999999999999,1,level_1
1.307258200016804,80,-103.0,-168.0,13.0,True,93.56475549755848,53.352114309153336,314.4249195934393,-209.8562299677772,4.245938542403712,3,test,2,img_B,0.2399999999999999,1,level_1
1.324497100082226,81,-107.0,-157.0,11.704699910719626,True,111.48726676296533,70.24567549216378,322.112200883884,-192.1835099660613,3.8572706704604633,3,test,2,img_B,0.2399999999999999,1,level_1
1.3404882000759244,82,-111.0,-138.0,19.4164878389476,True,129.2898400194669,87.12775804599109,330.37081926142395,-173.77046873862503,5.527723789764871,3,test,2,img_B,0.2399999999999999,1,level_1
1.3571482000406832,83,-114.0,-117.0,20.0,True,146.46014330635086,103.43922137261197,338.6429672018913,-155.41091834129188,5.303645520356777,3,test,2,img_B,0.2399999999999999,1,level_1
1.3737359000369906,84,-117.0,-90.0,20.0,True,162.72496499782187,119.01305104875213,346.20817951933265,-138.03763338713827,5.190890764686902,3,test,2,img_B,0.2399999999999999,1,level_1
1.390853099990636,85,-117.0,-64.0,20.0,True,178.111434130129,133.79652898347237,353.07371211955916,-121.77465842668542,4.568703540822763,3,test,2,img_B,0.2399999999999999,1,level_1
1.4077058000257239,86,-117.0,-49.0,15.0,True,193.0781930665749,148.19694781594526,358.8928733760128,-105.96148620014924,3.6769715534369665,3,test,2,img_B,0.2399999999999999,1,level_1
1.4243704000255093,87,-116.0,-38.0,11.045361017187261,True,207.87559607443848,162.44200876408158,364.0533694066685,-89.71177129161593,2.4374085817827527,3,test,2,img_B,0.2399999999999999,1,level_1
1.440819500014186,88,-114.0,-29.0,9.219544457292887,True,222.1846364557322,176.48690481980336,368.93457395614183,-72.46582398921518,1.4727641293844866,3,test,2,img_B,0.2399999999999999,1,level_1
1.45714750001207,89,-109.0,-14.0,15.811388300841896,True,234.82161037554667,189.58339207748074,373.42003062200547,-54.42277477317652,1.4970736840389232,3,test,2,img_B,0.2399999999999999,1,level_1
1.474165300023742,90,-104.0,0.0,14.866068747318506,True,247.13926189815393,202.87992700463607,377.16872101219,-35.919932946670286,1.045797023572518,3,test,2,img_B,0.2399999999999999,1,level_1
1.4904714000876993,91,-96.0,20.0,20.0,True,259.11526636822765,216.77747334542735,380.09331832142476,-17.608870069377126,0.5927152841407946,3,test,2,img_B,0.2399999999999999,1,level_1
1.5072469000006095,92,-89.0,34.0,15.652475842498529,True,272.19950726589224,231.41616920641496,382.29927295774087,-0.5886319726196874,-0.3194543649767302,3,test,2,img_B,0.2399999999999999,1,level_1
1.5253472999902442,93,-84.0,44.0,11.180339887498949,True,285.35106471966253,245.42970115224938,383.1705248445111,14.13337622025436,-0.4354768406042107,3,test,2,img_B,0.2399999999999999,1,level_1
1.5408706000307575,94,-78.0,55.0,12.529964086141668,True,299.16973069529297,259.04751247833576,382.5602324817277,26.42810055265666,-1.3056032518809555,3,test,2,img_B,0.2399999999999999,1,level_1
1.5577923000091687,95,-75.0,62.0,7.615773105863909,True,302.7545367582441,261.418611564481,380.1328850735512,37.48142599429732,-0.5518235708869045,3,test,2,img_B,0.2399999999999999,1,level_1
1.573739800020121,96,-68.0,75.0,14.7648230602334,True,303.5558806299546,260.4876721362698,376.422405851701,48.39571273241999,-3.3455478770512483,3,test,2,img_B,0.2399999999999999,1,level_1
1.5911119000520557,97,-63.0,82.0,8.602325267042627,True,304.6246800888034,259.2369654983529,371.9332164323412,59.4697769006387,-3.5175553152408034,3,test,2,img_B,0.2399999999999999,1,level_1
1.6072260000510141,98,-55.0,95.0,15.264337522473747,True,304.5612253547262,259.3115115270197,366.7972166311572,70.35741448227657,-6.198421743917971,3,test,2,img_B,0.2399999999999999,1,level_1
1.6238052999833599,99,-49.0,105.0,11.661903789690601,True,304.00880547489214,259.95893174447616,361.13521333026097,80.95376212400744,-5.227654762833471,3,test,2,img_B,0.2399999999999999,1,level_1
1.6403823000146076,100,-42.0,115.0,12.206555615733702,True,303.33867491543646,260.7405766284702,354.7965937644949,91.33695946102704,-7.104542894883699,3,test,2,img_B,0.2399999999999999,1,level_1
1.6575184999965131,101,-34.0,126.0,13.601470508735444,True,303.08144000612776,261.03953862166543,347.7972700338035,101.44600315648663,-8.830668509163687,3,test,2,img_B,0.2399999999999999,1,level_1
1.67371160001494,102,-22.0,138.0,16.97056274847714,True,303.4075205263482,260.660462072892,339.8035436168452,111.7965354504457,-14.708787047056452,3,test,2,img_B,0.2399999999999999,1,level_1
1.6905041000572965,103,-13.0,147.0,12.727922061357855,True,304.4381678743223,259.4559730307359,329.85872119365365,123.1834875361827,-11.6699020664138,3,test,2,img_B,0.2399999999999999,1,level_1
1.7073168000206351,104,-2.0,155.0,13.601470508735444,True,306.0988124086926,257.4946932307305,317.8049448240322,135.73349488350306,-15.401606932814557,3,test,2,img_B,0.2399999999999999,1,level_1
1.7238311000401154,105,12.0,168.0,19.1049731745428,True,308.34037306090966,254.80622900678682,304.54171294550787,148.65190896351575,-19.16468549271603,3,test,2,img_B,0.2399999999999999,1,level_1
1.7404712000861764,106,22.0,177.0,13.45362404707371,True,310.87096805941553,251.71261632624189,291.33998295902154,160.9935786382014,-13.58807831470985,3,test,2,img_B,0.2399999999999999,1,level_1
1.7576227000681683,107,37.0,190.0,19.849433241279208,True,313.5434726437542,248.37570485555815,278.6196069291311,172.59505809750587,-19.923044687353304,3,test,2,img_B,0.2399999999999999,1,level_1
1.7738817000063136,108,44.0,197.0,9.899494936611665,True,316.0535623920309,245.17370515474656,265.8949300221681,183.39191274743098,-8.800749640494134,3,test,2,img_B,0.2399999999999999,1,level_1
1.790938000078313,109,51.0,204.0,9.899494936611665,True,318.36704454662214,242.16198080344716,252.18902254985116,193.25740881979095,-9.115646597254532,3,test,2,img_B,0.2399999999999999,1,level_1
1.8076984999934211,110,61.0,215.0,14.866068747318506,True,320.4612548899881,239.38375908639685,236.45955512005168,202.12416297741063,-13.68240642364636,3,test,2,img_B,0.2399999999999999,1,level_1
1.8240789000410587,111,67.0,220.0,7.810249675906654,True,322.696453099274,236.36200870095024,218.75328665961655,209.76205268847312,-9.079071720461874,3,test,2,img_B,0.2399999999999999,1,level_1
1.8410019000293687,112,73.0,225.0,7.810249675906654,True,325.36546791336434,232.67426219828758,200.02345978012298,216.62746635597622,-7.921639960780391,3,test,2,img_B,0.2399999999999999,1,level_1
1.8573193000629544,113,76.0,230.0,5.830951894845301,True,328.81354701811,227.77544050526862,181.59080710831455,223.68006070173635,0.05825570405415389,3,test,2,img_B,0.2399999999999999,1,level_1
1.8740960999857634,114,80.0,233.0,5.0,True,332.6815321606354,220.5586631721456,162.68801638675265,229.86849150010704,-2.1135001207371116,3,test,2,img_B,0.2399999999999999,1,level_1
1.8909861000720412,115,86.0,239.0,8.48528137423857,True,336.0428545946155,210.0823111084953,142.65605240442142,236.3541287610227,0.01994651224990684,3,test,2,img_B,0.2399999999999999,1,level_1
1.9072433999972418,116,89.0,242.0,4.242640687119285,True,339.03614490519436,197.04122126153968,122.47726481804165,242.5029498577454,0.2575640901341436,3,test,2,img_B,0.2399999999999999,1,level_1
1.9236149999778718,117,92.0,248.0,6.708203932499369,True,341.2963551647542,182.95922805808968,103.52341127336042,248.7026287966215,4.462719481860862,3,test,2,img_B,0.2399999999999999,1,level_1
1.940456400043331,118,99.0,255.0,9.899494936611665,True,342.4714726789582,168.6258018465858,87.25141202476223,253.55564770580327,1.6972260782370099,3,test,2,img_B,0.2399999999999999,1,level_1
1.9571500000311062,119,102.0,261.0,6.708203932499369,True,342.81804040041453,154.2269507156069,73.45619129539818,258.0008894833484,4.910864316069937,3,test,2,img_B,0.2399999999999999,1,level_1
1.9747642000438645,120,105.0,265.0,5.0,True,341.9356690689146,139.24358741673385,61.63340445321519,261.71789486545225,2.507233655105854,3,test,2,img_B,0.2399999999999999,1,level_1
1.9905346999876201,121,109.0,270.0,6.4031242374328485,True,339.586186584661,123.37719339713564,51.62504424571978,264.75296754237314,3.155150317102423,3,test,2,img_B,0.2399999999999999,1,level_1
2.0072739999741316,122,113.0,277.0,8.06225774829855,True,336.2327543137267,106.07532298058447,43.10968640629396,267.08446778772867,5.623779040730166,3,test,2,img_B,0.2399999999999999,1,level_1
2.0241070999763906,123,115.0,280.0,3.605551275463989,True,332.42984744081053,88.32881708253332,36.119357032627505,268.3332219076037,1.9112085886625652,3,test,2,img_B,0.2399999999999999,1,level_1
2.0409138000104576,124,118.0,284.0,5.0,True,328.8746026014319,71.4289703697505,30.562390956457236,268.1172502114227,1.3788376363748356,3,test,2,img_B,0.2399999999999999,1,level_1
2.057106400025077,125,121.0,287.0,4.242640687119285,True,325.48703510263795,56.01663604487692,26.233739343291948,265.8719024281586,-0.4703425150618057,3,test,2,img_B,0.2399999999999999,1,level_1
2.0740269999951124,126,124.0,292.0,5.830951894845301,True,322.4574181851911,40.372442038078006,22.777032217827447,261.9256805564802,-0.25866290356921395,3,test,2,img_B,0.2399999999999999,1,level_1
2.0910733999917284,127,127.0,296.0,5.0,True,319.8960010600174,24.496599339066464,19.762219568947916,255.57359364400912,-0.47319462758495856,3,test,2,img_B,0.2399999999999999,1,level_1
2.107689700089395,128,131.0,300.0,5.656854249492381,True,317.56703727990003,9.217241003006128,18.266299126275435,247.31619369045296,-0.09190488956293946,3,test,2,img_B,0.2399999999999999,1,level_1
2.1237376000499353,129,132.0,301.0,1.4142135623730951,True,315.6162132404776,-4.585577979482869,18.237671119888468,237.52460246885587,0.1271842836435997,3,test,2,img_B,0.2399999999999999,1,level_1
2.1407642000121996,130,134.0,302.0,2.23606797749979,True,313.4324977447234,-18.184182995660848,20.179624959491303,227.07112651948415,0.6865692260881527,3,test,2,img_B,0.2399999999999999,1,level_1
2.15715620003175,131,136.0,303.0,2.23606797749979,True,310.6696255865784,-32.05689247149111,22.882811235410028,216.40821302596675,0.8935270106538113,3,test,2,img_B,0.2399999999999999,1,level_1
2.173664900008589,132,138.0,305.0,2.8284271247461903,True,307.6045196660614,-45.81158999139856,25.5989075729553,205.34215834150365,0.9215180060129196,3,test,2,img_B,0.2399999999999999,1,level_1
2.1904693000251427,133,138.0,305.0,0.0,False,304.83832272216705,-58.349936077879484,26.151441591624728,193.69504303915994,0.0,3,test,2,img_B,0.2399999999999999,1,level_1
2.207580400048755,134,139.0,305.0,1.0,True,302.6822786583415,-70.22754971289042,29.591998060261076,182.1034927374174,0.4631492285331557,3,test,2,img_B,0.2399999999999999,1,level_1
2.223624899983406,135,141.0,304.0,2.23606797749979,True,301.12395943656327,-81.40230852037273,33.52324015025782,170.49434075328404,0.8744609867327127,3,test,2,img_B,0.2399999999999999,1,level_1
2.24055990006309,136,141.0,302.0,2.0,True,299.8516781763066,-92.51981283069051,35.62367279422623,158.59678748234626,-0.017488234239955602,3,test,2,img_B,0.2399999999999999,1,level_1
2.2579070000210777,137,141.0,285.0,17.0,True,298.6948770559431,-103.37196261912148,37.71368887554823,146.55077654078863,-0.15447288672705395,3,test,2,img_B,0.2399999999999999,1,level_1
2.273672500043176,138,139.0,261.0,20.0,True,297.0154385824679,-114.78983620124954,39.6313700697124,133.62723711504552,-0.489188337173585,3,test,2,img_B,0.2399999999999999,1,level_1
2.2909117999952286,139,133.0,226.0,20.0,True,295.0404659549886,-126.96202926600309,40.991057634673055,121.54555667943588,-0.7883411131940932,3,test,2,img_B,0.2399999999999999,1,level_1
2.3072299000341445,140,129.0,209.0,17.46424919657298,True,293.22259854389836,-139.50949738064185,41.534172189895145,109.30936208783793,-0.5919647097977386,3,test,2,img_B,0.2399999999999999,1,level_1
2.3236551000736654,141,123.0,191.0,18.973665961010276,True,292.0779551653488,-151.50290344300035,41.24447946993864,97.95793129485583,-0.3414101297493172,3,test,2,img_B,0.2399999999999999,1,level_1
2.341981300036423,142,107.0,157.0,20.0,True,291.5756520259229,-162.5991773503661,40.295468495020785,86.20307110614999,0.2600134164831891,3,test,2,img_B,0.2399999999999999,1,level_1
2.3570941999787465,143,91.0,131.0,20.0,True,291.2379781425506,-173.24081291614544,39.00852712727104,75.16691649375234,0.7755745642505918,3,test,2,img_B,0.2399999999999999,1,level_1
2.3745864999946207,144,78.0,111.0,20.0,True,290.94588653326883,-183.9782610312751,37.64336479223637,64.72677302668002,0.9814879919470743,3,test,2,img_B,0.2399999999999999,1,level_1
2.390431800042279,145,65.0,92.0,20.0,True,290.66734112681326,-195.22482731201848,36.20790472331234,54.390065108896955,1.121986724942392,3,test,2,img_B,0.2399999999999999,1,level_1
2.4073969000019133,146,58.0,83.0,11.40175425099138,True,290.53458756591243,-207.0277660917682,34.67089041642986,44.261906243236716,0.8702335600100772,3,test,2,img_B,0.2399999999999999,1,level_1
2.423732800059952,147,50.0,73.0,12.806248474865697,True,290.7641356722421,-218.5349427016318,32.881331469552904,33.80389959571075,1.3676099942445707,3,test,2,img_B,0.2399999999999999,1,level_1
2.441219300031662,148,35.0,57.0,20.0,True,292.0319374254797,-229.6989718499409,30.501200949298557,23.032426515476015,4.244340763676842,3,test,2,img_B,0.2399999999999999,1,level_1
2.457793000037782,149,22.0,44.0,18.384776310850235,True,294.2700141473707,-240.1288444735404,27.395054501978592,11.517447167656393,5.95392337535313,3,test,2,img_B,0.2399999999999999,1,level_1
2.4741182000143453,150,9.0,30.0,19.1049731745428,True,298.9505150513509,-251.45274106953843,23.835994877878857,-0.6737754582842914,9.109589955017524,3,test,2,img_B,0.2399999999999999,1,level_1
2.4910506000742316,151,-10.0,8.0,20.0,True,302.9444448802582,-261.198513235034,20.222754197267758,-12.228668510820823,11.602301712024513,3,test,2,img_B,0.2399999999999999,1,level_1
2.5077545000240207,152,-16.0,-2.0,11.661903789690601,True,300.58043797769704,-263.9155173632953,16.529921357564007,-23.353309971222522,6.837341944157945,3,test,2,img_B,0.2399999999999999,1,level_1
2.5239362000720575,153,-27.0,-15.0,17.029386365926403,True,298.92663473038,-265.78725900383176,12.323259209984307,-33.25574220799488,13.274613770004123,3,test,2,img_B,0.2399999999999999,1,level_1
2.5409643000457436,154,-33.0,-20.0,7.810249675906654,True,298.4230656187511,-266.35253688806233,7.24946154729989,-42.64537288225213,8.024211263958916,3,test,2,img_B,0.2399999999999999,1,level_1
2.55768079997506,155,-43.0,-27.0,12.206555615733702,True,299.3690863044947,-265.2888052014484,1.4818344337765046,-51.05722095778806,15.431850352372813,3,test,2,img_B,0.2399999999999999,1,level_1
2.573602700023912,156,-57.0,-39.0,18.439088914585774,True,301.8448173661166,-262.4684861639883,-4.82989089009521,-58.795921766550535,25.791254991357608,3,test,2,img_B,0.2399999999999999,1,level_1
2.590883400058374,157,-69.0,-47.0,14.422205101855956,True,305.57288896541877,-258.1185958611426,-12.391557588529874,-66.01605007939231,23.84901411407171,3,test,2,img_B,0.2399999999999999,1,level_1
2.6071319000329822,158,-80.0,-57.0,14.866068747318506,True,310.07679582641094,-252.69028610143732,-21.01375393786148,-73.30826097564898,24.513518529013542,3,test,2,img_B,0.2399999999999999,1,level_1
2.624208900029771,159,-86.0,-61.0,7.211102550927978,True,314.9442836862587,-246.5970360189867,-30.701684698828288,-79.66114431208332,13.083687306510916,3,test,2,img_B,0.2399999999999999,1,level_1
2.6408072999911383,160,-93.0,-67.0,9.219544457292887,True,321.3892339237634,-238.13643215160604,-40.519384753012744,-84.9730463832764,16.79654983481149,3,test,2,img_B,0.2399999999999999,1,level_1
2.657577099977061,161,-97.0,-69.0,4.47213595499958,True,328.5466736260211,-228.16021399287993,-50.62469961540964,-88.24276585980525,8.824803210081024,3,test,2,img_B,0.2399999999999999,1,level_1
2.673580100061372,162,-104.0,-73.0,8.06225774829855,True,337.2466640460511,-215.09227691809386,-61.26322151525249,-90.57698081087237,15.698258313262881,3,test,2,img_B,0.2399999999999999,1,level_1
2.6913127000443637,163,-110.0,-75.0,6.324555320336759,True,345.25874171986595,-201.98119037676474,-73.24476173462045,-90.94192801892858,12.311936773692247,3,test,2,img_B,0.2399999999999999,1,level_1
2.7070247000083327,164,-115.0,-77.0,5.385164807134504,True,352.4995424819118,-189.06102863901606,-85.92552925646446,-89.21971534152672,10.026091695812397,3,test,2,img_B,0.2399999999999999,1,level_1
2.723632900044322,165,-117.0,-78.0,2.23606797749979,True,358.1870005373572,-178.05075862250985,-99.38400647234602,-85.16421702940478,3.844179010590689,3,test,2,img_B,0.2399999999999999,1,level_1
2.7408464000327513,166,-119.0,-79.0,2.23606797749979,True,363.0179179277345,-167.9821159034872,-113.48255319365725,-79.16656816340496,3.6152744641650703,3,test,2,img_B,0.2399999999999999,1,level_1
2.757365500088781,167,-121.0,-79.0,2.0,True,367.5748877802093,-157.76153483459328,-128.043198010772,-70.91488793000426,3.026366607438019,3,test,2,img_B,0.2399999999999999,1,level_1
2.7745334000792354,168,-122.0,-79.0,1.0,True,372.1552860168261,-146.6302939018209,-143.69541173947977,-61.62811464592087,1.3774785274840344,3,test,2,img_B,0.2399999999999999,1,level_1
2.7908111000433564,169,-122.0,-76.0,3.0,True,376.8805554550009,-134.01883046769962,-156.34771943410414,-48.19498761247101,-0.5565531181291336,3,test,2,img_B,0.2399999999999999,1,level_1
2.807146199978888,170,-122.0,-65.0,11.0,True,381.58407576867205,-119.04800113225014,-168.35653188344565,-33.21830463367665,-1.9123769029801392,3,test,2,img_B,0.2399999999999999,1,level_1
2.823615500004962,171,-118.0,-48.0,17.46424919657298,True,385.343151685162,-101.62887867980837,-179.34136827241994,-16.620506474054217,-5.492397688418062,3,test,2,img_B,0.2399999999999999,1,level_1
2.8411143000703305,172,-108.0,-19.0,20.0,True,388.3551867559544,-83.75519463412694,-189.28729104126006,1.7848255352818363,-6.193473158459195,3,test,2,img_B,0.2399999999999999,1,level_1
2.8568166000768542,173,-91.0,21.0,20.0,True,390.31479950348273,-67.78433293496647,-198.52012760392384,21.953476051611513,-5.742178121038957,3,test,2,img_B,0.2399999999999999,1,level_1
2.8737528000492603,174,-82.0,40.0,20.0,True,389.9079543209877,-54.73176134934596,-208.01717701207374,45.15792668565966,-4.314315592205409,3,test,2,img_B,0.2399999999999999,1,level_1
2.890392699977383,175,-73.0,56.0,18.35755975068582,True,387.28250148730217,-44.42484150059595,-217.0285017601605,69.34835649996943,-1.4315409719263503,3,test,2,img_B,0.2399999999999999,1,level_1
2.907005700049922,176,-58.0,87.0,20.0,True,382.61174114825644,-36.13141076511025,-226.70298182796574,95.13964011895416,2.3850583249143154,3,test,2,img_B,0.2399999999999999,1,level_1
2.9239148000488058,177,-47.0,108.0,20.0,True,377.5374929895925,-30.02699315901897,-235.97464696916754,120.55466163612661,5.771118746485681,3,test,2,img_B,0.2399999999999999,1,level_1
2.940393300028518,178,-33.0,130.0,20.0,True,372.1014336691406,-25.268652922539452,-245.16732057669557,146.7553393489909,9.332831061869607,3,test,2,img_B,0.2399999999999999,1,level_1
2.956848500063643,179,-13.0,163.0,20.0,True,366.4946223570787,-21.097424320288788,-254.09016848488704,171.63218002075445,10.70753483670961,3,test,2,img_B,0.2399999999999999,1,level_1
2.974144999985583,180,4.0,191.0,20.0,True,359.54543449227623,-17.154881700991172,-262.5514540400134,194.9451557012918,13.120743814670142,3,test,2,img_B,0.2399999999999999,1,level_1
2.990961299976334,181,26.0,224.0,20.0,True,349.7469092650793,-13.297018557921717,-270.2935219358876,217.05560446604454,16.266000788779202,3,test,2,img_B,0.2399999999999999,1,level_1
0.002333699958398938,1,53.0,-14.0,20.0,True,309.2022447828678,3.9987423446718036,-297.88228135863625,6.376728700460674,-14.452099131196432,4,test,2,img_B,0.2399999999999999,1,level_1
0.010595200001262128,2,53.0,-14.0,0.0,False,328.85514120329293,11.915713182256642,-297.88758646726563,20.05726928631823,0.0,4,test,2,img_B,0.2399999999999999,1,level_1
0.02776540000922978,3,65.0,-17.0,12.36931687685298,True,349.85912806348466,19.274696076909954,-295.9936792439194,33.51695674681445,-11.63175301786082,4,test,2,img_B,0.2399999999999999,1,level_1
0.04478500003460795,4,94.0,-21.0,20.0,True,370.6556983243784,23.972287706311533,-295.42540338336767,45.83845652365772,-20.540474041042344,4,test,2,img_B,0.2399999999999999,1,level_1
0.06110409996472299,5,107.0,-22.0,13.038404810405298,True,391.4625838514152,26.588261116208113,-296.47890967935723,57.179266712390714,-14.971884552290666,4,test,2,img_B,0.2399999999999999,1,level_1
0.07761959999334067,6,125.0,-20.0,18.110770276274835,True,399.0799603283051,27.114299997573198,-298.1688649257791,67.88971834978744,-18.924354131051217,4,test,2,img_B,0.2399999999999999,1,level_1
0.09424320003017783,7,138.0,-13.0,14.7648230602334,True,399.07273406484944,27.22045051070895,-300.89765106959504,78.39254854886663,-9.972076455061519,4,test,2,img_B,0.2399999999999999,1,level_1
0.11085920000914484,8,154.0,-4.0,18.35755975068582,True,399.04353854367145,27.64515050683271,-305.2759064980914,90.283150792064,-13.843661226694124,4,test,2,img_B,0.2399999999999999,1,level_1
0.12817749998066574,9,169.0,7.0,18.601075237738275,True,398.91983837839564,29.37622419840056,-311.6387975291625,103.16651249322145,-13.376769955832168,4,test,2,img_B,0.2399999999999999,1,level_1
0.1441185000585392,10,189.0,28.0,20.0,True,398.76161294399884,31.45116917223415,-319.7461680817554,116.10286626633436,-11.302947232035528,4,test,2,img_B,0.2399999999999999,1,level_1
0.16204490000382066,11,200.0,39.0,15.556349186104045,True,398.58217614940503,33.64890571778946,-328.61610094874925,126.67082296525403,-11.591468337792492,4,test,2,img_B,0.2399999999999999,1,level_1
0.17792479996569455,12,214.0,58.0,20.0,True,398.45954376542994,35.071241527003984,-337.44837048088084,134.28794721985997,-12.966698322870318,4,test,2,img_B,0.2399999999999999,1,level_1
0.1941400000359863,13,226.0,82.0,20.0,True,398.36666507017475,36.11094239793811,-346.2966152294939,139.27264457947695,-10.794006390721478,4,test,2,img_B,0.2399999999999999,1,level_1
0.21118950005620718,14,233.0,95.0,14.7648230602334,True,398.3261694069798,36.55492806123493,-355.16379868464105,142.9968605336598,-10.050108908262073,4,test,2,img_B,0.2399999999999999,1,level_1
0.2272003999678418,15,247.0,130.0,20.0,True,398.3049087030808,36.785862814816625,-364.7094334345202,146.46095085770318,-10.137806006913435,4,test,2,img_B,0.2399999999999999,1,level_1
0.244211700046435,16,248.0,140.0,10.04987562112089,True,398.19306002795975,37.977453121156515,-371.4590795944179,148.38514813440008,-0.9195411060165284,4,test,2,img_B,0.2399999999999999,1,level_1
0.2608674999792129,17,248.0,147.0,7.0,True,397.8942941411349,40.989397286713654,-372.0743652163214,146.8355091552158,-0.9692157731389033,4,test,2,img_B,0.2399999999999999,1,level_1
0.2773140000645071,18,240.0,167.0,20.0,True,397.4199490992334,45.3583956722765,-373.25937858451135,143.79651003659455,6.904543163329462,4,test,2,img_B,0.2399999999999999,1,level_1
0.29411849996540695,19,228.0,187.0,20.0,True,396.834284065216,50.225003638102535,-374.8976147292705,139.46963278901788,9.063307510818428,4,test,2,img_B,0.2399999999999999,1,level_1
0.31154450005851686,20,217.0,198.0,15.556349186104045,True,396.1828238843123,55.12866821402438,-376.7167247374045,134.47865742608602,12.30755278642524,4,test,2,img_B,0.2399999999999999,1,level_1
0.32761589996516705,21,200.0,210.0,20.0,True,395.3317625019734,60.932729768846606,-378.5395636697012,129.25865052967342,19.14492587365082,4,test,2,img_B,0.2399999999999999,1,level_1
0.3448177999816835,22,180.0,216.0,20.0,True,394.2508013926939,67.5744448828002,-380.36053275786537,123.79767816947482,27.087092120576216,4,test,2,img_B,0.2399999999999999,1,level_1
0.36148469999898225,23,142.0,218.0,20.0,True,392.8224991870598,75.43529765588784,-382.042771306805,118.50451844641323,31.022270703138545,4,test,2,img_B,0.2399999999999999,1,level_1
0.37750890001188964,24,116.0,218.0,20.0,True,390.96425030612136,84.53966514348454,-383.4416722119289,113.89681299895824,29.64309304911854,4,test,2,img_B,0.2399999999999999,1,level_1
0.3956513999728486,25,92.0,218.0,20.0,True,388.55914239322203,94.9831188298416,-384.65014542595344,109.74636952443068,26.567974995715936,4,test,2,img_B,0.2399999999999999,1,level_1
0.4121879000449553,26,54.0,217.0,20.0,True,385.7368353712592,105.86356237046869,-385.7148095666393,105.94378547593612,25.014507041986832,4,test,2,img_B,0.2399999999999999,1,level_1
0.42754409997723997,27,23.0,209.0,20.0,True,382.53842593451134,116.89462213269856,-386.8496488023809,101.72192104691368,27.546485436929487,4,test,2,img_B,0.2399999999999999,1,level_1
0.44426330004353076,28,-11.0,201.0,20.0,True,379.11224374534805,127.56922294334088,-387.89277713335116,97.66879464689016,25.97325133989697,4,test,2,img_B,0.2399999999999999,1,level_1
0.4610042000422254,29,-53.0,190.0,20.0,True,375.1672168805914,138.74278135481956,-388.940113815739,93.41085517754351,25.04752666576685,4,test,2,img_B,0.2399999999999999,1,level_1
0.4782880999846384,30,-77.0,187.0,20.0,True,370.26357053099144,151.34361016455742,-389.86088484889893,89.4901696547367,20.780689769686358,4,test,2,img_B,0.2399999999999999,1,level_1
0.49444719997700304,31,-110.0,185.0,20.0,True,363.40903882933367,167.13428881333675,-390.6686210801388,85.8954510049452,17.08911761094297,4,test,2,img_B,0.2399999999999999,1,level_1
0.5108281000284478,32,-128.0,182.0,18.24828759089466,True,354.3017469984882,185.6617140764869,-391.4768406561882,82.13332593928902,15.774978435044059,4,test,2,img_B,0.2399999999999999,1,level_1
0.5281286999816075,33,-149.0,178.0,20.0,True,343.5012149858042,204.9558862372006,-392.22218890700816,78.49684407028866,16.382966922795994,4,test,2,img_B,0.2399999999999999,1,level_1
0.5443548000184819,34,-179.0,167.0,20.0,True,333.1536275319601,221.37899733781427,-392.9766627978668,74.62802755166246,18.197600001690343,4,test,2,img_B,0.2399999999999999,1,level_1
0.5613446000497788,35,-195.0,160.0,17.46424919657298,True,324.51920033251247,233.85313471396242,-393.717623709946,70.61467822056098,15.51810572529685,4,test,2,img_B,0.2399999999999999,1,level_1
0.5781776000512764,36,-212.0,148.0,20.0,True,317.9676059324974,242.68622041137,-394.48399978730055,66.19950084262766,18.808169016376517,4,test,2,img_B,0.2399999999999999,1,level_1
0.5945021000225097,37,-221.0,139.0,12.727922061357855,True,311.8003887263263,250.1330166074984,-395.26307521985456,61.37671682114978,11.88774694432644,4,test,2,img_B,0.2399999999999999,1,level_1
0.6112296000355855,38,-232.0,127.0,16.278820596099706,True,304.7727325783475,256.7524352578952,-395.9249986321236,56.95081613245679,13.945563439597834,4,test,2,img_B,0.2399999999999999,1,level_1
0.6282234999816865,39,-249.0,98.0,20.0,True,296.6313562807687,262.49948850037134,-396.5078612624642,52.74007922886019,16.42537241736974,4,test,2,img_B,0.2399999999999999,1,level_1
0.6441435000160709,40,-260.0,76.0,20.0,True,288.04714999010673,266.72980356398955,-397.0115011750097,48.80438438055786,13.539401032993677,4,test,2,img_B,0.2399999999999999,1,level_1
0.6626074999803677,41,-267.0,61.0,16.55294535724685,True,279.62580370353186,269.3110953016279,-397.4711767411878,44.90727847437913,8.400999453036468,4,test,2,img_B,0.2399999999999999,1,level_1
0.6780487999785691,42,-273.0,42.0,19.924858845171276,True,271.5439992452613,270.65365442941635,-397.923258623081,40.707250543221626,8.072113466452521,4,test,2,img_B,0.2399999999999999,1,level_1
0.6949130999855697,43,-276.0,29.0,13.341664064126334,True,263.74702795554236,271.21137152806534,-398.34379318346333,36.3623766028868,4.404600972640863,4,test,2,img_B,0.2399999999999999,1,level_1
0.7111751000629738,44,-279.0,15.0,14.317821063276353,True,255.535520164194,271.53362215664737,-398.71486655977475,32.03833928625225,4.326862499337038,4,test,2,img_B,0.2399999999999999,1,level_1
0.727741300011985,45,-280.0,-4.0,19.026297590440446,True,246.30968143225883,271.3433637156512,-399.0372882025687,27.73522352425003,5.126860932742136,4,test,2,img_B,0.2399999999999999,1,level_1
0.744279499980621,46,-280.0,-15.0,11.0,True,235.67909533195265,269.9023396698591,-399.2960354536484,23.72079406341119,1.4825144897948919,4,test,2,img_B,0.2399999999999999,1,level_1
0.7613908000057563,47,-280.0,-26.0,11.0,True,223.3615330754509,266.7144165435968,-399.46843831770724,20.61472260332723,-0.6269668983008341,4,test,2,img_B,0.2399999999999999,1,level_1
0.7773927999660373,48,-276.0,-45.0,19.4164878389476,True,209.44806870593553,261.12045742962755,-399.56166679630576,18.720962233761554,-5.707486689770967,4,test,2,img_B,0.2399999999999999,1,level_1
0.7943238000152633,49,-273.0,-58.0,13.341664064126334,True,195.10340259500725,254.21597609478212,-399.5947694462404,18.000561969173276,-5.907499658123589,4,test,2,img_B,0.2399999999999999,1,level_1
0.8114947000285611,50,-270.0,-70.0,12.36931687685298,True,182.38505448653743,246.649644694324,-399.5874414946214,18.162505327804983,-7.2227354105675605,4,test,2,img_B,0.2399999999999999,1,level_1
0.828275499981828,51,-260.0,-88.0,20.0,True,171.9051897605621,239.24897376632137,-399.50605041227834,19.872485601507346,-14.594455968636273,4,test,2,img_B,0.2399999999999999,1,level_1
0.8447542999638245,52,-250.0,-106.0,20.0,True,162.54264863478676,231.43831878641066,-399.3327497133686,23.094479997611455,-18.085378134770565,4,test,2,img_B,0.2399999999999999,1,level_1
0.8616783999605104,53,-236.0,-126.0,20.0,True,153.74742701561698,222.95263489179752,-398.9742991979638,28.627060266357727,-20.792786562035033,4,test,2,img_B,0.2399999999999999,1,level_1
0.8777063000015914,54,-208.0,-156.0,20.0,True,146.3903574690395,213.24850107156922,-398.29200294606574,36.92533532970558,-23.14009265422915,4,test,2,img_B,0.2399999999999999,1,level_1
0.8948364000534639,55,-189.0,-170.0,20.0,True,141.6458103725203,202.04558891011956,-397.1434217556049,47.71899575902403,-24.374366828532487,4,test,2,img_B,0.2399999999999999,1,level_1
0.911150100058876,56,-163.0,-186.0,20.0,True,139.113362884614,188.57084507000707,-395.5446864143161,59.53487254878719,-25.95907422518122,4,test,2,img_B,0.2399999999999999,1,level_1
0.9276084000011906,57,-145.0,-197.0,20.0,True,138.05263506302185,171.21437420875833,-393.73939756192357,70.4931685170521,-27.28814755451352,4,test,2,img_B,0.2399999999999999,1,level_1
0.9440270999912173,58,-123.0,-204.0,20.0,True,137.64650608529965,151.11558416049894,-391.5533348337804,81.76787865993249,-16.237664184091866,4,test,2,img_B,0.2399999999999999,1,level_1
0.9612577999942005,59,-88.0,-213.0,20.0,True,137.82584218487474,129.78023945086335,-389.0320809170879,93.0270929209355,-9.202465392828351,4,test,2,img_B,0.2399999999999999,1,level_1
0.9777084999950603,60,-71.0,-216.0,17.26267650163207,True,138.8287889742439,109.70851783288614,-386.04180344119686,104.74600706408009,-3.124752323616794,4,test,2,img_B,0.2399999999999999,1,level_1
0.9949354999698699,61,-53.0,-216.0,18.0,True,141.01013663048104,90.5278331048877,-382.41414103960943,116.3157976081369,3.3513540655685166,4,test,2,img_B,0.2399999999999999,1,level_1
1.0109136999817565,62,-24.0,-218.0,20.0,True,144.76732028464255,71.63927968669121,-377.7112795530423,126.9460742111551,1.5718237643253974,4,test,2,img_B,0.2399999999999999,1,level_1
1.0278985999757424,63,-6.0,-217.0,18.027756377319946,True,150.07512321987377,53.396452722938704,-371.7630750690078,137.10330678813844,5.8905574370855165,4,test,2,img_B,0.2399999999999999,1,level_1
1.0447854000376537,64,19.0,-214.0,20.0,True,157.00134114600093,35.70729684398485,-365.2519939143885,146.69712126864596,8.101737722212542,4,test,2,img_B,0.2399999999999999,1,level_1
1.0611264000181109,65,38.0,-210.0,19.4164878389476,True,165.03760005725684,19.591283569102636,-357.89791439820436,156.82730636399822,9.499937753490757,4,test,2,img_B,0.2399999999999999,1,level_1
1.0776906999526545,66,65.0,-201.0,20.0,True,174.22800464059262,5.177624656686245,-350.42643038112044,167.2853457554843,11.307785708161768,4,test,2,img_B,0.2399999999999999,1,level_1
1.0946617999579757,67,111.0,-178.0,20.0,True,184.08497183788353,-7.424491069226363,-342.9813630444536,177.2037534057974,13.916318888784232,4,test,2,img_B,0.2399999999999999,1,level_1
1.111068099969998,68,140.0,-165.0,20.0,True,195.5415826350477,-20.353761843907677,-335.55886631225724,186.0354516705599,12.02459492613519,4,test,2,img_B,0.2399999999999999,1,level_1
1.1276348000392318,69,168.0,-148.0,20.0,True,207.50288193935444,-33.26131982865617,-327.7014474983799,194.14377129181548,15.344030896260051,4,test,2,img_B,0.2399999999999999,1,level_1
1.1451252000406384,70,204.0,-116.0,20.0,True,219.52029950732816,-45.80557883571694,-318.49245123396435,202.57278200659795,19.251864859670775,4,test,2,img_B,0.2399999999999999,1,level_1
1.162631200044416,71,222.0,-99.0,20.0,True,230.21942956557524,-56.728233577831,-308.7255400837664,210.45227980339706,19.5747069998863,4,test,2,img_B,0.2399999999999999,1,level_1
1.1781831999542192,72,249.0,-69.0,20.0,True,240.2990585782863,-67.11289299247336,-298.73114942451025,217.81164599649605,20.93694352849878,4,test,2,img_B,0.2399999999999999,1,level_1
1.1947022000094876,73,268.0,-43.0,20.0,True,250.23972750490367,-77.86259409190403,-290.0586174684766,224.67580758379083,23.118345819188292,4,test,2,img_B,0.2399999999999999,1,level_1
1.2111936999717727,74,286.0,-15.0,20.0,True,260.8042456369788,-89.28866924397242,-282.0352903551607,230.75079514086906,23.788354651789486,4,test,2,img_B,0.2399999999999999,1,level_1
1.2280354000395164,75,299.0,8.0,20.0,True,272.1595494911634,-100.84222648051582,-273.7304652122351,235.7807756806892,22.957046317572647,4,test,2,img_B,0.2399999999999999,1,level_1
1.2441417999798432,76,314.0,41.0,20.0,True,284.7819989542885,-112.09009659002494,-263.6267921856455,240.09220341720172,20.692256617872363,4,test,2,img_B,0.2399999999999999,1,level_1
1.2608417000155896,77,322.0,60.0,20.0,True,298.04602350178317,-123.16091503375198,-251.80122431999695,244.15164022722544,19.178299906403065,4,test,2,img_B,0.2399999999999999,1,level_1
1.277802300057374,78,329.0,79.0,20.0,True,311.02678733670393,-133.93678243365068,-239.4447966930723,248.11253112582682,18.979876407506953,4,test,2,img_B,0.2399999999999999,1,level_1
1.2942874999716878,79,335.0,111.0,20.0,True,322.9309646176407,-144.78179110258912,-227.33431920563152,251.90725683061095,19.908654752544507,4,test,2,img_B,0.2399999999999999,1,level_1
1.3108669000212103,80,337.0,135.0,20.0,True,335.13873044992886,-155.79495940583772,-215.06522505352862,256.0140406670845,20.018784734753808,4,test,2,img_B,0.2399999999999999,1,level_1
1.3287756000645459,81,336.0,173.0,20.0,True,347.6983164075094,-166.23886343950232,-202.3097581797063,260.50641507894534,19.33287872524845,4,test,2,img_B,0.2399999999999999,1,level_1
1.3443965000333264,82,331.0,203.0,20.0,True,359.7236103993354,-174.9254816236535,-188.23831945538234,265.61787108099963,17.669613818112115,4,test,2,img_B,0.2399999999999999,1,level_1
1.3614525999873877,83,323.0,243.0,20.0,True,358.9840562471809,-176.43822533771095,-173.7930295596785,270.6313809540511,16.65817094375179,4,test,2,img_B,0.2399999999999999,1,level_1
1.3775451000547037,84,316.0,264.0,20.0,True,358.3690097314609,-177.68413790795196,-160.05550343749096,275.3000613375071,15.535710728997639,4,test,2,img_B,0.2399999999999999,1,level_1
1.3947557000210509,85,312.0,281.0,17.46424919657298,True,357.52917837639706,-179.36802003004456,-147.63056394178048,279.3128432679678,14.33013787660721,4,test,2,img_B,0.2399999999999999,1,level_1
1.4123848000308499,86,306.0,300.0,19.924858845171276,True,356.5891507984578,-181.22962653174213,-135.38446118432412,282.8644302145584,15.469411985584221,4,test,2,img_B,0.2399999999999999,1,level_1
1.4279133999953046,87,299.0,322.0,20.0,True,355.274792450328,-183.79287758065155,-123.14346593598893,286.203683928847,15.892337396211573,4,test,2,img_B,0.2399999999999999,1,level_1
1.4445503000169992,88,291.0,339.0,18.788294228055936,True,353.7126469811793,-186.78159268398912,-110.83228788705442,289.2600727655761,13.52460878649432,4,test,2,img_B,0.2399999999999999,1,level_1
1.4612825000658631,89,271.0,386.0,20.0,True,351.8976317388941,-190.17901245026403,-98.71500847002045,291.49833511022007,13.953060343326067,4,test,2,img_B,0.2399999999999999,1,level_1
1.4776850000489503,90,254.0,426.0,20.0,True,350.1012288647776,-193.46609405105747,-86.48209234445706,293.03958091347477,12.948404138305346,4,test,2,img_B,0.2399999999999999,1,level_1
1.4948079000459984,91,231.0,478.0,20.0,True,348.5113517587277,-196.3156583039274,-74.80863978344603,293.84854399223235,11.697498438933529,4,test,2,img_B,0.2399999999999999,1,level_1
1.511460000067018,92,216.0,509.0,20.0,True,346.9327819531761,-199.09205108750558,-64.08236166117106,294.38886170537666,11.15269825865149,4,test,2,img_B,0.2399999999999999,1,level_1
1.5274724999908358,93,199.0,543.0,20.0,True,344.91900757737454,-202.56080127171447,-53.650969930227745,295.23908497015833,12.051915267281373,4,test,2,img_B,0.2399999999999999,1,level_1
1.5448489000555128,94,193.0,552.0,10.816653826391969,True,342.2513545137097,-207.0362536695711,-41.890227802044286,296.40276150698713,5.724491340494685,4,test,2,img_B,0.2399999999999999,1,level_1
1.5711011999519542,95,165.0,600.0,20.0,True,338.9254374630216,-212.4371620985826,-28.031748691610872,298.3257497869462,12.227029181641731,4,test,2,img_B,0.2399999999999999,1,level_1
1.5775808000471443,96,165.0,600.0,0.0,False,335.18318867936284,-218.29390744300363,-13.088119588378412,296.66649484450465,0.0,4,test,2,img_B,0.2399999999999999,1,level_1
1.5948589000618085,97,158.0,600.0,7.0,True,330.6483327451123,-225.1037095493485,2.1541095642519004,293.63772792391285,-6.476885353344244,4,test,2,img_B,0.2399999999999999,1,level_1
1.6112168000545353,98,151.0,600.0,7.0,True,325.0921466812453,-233.05599362852635,17.482551652447224,291.2511810214636,-7.6479047438656185,4,test,2,img_B,0.2399999999999999,1,level_1
1.6277280000504106,99,145.0,600.0,6.0,True,318.19595471092686,-242.38674552376375,33.28148009303119,289.73179658867537,-7.559603314112898,4,test,2,img_B,0.2399999999999999,1,level_1
1.6450801000464708,100,134.0,600.0,11.0,True,310.363499667861,-252.33806306999676,49.337095473247516,289.06285555929634,-15.584796617539018,4,test,2,img_B,0.2399999999999999,1,level_1
1.6611590000102296,101,122.0,600.0,12.0,True,302.13047893893406,-262.1396072632488,65.06755195028653,288.8012808462249,-18.537490236062403,4,test,2,img_B,0.2399999999999999,1,level_1
1.6782269000541419,102,112.0,600.0,10.0,True,294.3380974302536,-270.8598981044233,80.60066667522376,288.70423998246287,-16.539794382817753,4,test,2,img_B,0.2399999999999999,1,level_1
1.694166100001894,103,97.0,600.0,15.0,True,286.79090022477504,-277.4872437681811,95.19023779134862,288.66917770967854,-26.271161419695353,4,test,2,img_B,0.2399999999999999,1,level_1
1.7109856000170112,104,87.0,600.0,10.0,True,278.79610765561966,-281.93607555592155,108.702867273085,288.6566863187341,-18.738188258858397,4,test,2,img_B,0.2399999999999999,1,level_1
1.727345100021921,105,79.0,600.0,8.0,True,269.7814634732642,-284.5759310223375,121.2592209979196,288.86118235103146,-15.676511683236118,4,test,2,img_B,0.2399999999999999,1,level_1
1.7440083000110462,106,67.0,599.0,12.041594578792296,True,259.470835036214,-285.6069479404541,133.51469766711523,289.4361289889465,-24.073629309437894,4,test,2,img_B,0.2399999999999999,1,level_1
1.7606838999781758,107,59.0,599.0,8.0,True,247.97137805565413,-284.67539300352564,145.84662074688973,291.52820032223235,-15.861185501783435,4,test,2,img_B,0.2399999999999999,1,level_1
1.7778391999891028,108,49.0,595.0,10.770329614269007,True,235.4708428209115,-282.0106447018114,157.93077713396906,292.8554770000966,-19.323245791225304,4,test,2,img_B,0.2399999999999999,1,level_1
1.7940298999892548,109,25.0,584.0,20.0,True,221.2985935484408,-278.0920786262368,168.5304012085905,294.7039281054533,-34.64562312934926,4,test,2,img_B,0.2399999999999999,1,level_1
1.81104930001311,110,7.0,573.0,20.0,True,205.0726380370393,-274.0431777636553,177.20239645825794,297.42759568315074,-33.439449633170156,4,test,2,img_B,0.2399999999999999,1,level_1
1.8278678000206128,111,-12.0,562.0,20.0,True,186.84879580743421,-270.2293307389308,183.43406495289864,301.5915370576738,-34.84757748233789,4,test,2,img_B,0.2399999999999999,1,level_1
1.844520500046201,112,-22.0,554.0,12.806248474865697,True,168.6552435889749,-266.11594530703695,188.22364382075523,306.5435284867415,-20.69219947084759,4,test,2,img_B,0.2399999999999999,1,level_1
1.8612756000366062,113,-33.0,547.0,13.038404810405298,True,152.9173955755961,-260.8359917131173,191.79441734156993,312.361469256124,-19.922159213312085,4,test,2,img_B,0.2399999999999999,1,level_1
1.878566600033082,114,-55.0,526.0,20.0,True,140.27983038655603,-253.51208359607168,195.44995017061694,318.9373165957899,-24.691819372845842,4,test,2,img_B,0.2399999999999999,1,level_1
1.8941356999566779,115,-79.0,498.0,20.0,True,129.28500681981686,-244.05080662994555,199.46007625482054,326.11377325044987,-19.56617361341091,4,test,2,img_B,0.2399999999999999,1,level_1
1.91085500002373,116,-85.0,493.0,7.810249675906654,True,118.10078844147722,-233.00962679709264,203.0423222834108,333.52788185046603,-7.869469291738721,4,test,2,img_B,0.2399999999999999,1,level_1
1.9275061000371352,117,-95.0,479.0,17.204650534085253,True,105.49307200722302,-220.81117475389436,207.16262248375912,340.6076748178929,-14.581914899900717,4,test,2,img_B,0.2399999999999999,1,level_1
1.9441789999837056,118,-101.0,467.0,13.416407864998739,True,92.33466000556848,-209.51012591819082,208.80294136485054,341.17639378683106,-9.851436469914509,4,test,2,img_B,0.2399999999999999,1,level_1
1.9613766999682412,119,-106.0,448.0,19.6468827043885,True,79.41095175883889,-199.65954080749592,210.20460854380312,340.31459349687975,-9.926968021334934,4,test,2,img_B,0.2399999999999999,1,level_1
1.9779171999543905,120,-112.0,406.0,20.0,True,68.40664507936073,-191.4197754271934,211.70647251204377,339.3823352746976,-6.83160999341723,4,test,2,img_B,0.2399999999999999,1,level_1
1.9942478999728337,121,-114.0,372.0,20.0,True,57.78466781940434,-182.3221479888018,212.5472826672824,338.8563893904826,-4.229719318161154,4,test,2,img_B,0.2399999999999999,1,level_1
2.011627300060354,122,-113.0,332.0,20.0,True,46.253245361044705,-170.12177568211703,212.72927971288647,338.74216382499026,-1.4905995710110398,4,test,2,img_B,0.2399999999999999,1,level_1
2.0273284000577405,123,-109.0,308.0,20.0,True,31.786186992250418,-154.08523677653145,211.69523657397212,339.38934398694664,0.16187899090566837,4,test,2,img_B,0.2399999999999999,1,level_1
2.044852799968794,124,-108.0,302.0,6.082762530298219,True,14.782821767172656,-133.85680575365492,207.87544073521343,341.7423022383106,-0.6213948469880515,4,test,2,img_B,0.2399999999999999,1,level_1
2.0620560999959707,125,-102.0,278.0,20.0,True,-3.4100177151305395,-111.7008510914617,201.46120028116823,345.56241806838756,-1.612226128363079,4,test,2,img_B,0.2399999999999999,1,level_1
2.0776558000361547,126,-98.0,267.0,11.704699910719626,True,-19.999304656832393,-90.52995668817931,193.89819727829158,349.8621001083552,-0.39593463795452394,4,test,2,img_B,0.2399999999999999,1,level_1
2.0948184999870136,127,-97.0,254.0,13.038404810405298,True,-33.10521114798109,-72.77290616380724,185.54430403562037,354.36324758633936,-1.4236667792061732,4,test,2,img_B,0.2399999999999999,1,level_1
2.111348000005819,128,-93.0,236.0,18.439088914585774,True,-42.43677053030244,-58.576281367036735,177.33818207655202,358.5403313126484,-0.3636523046475802,4,test,2,img_B,0.2399999999999999,1,level_1
2.1283634999999776,129,-91.0,225.0,11.180339887498949,True,-50.812158540469774,-44.89458265295019,168.4672476227421,362.79303532236906,1.1618997360155585,4,test,2,img_B,0.2399999999999999,1,level_1
2.1448723999783397,130,-87.0,206.0,19.4164878389476,True,-59.911224863002936,-31.027892756867132,157.0321408450416,367.8870842277872,4.962437747685414,4,test,2,img_B,0.2399999999999999,1,level_1
2.1610755999572575,131,-85.0,191.0,15.132745950421556,True,-70.35112915955035,-16.694956795087247,143.21531370427087,372.4050817909891,6.73921186538103,4,test,2,img_B,0.2399999999999999,1,level_1
2.177929099998437,132,-83.0,178.0,13.152946437965905,True,-81.14938077012917,-3.2133885126167563,127.86379607255299,374.6558096828314,7.532178232182547,4,test,2,img_B,0.2399999999999999,1,level_1
2.1946436000289395,133,-77.0,156.0,20.0,True,-91.83189401870368,9.110378142013055,113.46030683810112,374.1953947006912,13.383740476905698,4,test,2,img_B,0.2399999999999999,1,level_1
2.2113159999717027,134,-73.0,137.0,19.4164878389476,True,-101.65926931330159,19.65261064290896,100.51109886862093,371.731417181473,16.24755598279388,4,test,2,img_B,0.2399999999999999,1,level_1
2.227647799998522,135,-67.0,120.0,18.027756377319946,True,-110.03905214912007,27.982221113956598,89.06201054411177,368.331906315145,15.327130678393969,4,test,2,img_B,0.2399999999999999,1,level_1
2.244827799964696,136,-60.0,92.0,20.0,True,-117.13509197303678,34.234228589916455,77.68712934834767,363.7815481683466,19.169186942794244,4,test,2,img_B,0.2399999999999999,1,level_1
2.2616350000025705,137,-54.0,75.0,18.027756377319946,True,-124.06434606560322,39.16998187085654,66.44344101943545,357.11049675892957,18.264211675203136,4,test,2,img_B,0.2399999999999999,1,level_1
2.277526600053534,138,-44.0,47.0,20.0,True,-130.88224465348986,43.30825682765132,55.09642721744149,347.796627171216,22.273685799556986,4,test,2,img_B,0.2399999999999999,1,level_1
2.2944081999594346,139,-35.0,24.0,20.0,True,-137.43160198845655,46.7716004100067,44.694454962687935,335.86415528204054,24.399507146661392,4,test,2,img_B,0.2399999999999999,1,level_1
2.3115649999817833,140,-27.0,4.0,20.0,True,-143.51260042983398,49.48161376602941,35.186468004245114,321.9915036132762,25.46150112476317,4,test,2,img_B,0.2399999999999999,1,level_1
2.327337500057183,141,-14.0,-26.0,20.0,True,-150.5591383634149,51.49608460396905,25.75763015242325,306.36996106905957,24.291837772090823,4,test,2,img_B,0.2399999999999999,1,level_1
2.3441687000449747,142,-6.0,-47.0,20.0,True,-159.37384713623214,53.29022553607658,14.929465611909091,287.20885073987154,23.47296311648366,4,test,2,img_B,0.2399999999999999,1,level_1
2.361231700051576,143,2.0,-68.0,20.0,True,-170.6262571919592,54.792902269701685,3.029294653139889,265.812045449757,22.40409237556595,4,test,2,img_B,0.2399999999999999,1,level_1
2.3784430000232533,144,15.0,-95.0,20.0,True,-183.97151390070246,55.931726061029124,-9.09362167176118,242.4626093059624,22.17205166864488,4,test,2,img_B,0.2399999999999999,1,level_1
2.3943958999589086,145,25.0,-113.0,20.0,True,-198.73513863188205,56.45289177490546,-20.275717926717796,219.73555870028582,21.722791227101546,4,test,2,img_B,0.2399999999999999,1,level_1
2.4109235999640077,146,34.0,-130.0,19.235384061671343,True,-214.2418518729608,56.331359162333655,-30.711088389194117,197.1060586596882,20.5353004916907,4,test,2,img_B,0.2399999999999999,1,level_1
2.4718381999991834,147,50.0,-154.0,20.0,True,-230.27694875945411,55.133180992744926,-39.49282265844496,173.85357310305352,21.47128805257718,4,test,2,img_B,0.2399999999999999,1,level_1
2.4775489000603557,148,95.0,-191.0,20.0,True,-247.20755263485424,53.059380559837386,-46.52811408268983,149.235586348307,21.757850273706865,4,test,2,img_B,0.2399999999999999,1,level_1
2.493920600041747,149,95.0,-191.0,0.0,False,-264.92215458878496,50.360382344555106,-59.57357606125943,124.85366095556661,0.0,4,test,2,img_B,0.2399999999999999,1,level_1
2.510860800044611,150,108.0,-195.0,13.601470508735444,True,-282.3483578170623,47.26933354412875,-68.47865894668189,95.64316430438818,12.136810422540766,4,test,2,img_B,0.2399999999999999,1,level_1
2.5271583000430837,151,127.0,-199.0,19.4164878389476,True,-297.8092960684085,43.24002322374736,-76.6342829390237,64.83272070895474,16.38203821979384,4,test,2,img_B,0.2399999999999999,1,level_1
2.544144400046207,152,144.0,-202.0,17.26267650163207,True,-310.4577606809137,37.84622970218846,-83.263753375887,35.60369384692627,13.626139919249896,4,test,2,img_B,0.2399999999999999,1,level_1
2.5608751999679953,153,171.0,-204.0,20.0,True,-321.3684772506306,30.672795093675894,-87.86199330426089,10.343039878461504,13.735869101379457,4,test,2,img_B,0.2399999999999999,1,level_1
2.577579600038007,154,192.0,-200.0,20.0,True,-332.39618845769513,21.740188805258924,-91.73500490853115,-13.385103560629123,10.763847376478783,4,test,2,img_B,0.2399999999999999,1,level_1
2.594485400011763,155,213.0,-196.0,20.0,True,-344.04783053137726,11.088730062818968,-95.25966910684201,-37.79479606618597,10.514129914699254,4,test,2,img_B,0.2399999999999999,1,level_1
2.611472600023262,156,249.0,-178.0,20.0,True,-355.0490766876521,-0.6039262382808968,-100.4974331184681,-63.12881730914422,6.391410054587681,4,test,2,img_B,0.2399999999999999,1,level_1
2.6273185999598354,157,271.0,-161.0,20.0,True,-363.89716411636505,-13.186862977943258,-107.2083359434902,-86.96811773804424,3.046660586920038,4,test,2,img_B,0.2399999999999999,1,level_1
2.644386100000702,158,292.0,-140.0,20.0,True,-370.62117368970485,-26.2960554929791,-115.77563718464963,-109.27337228784702,0.7651748253946655,4,test,2,img_B,0.2399999999999999,1,level_1
2.6607467000139877,159,322.0,-107.0,20.0,True,-375.56126401062676,-39.522883690500684,-124.65364434849369,-130.3487468788236,-0.2903677199958232,4,test,2,img_B,0.2399999999999999,1,level_1
2.677369000040926,160,341.0,-84.0,20.0,True,-379.0119720129732,-52.01117606622124,-133.97721513822478,-150.74764486851163,-1.0640728615887407,4,test,2,img_B,0.2399999999999999,1,level_1
2.6947915999917313,161,359.0,-56.0,20.0,True,-381.00199654488034,-63.866068515636684,-143.71297439334973,-169.46832039259186,-1.5339631399035891,4,test,2,img_B,0.2399999999999999,1,level_1
2.7104481999995187,162,380.0,-22.0,20.0,True,-381.74547511399476,-75.64325923965094,-153.56140040282563,-187.8499607896116,-2.3179556837605064,4,test,2,img_B,0.2399999999999999,1,level_1
2.727614299976267,163,387.0,1.0,20.0,True,-381.9056012465039,-88.07896418915765,-163.97508303435558,-204.79340106472756,-0.1430885410377658,4,test,2,img_B,0.2399999999999999,1,level_1
2.7452229000627995,164,395.0,37.0,20.0,True,-380.95625885011333,-101.32023253654445,-174.84536253978624,-222.52531072755463,0.25095555758076316,4,test,2,img_B,0.2399999999999999,1,level_1
2.7613488000351936,165,397.0,69.0,20.0,True,-378.56166052722796,-114.73949403044026,-186.51537171582365,-240.35147686149182,2.0475633978361296,4,test,2,img_B,0.2399999999999999,1,level_1
2.777729899971746,166,396.0,97.0,20.0,True,-374.2454952458202,-127.21489404763177,-201.30456081612684,-258.3307671440726,4.139545568635179,4,test,2,img_B,0.2399999999999999,1,level_1
2.79431010002736,167,390.0,141.0,20.0,True,-368.20723850918785,-138.17334246294774,-217.36576123896296,-273.47070201456614,7.033863078805509,4,test,2,img_B,0.2399999999999999,1,level_1
2.811812700005248,168,385.0,164.0,20.0,True,-359.7140607102241,-148.14456707406083,-234.07028984141425,-285.62456826435823,9.570275480264801,4,test,2,img_B,0.2399999999999999,1,level_1
2.8279227999737486,169,374.0,198.0,20.0,True,-347.91100082670835,-158.22643202134512,-248.67146981922485,-294.472816156784,12.44337385617733,4,test,2,img_B,0.2399999999999999,1,level_1
2.844322600052692,170,365.0,225.0,20.0,True,-332.7075844587275,-167.56237191365543,-261.8927678989654,-301.8158593251293,11.63477544043688,4,test,2,img_B,0.2399999999999999,1,level_1
2.8609235000330955,171,355.0,252.0,20.0,True,-314.77081013750666,-174.947513116414,-265.7495122184435,-298.96019259369524,11.140757503798573,4,test,2,img_B,0.2399999999999999,1,level_1
2.87741149996873,172,338.0,283.0,20.0,True,-295.1307724428352,-179.45067861817242,-269.45011163349744,-295.629222744802,14.597795305950267,4,test,2,img_B,0.2399999999999999,1,level_1
2.8938753999536857,173,331.0,298.0,16.55294535724685,True,-275.18321640257386,-181.73891584975732,-273.5023952922515,-291.88429174829025,9.788263939838895,4,test,2,img_B,0.2399999999999999,1,level_1
2.910751400049776,174,324.0,309.0,13.038404810405298,True,-255.73318052473107,-182.0253125623842,-277.572742013208,-288.0162719209959,10.511423399841085,4,test,2,img_B,0.2399999999999999,1,level_1
2.9281752000097185,175,311.0,320.0,17.029386365926403,True,-236.90676311022065,-180.8183151521448,-281.16918592558847,-284.50639515824923,21.28889805222128,4,test,2,img_B,0.2399999999999999,1,level_1
2.9441469999728724,176,301.0,326.0,11.661903789690601,True,-215.21343390433535,-176.3024310921692,-284.31621213350786,-281.3614961540655,16.16759481668918,4,test,2,img_B,0.2399999999999999,1,level_1
2.96153900003992,177,285.0,333.0,17.46424919657298,True,-190.47634019824682,-169.30479942054717,-287.6116714520596,-277.99195392052724,26.636977072152305,4,test,2,img_B,0.2399999999999999,1,level_1
2.978907100041397,178,261.0,343.0,20.0,True,-163.38997693628045,-159.75051890548744,-291.9708602757258,-273.4099792433564,31.687101199396324,4,test,2,img_B,0.2399999999999999,1,level_1
2.9938567000208423,179,235.0,351.0,20.0,True,-136.42891792956866,-150.16814285532544,-297.2107891085859,-267.7045887493371,34.693111644114666,4,test,2,img_B,0.2399999999999999,1,level_1
